asset_key,trade_date,daily_return_pct,cumulative_return_pct,wealth
csi300,2014-01-15,0.0,0.0,1.0
csi300,2014-01-16,0.0444,0.0444,1.00044366
csi300,2014-01-17,-1.4191,-1.3753,0.98624667
csi300,2014-01-20,-0.4948,-1.8634,0.98136646
csi300,2014-01-21,-1.3562,-3.1943,0.96805679
csi300,2014-01-22,2.7498,-0.5324,0.99467613
csi300,2014-01-23,-0.5352,-1.0648,0.98935226
csi300,2014-01-24,0.5381,-0.5324,0.99467613
csi300,2014-01-27,-1.2935,-1.819,0.98181012
csi300,2014-01-28,0.0904,-1.7303,0.98269743
csi300,2014-01-29,0.316,-1.4197,0.98580302
csi300,2014-01-30,-1.3951,-2.795,0.97204969
csi300,2014-02-07,0.639,-2.1739,0.97826087
csi300,2014-02-10,2.9025,0.6655,1.00665484
csi300,2014-02-11,0.4848,1.1535,1.01153505
csi300,2014-02-12,0.1754,1.331,1.01330967
csi300,2014-02-13,-0.2627,1.0648,1.01064774
csi300,2014-02-14,0.3512,1.4197,1.01419698
csi300,2014-02-17,0.6999,2.1295,1.02129547
csi300,2014-02-18,-1.1729,0.9317,1.00931677
csi300,2014-02-19,1.3187,2.2626,1.02262644
csi300,2014-02-20,-0.8677,1.3753,1.01375333
csi300,2014-02-21,-1.1379,0.2218,1.00221828
csi300,2014-02-24,-2.2576,-2.0408,0.97959184
csi300,2014-02-25,-2.5815,-4.5697,0.95430346
csi300,2014-02-26,0.1395,-4.4366,0.95563443
csi300,2014-02-27,-0.2321,-4.6584,0.95341615
csi300,2014-02-28,1.0237,-3.6823,0.96317657
csi300,2014-03-03,0.3685,-3.3274,0.96672582
csi300,2014-03-04,-0.2295,-3.5492,0.96450754
csi300,2014-03-05,-0.874,-4.3922,0.95607808
csi300,2014-03-06,0.5104,-3.9042,0.9609583
csi300,2014-03-07,-0.3232,-4.2147,0.95785271
csi300,2014-03-10,-3.1033,-7.1872,0.92812777
csi300,2014-03-11,0.4302,-6.7879,0.93212067
csi300,2014-03-12,0.0952,-6.6992,0.93300799
csi300,2014-03-13,1.5692,-5.2351,0.94764862
csi300,2014-03-14,-0.8427,-6.0337,0.93966282
csi300,2014-03-17,0.7554,-5.3239,0.94676131
csi300,2014-03-18,-0.0937,-5.4126,0.945874
csi300,2014-03-19,-0.6098,-5.9894,0.94010648
csi300,2014-03-20,-1.7461,-7.6309,0.92369122
csi300,2014-03-21,3.6984,-4.2147,0.95785271
csi300,2014-03-24,0.4632,-3.7711,0.96228926
csi300,2014-03-25,-0.1383,-3.9042,0.9609583
csi300,2014-03-26,0.0,-3.9042,0.9609583
csi300,2014-03-27,-0.6925,-4.5697,0.95430346
csi300,2014-03-28,-0.0465,-4.614,0.9538598
csi300,2014-03-31,-0.4186,-5.0133,0.9498669
csi300,2014-04-01,0.5605,-4.4809,0.95519077
csi300,2014-04-02,0.7896,-3.7267,0.96273292
csi300,2014-04-03,-0.6912,-4.3922,0.95607808
csi300,2014-04-04,1.2065,-3.2387,0.96761313
csi300,2014-04-08,2.3842,-0.9317,0.99068323
csi300,2014-04-09,-0.1791,-1.1091,0.98890861
csi300,2014-04-10,1.6151,0.488,1.00488021
csi300,2014-04-11,-0.0442,0.4437,1.00443656
csi300,2014-04-14,-0.0442,0.3993,1.0039929
csi300,2014-04-15,-1.7676,-1.3753,0.98624667
csi300,2014-04-16,0.0,-1.3753,0.98624667
csi300,2014-04-17,-0.1799,-1.5528,0.98447205
csi300,2014-04-18,-0.1803,-1.7303,0.98269743
csi300,2014-04-21,-1.8059,-3.5049,0.9649512
csi300,2014-04-22,0.6897,-2.8394,0.97160603
csi300,2014-04-23,-0.274,-3.1056,0.9689441
csi300,2014-04-24,0.1832,-2.9281,0.97071872
csi300,2014-04-25,-1.234,-4.126,0.95874002
csi300,2014-04-28,-1.3882,-5.457,0.94543035
csi300,2014-04-29,0.8916,-4.614,0.9538598
csi300,2014-04-30,-0.0465,-4.6584,0.95341615
csi300,2014-05-05,0.0465,-4.614,0.9538598
csi300,2014-05-06,-0.1395,-4.7471,0.95252884
csi300,2014-05-07,-0.6521,-5.3682,0.94631766
csi300,2014-05-08,-0.1875,-5.5457,0.94454303
csi300,2014-05-09,-0.047,-5.5901,0.94409938
csi300,2014-05-12,2.0207,-3.6823,0.96317657
csi300,2014-05-13,-0.2764,-3.9485,0.96051464
csi300,2014-05-14,0.0,-3.9485,0.96051464
csi300,2014-05-15,-1.1085,-5.0133,0.9498669
csi300,2014-05-16,-0.0467,-5.0577,0.94942325
csi300,2014-05-19,-1.3551,-6.3443,0.93655723
csi300,2014-05-20,-0.0947,-6.433,0.93566992
csi300,2014-05-21,0.9483,-5.5457,0.94454303
csi300,2014-05-22,-0.2818,-5.8119,0.9418811
csi300,2014-05-23,1.1305,-4.7471,0.95252884
csi300,2014-05-26,0.326,-4.4366,0.95563443
csi300,2014-05-27,-0.325,-4.7471,0.95252884
csi300,2014-05-28,1.0247,-3.7711,0.96228926
csi300,2014-05-29,-0.5994,-4.3478,0.95652174
csi300,2014-05-30,-0.0928,-4.4366,0.95563443
csi300,2014-06-03,-0.325,-4.7471,0.95252884
csi300,2014-06-04,-0.885,-5.5901,0.94409938
csi300,2014-06-05,1.1748,-4.4809,0.95519077
csi300,2014-06-06,-0.836,-5.2795,0.94720497
csi300,2014-06-09,-0.0937,-5.3682,0.94631766
csi300,2014-06-10,1.3596,-4.0816,0.95918367
csi300,2014-06-11,-0.185,-4.2591,0.95740905
csi300,2014-06-12,-0.0927,-4.3478,0.95652174
csi300,2014-06-13,1.1132,-3.2831,0.96716948
csi300,2014-06-16,0.6422,-2.6619,0.97338066
csi300,2014-06-17,-0.8204,-3.4605,0.96539485
csi300,2014-06-18,-0.4596,-3.9042,0.9609583
csi300,2014-06-19,-1.4312,-5.2795,0.94720497
csi300,2014-06-20,0.3747,-4.9246,0.95075421
csi300,2014-06-23,-0.14,-5.0577,0.94942325
csi300,2014-06-24,0.8411,-4.2591,0.95740905
csi300,2014-06-25,-0.3244,-4.5697,0.95430346
csi300,2014-06-26,0.4649,-4.126,0.95874002
csi300,2014-06-27,0.1851,-3.9485,0.96051464
csi300,2014-06-30,0.6467,-3.3274,0.96672582
csi300,2014-07-01,0.0459,-3.2831,0.96716948
csi300,2014-07-02,0.4587,-2.8394,0.97160603
csi300,2014-07-03,0.3653,-2.4845,0.97515528
csi300,2014-07-04,0.0,-2.4845,0.97515528
csi300,2014-07-07,-0.091,-2.5732,0.97426797
csi300,2014-07-08,0.1366,-2.4401,0.97559894
csi300,2014-07-09,-1.2733,-3.6823,0.96317657
csi300,2014-07-10,-0.0921,-3.7711,0.96228926
csi300,2014-07-11,0.2766,-3.5049,0.9649512
csi300,2014-07-14,1.3793,-2.1739,0.97826087
csi300,2014-07-15,-0.1361,-2.307,0.9769299
csi300,2014-07-16,-0.0454,-2.3514,0.97648625
csi300,2014-07-17,-0.4089,-2.7507,0.97249335
csi300,2014-07-18,0.5018,-2.2626,0.97737356
csi300,2014-07-21,-0.0454,-2.307,0.9769299
csi300,2014-07-22,1.1807,-1.1535,0.98846495
csi300,2014-07-23,0.1795,-0.976,0.99023957
csi300,2014-07-24,2.1505,1.1535,1.01153505
csi300,2014-07-25,1.1404,2.307,1.0230701
csi300,2014-07-28,2.6886,5.0577,1.05057675
csi300,2014-07-29,0.2534,5.3239,1.05323869
csi300,2014-07-30,-0.337,4.9689,1.04968944
csi300,2014-07-31,1.3525,6.3886,1.06388642
csi300,2014-08-01,-1.2093,5.102,1.05102041
csi300,2014-08-04,2.1528,7.3647,1.07364685
csi300,2014-08-05,-0.2893,7.0541,1.07054126
csi300,2014-08-06,-0.6216,6.3886,1.06388642
csi300,2014-08-07,-1.0842,5.2351,1.05235138
csi300,2014-08-08,0.0422,5.2795,1.05279503
csi300,2014-08-11,1.3906,6.7436,1.06743567
csi300,2014-08-12,-0.4156,6.2999,1.06299911
csi300,2014-08-13,0.2922,6.6105,1.0661047
csi300,2014-08-14,-1.2068,5.3239,1.05323869
csi300,2014-08-15,1.2637,6.6548,1.06654836
csi300,2014-08-18,0.3328,7.0098,1.0700976
csi300,2014-08-19,0.0829,7.0985,1.07098492
csi300,2014-08-20,-0.3728,6.6992,1.06699201
csi300,2014-08-21,-0.3742,6.2999,1.06299911
csi300,2014-08-22,0.5008,6.8323,1.06832298
csi300,2014-08-25,-0.8721,5.9006,1.05900621
csi300,2014-08-26,-0.6284,5.2351,1.05235138
csi300,2014-08-27,-0.0422,5.1908,1.05190772
csi300,2014-08-28,-0.4639,4.7028,1.04702751
csi300,2014-08-29,0.9746,5.7232,1.05723159
csi300,2014-09-01,0.4616,6.2112,1.0621118
csi300,2014-09-02,1.5038,7.8083,1.07808341
csi300,2014-09-03,0.9465,8.8287,1.08828749
csi300,2014-09-04,0.9376,9.8492,1.09849157
csi300,2014-09-05,0.9693,10.9139,1.10913931
csi300,2014-09-09,-0.24,10.6477,1.10647737
csi300,2014-09-10,-0.6415,9.9379,1.09937888
csi300,2014-09-11,-0.565,9.3168,1.0931677
csi300,2014-09-12,0.8117,10.2041,1.10204082
csi300,2014-09-15,-0.2818,9.8935,1.09893523
csi300,2014-09-16,-1.736,7.9858,1.07985803
csi300,2014-09-17,0.3287,8.3407,1.08340728
csi300,2014-09-18,0.4095,8.7844,1.08784383
csi300,2014-09-19,0.8157,9.6717,1.09671695
csi300,2014-09-22,-2.1036,7.3647,1.07364685
csi300,2014-09-23,1.0331,8.4738,1.08473824
csi300,2014-09-24,1.9223,10.559,1.10559006
csi300,2014-09-25,-0.5217,9.9823,1.09982254
csi300,2014-09-26,0.0403,10.0266,1.10026619
csi300,2014-09-29,0.4435,10.5146,1.10514641
csi300,2014-09-30,0.0,10.5146,1.10514641
csi300,2014-10-08,1.0839,11.7125,1.11712511
csi300,2014-10-09,0.0397,11.7569,1.11756877
csi300,2014-10-10,-0.4764,11.2245,1.1122449
csi300,2014-10-13,-0.5584,10.6034,1.10603372
csi300,2014-10-14,-0.361,10.2041,1.10204082
csi300,2014-10-15,0.6441,10.9139,1.10913931
csi300,2014-10-16,-0.36,10.5146,1.10514641
csi300,2014-10-17,-0.4416,10.0266,1.10026619
csi300,2014-10-20,0.4435,10.5146,1.10514641
csi300,2014-10-21,-0.6423,9.8048,1.09804791
csi300,2014-10-22,-0.5657,9.1837,1.09183673
csi300,2014-10-23,-1.0565,8.0302,1.08030169
csi300,2014-10-24,-0.0821,7.9414,1.07941437
csi300,2014-10-27,-0.9453,6.921,1.06921029
csi300,2014-10-28,1.9917,9.0506,1.09050577
csi300,2014-10-29,1.2612,10.4259,1.10425909
csi300,2014-10-30,0.6027,11.0914,1.11091393
csi300,2014-10-31,1.9968,13.3097,1.13309672
csi300,2014-11-03,-0.1958,13.0878,1.13087844
csi300,2014-11-04,-0.0785,12.9991,1.12999113
csi300,2014-11-05,-0.1178,12.866,1.12866016
csi300,2014-11-06,0.0393,12.9104,1.12910382
csi300,2014-11-07,-0.1965,12.6886,1.12688554
csi300,2014-11-10,2.7953,15.8385,1.15838509
csi300,2014-11-11,-0.6511,15.0843,1.15084295
csi300,2014-11-12,1.4649,16.7702,1.16770186
csi300,2014-11-13,-0.5699,16.1047,1.16104703
csi300,2014-11-14,0.1146,16.2378,1.16237799
csi300,2014-11-17,-0.4198,15.7498,1.15749778
csi300,2014-11-18,-1.0732,14.5075,1.14507542
csi300,2014-11-19,-0.31,14.1526,1.14152618
csi300,2014-11-20,0.1555,14.3301,1.1433008
csi300,2014-11-21,1.9014,16.504,1.16503993
csi300,2014-11-24,2.8561,19.8314,1.19831411
csi300,2014-11-25,1.0367,21.0736,1.21073647
csi300,2014-11-26,1.0993,22.4046,1.22404614
csi300,2014-11-27,0.9061,23.5138,1.23513753
csi300,2014-11-28,2.3707,26.4419,1.26441881
csi300,2014-12-01,0.1053,26.575,1.26574978
csi300,2014-12-02,3.9607,31.5883,1.31588287
csi300,2014-12-03,1.0789,33.008,1.33007986
csi300,2014-12-04,6.0707,41.0825,1.4108252
csi300,2014-12-05,-0.5975,40.2396,1.40239574
csi300,2014-12-08,4.8086,46.9831,1.46983141
csi300,2014-12-09,-5.5237,38.8642,1.38864241
csi300,2014-12-10,3.6102,43.8776,1.43877551
csi300,2014-12-11,-1.0792,42.3248,1.42324756
csi300,2014-12-12,0.3117,42.7684,1.42768412
csi300,2014-12-15,1.1498,44.4099,1.44409938
csi300,2014-12-16,2.3349,47.7817,1.47781721
csi300,2014-12-17,1.7112,50.3106,1.50310559
csi300,2014-12-18,-0.1181,50.1331,1.50133097
csi300,2014-12-19,1.4775,52.3514,1.52351375
csi300,2014-12-22,-0.6989,51.2866,1.51286602
csi300,2014-12-23,-2.0235,48.2254,1.48225377
csi300,2014-12-24,-2.7836,44.0994,1.44099379
csi300,2014-12-25,3.633,49.3345,1.49334516
csi300,2014-12-26,3.8919,55.1464,1.55146406
csi300,2014-12-29,-0.4861,54.3922,1.54392192
csi300,2014-12-30,0.0,54.3922,1.54392192
csi300,2014-12-31,2.7011,58.5626,1.58562555
csi300,2015-01-05,3.1897,63.6202,1.63620231
csi300,2015-01-06,-0.6779,62.5111,1.62511091
csi300,2015-01-07,-0.0273,62.4667,1.62466726
csi300,2015-01-08,-2.1846,58.9175,1.5891748
csi300,2015-01-09,-0.7259,57.764,1.57763975
csi300,2015-01-12,-0.3093,57.276,1.57275954
csi300,2015-01-13,-0.1975,56.9654,1.56965395
csi300,2015-01-14,-0.2261,56.6105,1.5661047
csi300,2015-01-15,2.8329,61.047,1.61047028
csi300,2015-01-16,0.8815,62.4667,1.62466726
csi300,2015-01-19,-9.9945,46.2289,1.46228926
csi300,2015-01-20,2.6092,50.0444,1.50044366
csi300,2015-01-21,4.5831,56.921,1.56921029
csi300,2015-01-22,0.1696,57.1872,1.57187223
csi300,2015-01-23,0.4798,57.9414,1.57941437
csi300,2015-01-26,0.9551,59.4499,1.59449867
csi300,2015-01-27,-1.0017,57.8527,1.57852706
csi300,2015-01-28,-1.602,55.3239,1.55323869
csi300,2015-01-29,-1.0568,53.6823,1.53682343
csi300,2015-01-30,-1.2413,51.7746,1.51774623
csi300,2015-02-02,-2.2508,48.3585,1.48358474
csi300,2015-02-03,2.3624,51.8634,1.51863354
csi300,2015-02-04,-1.1394,50.1331,1.50133097
csi300,2015-02-05,-1.182,48.3585,1.48358474
csi300,2015-02-06,-1.4952,46.1402,1.46140195
csi300,2015-02-09,1.1536,47.8261,1.47826087
csi300,2015-02-10,2.0108,50.7986,1.5079858
csi300,2015-02-11,0.6472,51.7746,1.51774623
csi300,2015-02-12,0.4092,52.3957,1.52395741
csi300,2015-02-13,0.6405,53.3718,1.53371783
csi300,2015-02-16,0.8389,54.6584,1.54658385
csi300,2015-02-17,0.8893,56.0337,1.56033718
csi300,2015-02-25,-1.5354,53.638,1.53637977
csi300,2015-02-26,2.9743,58.2076,1.58207631
csi300,2015-02-27,-0.1963,57.8971,1.57897072
csi300,2015-03-02,0.7867,59.1393,1.59139308
csi300,2015-03-03,-2.7321,54.7915,1.54791482
csi300,2015-03-04,0.8312,56.0781,1.56078083
csi300,2015-03-05,-0.8528,54.7471,1.54747116
csi300,2015-03-06,-0.6307,53.7711,1.53771074
csi300,2015-03-09,1.9619,56.7879,1.56787933
csi300,2015-03-10,-0.7074,55.6788,1.55678793
csi300,2015-03-11,0.1425,55.9006,1.55900621
csi300,2015-03-12,1.8213,58.74,1.58740018
csi300,2015-03-13,0.559,59.6273,1.59627329
csi300,2015-03-16,2.4736,63.5759,1.63575865
csi300,2015-03-17,1.2747,65.661,1.65661047
csi300,2015-03-18,2.6513,70.0532,1.70053239
csi300,2015-03-19,-0.5218,69.1659,1.69165927
csi300,2015-03-20,1.4162,71.5617,1.71561668
csi300,2015-03-23,2.0171,75.0222,1.75022183
csi300,2015-03-24,-0.1014,74.8447,1.7484472
csi300,2015-03-25,-0.609,73.7799,1.73779947
csi300,2015-03-26,0.0766,73.913,1.73913043
csi300,2015-03-27,0.7653,75.244,1.75244011
csi300,2015-03-30,3.1899,80.8341,1.80834073
csi300,2015-03-31,-1.104,78.8376,1.78837622
csi300,2015-04-01,1.6373,81.7657,1.8176575
csi300,2015-04-02,-0.1464,81.4996,1.81499556
csi300,2015-04-03,1.6133,84.4277,1.84427684
csi300,2015-04-07,1.7561,87.6664,1.87666371
csi300,2015-04-08,0.8038,89.1748,1.891748
csi300,2015-04-09,-0.727,87.7995,1.87799468
csi300,2015-04-10,2.3388,92.1917,1.92191659
csi300,2015-04-13,1.662,95.386,1.9538598
csi300,2015-04-14,0.0454,95.4747,1.95474712
csi300,2015-04-15,-0.8398,93.8332,1.93833185
csi300,2015-04-16,3.2731,100.1775,2.00177462
csi300,2015-04-17,1.7287,103.638,2.03637977
csi300,2015-04-20,-2.1786,99.2014,1.9920142
csi300,2015-04-21,2.1158,103.4161,2.03416149
csi300,2015-04-22,2.7263,108.9618,2.08961846
csi300,2015-04-23,-0.1062,108.74,2.08740018
csi300,2015-04-24,-0.3613,107.9858,2.07985803
csi300,2015-04-27,2.0691,112.2893,2.12289264
csi300,2015-04-28,-1.2957,109.5386,2.09538598
csi300,2015-04-29,0.5505,110.6921,2.10692103
csi300,2015-04-30,-0.2106,110.2484,2.10248447
csi300,2015-05-04,0.5486,111.402,2.11401952
csi300,2015-05-05,-3.7985,103.3718,2.03371783
csi300,2015-05-06,-1.0471,101.2422,2.01242236
csi300,2015-05-07,-1.7416,97.7374,1.97737356
csi300,2015-05-08,1.5481,100.7986,2.0079858
csi300,2015-05-11,3.2921,107.4091,2.07409051
csi300,2015-05-12,1.1551,109.8048,2.09804791
csi300,2015-05-13,-0.9304,107.8527,2.07852706
csi300,2015-05-14,-0.2348,107.3647,2.07364685
csi300,2015-05-15,-1.84,103.5492,2.03549246
csi300,2015-05-18,-0.7411,102.0408,2.02040816
csi300,2015-05-19,3.4475,109.0062,2.09006211
csi300,2015-05-20,0.467,109.9823,2.09982254
csi300,2015-05-21,2.0494,114.2857,2.14285714
csi300,2015-05-22,2.1532,118.8997,2.18899734
csi300,2015-05-25,3.1617,125.8208,2.25820763
csi300,2015-05-26,1.4735,129.1482,2.29148181
csi300,2015-05-27,0.0,129.1482,2.29148181
csi300,2015-05-28,-6.7764,113.6202,2.13620231
csi300,2015-05-29,0.0623,113.7533,2.13753327
csi300,2015-06-01,5.2304,124.9335,2.24933452
csi300,2015-06-02,1.6963,128.7489,2.28748891
csi300,2015-06-03,-0.834,126.8412,2.26841171
csi300,2015-06-04,1.1344,129.4144,2.29414374
csi300,2015-06-05,0.1547,129.7693,2.29769299
csi300,2015-06-08,2.4522,135.4037,2.35403727
csi300,2015-06-09,-0.8104,133.496,2.33496007
csi300,2015-06-10,-0.095,133.2742,2.33274179
csi300,2015-06-11,0.019,133.3185,2.33318545
csi300,2015-06-12,0.7416,135.0488,2.35048802
csi300,2015-06-15,-2.3971,129.4144,2.29414374
csi300,2015-06-16,-2.6301,123.3807,2.23380657
csi300,2015-06-17,1.4896,126.7081,2.26708075
csi300,2015-06-18,-3.9335,117.7906,2.17790594
csi300,2015-06-19,-6.2334,104.2147,2.04214729
csi300,2015-06-23,3.5412,111.4463,2.11446318
csi300,2015-06-24,2.2031,116.1047,2.16104703
csi300,2015-06-25,-3.5927,108.3407,2.08340728
csi300,2015-06-26,-7.4532,92.8128,1.92812777
csi300,2015-06-29,-3.7736,85.5368,1.85536823
csi300,2015-06-30,7.2214,98.9352,1.98935226
csi300,2015-07-01,-6.4005,86.2023,1.86202307
csi300,2015-07-02,-2.1206,82.2538,1.82253771
csi300,2015-07-03,-4.6008,73.8687,1.73868678
csi300,2015-07-06,2.7048,78.5714,1.78571429
csi300,2015-07-07,-4.3975,70.7187,1.70718722
csi300,2015-07-08,-10.0052,53.638,1.53637977
csi300,2015-07-09,9.9913,68.9885,1.68988465
csi300,2015-07-10,9.9764,85.8474,1.85847382
csi300,2015-07-13,1.0742,87.8438,1.87843833
csi300,2015-07-14,-1.8895,84.2946,1.84294587
csi300,2015-07-15,-5.0313,75.0222,1.75022183
csi300,2015-07-16,2.3067,79.0595,1.7905945
csi300,2015-07-17,4.0634,86.3354,1.86335404
csi300,2015-07-20,-0.2857,85.803,1.85803017
csi300,2015-07-21,0.6208,86.9565,1.86956522
csi300,2015-07-22,-0.4746,86.0692,1.8606921
csi300,2015-07-23,2.7182,91.1269,1.91126886
csi300,2015-07-24,-2.0891,87.134,1.87133984
csi300,2015-07-27,-9.8388,68.7223,1.68722272
csi300,2015-07-28,1.157,70.6744,1.70674357
csi300,2015-07-29,3.6652,76.9299,1.76929902
csi300,2015-07-30,-3.4353,70.8518,1.70851819
csi300,2015-07-31,0.0,70.8518,1.70851819
csi300,2015-08-03,0.026,70.8962,1.70896185
csi300,2015-08-04,3.972,77.6841,1.77684117
csi300,2015-08-05,-2.2222,73.7356,1.73735581
csi300,2015-08-06,-1.0981,71.8279,1.71827862
csi300,2015-08-07,2.0656,75.3771,1.75377107
csi300,2015-08-10,4.933,84.0284,1.84028394
csi300,2015-08-11,-1.1813,81.8545,1.81854481
csi300,2015-08-12,-1.0246,79.9911,1.79991127
csi300,2015-08-13,1.3557,82.4312,1.82431233
csi300,2015-08-14,-0.2432,81.9876,1.81987578
csi300,2015-08-17,0.1706,82.2981,1.82298137
csi300,2015-08-18,-6.863,69.787,1.69787045
csi300,2015-08-19,2.2995,73.6912,1.73691216
csi300,2015-08-20,-2.5543,69.2547,1.69254658
csi300,2015-08-21,-4.9803,60.8252,1.608252
csi300,2015-08-24,-9.9862,44.7649,1.44764862
csi300,2015-08-25,-8.5811,32.3425,1.32342502
csi300,2015-08-26,2.816,36.0692,1.3606921
csi300,2015-08-27,6.195,44.4987,1.44498669
csi300,2015-08-28,4.4519,50.9317,1.50931677
csi300,2015-08-31,-0.2058,50.6211,1.50621118
csi300,2015-09-01,-0.3829,50.0444,1.50044366
csi300,2015-09-02,-0.2957,49.6007,1.4960071
csi300,2015-09-07,-2.4614,45.9184,1.45918367
csi300,2015-09-08,2.706,49.8669,1.49866903
csi300,2015-09-09,1.8946,52.7063,1.527063
csi300,2015-09-10,-1.7722,50.0,1.5
csi300,2015-09-11,0.207,50.3106,1.50310559
csi300,2015-09-14,-3.5124,45.0311,1.45031056
csi300,2015-09-15,-2.9367,40.772,1.40771961
csi300,2015-09-16,5.4207,48.4028,1.48402839
csi300,2015-09-17,-1.9432,45.5191,1.45519077
csi300,2015-09-18,-0.0305,45.4747,1.45474712
csi300,2015-09-21,1.8298,48.1366,1.48136646
csi300,2015-09-22,0.7787,49.2902,1.49290151
csi300,2015-09-23,-2.318,45.8296,1.45829636
csi300,2015-09-24,0.8518,47.0719,1.47071872
csi300,2015-09-25,-2.1719,43.8776,1.43877551
csi300,2015-09-28,0.5859,44.7205,1.44720497
csi300,2015-09-29,-1.9313,41.9255,1.41925466
csi300,2015-09-30,0.6877,42.9015,1.42901508
csi300,2015-10-08,3.6014,48.0479,1.48047915
csi300,2015-10-09,1.2586,49.9113,1.49911269
csi300,2015-10-12,4.1728,56.1668,1.56166815
csi300,2015-10-13,-0.7102,55.0577,1.55057675
csi300,2015-10-14,-1.0873,53.3718,1.53371783
csi300,2015-10-15,2.5745,57.3203,1.57320319
csi300,2015-10-16,1.3818,59.4942,1.59494232
csi300,2015-10-19,-0.1669,59.228,1.59228039
csi300,2015-10-20,1.3096,61.3132,1.61313221
csi300,2015-10-21,-2.9978,56.4774,1.56477374
csi300,2015-10-22,1.2759,58.4738,1.58473824
csi300,2015-10-23,1.7637,61.2689,1.61268855
csi300,2015-10-26,0.1651,61.535,1.61535049
csi300,2015-10-27,0.0549,61.6238,1.6162378
csi300,2015-10-28,-1.7568,58.7844,1.58784383
csi300,2015-10-29,0.1397,59.0062,1.59006211
csi300,2015-10-30,0.0279,59.0506,1.59050577
csi300,2015-11-02,-1.6736,56.3886,1.56388642
csi300,2015-11-03,-0.766,55.1908,1.55190772
csi300,2015-11-04,6.0034,64.5075,1.64507542
csi300,2015-11-05,1.5912,67.1251,1.67125111
csi300,2015-11-06,2.3892,71.118,1.71118012
csi300,2015-11-09,1.0371,72.8926,1.72892635
csi300,2015-11-10,-0.2823,72.4046,1.72404614
csi300,2015-11-11,-0.1287,72.1828,1.72182786
csi300,2015-11-12,-1.0307,70.4082,1.70408163
csi300,2015-11-13,-0.9633,68.7666,1.68766637
csi300,2015-11-16,0.5783,69.7427,1.6974268
csi300,2015-11-17,-0.3659,69.1216,1.69121562
csi300,2015-11-18,-0.8657,67.6575,1.67657498
csi300,2015-11-19,1.5083,70.1863,1.70186335
csi300,2015-11-20,-0.2868,69.6983,1.69698314
csi300,2015-11-23,-0.4967,68.8554,1.68855368
csi300,2015-11-24,0.0788,68.9885,1.68988465
csi300,2015-11-25,0.6038,70.0089,1.70008873
csi300,2015-11-26,-0.4697,69.2103,1.69210293
csi300,2015-11-27,-5.4012,60.071,1.60070985
csi300,2015-11-30,0.0277,60.1153,1.6011535
csi300,2015-12-01,0.7758,61.3576,1.61357587
csi300,2015-12-02,4.2892,68.2786,1.68278616
csi300,2015-12-03,0.2109,68.6335,1.6863354
csi300,2015-12-04,-1.8942,65.4392,1.65439219
csi300,2015-12-07,0.1609,65.7054,1.65705413
csi300,2015-12-08,-1.4458,63.3097,1.63309672
csi300,2015-12-09,0.1358,63.5315,1.635315
csi300,2015-12-10,-0.1899,63.2209,1.63220941
csi300,2015-12-11,-0.4893,62.4224,1.6242236
csi300,2015-12-14,3.0593,67.3913,1.67391304
csi300,2015-12-15,-0.9541,65.7941,1.65794144
csi300,2015-12-16,0.0268,65.8385,1.65838509
csi300,2015-12-17,1.8727,68.9441,1.68944099
csi300,2015-12-18,0.3676,69.5652,1.69565217
csi300,2015-12-21,2.6164,74.0018,1.74001775
csi300,2015-12-22,0.1275,74.2236,1.74223602
csi300,2015-12-23,-0.1273,74.0018,1.74001775
csi300,2015-12-24,-1.1984,71.9166,1.71916593
csi300,2015-12-25,0.5161,72.8039,1.72803904
csi300,2015-12-28,-3.0039,67.6131,1.67613132
csi300,2015-12-29,0.9264,69.1659,1.69165927
csi300,2015-12-30,-0.0262,69.1216,1.69121562
csi300,2015-12-31,-0.8919,67.6131,1.67613132
csi300,2016-01-04,-6.432,56.8323,1.56832298
csi300,2016-01-05,-0.2263,56.4774,1.56477374
csi300,2016-01-06,1.5594,58.9175,1.5891748
csi300,2016-01-07,-2.7359,54.5697,1.54569654
csi300,2016-01-08,-2.1814,51.1979,1.5119787
csi300,2016-01-11,-5.135,43.4339,1.43433895
csi300,2016-01-12,0.7114,44.4543,1.44454303
csi300,2016-01-13,-1.3821,42.4579,1.42457853
csi300,2016-01-14,1.6817,44.8536,1.44853594
csi300,2016-01-15,-2.9403,40.5945,1.40594499
csi300,2016-01-18,0.0631,40.6832,1.4068323
csi300,2016-01-19,2.8698,44.7205,1.44720497
csi300,2016-01-20,-2.851,40.5945,1.40594499
csi300,2016-01-21,-2.8716,36.5572,1.36557232
csi300,2016-01-22,0.9747,37.8882,1.37888199
csi300,2016-01-25,0.3861,38.4206,1.38420586
csi300,2016-01-26,-5.641,30.6122,1.30612245
csi300,2016-01-27,-1.087,29.1925,1.29192547
csi300,2016-01-28,-2.1635,26.3975,1.26397516
csi300,2016-01-29,2.8431,29.9911,1.29991127
csi300,2016-02-01,-1.0922,28.5714,1.28571429
csi300,2016-02-02,2.1394,31.3221,1.31322094
csi300,2016-02-03,-0.473,30.701,1.30700976
csi300,2016-02-04,1.3238,32.4312,1.32431233
csi300,2016-02-05,-1.1725,30.8784,1.30878438
csi300,2016-02-15,-0.3729,30.3904,1.30390417
csi300,2016-02-16,2.8241,34.0728,1.3407276
csi300,2016-02-17,1.0258,35.4481,1.35448092
csi300,2016-02-18,-0.131,35.2706,1.3527063
csi300,2016-02-19,-0.2624,34.9157,1.34915705
csi300,2016-02-22,2.0717,37.7107,1.37710736
csi300,2016-02-23,-0.7732,36.646,1.36645963
csi300,2016-02-24,0.7468,37.6664,1.37666371
csi300,2016-02-25,-6.3809,28.882,1.28881988
csi300,2016-02-26,0.9639,30.1242,1.30124224
csi300,2016-02-29,-2.3525,27.063,1.27062999
csi300,2016-03-01,1.8855,29.4587,1.2945874
csi300,2016-03-02,4.4894,35.2706,1.3527063
csi300,2016-03-03,-0.2296,34.9601,1.34960071
csi300,2016-03-04,1.2163,36.6016,1.36601597
csi300,2016-03-07,0.7795,37.6664,1.37666371
csi300,2016-03-08,-0.3545,37.1784,1.3717835
csi300,2016-03-09,-1.4877,35.1375,1.35137533
csi300,2016-03-10,-1.346,33.3185,1.33318545
csi300,2016-03-11,-0.1997,33.0524,1.33052351
csi300,2016-03-14,2.1674,35.9361,1.35936114
csi300,2016-03-15,-0.3264,35.4925,1.35492458
csi300,2016-03-16,0.6549,36.3798,1.36379769
csi300,2016-03-17,1.6265,38.598,1.38598048
csi300,2016-03-18,1.4085,40.5501,1.40550133
csi300,2016-03-21,2.2096,43.6557,1.43655723
csi300,2016-03-22,-0.6794,42.6797,1.42679681
csi300,2016-03-23,0.1866,42.9459,1.42945874
csi300,2016-03-24,-1.5518,40.7276,1.40727595
csi300,2016-03-25,0.4098,41.3043,1.41304348
csi300,2016-03-28,-0.9419,39.9734,1.39973381
csi300,2016-03-29,-0.8241,38.8199,1.38819876
csi300,2016-03-30,2.7485,42.6353,1.42635315
csi300,2016-03-31,-0.1866,42.3691,1.42369122
csi300,2016-04-01,0.3116,42.8128,1.42812777
csi300,2016-04-05,0.963,44.1881,1.4418811
csi300,2016-04-06,-0.1846,43.9219,1.43921917
csi300,2016-04-07,-1.233,42.1473,1.42147294
csi300,2016-04-08,-0.8427,40.9494,1.40949423
csi300,2016-04-11,1.1017,42.5022,1.42502218
csi300,2016-04-12,-0.1245,42.3248,1.42324756
csi300,2016-04-13,1.2781,44.1437,1.44143744
csi300,2016-04-14,0.3693,44.6761,1.44676131
csi300,2016-04-15,0.092,44.8092,1.44809228
csi300,2016-04-18,-1.4093,42.7684,1.42768412
csi300,2016-04-19,0.1243,42.9459,1.42945874
csi300,2016-04-20,-1.7381,40.4614,1.40461402
csi300,2016-04-21,-0.4738,39.7959,1.39795918
csi300,2016-04-22,0.4443,40.417,1.40417036
csi300,2016-04-25,-0.316,39.9734,1.39973381
csi300,2016-04-26,0.5705,40.772,1.40771961
csi300,2016-04-27,-0.4727,40.1065,1.40106477
csi300,2016-04-28,-0.0633,40.0177,1.40017746
csi300,2016-04-29,-0.1267,39.8403,1.39840284
csi300,2016-05-03,1.9353,42.5466,1.42546584
csi300,2016-05-04,-0.3735,42.0142,1.42014197
csi300,2016-05-05,0.0,42.0142,1.42014197
csi300,2016-05-06,-2.2805,38.7755,1.3877551
csi300,2016-05-09,-2.046,35.9361,1.35936114
csi300,2016-05-10,-0.0979,35.803,1.35803017
csi300,2016-05-11,0.392,36.3354,1.36335404
csi300,2016-05-12,0.358,36.8234,1.36823425
csi300,2016-05-13,-0.3567,36.3354,1.36335404
csi300,2016-05-16,0.3905,36.8678,1.36867791
csi300,2016-05-17,-0.1621,36.646,1.36645963
csi300,2016-05-18,-0.6494,35.7587,1.35758651
csi300,2016-05-19,-0.1961,35.4925,1.35492458
csi300,2016-05-20,0.6549,36.3798,1.36379769
csi300,2016-05-23,0.1627,36.6016,1.36601597
csi300,2016-05-24,-0.6171,35.7587,1.35758651
csi300,2016-05-25,-0.0654,35.6699,1.3566992
csi300,2016-05-26,0.0,35.6699,1.3566992
csi300,2016-05-27,0.0654,35.7587,1.35758651
csi300,2016-05-30,0.0654,35.8474,1.35847382
csi300,2016-05-31,3.4944,40.5945,1.40594499
csi300,2016-06-01,-0.4102,40.0177,1.40017746
csi300,2016-06-02,0.0951,40.1508,1.40150843
csi300,2016-06-03,1.1713,41.7924,1.41792369
csi300,2016-06-06,-0.5945,40.9494,1.40949423
csi300,2016-06-07,0.0,40.9494,1.40949423
csi300,2016-06-08,-0.1259,40.772,1.40771961
csi300,2016-06-13,-3.2777,36.1579,1.36157941
csi300,2016-06-14,0.4236,36.7347,1.36734694
csi300,2016-06-15,1.3303,38.5537,1.38553682
csi300,2016-06-16,-0.6084,37.7107,1.37710736
csi300,2016-06-17,0.4188,38.2875,1.38287489
csi300,2016-06-20,0.0321,38.3319,1.38331854
csi300,2016-06-21,-0.2245,38.0213,1.38021295
csi300,2016-06-22,0.6107,38.8642,1.38864241
csi300,2016-06-23,-0.3195,38.4206,1.38420586
csi300,2016-06-24,-1.0577,36.9565,1.36956522
csi300,2016-06-27,1.2634,38.6868,1.38686779
csi300,2016-06-28,0.5118,39.3966,1.39396628
csi300,2016-06-29,0.4456,40.0177,1.40017746
csi300,2016-06-30,0.1584,40.2396,1.40239574
csi300,2016-07-01,-0.0949,40.1065,1.40106477
csi300,2016-07-04,1.6783,42.4579,1.42457853
csi300,2016-07-05,0.2491,42.8128,1.42812777
csi300,2016-07-06,0.497,43.5226,1.43522626
csi300,2016-07-07,0.1236,43.7001,1.43700089
csi300,2016-07-08,-0.3705,43.1677,1.43167702
csi300,2016-07-11,0.2479,43.5226,1.43522626
csi300,2016-07-12,2.5348,47.1606,1.47160603
csi300,2016-07-13,0.211,47.4712,1.47471162
csi300,2016-07-14,-0.1504,47.2493,1.47249335
csi300,2016-07-15,0.1205,47.4268,1.47426797
csi300,2016-07-18,-0.3611,46.8944,1.4689441
csi300,2016-07-19,-0.5134,46.1402,1.46140195
csi300,2016-07-20,-0.2125,45.8296,1.45829636
csi300,2016-07-21,0.5476,46.6282,1.46628217
csi300,2016-07-22,-0.8775,45.3416,1.45341615
csi300,2016-07-25,-0.0305,45.2972,1.45297249
csi300,2016-07-26,1.2824,47.1606,1.47160603
csi300,2016-07-27,-1.839,44.4543,1.44454303
csi300,2016-07-28,0.2764,44.8536,1.44853594
csi300,2016-07-29,-0.3369,44.3656,1.44365572
csi300,2016-08-01,-0.8297,43.1677,1.43167702
csi300,2016-08-02,0.2479,43.5226,1.43522626
csi300,2016-08-03,0.1236,43.7001,1.43700089
csi300,2016-08-04,0.3087,44.1437,1.44143744
csi300,2016-08-05,0.4001,44.7205,1.44720497
csi300,2016-08-08,0.8277,45.9184,1.45918367
csi300,2016-08-09,0.4561,46.5839,1.46583851
csi300,2016-08-10,-0.3027,46.1402,1.46140195
csi300,2016-08-11,-0.1214,45.9627,1.45962733
csi300,2016-08-12,1.7629,48.5359,1.48535936
csi300,2016-08-15,2.957,52.9281,1.52928128
csi300,2016-08-16,-0.2901,52.4845,1.52484472
csi300,2016-08-17,-0.2328,52.1295,1.52129547
csi300,2016-08-18,-0.1458,51.9077,1.5190772
csi300,2016-08-19,-0.1168,51.7303,1.51730257
csi300,2016-08-22,-0.7018,50.6655,1.50665484
csi300,2016-08-23,0.0589,50.7542,1.50754215
csi300,2016-08-24,-0.412,50.1331,1.50133097
csi300,2016-08-25,-0.5319,49.3345,1.49334516
csi300,2016-08-26,-0.1188,49.1571,1.49157054
csi300,2016-08-29,-0.0297,49.1127,1.49112689
csi300,2016-08-30,0.4165,49.7338,1.49733807
csi300,2016-08-31,0.4148,50.3549,1.50354925
csi300,2016-09-01,-1.0623,48.7578,1.48757764
csi300,2016-09-02,0.4474,49.4232,1.49423248
csi300,2016-09-05,0.2078,49.7338,1.49733807
csi300,2016-09-06,0.8593,51.0204,1.51020408
csi300,2016-09-07,0.0588,51.1091,1.51109139
csi300,2016-09-08,-0.1468,50.8873,1.50887311
csi300,2016-09-09,-0.4999,50.1331,1.50133097
csi300,2016-09-12,-1.9799,47.1606,1.47160603
csi300,2016-09-13,0.0,47.1606,1.47160603
csi300,2016-09-14,-0.603,46.2733,1.46273292
csi300,2016-09-19,0.6369,47.205,1.47204969
csi300,2016-09-20,-0.1206,47.0275,1.47027507
csi300,2016-09-21,0.3923,47.6043,1.47604259
csi300,2016-09-22,0.6613,48.5803,1.48580302
csi300,2016-09-23,-0.2389,48.2254,1.48225377
csi300,2016-09-26,-1.6761,45.7409,1.45740905
csi300,2016-09-27,0.5175,46.4951,1.4649512
csi300,2016-09-28,-0.1514,46.2733,1.46273292
csi300,2016-09-29,0.455,46.9388,1.46938776
csi300,2016-09-30,0.3019,47.3824,1.47382431
csi300,2016-10-10,1.1439,49.0683,1.49068323
csi300,2016-10-11,0.2381,49.4232,1.49423248
csi300,2016-10-12,-0.2375,49.0683,1.49068323
csi300,2016-10-13,0.0,49.0683,1.49068323
csi300,2016-10-14,0.2976,49.512,1.49511979
csi300,2016-10-17,-0.9199,48.1366,1.48136646
csi300,2016-10-18,1.2579,50.0,1.5
csi300,2016-10-19,-0.0592,49.9113,1.49911269
csi300,2016-10-20,-0.148,49.6894,1.49689441
csi300,2016-10-21,0.5039,50.4437,1.50443656
csi300,2016-10-24,1.2091,52.2626,1.52262644
csi300,2016-10-25,-0.2622,51.8634,1.51863354
csi300,2016-10-26,-0.2921,51.4197,1.51419698
csi300,2016-10-27,-0.1465,51.1979,1.5119787
csi300,2016-10-28,-0.1467,50.976,1.50976043
csi300,2016-10-31,-0.2057,50.6655,1.50665484
csi300,2016-11-01,0.6184,51.5972,1.51597161
csi300,2016-11-02,-0.6731,50.5768,1.50576752
csi300,2016-11-03,0.7661,51.7303,1.51730257
csi300,2016-11-04,-0.3216,51.2422,1.51242236
csi300,2016-11-07,0.088,51.3753,1.51375333
csi300,2016-11-08,0.5275,52.1739,1.52173913
csi300,2016-11-09,-0.379,51.5972,1.51597161
csi300,2016-11-10,1.0243,53.15,1.53149956
csi300,2016-11-11,0.8691,54.4809,1.54480923
csi300,2016-11-14,0.1436,54.7028,1.54702751
csi300,2016-11-15,-0.1147,54.5253,1.54525288
csi300,2016-11-16,0.0287,54.5697,1.54569654
csi300,2016-11-17,0.2296,54.9246,1.54924579
csi300,2016-11-18,-0.3436,54.3922,1.54392192
csi300,2016-11-21,0.4598,55.102,1.55102041
csi300,2016-11-22,1.0011,56.6548,1.56654836
csi300,2016-11-23,0.1699,56.921,1.56921029
csi300,2016-11-24,0.2827,57.3647,1.57364685
csi300,2016-11-25,1.0995,59.0949,1.59094942
csi300,2016-11-28,0.4462,59.8048,1.59804791
csi300,2016-11-29,0.7773,61.047,1.61047028
csi300,2016-11-30,-0.9091,59.583,1.59582964
csi300,2016-12-01,0.9452,61.0914,1.61091393
csi300,2016-12-02,-1.1016,59.3168,1.5931677
csi300,2016-12-05,-2.005,56.1224,1.56122449
csi300,2016-12-06,-0.1705,55.8563,1.55856256
csi300,2016-12-07,0.4555,56.5661,1.56566105
csi300,2016-12-08,0.2267,56.921,1.56921029
csi300,2016-12-09,0.5655,57.8083,1.57808341
csi300,2016-12-12,-2.6427,53.638,1.53637977
csi300,2016-12-13,-0.1444,53.4161,1.53416149
csi300,2016-12-14,-0.694,52.3514,1.52351375
csi300,2016-12-15,-1.1357,50.6211,1.50621118
csi300,2016-12-16,0.0,50.6211,1.50621118
csi300,2016-12-19,-0.2946,50.1775,1.50177462
csi300,2016-12-20,-0.7386,49.0683,1.49068323
csi300,2016-12-21,1.1012,50.7098,1.50709849
csi300,2016-12-22,-0.1766,50.4437,1.50443656
csi300,2016-12-23,-0.7962,49.2458,1.49245785
csi300,2016-12-26,0.3567,49.7782,1.49778172
csi300,2016-12-27,-0.1481,49.5563,1.49556344
csi300,2016-12-28,-0.534,48.7578,1.48757764
csi300,2016-12-29,0.0596,48.8465,1.48846495
csi300,2016-12-30,0.0894,48.9796,1.48979592
csi300,2017-01-03,1.1316,50.6655,1.50665484
csi300,2017-01-04,0.8834,51.9965,1.51996451
csi300,2017-01-05,-0.2043,51.6859,1.51685892
csi300,2017-01-06,-0.3217,51.1979,1.5119787
csi300,2017-01-09,0.3521,51.7303,1.51730257
csi300,2017-01-10,-0.2632,51.331,1.51330967
csi300,2017-01-11,-0.7329,50.2218,1.50221828
csi300,2017-01-12,-0.5021,49.4676,1.49467613
csi300,2017-01-13,0.1781,49.7338,1.49733807
csi300,2017-01-16,-0.1185,49.5563,1.49556344
csi300,2017-01-17,0.1483,49.7782,1.49778172
csi300,2017-01-18,0.6517,50.7542,1.50754215
csi300,2017-01-19,-0.3531,50.2218,1.50221828
csi300,2017-01-20,0.8565,51.5084,1.51508429
csi300,2017-01-23,-1.5813,49.1127,1.49112689
csi300,2017-01-24,0.0595,49.2014,1.4920142
csi300,2017-01-25,0.2974,49.6451,1.49645075
csi300,2017-01-26,0.4151,50.2662,1.50266193
csi300,2017-02-03,-0.5905,49.3789,1.49378882
csi300,2017-02-06,-0.0297,49.3345,1.49334516
csi300,2017-02-07,-0.1783,49.0683,1.49068323
csi300,2017-02-08,0.6845,50.0887,1.50088731
csi300,2017-02-09,0.3547,50.6211,1.50621118
csi300,2017-02-10,0.5302,51.4197,1.51419698
csi300,2017-02-13,0.5274,52.2183,1.52218279
csi300,2017-02-14,0.1166,52.3957,1.52395741
csi300,2017-02-15,-0.3493,51.8634,1.51863354
csi300,2017-02-16,0.4382,52.5288,1.52528838
csi300,2017-02-17,-0.5817,51.6415,1.51641526
csi300,2017-02-20,1.6384,54.126,1.54125998
csi300,2017-02-21,0.0,54.126,1.54125998
csi300,2017-02-22,0.3166,54.614,1.5461402
csi300,2017-02-23,-0.4304,53.9485,1.53948536
csi300,2017-02-24,-0.0865,53.8154,1.53815439
csi300,2017-02-27,-0.7788,52.6176,1.52617569
csi300,2017-02-28,0.1453,52.8394,1.52839397
csi300,2017-03-01,0.1161,53.0169,1.53016859
csi300,2017-03-02,-0.3479,52.4845,1.52484472
csi300,2017-03-03,-0.3782,51.9077,1.5190772
csi300,2017-03-06,0.4965,52.6619,1.52661934
csi300,2017-03-07,0.1453,52.8838,1.52883762
csi300,2017-03-08,0.1161,53.0612,1.53061224
csi300,2017-03-09,-0.8986,51.6859,1.51685892
csi300,2017-03-10,0.0877,51.819,1.51818988
csi300,2017-03-13,1.0812,53.4605,1.53460515
csi300,2017-03-14,-0.2313,53.1056,1.5310559
csi300,2017-03-15,0.1739,53.3718,1.53371783
csi300,2017-03-16,0.6075,54.3035,1.54303461
csi300,2017-03-17,-1.1213,52.5732,1.52573203
csi300,2017-03-20,0.0582,52.6619,1.52661934
csi300,2017-03-21,0.6975,53.7267,1.53726708
csi300,2017-03-22,-0.5195,52.9281,1.52928128
csi300,2017-03-23,0.2901,53.3718,1.53371783
csi300,2017-03-24,0.9546,54.8358,1.54835847
csi300,2017-03-27,-0.4585,54.126,1.54125998
csi300,2017-03-28,-0.1439,53.9042,1.5390417
csi300,2017-03-29,-0.2018,53.5936,1.53593611
csi300,2017-03-30,-0.9532,52.1295,1.52129547
csi300,2017-03-31,0.7291,53.2387,1.53238687
csi300,2017-04-05,1.6503,55.7675,1.55767524
csi300,2017-04-06,-0.1139,55.5901,1.55590062
csi300,2017-04-07,0.1996,55.9006,1.55900621
csi300,2017-04-10,-0.2561,55.5013,1.55501331
csi300,2017-04-11,0.2568,55.9006,1.55900621
csi300,2017-04-12,-0.3699,55.3239,1.55323869
csi300,2017-04-13,0.3713,55.9006,1.55900621
csi300,2017-04-14,-0.8253,54.614,1.5461402
csi300,2017-04-17,-0.3443,54.0816,1.54081633
csi300,2017-04-18,-0.2303,53.7267,1.53726708
csi300,2017-04-19,-0.7792,52.5288,1.52528838
csi300,2017-04-20,0.5526,53.3718,1.53371783
csi300,2017-04-21,0.0868,53.5049,1.5350488
csi300,2017-04-24,-1.0694,51.8634,1.51863354
csi300,2017-04-25,0.3214,52.3514,1.52351375
csi300,2017-04-26,0.233,52.7063,1.527063
csi300,2017-04-27,0.0581,52.795,1.52795031
csi300,2017-04-28,-0.3775,52.2183,1.52218279
csi300,2017-05-02,-0.1457,51.9965,1.51996451
csi300,2017-05-03,-0.4962,51.2422,1.51242236
csi300,2017-05-04,-0.3813,50.6655,1.50665484
csi300,2017-05-05,-0.6478,49.6894,1.49689441
csi300,2017-05-08,-0.8595,48.4028,1.48402839
csi300,2017-05-09,0.0897,48.5359,1.48535936
csi300,2017-05-10,-0.3584,48.0035,1.48003549
csi300,2017-05-11,0.5096,48.7578,1.48757764
csi300,2017-05-12,0.8052,49.9556,1.49955634
csi300,2017-05-15,0.4142,50.5768,1.50576752
csi300,2017-05-16,1.1786,52.3514,1.52351375
csi300,2017-05-17,-0.6698,51.331,1.51330967
csi300,2017-05-18,-0.4398,50.6655,1.50665484
csi300,2017-05-19,0.1767,50.9317,1.50931677
csi300,2017-05-22,0.0882,51.0648,1.51064774
csi300,2017-05-23,0.4405,51.7303,1.51730257
csi300,2017-05-24,0.0,51.7303,1.51730257
csi300,2017-05-25,2.1345,54.9689,1.54968944
csi300,2017-05-26,-0.1718,54.7028,1.54702751
csi300,2017-05-31,0.0574,54.7915,1.54791482
csi300,2017-06-01,0.2293,55.1464,1.55146406
csi300,2017-06-02,-0.2574,54.7471,1.54747116
csi300,2017-06-05,-0.6594,53.7267,1.53726708
csi300,2017-06-06,0.7792,54.9246,1.54924579
csi300,2017-06-07,1.3746,57.0541,1.57054126
csi300,2017-06-08,0.7062,58.1633,1.58163265
csi300,2017-06-09,0.6171,59.1393,1.59139308
csi300,2017-06-12,-0.1951,58.8287,1.58828749
csi300,2017-06-13,0.1955,59.1393,1.59139308
csi300,2017-06-14,-1.0036,57.5421,1.57542147
csi300,2017-06-15,-0.3379,57.0098,1.5700976
csi300,2017-06-16,-0.1695,56.7436,1.56743567
csi300,2017-06-19,1.1322,58.5182,1.5851819
csi300,2017-06-20,-0.3079,58.0302,1.58030169
csi300,2017-06-21,1.2633,60.0266,1.60026619
csi300,2017-06-22,0.1109,60.2041,1.60204082
csi300,2017-06-23,0.9693,61.7569,1.61756877
csi300,2017-06-26,1.2342,63.7533,1.63753327
csi300,2017-06-27,0.0542,63.8421,1.63842059
csi300,2017-06-28,-0.677,62.7329,1.62732919
csi300,2017-06-29,0.5998,63.709,1.63708962
csi300,2017-06-30,-0.1626,63.4428,1.63442768
csi300,2017-07-03,-0.4343,62.7329,1.62732919
csi300,2017-07-04,-0.8179,61.402,1.61401952
csi300,2017-07-05,1.2919,63.4871,1.63487134
csi300,2017-07-06,-0.0814,63.354,1.63354037
csi300,2017-07-07,-0.0543,63.2653,1.63265306
csi300,2017-07-10,0.1087,63.4428,1.63442768
csi300,2017-07-11,0.8143,64.7737,1.64773736
csi300,2017-07-12,-0.5924,63.7977,1.63797693
csi300,2017-07-13,1.0293,65.4836,1.65483585
csi300,2017-07-14,0.6702,66.5927,1.66592724
csi300,2017-07-17,-1.3582,64.3301,1.6433008
csi300,2017-07-18,0.054,64.4188,1.64418811
csi300,2017-07-19,2.0777,67.835,1.6783496
csi300,2017-07-20,0.4758,68.6335,1.6863354
csi300,2017-07-21,-0.4999,67.7906,1.67790594
csi300,2017-07-24,0.5024,68.6335,1.6863354
csi300,2017-07-25,-0.763,67.3469,1.67346939
csi300,2017-07-26,-0.5567,66.4153,1.66415262
csi300,2017-07-27,0.2933,66.9033,1.66903283
csi300,2017-07-28,0.3721,67.5244,1.67524401
csi300,2017-07-31,0.3708,68.1455,1.68145519
csi300,2017-08-01,0.7916,69.4765,1.69476486
csi300,2017-08-02,0.0,69.4765,1.69476486
csi300,2017-08-03,-0.9948,67.7906,1.67790594
csi300,2017-08-04,-0.6081,66.7702,1.66770186
csi300,2017-08-07,0.6119,67.7906,1.67790594
csi300,2017-08-08,0.0264,67.835,1.6783496
csi300,2017-08-09,-0.0793,67.7019,1.67701863
csi300,2017-08-10,-0.2116,67.3469,1.67346939
csi300,2017-08-11,-1.9088,64.1526,1.64152618
csi300,2017-08-14,1.2432,66.1934,1.66193434
csi300,2017-08-15,0.267,66.6371,1.6663709
csi300,2017-08-16,-0.1597,66.3709,1.66370896
csi300,2017-08-17,0.7733,67.6575,1.67657498
csi300,2017-08-18,0.0529,67.7462,1.67746229
csi300,2017-08-21,0.4232,68.4561,1.68456078
csi300,2017-08-22,0.158,68.7223,1.68722272
csi300,2017-08-23,0.263,69.1659,1.69165927
csi300,2017-08-24,-0.5245,68.2786,1.68278616
csi300,2017-08-25,1.74,71.2067,1.71206744
csi300,2017-08-28,1.1402,73.1588,1.73158829
csi300,2017-08-29,-0.205,72.8039,1.72803904
csi300,2017-08-30,-0.1027,72.6264,1.72626442
csi300,2017-08-31,-0.1799,72.3159,1.72315883
csi300,2017-09-01,0.1287,72.5377,1.72537711
csi300,2017-09-04,0.36,73.1588,1.73158829
csi300,2017-09-05,0.3587,73.7799,1.73779947
csi300,2017-09-06,-0.3064,73.2476,1.7324756
csi300,2017-09-07,-0.4353,72.4933,1.72493345
csi300,2017-09-08,-0.1029,72.3159,1.72315883
csi300,2017-09-11,0.1545,72.5821,1.72582076
csi300,2017-09-12,0.2571,73.0257,1.73025732
csi300,2017-09-13,0.0769,73.1588,1.73158829
csi300,2017-09-14,-0.3331,72.5821,1.72582076
csi300,2017-09-15,0.1542,72.8483,1.7284827
csi300,2017-09-18,0.385,73.5138,1.73513753
csi300,2017-09-19,-0.6392,72.4046,1.72404614
csi300,2017-09-20,0.4632,73.2032,1.73203194
csi300,2017-09-21,0.0256,73.2476,1.7324756
csi300,2017-09-22,-0.2817,72.7595,1.72759539
csi300,2017-09-25,-0.4109,72.0497,1.72049689
csi300,2017-09-26,0.0516,72.1384,1.72138421
csi300,2017-09-27,0.0773,72.2715,1.72271517
csi300,2017-09-28,0.1545,72.5377,1.72537711
csi300,2017-09-29,0.3343,73.1145,1.73114463
csi300,2017-10-09,1.0507,74.9335,1.74933452
csi300,2017-10-10,0.1268,75.1553,1.7515528
csi300,2017-10-11,0.3799,75.8208,1.75820763
csi300,2017-10-12,0.429,76.575,1.76574978
csi300,2017-10-13,0.201,76.9299,1.76929902
csi300,2017-10-16,-0.3511,76.3088,1.76308784
csi300,2017-10-17,-0.0503,76.2201,1.76220053
csi300,2017-10-18,0.6042,77.2848,1.77284827
csi300,2017-10-19,-0.2753,76.7968,1.76796806
csi300,2017-10-20,-0.0502,76.7081,1.76708075
csi300,2017-10-23,0.3013,77.2405,1.77240461
csi300,2017-10-24,0.6508,78.394,1.78393966
csi300,2017-10-25,0.3233,78.9707,1.78970719
csi300,2017-10-26,0.7189,80.2573,1.8025732
csi300,2017-10-27,0.4922,81.1446,1.81144632
csi300,2017-10-30,-0.4409,80.3461,1.80346051
csi300,2017-10-31,-0.0738,80.213,1.80212955
csi300,2017-11-01,-0.3447,79.5918,1.79591837
csi300,2017-11-02,0.1729,79.9024,1.79902396
csi300,2017-11-03,-0.2713,79.4144,1.79414374
csi300,2017-11-06,0.8902,81.0115,1.81011535
csi300,2017-11-07,0.9804,82.7862,1.82786158
csi300,2017-11-08,-0.2184,82.3869,1.82386868
csi300,2017-11-09,0.7541,83.7622,1.83762201
csi300,2017-11-10,0.8933,85.4037,1.85403727
csi300,2017-11-13,0.2154,85.803,1.85803017
csi300,2017-11-14,-0.7641,84.3833,1.84383319
csi300,2017-11-15,-0.7218,83.0524,1.83052351
csi300,2017-11-16,0.9452,84.7826,1.84782609
csi300,2017-11-17,0.12,85.0044,1.85004437
csi300,2017-11-20,0.7914,86.4685,1.864685
csi300,2017-11-21,1.9748,90.1508,1.90150843
csi300,2017-11-22,-0.0233,90.1065,1.90106477
csi300,2017-11-23,-3.1739,84.0728,1.8407276
csi300,2017-11-24,0.0964,84.2502,1.84250222
csi300,2017-11-27,-1.6133,81.2777,1.81277728
csi300,2017-11-28,0.465,82.1207,1.82120674
csi300,2017-11-29,-0.0974,81.9432,1.81943212
csi300,2017-11-30,-1.1461,79.858,1.7985803
csi300,2017-12-01,0.074,79.9911,1.79991127
csi300,2017-12-04,0.419,80.7453,1.80745342
csi300,2017-12-05,0.6136,81.8545,1.81854481
csi300,2017-12-06,-0.7563,80.4791,1.80479148
csi300,2017-12-07,-1.1308,78.4383,1.78438332
csi300,2017-12-08,0.9697,80.1686,1.80168589
csi300,2017-12-11,1.6498,83.1411,1.83141083
csi300,2017-12-12,-1.5746,80.2573,1.8025732
csi300,2017-12-13,0.7138,81.5439,1.81543922
csi300,2017-12-14,-0.3177,80.9672,1.80967169
csi300,2017-12-15,-1.3239,78.5714,1.78571429
csi300,2017-12-18,0.0248,78.6158,1.78615794
csi300,2017-12-19,1.3164,80.9672,1.80967169
csi300,2017-12-20,-0.2206,80.5679,1.80567879
csi300,2017-12-21,1.2285,82.7862,1.82786158
csi300,2017-12-22,-0.4612,81.9432,1.81943212
csi300,2017-12-25,-0.4633,81.1003,1.81100266
csi300,2017-12-26,0.294,81.6327,1.81632653
csi300,2017-12-27,-1.661,78.6158,1.78615794
csi300,2017-12-28,0.919,80.2573,1.8025732
csi300,2017-12-29,0.32,80.8341,1.80834073
csi300,2018-01-02,1.472,83.496,1.83496007
csi300,2018-01-03,0.5319,84.472,1.8447205
csi300,2018-01-04,0.3127,85.0488,1.85048802
csi300,2018-01-05,0.3836,85.7587,1.85758651
csi300,2018-01-08,0.406,86.5129,1.86512866
csi300,2018-01-09,0.8088,88.0213,1.88021295
csi300,2018-01-10,0.4247,88.8199,1.88819876
csi300,2018-01-11,-0.141,88.5537,1.88553682
csi300,2018-01-12,0.5412,89.5741,1.89574091
csi300,2018-01-15,-0.1872,89.2192,1.89219166
csi300,2018-01-16,1.0082,91.1269,1.91126886
csi300,2018-01-17,-0.3018,90.5501,1.90550133
csi300,2018-01-18,0.6519,91.7924,1.91792369
csi300,2018-01-19,0.2776,92.3248,1.92324756
csi300,2018-01-22,1.2687,94.7649,1.94764862
csi300,2018-01-23,-0.0456,94.6761,1.94676131
csi300,2018-01-24,0.0684,94.8092,1.94809228
csi300,2018-01-25,-0.6377,93.567,1.93566992
csi300,2018-01-26,0.5042,94.543,1.94543035
csi300,2018-01-29,-1.8928,90.8607,1.90860692
csi300,2018-01-30,-1.0228,88.9086,1.88908607
csi300,2018-01-31,0.3053,89.4854,1.89485359
csi300,2018-02-01,-0.7024,88.1544,1.88154392
csi300,2018-02-02,0.6131,89.3079,1.89307897
csi300,2018-02-05,-0.0937,89.1304,1.89130435
csi300,2018-02-06,-2.8149,83.8066,1.83806566
csi300,2018-02-07,-2.3654,79.4587,1.7945874
csi300,2018-02-08,-0.8158,77.9947,1.77994676
csi300,2018-02-09,-4.6112,69.787,1.69787045
csi300,2018-02-12,1.4372,72.2272,1.72227152
csi300,2018-02-13,1.2107,74.3123,1.74312334
csi300,2018-02-14,0.8908,75.8651,1.75865129
csi300,2018-02-22,2.0686,79.5031,1.79503106
csi300,2018-02-23,0.5437,80.4791,1.80479148
csi300,2018-02-26,1.2783,82.7862,1.82786158
csi300,2018-02-27,-1.432,80.1686,1.80168589
csi300,2018-02-28,-1.0096,78.3496,1.78349601
csi300,2018-03-01,0.7214,79.6362,1.79636202
csi300,2018-03-02,-0.6668,78.4383,1.78438332
csi300,2018-03-05,-0.2238,78.039,1.78039042
csi300,2018-03-06,1.4951,80.701,1.80700976
csi300,2018-03-07,-0.8102,79.2369,1.79236912
csi300,2018-03-08,1.0149,81.0559,1.81055901
csi300,2018-03-09,0.7351,82.3869,1.82386868
csi300,2018-03-12,0.2919,82.9193,1.82919255
csi300,2018-03-13,-1.0672,80.9672,1.80967169
csi300,2018-03-14,-0.3432,80.3461,1.80346051
csi300,2018-03-15,0.738,81.677,1.81677019
csi300,2018-03-16,-1.0989,79.6806,1.79680568
csi300,2018-03-19,0.5432,80.6566,1.8065661
csi300,2018-03-20,-0.0491,80.5679,1.80567879
csi300,2018-03-21,-0.516,79.6362,1.79636202
csi300,2018-03-22,-0.8891,78.039,1.78039042
csi300,2018-03-23,-2.9654,72.7595,1.72759539
csi300,2018-03-26,-0.4622,71.961,1.71960958
csi300,2018-03-27,0.903,73.5138,1.73513753
csi300,2018-03-28,-2.0199,70.0089,1.70008873
csi300,2018-03-29,1.8267,73.1145,1.73114463
csi300,2018-03-30,-0.1538,72.8483,1.7284827
csi300,2018-04-02,-0.3337,72.2715,1.72271517
csi300,2018-04-03,-0.6438,71.1624,1.71162378
csi300,2018-04-04,-0.2592,70.7187,1.70718722
csi300,2018-04-09,0.1299,70.9405,1.7094055
csi300,2018-04-10,1.9465,74.268,1.74267968
csi300,2018-04-11,0.1273,74.4898,1.74489796
csi300,2018-04-12,-1.0425,72.6708,1.72670807
csi300,2018-04-13,-0.6937,71.4729,1.71472937
csi300,2018-04-16,-1.5783,68.7666,1.68766637
csi300,2018-04-17,-1.4721,66.2822,1.66282165
csi300,2018-04-18,0.2134,66.6371,1.6663709
csi300,2018-04-19,1.4111,68.9885,1.68988465
csi300,2018-04-20,-1.549,66.3709,1.66370896
csi300,2018-04-23,0.4267,67.0807,1.67080745
csi300,2018-04-24,2.0977,70.5856,1.70585626
csi300,2018-04-25,-0.5982,69.5652,1.69565217
csi300,2018-04-26,-1.9885,66.1934,1.66193434
csi300,2018-04-27,0.2136,66.5484,1.66548358
csi300,2018-05-02,0.3197,67.0807,1.67080745
csi300,2018-05-03,0.5842,68.0568,1.68056788
csi300,2018-05-04,-0.4752,67.2582,1.67258208
csi300,2018-05-07,1.618,69.9645,1.69964508
csi300,2018-05-08,1.3051,72.1828,1.72182786
csi300,2018-05-09,-0.2834,71.6948,1.71694765
csi300,2018-05-10,0.6718,72.8483,1.7284827
csi300,2018-05-11,-0.5903,71.8279,1.71827862
csi300,2018-05-14,0.8779,73.3363,1.73336291
csi300,2018-05-15,0.3839,74.0018,1.74001775
csi300,2018-05-16,-0.8159,72.5821,1.72582076
csi300,2018-05-17,-0.8483,71.118,1.71118012
csi300,2018-05-18,1.0889,72.9814,1.72981366
csi300,2018-05-21,0.4873,73.8243,1.73824312
csi300,2018-05-22,-0.4084,73.1145,1.73114463
csi300,2018-05-23,-1.307,70.8518,1.70851819
csi300,2018-05-24,-0.805,69.4765,1.69476486
csi300,2018-05-25,-0.2356,69.0772,1.69077196
csi300,2018-05-28,0.6298,70.142,1.7014197
csi300,2018-05-29,-0.9387,68.5448,1.68544809
csi300,2018-05-30,-1.8952,65.3505,1.65350488
csi300,2018-05-31,2.0392,68.7223,1.68722272
csi300,2018-06-01,-0.6837,67.5688,1.67568767
csi300,2018-06-04,0.9796,69.2103,1.69210293
csi300,2018-06-05,0.839,70.63,1.70629991
csi300,2018-06-06,-0.182,70.3194,1.70319432
csi300,2018-06-07,-0.026,70.2751,1.70275067
csi300,2018-06-08,-1.3288,68.0124,1.68012422
csi300,2018-06-11,0.2641,68.4561,1.68456078
csi300,2018-06-12,1.0008,70.142,1.7014197
csi300,2018-06-13,-1.0169,68.4117,1.68411713
csi300,2018-06-14,-0.2634,67.9681,1.67968057
csi300,2018-06-15,-0.1585,67.7019,1.67701863
csi300,2018-06-19,-3.4392,61.9343,1.61934339
csi300,2018-06-20,0.0,61.9343,1.61934339
csi300,2018-06-21,-0.8219,60.6034,1.60603372
csi300,2018-06-22,0.442,61.3132,1.61313221
csi300,2018-06-25,-1.4026,59.0506,1.59050577
csi300,2018-06-26,-0.9763,57.4978,1.57497782
csi300,2018-06-27,-2.3662,53.7711,1.53771074
csi300,2018-06-28,-0.577,52.8838,1.52883762
csi300,2018-06-29,2.6407,56.921,1.56921029
csi300,2018-07-02,-2.6576,52.7507,1.52750665
csi300,2018-07-03,-0.3776,52.1739,1.52173913
csi300,2018-07-04,-1.0496,50.5768,1.50576752
csi300,2018-07-05,-0.825,49.3345,1.49334516
csi300,2018-07-06,0.8616,50.6211,1.50621118
csi300,2018-07-09,2.9161,55.0133,1.5501331
csi300,2018-07-10,0.2576,55.4126,1.554126
csi300,2018-07-11,-1.6557,52.8394,1.52839397
csi300,2018-07-12,2.4093,56.5217,1.56521739
csi300,2018-07-13,0.1701,56.7879,1.56787933
csi300,2018-07-16,-0.4244,56.1224,1.56122449
csi300,2018-07-17,-0.6252,55.1464,1.55146406
csi300,2018-07-18,-0.4575,54.4366,1.54436557
csi300,2018-07-19,0.0575,54.5253,1.54525288
csi300,2018-07-20,1.9236,57.4978,1.57497782
csi300,2018-07-23,0.6479,58.5182,1.5851819
csi300,2018-07-24,1.8472,61.4463,1.61446318
csi300,2018-07-25,-0.0275,61.402,1.61401952
csi300,2018-07-26,-1.2919,59.3168,1.5931677
csi300,2018-07-27,-0.2506,58.9175,1.5891748
csi300,2018-07-30,-0.5583,58.0302,1.58030169
csi300,2018-07-31,0.365,58.6069,1.58606921
csi300,2018-08-01,-2.2378,55.0577,1.55057675
csi300,2018-08-02,-2.2318,51.5972,1.51597161
csi300,2018-08-03,-1.4047,49.4676,1.49467613
csi300,2018-08-06,-1.0389,47.9148,1.47914818
csi300,2018-08-07,2.7894,52.0408,1.52040816
csi300,2018-08-08,-1.459,49.8225,1.49822538
csi300,2018-08-09,2.3986,53.4161,1.53416149
csi300,2018-08-10,0.1735,53.6823,1.53682343
csi300,2018-08-13,-0.433,53.0169,1.53016859
csi300,2018-08-14,-0.4349,52.3514,1.52351375
csi300,2018-08-15,-2.3879,48.7134,1.48713398
csi300,2018-08-16,-0.4177,48.0923,1.4809228
csi300,2018-08-17,-1.5279,45.8296,1.45829636
csi300,2018-08-20,1.0648,47.3824,1.47382431
csi300,2018-08-21,1.7158,49.9113,1.49911269
csi300,2018-08-22,-0.1776,49.6451,1.49645075
csi300,2018-08-23,0.2965,50.0887,1.50088731
csi300,2018-08-24,0.1478,50.3106,1.50310559
csi300,2018-08-27,2.5089,54.0816,1.54081633
csi300,2018-08-28,-0.2879,53.638,1.53637977
csi300,2018-08-29,-0.3754,53.0612,1.53061224
csi300,2018-08-30,-0.9855,51.5528,1.51552795
csi300,2018-08-31,-0.7611,50.3993,1.5039929
csi300,2018-09-03,-0.2065,50.0887,1.50088731
csi300,2018-09-04,1.1824,51.8634,1.51863354
csi300,2018-09-05,-2.045,48.7578,1.48757764
csi300,2018-09-06,-0.8649,47.4712,1.47471162
csi300,2018-09-07,0.6619,48.4472,1.48447205
csi300,2018-09-10,-1.4345,46.3177,1.46317657
csi300,2018-09-11,-0.3639,45.7853,1.45785271
csi300,2018-09-12,-0.6999,44.7649,1.44764862
csi300,2018-09-13,1.0726,46.3177,1.46317657
csi300,2018-09-14,0.1516,46.5395,1.46539485
csi300,2018-09-17,-0.9385,45.1642,1.45164153
csi300,2018-09-18,1.9254,47.9592,1.47959184
csi300,2018-09-19,1.3493,49.9556,1.49955634
csi300,2018-09-20,-0.0592,49.8669,1.49866903
csi300,2018-09-21,3.138,54.5697,1.54569654
csi300,2018-09-25,-1.0046,53.0169,1.53016859
csi300,2018-09-26,1.1018,54.7028,1.54702751
csi300,2018-09-27,-0.4302,54.0373,1.54037267
csi300,2018-09-28,1.0369,55.6344,1.55634428
csi300,2018-10-08,-4.7605,48.2254,1.48225377
csi300,2018-10-09,0.2095,48.5359,1.48535936
csi300,2018-10-10,-0.0597,48.4472,1.48447205
csi300,2018-10-11,-5.1405,40.8163,1.40816327
csi300,2018-10-12,1.8589,43.4339,1.43433895
csi300,2018-10-15,-1.4538,41.3487,1.41348713
csi300,2018-10-16,-0.6591,40.417,1.40417036
csi300,2018-10-17,0.3476,40.9051,1.40905058
csi300,2018-10-18,-2.204,37.7995,1.37799468
csi300,2018-10-19,2.5435,41.3043,1.41304348
csi300,2018-10-22,5.2747,48.7578,1.48757764
csi300,2018-10-23,-3.3701,43.7445,1.43744454
csi300,2018-10-24,0.1543,43.9663,1.43966282
csi300,2018-10-25,0.4931,44.6761,1.44676131
csi300,2018-10-26,-1.012,43.2121,1.43212067
csi300,2018-10-29,-3.005,38.9086,1.38908607
csi300,2018-10-30,1.1817,40.5501,1.40550133
csi300,2018-10-31,1.1679,42.1917,1.42191659
csi300,2018-11-01,0.7176,43.2121,1.43212067
csi300,2018-11-02,4.1822,49.2014,1.4920142
csi300,2018-11-05,-1.2786,47.2937,1.472937
csi300,2018-11-06,-0.6325,46.362,1.46362023
csi300,2018-11-07,-0.8184,45.1642,1.45164153
csi300,2018-11-08,-0.0917,45.0311,1.45031056
csi300,2018-11-09,-1.2542,43.2121,1.43212067
csi300,2018-11-12,1.1152,44.8092,1.44809228
csi300,2018-11-13,1.0417,46.3177,1.46317657
csi300,2018-11-14,-1.2129,44.543,1.44543035
csi300,2018-11-15,1.3198,46.4508,1.46450754
csi300,2018-11-16,0.3029,46.8944,1.4689441
csi300,2018-11-19,1.1175,48.5359,1.48535936
csi300,2018-11-20,-2.1804,45.2972,1.45297249
csi300,2018-11-21,0.0916,45.4303,1.45430346
csi300,2018-11-22,-0.2746,45.0311,1.45031056
csi300,2018-11-23,-2.6002,41.26,1.41259982
csi300,2018-11-26,0.157,41.4818,1.4148181
csi300,2018-11-27,-0.0941,41.3487,1.41348713
csi300,2018-11-28,1.5066,43.4783,1.43478261
csi300,2018-11-29,-0.9895,42.0586,1.42058563
csi300,2018-11-30,1.0306,43.5226,1.43522626
csi300,2018-12-03,2.5966,47.2493,1.47249335
csi300,2018-12-04,0.1506,47.4712,1.47471162
csi300,2018-12-05,-0.4513,46.8057,1.46805679
csi300,2018-12-06,-2.0248,43.8332,1.43833185
csi300,2018-12-07,-0.2159,43.5226,1.43522626
csi300,2018-12-10,-0.9274,42.1917,1.42191659
csi300,2018-12-11,0.4056,42.7684,1.42768412
csi300,2018-12-12,0.3418,43.2564,1.43256433
csi300,2018-12-13,1.7033,45.6965,1.45696539
csi300,2018-12-14,-1.7357,43.1677,1.43167702
csi300,2018-12-17,-0.124,42.9902,1.4299024
csi300,2018-12-18,-1.2411,41.2156,1.41215617
csi300,2018-12-19,-1.0368,39.7516,1.39751553
csi300,2018-12-20,-0.7302,38.7311,1.38731145
csi300,2018-12-21,-1.2472,37.0009,1.37000887
csi300,2018-12-24,0.2267,37.3114,1.37311446
csi300,2018-12-25,-0.6139,36.4685,1.364685
csi300,2018-12-26,-0.5527,35.7143,1.35714286
csi300,2018-12-27,-0.2288,35.4037,1.35403727
csi300,2018-12-28,0.2294,35.7143,1.35714286
csi300,2019-01-02,-1.373,33.8509,1.33850932
csi300,2019-01-03,0.0,33.8509,1.33850932
csi300,2019-01-04,2.5522,37.2671,1.37267081
csi300,2019-01-07,0.4202,37.8438,1.37843833
csi300,2019-01-08,0.0,37.8438,1.37843833
csi300,2019-01-09,0.7403,38.8642,1.38864241
csi300,2019-01-10,0.0958,38.9973,1.38997338
csi300,2019-01-11,0.7341,40.0177,1.40017746
csi300,2019-01-14,-0.8555,38.8199,1.38819876
csi300,2019-01-15,1.8856,41.4374,1.41437445
csi300,2019-01-16,-1.8507,38.8199,1.38819876
csi300,2019-01-17,-0.5433,38.0657,1.38065661
csi300,2019-01-18,1.7352,40.4614,1.40461402
csi300,2019-01-21,0.537,41.2156,1.41215617
csi300,2019-01-22,-1.2567,39.441,1.39440994
csi300,2019-01-23,-0.2545,39.0861,1.39086069
csi300,2019-01-24,0.7656,40.1508,1.40150843
csi300,2019-01-25,0.7597,41.2156,1.41215617
csi300,2019-01-28,-0.1257,41.0382,1.41038154
csi300,2019-01-29,0.4404,41.6593,1.41659272
csi300,2019-01-30,-0.6577,40.7276,1.40727595
csi300,2019-01-31,0.9458,42.0586,1.42058563
csi300,2019-02-01,1.6552,44.4099,1.44409938
csi300,2019-02-11,1.3825,46.4064,1.46406389
csi300,2019-02-12,0.7273,47.4712,1.47471162
csi300,2019-02-13,2.0758,50.5324,1.50532387
csi300,2019-02-14,0.1179,50.7098,1.50709849
csi300,2019-02-15,-1.6485,48.2254,1.48225377
csi300,2019-02-18,2.9033,52.5288,1.52528838
csi300,2019-02-19,-0.2618,52.1295,1.52129547
csi300,2019-02-20,0.2625,52.5288,1.52528838
csi300,2019-02-21,-0.1163,52.3514,1.52351375
csi300,2019-02-22,2.6791,56.433,1.56433008
csi300,2019-02-25,7.0618,67.48,1.67480035
csi300,2019-02-26,-2.2517,63.709,1.63708962
csi300,2019-02-27,-0.542,62.8216,1.6282165
csi300,2019-02-28,-0.1907,62.5111,1.62511091
csi300,2019-03-01,2.0475,65.8385,1.65838509
csi300,2019-03-04,1.0433,67.5688,1.67568767
csi300,2019-03-05,0.8472,68.9885,1.68988465
csi300,2019-03-06,0.6826,70.142,1.7014197
csi300,2019-03-07,-1.0952,68.2786,1.68278616
csi300,2019-03-08,-3.4801,62.4224,1.6242236
csi300,2019-03-11,1.3384,64.5963,1.64596273
csi300,2019-03-12,0.6739,65.7054,1.65705413
csi300,2019-03-13,-0.589,64.7294,1.6472937
csi300,2019-03-14,-0.7272,63.5315,1.635315
csi300,2019-03-15,1.3294,65.7054,1.65705413
csi300,2019-03-18,3.079,70.8075,1.70807453
csi300,2019-03-19,-0.7273,69.5652,1.69565217
csi300,2019-03-20,0.0,69.5652,1.69565217
csi300,2019-03-21,0.0523,69.6539,1.69653949
csi300,2019-03-22,0.1308,69.8758,1.69875776
csi300,2019-03-25,-2.4811,65.661,1.65661047
csi300,2019-03-26,-1.0445,63.9308,1.6393079
csi300,2019-03-27,0.866,65.3505,1.65350488
csi300,2019-03-28,-0.2683,64.9068,1.64906832
csi300,2019-03-29,4.0893,71.6504,1.71650399
csi300,2019-04-01,2.5846,76.087,1.76086957
csi300,2019-04-02,-0.1764,75.7764,1.75776398
csi300,2019-04-03,1.3377,78.1278,1.78127773
csi300,2019-04-04,1.1706,80.213,1.80212955
csi300,2019-04-08,-0.6401,79.0595,1.7905945
csi300,2019-04-09,0.5946,80.1242,1.80124224
csi300,2019-04-10,0.1478,80.3904,1.80390417
csi300,2019-04-11,-1.7216,77.2848,1.77284827
csi300,2019-04-12,-0.3504,76.6637,1.76663709
csi300,2019-04-15,-0.6278,75.5546,1.7555457
csi300,2019-04-16,3.0326,80.8784,1.80878438
csi300,2019-04-17,-0.2453,80.4348,1.80434783
csi300,2019-04-18,-0.1721,80.1242,1.80124224
csi300,2019-04-19,1.4778,82.7862,1.82786158
csi300,2019-04-22,-2.5,78.2165,1.78216504
csi300,2019-04-23,-0.1743,77.9059,1.77905945
csi300,2019-04-24,0.1496,78.1721,1.78172138
csi300,2019-04-25,-2.0667,74.4898,1.74489796
csi300,2019-04-26,-1.373,72.0941,1.72094055
csi300,2019-04-29,0.3867,72.7595,1.72759539
csi300,2019-04-30,0.0514,72.8483,1.7284827
csi300,2019-05-06,-5.7238,62.9547,1.62954747
csi300,2019-05-07,0.9257,64.4632,1.64463177
csi300,2019-05-08,-1.2948,62.3336,1.62333629
csi300,2019-05-09,-1.4212,60.0266,1.60026619
csi300,2019-05-10,3.1328,65.0399,1.65039929
csi300,2019-05-13,-1.828,62.0231,1.6202307
csi300,2019-05-14,-0.4929,61.2245,1.6122449
csi300,2019-05-15,2.1464,64.685,1.64685004
csi300,2019-05-16,0.4849,65.4836,1.65483585
csi300,2019-05-17,-2.252,61.7569,1.61756877
csi300,2019-05-20,-1.0971,59.9823,1.59982254
csi300,2019-05-21,1.2479,61.9787,1.61978705
csi300,2019-05-22,-0.2465,61.5794,1.61579414
csi300,2019-05-23,-1.5925,59.0062,1.59006211
csi300,2019-05-24,0.1674,59.2724,1.59272405
csi300,2019-05-27,1.1978,61.1801,1.61180124
csi300,2019-05-28,0.4679,61.9343,1.61934339
csi300,2019-05-29,0.0548,62.0231,1.6202307
csi300,2019-05-30,-0.0548,61.9343,1.61934339
csi300,2019-05-31,-0.4932,61.1358,1.61135759
csi300,2019-06-03,0.2203,61.4907,1.61490683
csi300,2019-06-04,-0.9066,60.0266,1.60026619
csi300,2019-06-05,-0.2218,59.6717,1.59671695
csi300,2019-06-06,-0.8614,58.2964,1.58296362
csi300,2019-06-10,1.2892,60.3372,1.60337178
csi300,2019-06-11,3.1267,65.3505,1.65350488
csi300,2019-06-12,-0.7513,64.1083,1.64108252
csi300,2019-06-13,-0.1892,63.7977,1.63797693
csi300,2019-06-14,-0.5959,62.8216,1.6282165
csi300,2019-06-17,0.0817,62.9547,1.62954747
csi300,2019-06-18,0.2178,63.3097,1.63309672
csi300,2019-06-19,1.467,65.7054,1.65705413
csi300,2019-06-20,2.8916,70.4969,1.70496894
csi300,2019-06-21,0.1821,70.8075,1.70807453
csi300,2019-06-24,0.1558,71.0736,1.71073647
csi300,2019-06-25,-1.0114,69.3434,1.6934339
csi300,2019-06-26,0.0262,69.3878,1.69387755
csi300,2019-06-27,1.1001,71.2511,1.71251109
csi300,2019-06-28,-0.0259,71.2067,1.71206744
csi300,2019-07-01,2.4618,75.4215,1.75421473
csi300,2019-07-02,0.1517,75.6877,1.75687666
csi300,2019-07-03,-0.8333,74.2236,1.74223602
csi300,2019-07-04,-0.6621,73.0701,1.73070098
csi300,2019-07-05,0.5127,73.9574,1.73957409
csi300,2019-07-08,-2.2953,69.9645,1.69964508
csi300,2019-07-09,-0.2349,69.5652,1.69565217
csi300,2019-07-10,0.0262,69.6096,1.69609583
csi300,2019-07-11,0.0262,69.6539,1.69653949
csi300,2019-07-12,0.8107,71.0293,1.71029281
csi300,2019-07-15,0.3632,71.6504,1.71650399
csi300,2019-07-16,-0.4135,70.9405,1.7094055
csi300,2019-07-17,-0.1557,70.6744,1.70674357
csi300,2019-07-18,-0.6499,69.5652,1.69565217
csi300,2019-07-19,1.0466,71.3398,1.7133984
csi300,2019-07-22,-0.7768,70.0089,1.70008873
csi300,2019-07-23,0.2349,70.4082,1.70408163
csi300,2019-07-24,0.8071,71.7835,1.71783496
csi300,2019-07-25,0.9039,73.3363,1.73336291
csi300,2019-07-26,0.128,73.5581,1.73558119
csi300,2019-07-29,-0.1534,73.2919,1.73291925
csi300,2019-07-30,0.4608,74.0905,1.74090506
csi300,2019-07-31,-0.7136,72.8483,1.7284827
csi300,2019-08-01,-0.924,71.2511,1.71251109
csi300,2019-08-02,-1.5285,68.6335,1.6863354
csi300,2019-08-05,-1.7364,65.7054,1.65705413
csi300,2019-08-06,-1.0442,63.9752,1.63975155
csi300,2019-08-07,-0.6494,62.9104,1.62910382
csi300,2019-08-08,1.4706,65.3061,1.65306122
csi300,2019-08-09,-0.7783,64.0195,1.64019521
csi300,2019-08-12,1.5959,66.6371,1.6663709
csi300,2019-08-13,-0.852,65.2174,1.65217391
csi300,2019-08-14,0.3759,65.8385,1.65838509
csi300,2019-08-15,0.4013,66.504,1.66503993
csi300,2019-08-16,0.4263,67.2138,1.67213842
csi300,2019-08-19,2.3879,71.2067,1.71206744
csi300,2019-08-20,-0.4146,70.4969,1.70496894
csi300,2019-08-21,-0.026,70.4525,1.70452529
csi300,2019-08-22,0.2082,70.8075,1.70807453
csi300,2019-08-23,0.7013,72.0053,1.72005324
csi300,2019-08-26,-1.1091,70.0976,1.70097604
csi300,2019-08-27,1.0433,71.8722,1.71872227
csi300,2019-08-28,-0.3098,71.3398,1.7133984
csi300,2019-08-29,-0.2848,70.8518,1.70851819
csi300,2019-08-30,0.2597,71.2955,1.71295475
csi300,2019-09-02,1.1137,73.2032,1.73203194
csi300,2019-09-03,0.1025,73.3807,1.73380657
csi300,2019-09-04,1.2538,75.5546,1.7555457
csi300,2019-09-05,0.9351,77.1961,1.77196096
csi300,2019-09-06,0.676,78.394,1.78393966
csi300,2019-09-09,0.3979,79.1038,1.79103815
csi300,2019-09-10,-0.2725,78.6158,1.78615794
csi300,2019-09-11,-0.7203,77.3292,1.77329193
csi300,2019-09-12,1.0258,79.1482,1.79148181
csi300,2019-09-16,-0.3467,78.5271,1.78527063
csi300,2019-09-17,-1.8141,75.2884,1.75288376
csi300,2019-09-18,0.4303,76.0426,1.76042591
csi300,2019-09-19,0.4788,76.8855,1.76885537
csi300,2019-09-20,0.1505,77.1517,1.7715173
csi300,2019-09-23,-0.8765,75.5989,1.75598935
csi300,2019-09-24,0.0758,75.732,1.75732032
csi300,2019-09-25,-0.6816,74.5342,1.74534161
csi300,2019-09-26,-0.6863,73.3363,1.73336291
csi300,2019-09-27,0.2304,73.7356,1.73735581
csi300,2019-09-30,-1.2002,71.6504,1.71650399
csi300,2019-10-08,0.6462,72.7595,1.72759539
csi300,2019-10-09,0.2825,73.2476,1.7324756
csi300,2019-10-10,0.717,74.4898,1.74489796
csi300,2019-10-11,1.2204,76.6193,1.76619343
csi300,2019-10-14,0.7285,77.9059,1.77905945
csi300,2019-10-15,-0.3242,77.3292,1.77329193
csi300,2019-10-16,-0.3503,76.7081,1.76708075
csi300,2019-10-17,0.1506,76.9743,1.76974268
csi300,2019-10-18,-1.454,74.4011,1.74401065
csi300,2019-10-21,0.2289,74.8004,1.74800355
csi300,2019-10-22,0.3807,75.4658,1.75465839
csi300,2019-10-23,-0.531,74.5342,1.74534161
csi300,2019-10-24,0.1271,74.756,1.74755989
csi300,2019-10-25,0.6093,75.8208,1.75820763
csi300,2019-10-28,0.5804,76.8412,1.76841171
csi300,2019-10-29,-0.3261,76.2644,1.76264419
csi300,2019-10-30,-0.6544,75.1109,1.75110914
csi300,2019-10-31,-0.0507,75.0222,1.75022183
csi300,2019-11-01,2.0532,78.6158,1.78615794
csi300,2019-11-04,0.3229,79.1925,1.79192547
csi300,2019-11-05,0.5694,80.213,1.80212955
csi300,2019-11-06,-0.4185,79.4587,1.7945874
csi300,2019-11-07,0.1236,79.6806,1.79680568
csi300,2019-11-08,-0.3951,78.9707,1.78970719
csi300,2019-11-11,-1.6609,75.9982,1.75998225
csi300,2019-11-12,-0.126,75.7764,1.75776398
csi300,2019-11-13,-0.0757,75.6433,1.75643301
csi300,2019-11-14,0.0758,75.7764,1.75776398
csi300,2019-11-15,-0.4796,74.9335,1.74933452
csi300,2019-11-18,0.7101,76.1757,1.76175688
csi300,2019-11-19,1.0073,77.9503,1.77950311
csi300,2019-11-20,-1.0222,76.1313,1.76131322
csi300,2019-11-21,-0.5038,75.244,1.75244011
csi300,2019-11-22,-1.0633,73.3807,1.73380657
csi300,2019-11-25,0.7165,74.6229,1.74622893
csi300,2019-11-26,0.1524,74.8891,1.74889086
csi300,2019-11-27,-0.1522,74.6229,1.74622893
csi300,2019-11-28,-0.1524,74.3567,1.74356699
csi300,2019-11-29,-1.0941,72.449,1.7244898
csi300,2019-12-02,0.2058,72.8039,1.72803904
csi300,2019-12-03,0.4108,73.5138,1.73513753
csi300,2019-12-04,0.0511,73.6025,1.73602484
csi300,2019-12-05,0.7411,74.8891,1.74889086
csi300,2019-12-06,0.6088,75.9539,1.7595386
csi300,2019-12-09,-0.3278,75.3771,1.75377107
csi300,2019-12-10,0.0759,75.5102,1.75510204
csi300,2019-12-11,-1.4156,73.0257,1.73025732
csi300,2019-12-12,-0.2821,72.5377,1.72537711
csi300,2019-12-13,2.0314,76.0426,1.76042591
csi300,2019-12-16,0.3024,76.575,1.76574978
csi300,2019-12-17,1.5578,79.3256,1.79325643
csi300,2019-12-18,-0.3711,78.6602,1.7866016
csi300,2019-12-19,-0.1738,78.3496,1.78349601
csi300,2019-12-20,-0.0995,78.1721,1.78172138
csi300,2019-12-23,-1.2948,75.8651,1.75865129
csi300,2019-12-24,0.5298,76.7968,1.76796806
csi300,2019-12-25,0.1757,77.1074,1.77107365
csi300,2019-12-26,0.7265,78.394,1.78393966
csi300,2019-12-27,-0.0995,78.2165,1.78216504
csi300,2019-12-30,1.4439,80.7897,1.80789707
csi300,2019-12-31,0.5153,81.7214,1.81721384
csi300,2020-01-02,1.2939,84.0728,1.8407276
csi300,2020-01-03,-0.241,83.6291,1.83629104
csi300,2020-01-06,-0.3866,82.9193,1.82919255
csi300,2020-01-07,0.7761,84.339,1.84338953
csi300,2020-01-08,-0.9868,82.52,1.82519965
csi300,2020-01-09,1.0695,84.472,1.8447205
csi300,2020-01-10,-0.0241,84.4277,1.84427684
csi300,2020-01-13,1.0825,86.4241,1.86424135
csi300,2020-01-14,-0.4284,85.6256,1.85625555
csi300,2020-01-15,-0.7648,84.2059,1.84205856
csi300,2020-01-16,-0.1445,83.9397,1.83939663
csi300,2020-01-17,0.1206,84.1615,1.84161491
csi300,2020-01-20,0.7227,85.4925,1.85492458
csi300,2020-01-21,-1.8177,82.1207,1.82120674
csi300,2020-01-22,0.341,82.7418,1.82741792
csi300,2020-01-23,-2.9862,77.2848,1.77284827
csi300,2020-02-03,-8.4334,62.3336,1.62333629
csi300,2020-02-04,3.0336,67.2582,1.67258208
csi300,2020-02-05,0.9814,68.8997,1.68899734
csi300,2020-02-06,2.3641,72.8926,1.72892635
csi300,2020-02-07,-0.2309,72.4933,1.72493345
csi300,2020-02-10,0.3344,73.0701,1.73070098
csi300,2020-02-11,1.0766,74.9335,1.74933452
csi300,2020-02-12,0.7101,76.1757,1.76175688
csi300,2020-02-13,-0.5288,75.244,1.75244011
csi300,2020-02-14,0.6835,76.4419,1.76441881
csi300,2020-02-17,2.1876,80.3017,1.80301686
csi300,2020-02-18,-0.6152,79.1925,1.79192547
csi300,2020-02-19,0.0248,79.2369,1.79236912
csi300,2020-02-20,2.2525,83.2742,1.83274179
csi300,2020-02-21,0.3389,83.8953,1.83895297
csi300,2020-02-24,-0.7961,82.4312,1.82431233
csi300,2020-02-25,-0.1946,82.0763,1.82076309
csi300,2020-02-26,-0.8285,80.5679,1.80567879
csi300,2020-02-27,0.0246,80.6122,1.80612245
csi300,2020-02-28,-3.3898,74.4898,1.74489796
csi300,2020-03-02,3.6359,80.8341,1.80834073
csi300,2020-03-03,-0.0736,80.701,1.80700976
csi300,2020-03-04,0.712,81.9876,1.81987578
csi300,2020-03-05,2.3891,86.3354,1.86335404
csi300,2020-03-06,-1.881,82.8305,1.82830524
csi300,2020-03-09,-3.1788,77.0186,1.77018634
csi300,2020-03-10,2.2055,80.9228,1.80922804
csi300,2020-03-11,-1.643,77.9503,1.77950311
csi300,2020-03-12,-1.5707,75.1553,1.7515528
csi300,2020-03-13,-1.4944,72.5377,1.72537711
csi300,2020-03-16,-4.1913,65.3061,1.65306122
csi300,2020-03-17,-0.8857,63.8421,1.63842059
csi300,2020-03-18,-1.6789,61.0914,1.61091393
csi300,2020-03-19,-0.9639,59.5386,1.59538598
csi300,2020-03-20,1.3348,61.6681,1.61668146
csi300,2020-03-23,-3.2382,56.433,1.56433008
csi300,2020-03-24,2.4107,60.2041,1.60204082
csi300,2020-03-25,2.6309,64.4188,1.64418811
csi300,2020-03-26,-0.6206,63.3984,1.63398403
csi300,2020-03-27,0.4616,64.1526,1.64152618
csi300,2020-03-30,-0.9189,62.6442,1.62644188
csi300,2020-03-31,0.0818,62.7773,1.62777285
csi300,2020-04-01,0.109,62.9547,1.62954747
csi300,2020-04-02,1.3613,65.173,1.65173026
csi300,2020-04-03,-0.6984,64.0195,1.64019521
csi300,2020-04-07,2.2451,67.7019,1.67701863
csi300,2020-04-08,-0.3968,67.0364,1.6703638
csi300,2020-04-09,0.2922,67.5244,1.67524401
csi300,2020-04-10,-0.3178,66.992,1.66992014
csi300,2020-04-13,-0.5579,66.0603,1.66060337
csi300,2020-04-14,1.6564,68.811,1.68811003
csi300,2020-04-15,-0.5782,67.835,1.6783496
csi300,2020-04-16,0.0529,67.9237,1.67923691
csi300,2020-04-17,0.8983,69.4321,1.69432121
csi300,2020-04-20,0.419,70.142,1.7014197
csi300,2020-04-21,-1.043,68.3673,1.68367347
csi300,2020-04-22,0.8959,69.8758,1.69875776
csi300,2020-04-23,-0.1828,69.5652,1.69565217
csi300,2020-04-24,-0.8373,68.1455,1.68145519
csi300,2020-04-27,0.4485,68.8997,1.68899734
csi300,2020-04-28,0.6304,69.9645,1.69964508
csi300,2020-04-29,0.5221,70.8518,1.70851819
csi300,2020-04-30,1.4801,73.3807,1.73380657
csi300,2020-05-06,0.2559,73.8243,1.73824312
csi300,2020-05-07,-0.1787,73.5138,1.73513753
csi300,2020-05-08,1.0739,75.3771,1.75377107
csi300,2020-05-11,-0.1771,75.0665,1.75066548
csi300,2020-05-12,-0.0253,75.0222,1.75022183
csi300,2020-05-13,0.2281,75.4215,1.75421473
csi300,2020-05-14,-0.8346,73.9574,1.73957409
csi300,2020-05-15,-0.4846,73.1145,1.73114463
csi300,2020-05-18,0.3075,73.6469,1.7364685
csi300,2020-05-19,0.7409,74.9335,1.74933452
csi300,2020-05-20,-0.4058,74.2236,1.74223602
csi300,2020-05-21,-0.6621,73.0701,1.73070098
csi300,2020-05-22,-2.2046,69.2547,1.69254658
csi300,2020-05-25,0.0524,69.3434,1.6934339
csi300,2020-05-26,1.2051,71.3842,1.71384206
csi300,2020-05-27,-0.466,70.5856,1.70585626
csi300,2020-05-28,0.13,70.8075,1.70807453
csi300,2020-05-29,0.4156,71.5173,1.71517303
csi300,2020-06-01,2.6384,76.0426,1.76042591
csi300,2020-06-02,0.2772,76.5306,1.76530612
csi300,2020-06-03,-0.0251,76.4862,1.76486247
csi300,2020-06-04,0.0503,76.575,1.76574978
csi300,2020-06-05,0.5779,77.5954,1.77595386
csi300,2020-06-08,0.4746,78.4383,1.78438332
csi300,2020-06-09,0.6713,79.6362,1.79636202
csi300,2020-06-10,-0.2223,79.2369,1.79236912
csi300,2020-06-11,-0.9158,77.5954,1.77595386
csi300,2020-06-12,0.2498,78.039,1.78039042
csi300,2020-06-15,-1.4204,75.5102,1.75510204
csi300,2020-06-16,1.5672,78.2609,1.7826087
csi300,2020-06-17,0.0996,78.4383,1.78438332
csi300,2020-06-18,0.7708,79.8137,1.79813665
csi300,2020-06-19,1.283,82.1207,1.82120674
csi300,2020-06-22,0.0974,82.2981,1.82298137
csi300,2020-06-23,0.4624,83.1411,1.83141083
csi300,2020-06-24,0.8721,84.7382,1.84738243
csi300,2020-06-29,-0.8646,83.1411,1.83141083
csi300,2020-06-30,1.2112,85.3594,1.85359361
csi300,2020-07-01,2.2499,89.5297,1.89529725
csi300,2020-07-02,2.294,93.8776,1.93877551
csi300,2020-07-03,1.9908,97.7374,1.97737356
csi300,2020-07-06,7.3368,112.2449,2.12244898
csi300,2020-07-07,-1.0033,110.1154,2.1011535
csi300,2020-07-08,1.3091,112.866,2.12866016
csi300,2020-07-09,1.5423,116.1491,2.16149068
csi300,2020-07-10,-1.7857,112.2893,2.12289264
csi300,2020-07-13,2.0899,116.7258,2.16725821
csi300,2020-07-14,-0.8802,114.8181,2.14818101
csi300,2020-07-15,-1.1979,112.2449,2.12244898
csi300,2020-07-16,-4.7659,102.1295,2.02129547
csi300,2020-07-17,1.0755,104.3035,2.04303461
csi300,2020-07-20,2.6493,109.7161,2.0971606
csi300,2020-07-21,0.2539,110.2484,2.10248447
csi300,2020-07-22,1.1184,112.5998,2.12599823
csi300,2020-07-23,-0.5426,111.4463,2.11446318
csi300,2020-07-24,-4.4482,102.0408,2.02040816
csi300,2020-07-27,0.6148,103.2831,2.03283052
csi300,2020-07-28,0.7639,104.8358,2.04835847
csi300,2020-07-29,2.859,110.6921,2.10692103
csi300,2020-07-30,-0.737,109.1393,2.09139308
csi300,2020-07-31,0.7637,110.7365,2.10736469
csi300,2020-08-03,1.5789,114.0639,2.14063886
csi300,2020-08-04,0.0829,114.2413,2.14241349
csi300,2020-08-05,0.0414,114.3301,2.1433008
csi300,2020-08-06,-0.3726,113.5315,2.135315
csi300,2020-08-07,-0.9973,111.402,2.11401952
csi300,2020-08-10,0.3358,112.1118,2.12111801
csi300,2020-08-11,-0.9831,110.0266,2.10026619
csi300,2020-08-12,-0.676,108.6069,2.08606921
csi300,2020-08-13,-0.319,107.9414,2.07941437
csi300,2020-08-14,1.9415,111.9787,2.11978705
csi300,2020-08-17,2.072,116.3709,2.16370896
csi300,2020-08-18,-0.1435,116.0603,2.16060337
csi300,2020-08-19,-1.5606,112.6886,2.12688554
csi300,2020-08-20,-1.0638,110.4259,2.10425909
csi300,2020-08-21,0.8433,112.2005,2.12200532
csi300,2020-08-24,0.6272,113.5315,2.135315
csi300,2020-08-25,0.187,113.9308,2.1393079
csi300,2020-08-26,-1.2236,111.3132,2.11313221
csi300,2020-08-27,0.7558,112.9104,2.12910382
csi300,2020-08-28,2.4588,118.1455,2.18145519
csi300,2020-08-31,-0.8745,116.2378,2.16237799
csi300,2020-09-01,0.6976,117.7462,2.17746229
csi300,2020-09-02,-0.0815,117.5688,2.17568767
csi300,2020-09-03,-0.4078,116.6815,2.16681455
csi300,2020-09-04,-1.1261,114.2413,2.14241349
csi300,2020-09-07,-2.0087,109.9379,2.09937888
csi300,2020-09-08,0.5072,111.0027,2.11002662
csi300,2020-09-09,-2.3339,106.0781,2.06078083
csi300,2020-09-10,0.0861,106.2555,2.06255546
csi300,2020-09-11,0.7744,107.8527,2.07852706
csi300,2020-09-14,0.5763,109.0506,2.09050577
csi300,2020-09-15,0.7428,110.6034,2.10603372
csi300,2020-09-16,-0.5898,109.3611,2.09361136
csi300,2020-09-17,-0.6145,108.0745,2.08074534
csi300,2020-09-18,2.58,113.4428,2.13442768
csi300,2020-09-21,-1.1432,111.0027,2.11002662
csi300,2020-09-22,-1.1985,108.4738,2.08473824
csi300,2020-09-23,0.2979,109.0949,2.09094942
csi300,2020-09-24,-1.6338,105.6788,2.05678793
csi300,2020-09-25,0.0647,105.8119,2.0581189
csi300,2020-09-28,0.2156,106.2555,2.06255546
csi300,2020-09-29,0.2366,106.7436,2.06743567
csi300,2020-09-30,-0.3004,106.1224,2.06122449
csi300,2020-10-09,2.0017,110.2484,2.10248447
csi300,2020-10-12,3.123,116.8146,2.16814552
csi300,2020-10-13,0.3274,117.5244,2.17524401
csi300,2020-10-14,-0.4895,116.4596,2.16459627
csi300,2020-10-15,-0.246,115.9272,2.1592724
csi300,2020-10-16,-0.2877,115.3061,2.15306122
csi300,2020-10-19,-0.6388,113.9308,2.1393079
csi300,2020-10-20,0.6221,115.2618,2.15261757
csi300,2020-10-21,0.1237,115.5279,2.1552795
csi300,2020-10-22,-0.3294,114.8181,2.14818101
csi300,2020-10-23,-1.1565,112.3336,2.12333629
csi300,2020-10-26,-0.7522,110.7365,2.10736469
csi300,2020-10-27,0.2947,111.3576,2.11357587
csi300,2020-10-28,0.8396,113.1322,2.13132209
csi300,2020-10-29,0.9159,115.0843,2.15084295
csi300,2020-10-30,-1.8771,111.047,2.11047028
csi300,2020-11-02,0.5886,112.2893,2.12289264
csi300,2020-11-03,1.0658,114.5519,2.14551908
csi300,2020-11-04,0.7651,116.1934,2.16193434
csi300,2020-11-05,1.5596,119.5652,2.19565217
csi300,2020-11-06,0.0404,119.6539,2.19653949
csi300,2020-11-09,1.9592,123.9574,2.23957409
csi300,2020-11-10,-0.5349,122.7595,2.22759539
csi300,2020-11-11,-0.9361,120.6744,2.20674357
csi300,2020-11-12,-0.0603,120.5413,2.2054126
csi300,2020-11-13,-1.026,118.2786,2.18278616
csi300,2020-11-16,1.0772,120.63,2.20629991
csi300,2020-11-17,-0.181,120.2307,2.20230701
csi300,2020-11-18,-0.141,119.9201,2.19920142
csi300,2020-11-19,0.8473,121.7835,2.21783496
csi300,2020-11-20,0.3001,122.449,2.2244898
csi300,2020-11-23,1.1568,125.0222,2.25022183
csi300,2020-11-24,-0.6309,123.6025,2.23602484
csi300,2020-11-25,-1.2302,120.8518,2.20851819
csi300,2020-11-26,0.1406,121.1624,2.21162378
csi300,2020-11-27,1.4243,124.3123,2.24312334
csi300,2020-11-30,-0.4945,123.2032,2.23203194
csi300,2020-12-01,2.2063,128.1278,2.28127773
csi300,2020-12-02,-0.2139,127.6398,2.27639752
csi300,2020-12-03,-0.039,127.551,2.2755102
csi300,2020-12-04,0.2145,128.039,2.28039042
csi300,2020-12-07,-0.856,126.087,2.26086957
csi300,2020-12-08,-0.314,125.3771,2.25377107
csi300,2020-12-09,-1.1811,122.7152,2.22715173
csi300,2020-12-10,-0.1992,122.2715,2.22271517
csi300,2020-12-11,-1.1178,119.787,2.19787045
csi300,2020-12-14,0.8882,121.7391,2.2173913
csi300,2020-12-15,0.3001,122.4046,2.22404614
csi300,2020-12-16,0.1995,122.8483,2.2284827
csi300,2020-12-17,1.4135,125.9982,2.25998225
csi300,2020-12-18,-0.5693,124.7116,2.24711624
csi300,2020-12-21,0.8885,126.7081,2.26708075
csi300,2020-12-22,-1.5068,123.2919,2.23291925
csi300,2020-12-23,0.8146,125.1109,2.25110914
csi300,2020-12-24,0.0,125.1109,2.25110914
csi300,2020-12-25,0.8277,126.9743,2.26974268
csi300,2020-12-28,0.2737,127.5954,2.27595386
csi300,2020-12-29,-0.3119,126.8855,2.26885537
csi300,2020-12-30,1.2515,129.7249,2.29724933
csi300,2020-12-31,2.1051,134.5608,2.34560781
csi300,2021-01-04,0.889,136.646,2.36645963
csi300,2021-01-05,1.856,141.0382,2.41038154
csi300,2021-01-06,0.9019,143.2121,2.43212067
csi300,2021-01-07,2.1343,148.4028,2.48402839
csi300,2021-01-08,-0.5001,147.1606,2.47160603
csi300,2021-01-11,-1.1309,144.3656,2.44365572
csi300,2021-01-12,2.9049,151.4641,2.51464064
csi300,2021-01-13,-0.3881,150.488,2.50488021
csi300,2021-01-14,-1.8243,145.9184,2.45918367
csi300,2021-01-15,-0.3067,145.1642,2.45164153
csi300,2021-01-18,-0.2353,144.5874,2.445874
csi300,2021-01-19,-1.3604,141.26,2.41259982
csi300,2021-01-20,0.5517,142.5909,2.42590949
csi300,2021-01-21,1.7191,146.7613,2.46761313
csi300,2021-01-22,0.0539,146.8944,2.4689441
csi300,2021-01-25,1.186,149.8225,2.49822538
csi300,2021-01-26,-2.1311,144.4987,2.44498669
csi300,2021-01-27,0.1815,144.9423,2.44942325
csi300,2021-01-28,-2.4633,138.9086,2.38908607
csi300,2021-01-29,-0.6871,137.2671,2.37267081
csi300,2021-02-01,1.178,140.0621,2.40062112
csi300,2021-02-02,1.4785,143.6114,2.43611358
csi300,2021-02-03,-0.1093,143.3452,2.43345164
csi300,2021-02-04,-0.2005,142.8571,2.42857143
csi300,2021-02-05,0.1461,143.2121,2.43212067
csi300,2021-02-08,1.3134,146.4064,2.46406389
csi300,2021-02-09,2.4847,152.5288,2.52528838
csi300,2021-02-10,2.0204,157.6309,2.57630878
csi300,2021-02-18,-0.7405,155.7232,2.55723159
csi300,2021-02-19,0.5552,157.1429,2.57142857
csi300,2021-02-22,-3.5714,147.9592,2.47959184
csi300,2021-02-23,-0.2684,147.2937,2.472937
csi300,2021-02-24,-2.6372,140.772,2.40771961
csi300,2021-02-25,0.9397,143.0346,2.43034605
csi300,2021-02-26,-2.72,136.4241,2.36424135
csi300,2021-03-01,1.6701,140.3727,2.40372671
csi300,2021-03-02,-1.2735,137.3114,2.37311446
csi300,2021-03-03,1.963,141.9698,2.41969831
csi300,2021-03-04,-3.062,134.5608,2.34560781
csi300,2021-03-05,-0.3972,133.6291,2.33629104
csi300,2021-03-08,-3.5321,125.3771,2.25377107
csi300,2021-03-09,-1.9882,120.8962,2.20896185
csi300,2021-03-10,0.4218,121.8279,2.21827862
csi300,2021-03-11,2.58,127.551,2.2755102
csi300,2021-03-12,0.2535,128.1278,2.28127773
csi300,2021-03-15,-1.9837,123.6025,2.23602484
csi300,2021-03-16,0.6548,125.0665,2.25066548
csi300,2021-03-17,0.4534,126.087,2.26086957
csi300,2021-03-18,0.7849,127.8616,2.27861579
csi300,2021-03-19,-2.7064,121.6948,2.21694765
csi300,2021-03-22,1.1407,124.2236,2.24223602
csi300,2021-03-23,-0.8904,122.2272,2.22227152
csi300,2021-03-24,-1.5173,118.8554,2.18855368
csi300,2021-03-25,-0.0811,118.6779,2.18677906
csi300,2021-03-26,2.11,123.2919,2.23291925
csi300,2021-03-29,0.1987,123.7356,2.23735581
csi300,2021-03-30,0.8725,125.6877,2.25687666
csi300,2021-03-31,-0.7273,124.0461,2.2404614
csi300,2021-04-01,1.2277,126.7968,2.26796806
csi300,2021-04-02,0.9585,128.9707,2.28970719
csi300,2021-04-06,-0.5425,127.7285,2.27728483
csi300,2021-04-07,-0.6819,126.1757,2.26175688
csi300,2021-04-08,0.2158,126.6637,2.26663709
csi300,2021-04-09,-1.3897,123.5138,2.23513753
csi300,2021-04-12,-1.6673,119.787,2.19787045
csi300,2021-04-13,-0.1413,119.4765,2.19476486
csi300,2021-04-14,0.566,120.7187,2.20718722
csi300,2021-04-15,-0.5628,119.4765,2.19476486
csi300,2021-04-16,0.3234,120.1863,2.20186335
csi300,2021-04-19,2.5388,125.7764,2.25776398
csi300,2021-04-20,-0.1572,125.4215,2.25421473
csi300,2021-04-21,0.2362,125.9539,2.2595386
csi300,2021-04-22,-0.0785,125.7764,2.25776398
csi300,2021-04-23,1.0022,128.039,2.28039042
csi300,2021-04-26,-1.2451,125.1996,2.25199645
csi300,2021-04-27,0.2561,125.7764,2.25776398
csi300,2021-04-28,0.7467,127.4623,2.27462289
csi300,2021-04-29,0.8972,129.5031,2.29503106
csi300,2021-04-30,-0.8699,127.5067,2.27506655
csi300,2021-05-06,-1.3066,124.5342,2.24534161
csi300,2021-05-07,-1.2053,121.8279,2.21827862
csi300,2021-05-10,-0.02,121.7835,2.21783496
csi300,2021-05-11,0.5201,122.937,2.22937001
csi300,2021-05-12,0.6169,124.3123,2.24312334
csi300,2021-05-13,-1.0878,121.8722,2.21872227
csi300,2021-05-14,2.5195,127.4623,2.27462289
csi300,2021-05-17,1.1898,130.1686,2.30168589
csi300,2021-05-18,0.0386,130.2573,2.3025732
csi300,2021-05-19,-0.2697,129.6362,2.29636202
csi300,2021-05-20,0.2705,130.2573,2.3025732
csi300,2021-05-21,-1.0597,127.8172,2.27817214
csi300,2021-05-24,0.5453,129.0594,2.2905945
csi300,2021-05-25,3.1764,136.3354,2.36335404
csi300,2021-05-26,0.0188,136.3798,2.36379769
csi300,2021-05-27,0.3566,137.2227,2.37222715
csi300,2021-05-28,-0.2805,136.5572,2.36557232
csi300,2021-05-31,0.1125,136.8234,2.36823425
csi300,2021-06-01,0.1499,137.1783,2.3717835
csi300,2021-06-02,-0.8043,135.2706,2.3527063
csi300,2021-06-03,-0.7731,133.4516,2.33451642
csi300,2021-06-04,0.6271,134.9157,2.34915705
csi300,2021-06-07,-0.1133,134.6495,2.34649512
csi300,2021-06-08,-0.7941,132.7862,2.32786158
csi300,2021-06-09,0.1525,133.1411,2.33141083
csi300,2021-06-10,0.647,134.6495,2.34649512
csi300,2021-06-11,-0.9265,132.4756,2.32475599
csi300,2021-06-15,-1.126,129.858,2.2985803
csi300,2021-06-16,-1.3704,126.7081,2.26708075
csi300,2021-06-17,0.2153,127.1961,2.27196096
csi300,2021-06-18,0.0976,127.4179,2.27417924
csi300,2021-06-21,-0.1366,127.1074,2.27107365
csi300,2021-06-22,0.5079,128.2609,2.2826087
csi300,2021-06-23,0.6025,129.6362,2.29636202
csi300,2021-06-24,0.2512,130.213,2.30212955
csi300,2021-06-25,1.561,133.8066,2.33806566
csi300,2021-06-28,0.1708,134.2059,2.34205856
csi300,2021-06-29,-1.0229,131.8101,2.31810115
csi300,2021-06-30,0.5933,133.1854,2.33185448
csi300,2021-07-01,-0.0381,133.0967,2.33096717
csi300,2021-07-02,-2.6837,126.8412,2.26841171
csi300,2021-07-05,0.1369,127.1517,2.2715173
csi300,2021-07-06,0.1367,127.4623,2.27462289
csi300,2021-07-07,1.0337,129.8137,2.29813665
csi300,2021-07-08,-0.8494,127.8616,2.27861579
csi300,2021-07-09,-0.4673,126.7968,2.26796806
csi300,2021-07-12,1.3302,129.8137,2.29813665
csi300,2021-07-13,0.3089,130.5235,2.30523514
csi300,2021-07-14,-1.097,127.9947,2.27994676
csi300,2021-07-15,1.3232,131.0115,2.31011535
csi300,2021-07-16,-0.9795,128.7489,2.28748891
csi300,2021-07-19,0.4267,129.7249,2.29724933
csi300,2021-07-20,-0.2511,129.1482,2.29148181
csi300,2021-07-21,0.7551,130.8784,2.30878438
csi300,2021-07-22,0.0961,131.1003,2.31100266
csi300,2021-07-23,-0.9983,128.7933,2.28793256
csi300,2021-07-26,-3.3934,121.0293,2.21029281
csi300,2021-07-27,-3.4725,113.354,2.13354037
csi300,2021-07-28,0.2079,113.7977,2.13797693
csi300,2021-07-29,1.8054,117.6575,2.17657498
csi300,2021-07-30,-0.693,116.1491,2.16149068
csi300,2021-08-02,2.4836,121.5173,2.21517303
csi300,2021-08-03,0.0401,121.606,2.21606034
csi300,2021-08-04,0.8809,123.5581,2.23558119
csi300,2021-08-05,-0.5954,122.2272,2.22227152
csi300,2021-08-06,-0.3194,121.5173,2.21517303
csi300,2021-08-09,1.1015,123.9574,2.23957409
csi300,2021-08-10,1.1292,126.4862,2.26486247
csi300,2021-08-11,-0.5289,125.2884,2.25288376
csi300,2021-08-12,-0.6302,123.8687,2.23868678
csi300,2021-08-13,-0.5351,122.6708,2.22670807
csi300,2021-08-16,-0.0598,122.5377,2.22537711
csi300,2021-08-17,-2.2329,117.5688,2.17568767
csi300,2021-08-18,1.0808,119.9201,2.19920142
csi300,2021-08-19,-0.6859,118.4117,2.18411713
csi300,2021-08-20,-1.8282,114.4188,2.14418811
csi300,2021-08-23,1.4898,117.6131,2.17613132
csi300,2021-08-24,1.0601,119.9201,2.19920142
csi300,2021-08-25,0.2824,120.5413,2.2054126
csi300,2021-08-26,-1.7099,116.7702,2.16770186
csi300,2021-08-27,0.2661,117.3469,2.17346939
csi300,2021-08-30,-0.3674,116.5484,2.16548358
csi300,2021-08-31,-0.041,116.4596,2.16459627
csi300,2021-09-01,1.4347,119.5652,2.19565217
csi300,2021-09-02,-0.0808,119.3878,2.19387755
csi300,2021-09-03,-0.546,118.1899,2.18189885
csi300,2021-09-06,1.708,121.9166,2.21916593
csi300,2021-09-07,1.2595,124.7116,2.24711624
csi300,2021-09-08,-0.4146,123.7799,2.23779947
csi300,2021-09-09,-0.0397,123.6912,2.23691216
csi300,2021-09-10,0.9718,125.8651,2.25865129
csi300,2021-09-13,-0.5303,124.6673,2.24667258
csi300,2021-09-14,-1.3033,121.7391,2.2173913
csi300,2021-09-15,-1.0604,119.3878,2.19387755
csi300,2021-09-16,-1.1325,116.9033,2.16903283
csi300,2021-09-17,0.7977,118.6335,2.1863354
csi300,2021-09-22,-0.6696,117.1695,2.17169476
csi300,2021-09-23,0.5924,118.4561,2.18456078
csi300,2021-09-24,0.1422,118.7666,2.18766637
csi300,2021-09-27,0.649,120.1863,2.20186335
csi300,2021-09-28,-0.1813,119.787,2.19787045
csi300,2021-09-29,-0.6661,118.323,2.18322981
csi300,2021-09-30,0.2845,118.9441,2.18944099
csi300,2021-10-08,1.4387,122.0941,2.22094055
csi300,2021-10-11,-0.02,122.0497,2.22049689
csi300,2021-10-12,-1.039,119.7427,2.1974268
csi300,2021-10-13,1.1306,122.2272,2.22227152
csi300,2021-10-14,-0.539,121.0293,2.21029281
csi300,2021-10-15,0.4817,122.0941,2.22094055
csi300,2021-10-18,-1.1586,119.5209,2.19520852
csi300,2021-10-19,0.9499,121.606,2.21606034
csi300,2021-10-20,-0.2803,120.9849,2.20984916
csi300,2021-10-21,0.4417,121.961,2.21960958
csi300,2021-10-22,0.6596,123.425,2.23425022
csi300,2021-10-25,0.3376,124.1792,2.24179237
csi300,2021-10-26,-0.3364,123.425,2.23425022
csi300,2021-10-27,-1.3106,120.4969,2.20496894
csi300,2021-10-28,-0.4225,119.5652,2.19565217
csi300,2021-10-29,0.6466,120.9849,2.20984916
csi300,2021-11-01,-0.3212,120.2751,2.20275067
csi300,2021-11-02,-1.0473,117.9681,2.17968057
csi300,2021-11-03,-0.4071,117.0807,2.17080745
csi300,2021-11-04,0.9606,119.1659,2.19165927
csi300,2021-11-05,-0.3441,118.4117,2.18411713
csi300,2021-11-08,-0.0813,118.2342,2.1823425
csi300,2021-11-09,-0.0407,118.1455,2.18145519
csi300,2021-11-10,-0.5084,117.0364,2.1703638
csi300,2021-11-11,1.6353,120.5856,2.20585626
csi300,2021-11-12,-0.0402,120.4969,2.20496894
csi300,2021-11-15,-0.1207,120.2307,2.20230701
csi300,2021-11-16,-0.0806,120.0532,2.20053239
csi300,2021-11-17,-0.0202,120.0089,2.20008873
csi300,2021-11-18,-0.8873,118.0568,2.18056788
csi300,2021-11-19,1.119,120.4969,2.20496894
csi300,2021-11-22,0.2616,121.0736,2.21073647
csi300,2021-11-23,0.0602,121.2067,2.21206744
csi300,2021-11-24,0.2206,121.6948,2.21694765
csi300,2021-11-25,-0.3802,120.8518,2.20851819
csi300,2021-11-26,-0.8437,118.9885,2.18988465
csi300,2021-11-29,-0.1418,118.6779,2.18677906
csi300,2021-11-30,-0.3652,117.8793,2.17879326
csi300,2021-12-01,0.2647,118.4561,2.18456078
csi300,2021-12-02,0.2031,118.8997,2.18899734
csi300,2021-12-03,0.912,120.8962,2.20896185
csi300,2021-12-06,-0.1004,120.6744,2.20674357
csi300,2021-12-07,0.5629,121.9166,2.21916593
csi300,2021-12-08,1.4394,125.1109,2.25110914
csi300,2021-12-09,1.6555,128.8376,2.28837622
csi300,2021-12-10,-0.2908,128.1721,2.28172138
csi300,2021-12-13,0.2528,128.7489,2.28748891
csi300,2021-12-14,-0.6012,127.3736,2.27373558
csi300,2021-12-15,-0.8976,125.3327,2.25332742
csi300,2021-12-16,0.5316,126.5306,2.26530612
csi300,2021-12-17,-1.4297,123.2919,2.23291925
csi300,2021-12-20,-1.4902,119.9645,2.19964508
csi300,2021-12-21,0.4236,120.8962,2.20896185
csi300,2021-12-22,0.0603,121.0293,2.21029281
csi300,2021-12-23,0.7627,122.7152,2.22715173
csi300,2021-12-24,-0.4582,121.6948,2.21694765
csi300,2021-12-27,0.08,121.8722,2.21872227
csi300,2021-12-28,0.5199,123.0257,2.23025732
csi300,2021-12-29,-1.3328,120.0532,2.20053239
csi300,2021-12-30,0.7258,121.6504,2.21650399
csi300,2021-12-31,0.2402,122.1828,2.22182786
csi300,2022-01-04,-0.3594,121.3842,2.21384206
csi300,2022-01-05,-0.9419,119.299,2.19299024
csi300,2022-01-06,-1.1329,116.8146,2.16814552
csi300,2022-01-07,0.2455,117.3469,2.17346939
csi300,2022-01-10,0.2654,117.9237,2.17923691
csi300,2022-01-11,-0.9161,115.9272,2.1592724
csi300,2022-01-12,1.0684,118.2342,2.1823425
csi300,2022-01-13,-1.6467,114.6406,2.14640639
csi300,2022-01-14,-0.9095,112.6886,2.12688554
csi300,2022-01-17,0.8552,114.5075,2.14507542
csi300,2022-01-18,0.9514,116.5484,2.16548358
csi300,2022-01-19,-2.0692,112.0674,2.12067436
csi300,2022-01-20,0.795,113.7533,2.13753327
csi300,2022-01-21,-0.7057,112.2449,2.12244898
csi300,2022-01-24,0.0418,112.3336,2.12333629
csi300,2022-01-25,-2.2148,107.6309,2.07630878
csi300,2022-01-26,0.5556,108.7844,2.08784383
csi300,2022-01-27,-1.7212,105.1908,2.05190772
csi300,2022-01-28,-1.5351,102.0408,2.02040816
csi300,2022-02-07,1.581,105.2351,2.05235138
csi300,2022-02-08,-0.4756,104.2591,2.04259095
csi300,2022-02-09,0.8471,105.9894,2.05989352
csi300,2022-02-10,-0.2369,105.5013,2.05501331
csi300,2022-02-11,-0.7772,103.9042,2.0390417
csi300,2022-02-14,-1.0661,101.7303,2.01730257
csi300,2022-02-15,0.9237,103.5936,2.03593611
csi300,2022-02-16,0.4576,104.5253,2.04525288
csi300,2022-02-17,0.2169,104.9689,2.04968944
csi300,2022-02-18,0.5195,106.0337,2.06033718
csi300,2022-02-21,-0.3661,105.2795,2.05279503
csi300,2022-02-22,-1.2967,102.6176,2.02617569
csi300,2022-02-23,1.051,104.7471,2.04747116
csi300,2022-02-24,-1.8418,100.976,2.00976043
csi300,2022-02-25,0.7726,102.5288,2.02528838
csi300,2022-02-28,0.1314,102.795,2.02795031
csi300,2022-03-01,0.8313,104.4809,2.04480923
csi300,2022-03-02,-0.7594,102.9281,2.02928128
csi300,2022-03-03,-0.634,101.6415,2.01641526
csi300,2022-03-04,-1.1221,99.3789,1.99378882
csi300,2022-03-07,-3.2933,92.8128,1.92812777
csi300,2022-03-08,-1.8868,89.1748,1.891748
csi300,2022-03-09,-0.9381,87.4002,1.87400177
csi300,2022-03-10,1.4205,90.0621,1.90062112
csi300,2022-03-11,0.6536,91.3043,1.91304348
csi300,2022-03-14,-3.2468,85.0932,1.85093168
csi300,2022-03-15,-4.7699,76.2644,1.76264419
csi300,2022-03-16,4.3544,83.9397,1.83939663
csi300,2022-03-17,2.026,87.6664,1.87666371
csi300,2022-03-18,0.6619,88.9086,1.88908607
csi300,2022-03-21,-0.1409,88.6424,1.88642413
csi300,2022-03-22,-0.0941,88.465,1.88464951
csi300,2022-03-23,0.5885,89.5741,1.89574091
csi300,2022-03-24,-0.6319,88.3762,1.8837622
csi300,2022-03-25,-1.8135,84.9601,1.84960071
csi300,2022-03-28,-0.5997,83.8509,1.83850932
csi300,2022-03-29,-0.4344,83.0524,1.83052351
csi300,2022-03-30,2.9811,88.5093,1.88509317
csi300,2022-03-31,-0.7296,87.134,1.87133984
csi300,2022-04-01,1.2091,89.3966,1.89396628
csi300,2022-04-06,-0.2811,88.8642,1.88864241
csi300,2022-04-07,-1.2215,86.5572,1.86557232
csi300,2022-04-08,0.6659,87.7995,1.87799468
csi300,2022-04-11,-3.1184,81.9432,1.81943212
csi300,2022-04-12,1.7069,85.0488,1.85048802
csi300,2022-04-13,-0.7672,83.6291,1.83629104
csi300,2022-04-14,1.0631,85.5812,1.85581189
csi300,2022-04-15,-0.0478,85.4925,1.85492458
csi300,2022-04-18,-0.4784,84.6051,1.84605146
csi300,2022-04-19,-0.6489,83.4073,1.83407276
csi300,2022-04-20,-1.6933,80.3017,1.80301686
csi300,2022-04-21,-1.6732,77.2848,1.77284827
csi300,2022-04-22,0.2503,77.7285,1.77728483
csi300,2022-04-25,-4.8178,69.1659,1.69165927
csi300,2022-04-26,-0.7868,67.835,1.6783496
csi300,2022-04-27,2.802,72.5377,1.72537711
csi300,2022-04-28,0.6686,73.6912,1.73691216
csi300,2022-04-29,2.5543,78.1278,1.78127773
csi300,2022-05-05,-0.3736,77.4623,1.77462289
csi300,2022-05-06,-2.425,73.1588,1.73158829
csi300,2022-05-09,-0.8199,71.7391,1.7173913
csi300,2022-05-10,1.1625,73.7356,1.73735581
csi300,2022-05-11,1.4045,76.1757,1.76175688
csi300,2022-05-12,-0.5037,75.2884,1.75288376
csi300,2022-05-13,0.7846,76.6637,1.76663709
csi300,2022-05-16,-0.7785,75.2884,1.75288376
csi300,2022-05-17,1.2402,77.4623,1.77462289
csi300,2022-05-18,-0.35,76.8412,1.76841171
csi300,2022-05-19,0.2258,77.2405,1.77240461
csi300,2022-05-20,2.1026,80.9672,1.80967169
csi300,2022-05-23,-0.7845,79.5475,1.79547471
csi300,2022-05-24,-2.0262,75.9095,1.75909494
csi300,2022-05-25,0.4288,76.6637,1.76663709
csi300,2022-05-26,0.2511,77.1074,1.77107365
csi300,2022-05-27,0.2505,77.551,1.7755102
csi300,2022-05-30,0.5747,78.5714,1.78571429
csi300,2022-05-31,1.5901,81.4108,1.81410825
csi300,2022-06-01,-0.1467,81.1446,1.81144632
csi300,2022-06-02,0.2694,81.6327,1.81632653
csi300,2022-06-06,2.0029,85.2706,1.8527063
csi300,2022-06-07,0.1437,85.5368,1.85536823
csi300,2022-06-08,1.0043,87.4002,1.87400177
csi300,2022-06-09,-0.8049,85.8917,1.85891748
csi300,2022-06-10,1.3842,88.465,1.88464951
csi300,2022-06-13,-1.2241,86.1579,1.86157941
csi300,2022-06-14,0.9533,87.9326,1.87932564
csi300,2022-06-15,1.1568,90.1065,1.90106477
csi300,2022-06-16,-0.6301,88.9086,1.88908607
csi300,2022-06-17,1.4796,91.7036,1.91703638
csi300,2022-06-20,0.486,92.6353,1.92635315
csi300,2022-06-21,-0.0461,92.5466,1.92546584
csi300,2022-06-22,-1.1521,90.3283,1.90328305
csi300,2022-06-23,1.7483,93.6557,1.93655723
csi300,2022-06-24,1.0997,95.7853,1.95785271
csi300,2022-06-27,1.0877,97.9148,1.97914818
csi300,2022-06-28,1.1657,100.2218,2.00221828
csi300,2022-06-29,-1.2187,97.7817,1.97781721
csi300,2022-06-30,1.1216,100.0,2.0
csi300,2022-07-01,-0.3327,99.3345,1.99334516
csi300,2022-07-04,0.6232,100.5768,2.00576752
csi300,2022-07-05,-0.2212,100.1331,2.00133097
csi300,2022-07-06,-1.3079,97.5155,1.97515528
csi300,2022-07-07,0.3594,98.2254,1.98225377
csi300,2022-07-08,-0.0895,98.0479,1.98047915
csi300,2022-07-11,-1.7025,94.6761,1.94676131
csi300,2022-07-12,-0.8204,93.079,1.93078971
csi300,2022-07-13,0.1608,93.3895,1.9338953
csi300,2022-07-14,0.0229,93.4339,1.93433895
csi300,2022-07-15,-1.4908,90.5501,1.90550133
csi300,2022-07-18,1.071,92.5909,1.92590949
csi300,2022-07-19,-0.5068,91.6149,1.91614907
csi300,2022-07-20,0.2778,92.1473,1.92147294
csi300,2022-07-21,-1.039,90.1508,1.90150843
csi300,2022-07-22,0.07,90.2839,1.9028394
csi300,2022-07-25,-0.4197,89.4854,1.89485359
csi300,2022-07-26,0.679,90.772,1.90771961
csi300,2022-07-27,-0.5581,89.7072,1.89707187
csi300,2022-07-28,0.0702,89.8403,1.89840284
csi300,2022-07-29,-1.3788,87.2227,1.87222715
csi300,2022-08-01,0.4265,88.0213,1.88021295
csi300,2022-08-02,-1.6753,84.8713,1.8487134
csi300,2022-08-03,-1.0799,82.8749,1.82874889
csi300,2022-08-04,0.7521,84.2502,1.84250222
csi300,2022-08-05,1.5651,87.134,1.87133984
csi300,2022-08-08,-0.3319,86.5129,1.86512866
csi300,2022-08-09,0.1665,86.8234,1.86823425
csi300,2022-08-10,-1.0686,84.827,1.84826974
csi300,2022-08-11,2.1123,88.7311,1.88731145
csi300,2022-08-12,0.0235,88.7755,1.8877551
csi300,2022-08-15,-0.235,88.3319,1.88331854
csi300,2022-08-16,-0.2356,87.8882,1.87888199
csi300,2022-08-17,0.9681,89.7072,1.89707187
csi300,2022-08-18,-0.8653,88.0657,1.88065661
csi300,2022-08-19,-0.7077,86.7347,1.86734694
csi300,2022-08-22,0.6415,87.9326,1.87932564
csi300,2022-08-23,-0.3305,87.3114,1.87311446
csi300,2022-08-24,-1.8238,83.8953,1.83895297
csi300,2022-08-25,0.8685,85.4925,1.85492458
csi300,2022-08-26,-0.1435,85.2263,1.85226264
csi300,2022-08-29,-0.5988,84.1171,1.84117125
csi300,2022-08-30,-0.2169,83.7178,1.83717835
csi300,2022-08-31,0.0,83.7178,1.83717835
csi300,2022-09-01,-0.8211,82.2094,1.82209406
csi300,2022-09-02,-0.56,81.189,1.81188997
csi300,2022-09-05,-0.049,81.1003,1.81100266
csi300,2022-09-06,0.7104,82.3869,1.82386868
csi300,2022-09-07,0.1946,82.7418,1.82741792
csi300,2022-09-08,-0.437,81.9432,1.81943212
csi300,2022-09-09,1.4143,84.5164,1.84516415
csi300,2022-09-13,0.3366,85.1375,1.85137533
csi300,2022-09-14,-1.1023,83.0967,1.83096717
csi300,2022-09-15,-0.8965,81.4552,1.81455191
csi300,2022-09-16,-2.2005,77.4623,1.77462289
csi300,2022-09-19,-0.275,76.9743,1.76974268
csi300,2022-09-20,0.0501,77.063,1.77062999
csi300,2022-09-21,-0.7517,75.732,1.75732032
csi300,2022-09-22,-0.7321,74.4454,1.7444543
csi300,2022-09-23,-0.2035,74.0905,1.74090506
csi300,2022-09-26,-0.6371,72.9814,1.72981366
csi300,2022-09-27,1.2824,75.1996,1.75199645
csi300,2022-09-28,-1.4181,72.7152,1.72715173
csi300,2022-09-29,0.0257,72.7595,1.72759539
csi300,2022-09-30,-0.6677,71.606,1.71606034
csi300,2022-10-10,-2.0424,68.1012,1.68101154
csi300,2022-10-11,-0.0792,67.9681,1.67968057
csi300,2022-10-12,1.6376,70.7187,1.70718722
csi300,2022-10-13,-0.8576,69.2547,1.69254658
csi300,2022-10-14,2.3067,73.1588,1.73158829
csi300,2022-10-17,-0.0256,73.1145,1.73114463
csi300,2022-10-18,-0.1794,72.8039,1.72803904
csi300,2022-10-19,-1.5148,70.1863,1.70186335
csi300,2022-10-20,-0.3128,69.6539,1.69653949
csi300,2022-10-21,-0.5753,68.6779,1.68677906
csi300,2022-10-24,-2.5776,64.3301,1.6433008
csi300,2022-10-25,-0.432,63.6202,1.63620231
csi300,2022-10-26,0.7592,64.8625,1.64862467
csi300,2022-10-27,-0.6997,63.709,1.63708962
csi300,2022-10-28,-2.3306,59.8935,1.59893523
csi300,2022-10-31,-1.0821,58.1633,1.58163265
csi300,2022-11-01,3.871,64.2857,1.64285714
csi300,2022-11-02,0.9182,65.7941,1.65794144
csi300,2022-11-03,-0.8028,64.4632,1.64463177
csi300,2022-11-04,3.426,70.0976,1.70097604
csi300,2022-11-07,0.0,70.0976,1.70097604
csi300,2022-11-08,-0.5999,69.0772,1.69077196
csi300,2022-11-09,-1.0496,67.3026,1.67302573
csi300,2022-11-10,-0.5569,66.3709,1.66370896
csi300,2022-11-11,2.6133,70.7187,1.70718722
csi300,2022-11-14,0.052,70.8075,1.70807453
csi300,2022-11-15,1.9481,74.1349,1.74134871
csi300,2022-11-16,-0.7389,72.8483,1.7284827
csi300,2022-11-17,-0.4363,72.0941,1.72094055
csi300,2022-11-18,-0.3351,71.5173,1.71517303
csi300,2022-11-21,-0.8536,70.0532,1.70053239
csi300,2022-11-22,-0.0522,69.9645,1.69964508
csi300,2022-11-23,0.0783,70.0976,1.70097604
csi300,2022-11-24,-0.4695,69.299,1.69299024
csi300,2022-11-25,0.5503,70.2307,1.70230701
csi300,2022-11-28,-1.1728,68.2343,1.6823425
csi300,2022-11-29,3.0591,73.3807,1.73380657
csi300,2022-11-30,0.0768,73.5138,1.73513753
csi300,2022-12-01,1.1506,75.5102,1.75510204
csi300,2022-12-02,-0.5814,74.4898,1.74489796
csi300,2022-12-05,1.8052,77.6398,1.77639752
csi300,2022-12-06,0.5744,78.6602,1.7866016
csi300,2022-12-07,-0.298,78.1278,1.78127773
csi300,2022-12-08,0.2242,78.5271,1.78527063
csi300,2022-12-09,0.8449,80.0355,1.80035492
csi300,2022-12-12,-1.035,78.1721,1.78172138
csi300,2022-12-13,-0.2739,77.6841,1.77684117
csi300,2022-12-14,0.2497,78.1278,1.78127773
csi300,2022-12-15,-0.0498,78.039,1.78039042
csi300,2022-12-16,0.0997,78.2165,1.78216504
csi300,2022-12-19,-1.4439,75.6433,1.75643301
csi300,2022-12-20,-1.5913,72.8483,1.7284827
csi300,2022-12-21,-0.077,72.7152,1.72715173
csi300,2022-12-22,0.2055,73.0701,1.73070098
csi300,2022-12-23,-0.2563,72.6264,1.72626442
csi300,2022-12-26,0.2313,73.0257,1.73025732
csi300,2022-12-27,1.2051,75.1109,1.75110914
csi300,2022-12-28,-0.3294,74.5342,1.74534161
csi300,2022-12-29,-0.305,74.0018,1.74001775
csi300,2022-12-30,0.408,74.7116,1.74711624
csi300,2023-01-03,0.2793,75.1996,1.75199645
csi300,2023-01-04,0.1266,75.4215,1.75421473
csi300,2023-01-05,1.8968,78.7489,1.78748891
csi300,2023-01-06,0.3971,79.4587,1.7945874
csi300,2023-01-09,0.618,80.5679,1.80567879
csi300,2023-01-10,0.1474,80.8341,1.80834073
csi300,2023-01-11,0.0,80.8341,1.80834073
csi300,2023-01-12,0.1472,81.1003,1.81100266
csi300,2023-01-13,1.5189,83.8509,1.83850932
csi300,2023-01-16,-0.0241,83.8066,1.83806566
csi300,2023-01-17,-0.0965,83.6291,1.83629104
csi300,2023-01-18,-0.2174,83.2298,1.83229814
csi300,2023-01-19,0.678,84.472,1.8447205
csi300,2023-01-20,0.5532,85.4925,1.85492458
csi300,2023-01-30,0.574,86.5572,1.86557232
csi300,2023-01-31,-1.0939,84.5164,1.84516415
csi300,2023-02-01,0.7454,85.8917,1.85891748
csi300,2023-02-02,-0.2387,85.4481,1.85448092
csi300,2023-02-03,-1.0287,83.5404,1.83540373
csi300,2023-02-06,-1.3778,81.0115,1.81011535
csi300,2023-02-07,0.2451,81.4552,1.81455191
csi300,2023-02-08,-0.4156,80.701,1.80700976
csi300,2023-02-09,1.3258,83.0967,1.83096717
csi300,2023-02-10,-0.5815,82.0319,1.82031943
csi300,2023-02-13,0.7799,83.4516,1.83451642
csi300,2023-02-14,0.2177,83.8509,1.83850932
csi300,2023-02-15,-0.6757,82.6087,1.82608696
csi300,2023-02-16,-0.7046,81.3221,1.81322094
csi300,2023-02-17,-1.4191,78.7489,1.78748891
csi300,2023-02-20,2.6061,83.4073,1.83407276
csi300,2023-02-21,0.1209,83.6291,1.83629104
csi300,2023-02-22,-0.9664,81.8545,1.81854481
csi300,2023-02-23,0.0,81.8545,1.81854481
csi300,2023-02-24,-0.9515,80.1242,1.80124224
csi300,2023-02-27,-0.3695,79.4587,1.7945874
csi300,2023-02-28,0.6428,80.6122,1.80612245
csi300,2023-03-01,1.2036,82.7862,1.82786158
csi300,2023-03-02,-0.1214,82.5643,1.8256433
csi300,2023-03-03,0.2187,82.9636,1.8296362
csi300,2023-03-06,-0.6062,81.8545,1.81854481
csi300,2023-03-07,-1.3906,79.3256,1.79325643
csi300,2023-03-08,-0.3958,78.6158,1.78615794
csi300,2023-03-09,-0.2484,78.1721,1.78172138
csi300,2023-03-10,-1.3695,75.732,1.75732032
csi300,2023-03-13,1.1108,77.6841,1.77684117
csi300,2023-03-14,-0.6242,76.575,1.76574978
csi300,2023-03-15,-0.0251,76.5306,1.76530612
csi300,2023-03-16,-1.1561,74.4898,1.74489796
csi300,2023-03-17,0.5339,75.4215,1.75421473
csi300,2023-03-20,-0.5564,74.4454,1.7444543
csi300,2023-03-21,1.0936,76.3531,1.7635315
csi300,2023-03-22,0.4528,77.1517,1.7715173
csi300,2023-03-23,0.9517,78.8376,1.78837622
csi300,2023-03-24,-0.124,78.6158,1.78615794
csi300,2023-03-27,-0.5216,77.6841,1.77684117
csi300,2023-03-28,-0.1998,77.3292,1.77329193
csi300,2023-03-29,0.0,77.3292,1.77329193
csi300,2023-03-30,1.0758,79.2369,1.79236912
csi300,2023-03-31,0.2475,79.6806,1.79680568
csi300,2023-04-03,0.7407,81.0115,1.81011535
csi300,2023-04-04,0.4902,81.8988,1.81898846
csi300,2023-04-06,-0.2927,81.3665,1.8136646
csi300,2023-04-07,0.7094,82.6531,1.82653061
csi300,2023-04-10,-0.3643,81.9876,1.81987578
csi300,2023-04-11,-0.2438,81.5439,1.81543922
csi300,2023-04-12,-0.0978,81.3665,1.8136646
csi300,2023-04-13,-0.6115,80.2573,1.8025732
csi300,2023-04-14,0.5169,81.189,1.81188997
csi300,2023-04-17,1.4936,83.8953,1.83895297
csi300,2023-04-18,0.1689,84.2059,1.84205856
csi300,2023-04-19,-0.7948,82.7418,1.82741792
csi300,2023-04-20,-0.3884,82.0319,1.82031943
csi300,2023-04-21,-1.7792,78.7933,1.78793256
csi300,2023-04-24,-1.2655,76.5306,1.76530612
csi300,2023-04-25,-0.4775,75.6877,1.75687666
csi300,2023-04-26,-0.2273,75.2884,1.75288376
csi300,2023-04-27,0.8859,76.8412,1.76841171
csi300,2023-04-28,0.9784,78.5714,1.78571429
csi300,2023-05-04,0.0,78.5714,1.78571429
csi300,2023-05-05,-0.3975,77.8616,1.77861579
csi300,2023-05-08,1.1225,79.858,1.7985803
csi300,2023-05-09,-0.8633,78.3052,1.78305235
csi300,2023-05-10,-0.7713,76.9299,1.76929902
csi300,2023-05-11,-0.1254,76.7081,1.76708075
csi300,2023-05-12,-1.2804,74.4454,1.7444543
csi300,2023-05-15,1.6022,77.2405,1.77240461
csi300,2023-05-16,-0.4255,76.4862,1.76486247
csi300,2023-05-17,-0.6787,75.2884,1.75288376
csi300,2023-05-18,-0.0253,75.244,1.75244011
csi300,2023-05-19,-0.1519,74.9778,1.74977817
csi300,2023-05-22,0.5071,75.8651,1.75865129
csi300,2023-05-23,-1.4379,73.3363,1.73336291
csi300,2023-05-24,-1.3565,70.9849,1.70984916
csi300,2023-05-25,-0.2335,70.5856,1.70585626
csi300,2023-05-26,0.13,70.8075,1.70807453
csi300,2023-05-29,-0.4156,70.0976,1.70097604
csi300,2023-05-30,0.1043,70.2751,1.70275067
csi300,2023-05-31,-0.938,68.6779,1.68677906
csi300,2023-06-01,0.2104,69.0328,1.69032831
csi300,2023-06-02,1.3911,71.3842,1.71384206
csi300,2023-06-05,-0.466,70.5856,1.70585626
csi300,2023-06-06,-0.9623,68.9441,1.68944099
csi300,2023-06-07,-0.3151,68.4117,1.68411713
csi300,2023-06-08,0.843,69.8314,1.69831411
csi300,2023-06-09,0.418,70.5413,1.7054126
csi300,2023-06-12,0.1041,70.7187,1.70718722
csi300,2023-06-13,0.7536,72.0053,1.72005324
csi300,2023-06-14,0.0,72.0053,1.72005324
csi300,2023-06-15,1.6766,74.8891,1.74889086
csi300,2023-06-16,0.9386,76.5306,1.76530612
csi300,2023-06-19,-0.754,75.1996,1.75199645
csi300,2023-06-20,-0.1773,74.8891,1.74889086
csi300,2023-06-21,-1.3952,72.449,1.7244898
csi300,2023-06-26,-1.132,70.4969,1.70496894
csi300,2023-06-27,0.6766,71.6504,1.71650399
csi300,2023-06-28,0.2068,72.0053,1.72005324
csi300,2023-06-29,-0.4643,71.2067,1.71206744
csi300,2023-06-30,0.596,72.2272,1.72227152
csi300,2023-07-03,1.1592,74.2236,1.74223602
csi300,2023-07-04,0.1783,74.5342,1.74534161
csi300,2023-07-05,-0.6863,73.3363,1.73336291
csi300,2023-07-06,-0.7167,72.0941,1.72094055
csi300,2023-07-07,-0.2836,71.606,1.71606034
csi300,2023-07-10,0.4137,72.3159,1.72315883
csi300,2023-07-11,0.6694,73.4694,1.73469388
csi300,2023-07-12,-0.4859,72.6264,1.72626442
csi300,2023-07-13,1.6191,75.4215,1.75421473
csi300,2023-07-14,-0.0506,75.3327,1.75332742
csi300,2023-07-17,-0.7085,74.0905,1.74090506
csi300,2023-07-18,-0.1529,73.8243,1.73824312
csi300,2023-07-19,-0.051,73.7356,1.73735581
csi300,2023-07-20,-0.715,72.4933,1.72493345
csi300,2023-07-21,0.0514,72.5821,1.72582076
csi300,2023-07-24,-0.437,71.8279,1.71827862
csi300,2023-07-25,2.8918,76.7968,1.76796806
csi300,2023-07-26,-0.2258,76.3975,1.76397516
csi300,2023-07-27,-0.1006,76.2201,1.76220053
csi300,2023-07-28,2.4169,80.4791,1.80479148
csi300,2023-07-31,0.3933,81.189,1.81188997
csi300,2023-08-01,-0.4407,80.3904,1.80390417
csi300,2023-08-02,-0.7132,79.1038,1.79103815
csi300,2023-08-03,0.8918,80.701,1.80700976
csi300,2023-08-04,0.5156,81.6327,1.81632653
csi300,2023-08-07,-0.7572,80.2573,1.8025732
csi300,2023-08-08,-0.3692,79.5918,1.79591837
csi300,2023-08-09,-0.1976,79.2369,1.79236912
csi300,2023-08-10,0.1238,79.4587,1.7945874
csi300,2023-08-11,-2.3486,75.244,1.75244011
csi300,2023-08-14,-0.6835,74.0461,1.7404614
csi300,2023-08-15,-0.102,73.8687,1.73868678
csi300,2023-08-16,-0.7655,72.5377,1.72537711
csi300,2023-08-17,0.3343,73.1145,1.73114463
csi300,2023-08-18,-1.2814,70.8962,1.70896185
csi300,2023-08-21,-1.3499,68.5892,1.68589175
csi300,2023-08-22,0.6053,69.6096,1.69609583
csi300,2023-08-23,-1.4387,67.1695,1.67169476
csi300,2023-08-24,0.6104,68.1899,1.68189885
csi300,2023-08-25,-0.1846,67.8793,1.67879326
csi300,2023-08-28,1.4006,70.2307,1.70230701
csi300,2023-08-29,0.5734,71.2067,1.71206744
csi300,2023-08-30,-0.0259,71.1624,1.71162378
csi300,2023-08-31,-0.4925,70.3194,1.70319432
csi300,2023-09-01,0.5991,71.3398,1.7133984
csi300,2023-09-04,1.5018,73.913,1.73913043
csi300,2023-09-05,-0.6888,72.7152,1.72715173
csi300,2023-09-06,-0.2569,72.2715,1.72271517
csi300,2023-09-07,-1.3649,69.9201,1.69920142
csi300,2023-09-08,-0.5483,68.9885,1.68988465
csi300,2023-09-11,0.7351,70.2307,1.70230701
csi300,2023-09-12,-0.1303,70.0089,1.70008873
csi300,2023-09-13,-0.6524,68.8997,1.68899734
csi300,2023-09-14,-0.0788,68.7666,1.68766637
csi300,2023-09-15,-0.4469,68.0124,1.68012422
csi300,2023-09-18,0.3433,68.5892,1.68589175
csi300,2023-09-19,-0.1316,68.3673,1.68367347
csi300,2023-09-20,-0.4743,67.5688,1.67568767
csi300,2023-09-21,-0.9267,66.016,1.66015972
csi300,2023-09-22,2.0043,69.3434,1.6934339
csi300,2023-09-25,-0.7336,68.1012,1.68101154
csi300,2023-09-26,-0.5542,67.1695,1.67169476
csi300,2023-09-27,0.2654,67.6131,1.67613132
csi300,2023-09-28,-0.3706,66.992,1.66992014
csi300,2023-10-09,-0.2657,66.5484,1.66548358
csi300,2023-10-10,-0.7192,65.3505,1.65350488
csi300,2023-10-11,0.2146,65.7054,1.65705413
csi300,2023-10-12,0.9639,67.3026,1.67302573
csi300,2023-10-13,-0.9281,65.7498,1.65749778
csi300,2023-10-16,-1.151,63.8421,1.63842059
csi300,2023-10-17,0.3249,64.3744,1.64374445
csi300,2023-10-18,-0.7557,63.1322,1.63132209
csi300,2023-10-19,-2.0941,59.7161,1.5971606
csi300,2023-10-20,-0.5,58.9175,1.5891748
csi300,2023-10-23,-1.0609,57.2316,1.57231588
csi300,2023-10-24,0.1411,57.4534,1.57453416
csi300,2023-10-25,0.5635,58.3407,1.58340728
csi300,2023-10-26,0.3642,58.9175,1.5891748
csi300,2023-10-27,1.5075,61.3132,1.61313221
csi300,2023-10-30,0.44,62.0231,1.6202307
csi300,2023-10-31,-0.2191,61.6681,1.61668146
csi300,2023-11-01,-0.0549,61.5794,1.61579414
csi300,2023-11-02,-0.4668,60.8252,1.608252
csi300,2023-11-03,0.7724,62.0674,1.62067436
csi300,2023-11-06,1.314,64.197,1.64196983
csi300,2023-11-07,-0.2972,63.709,1.63708962
csi300,2023-11-08,-0.2981,63.2209,1.63220941
csi300,2023-11-09,0.0815,63.354,1.63354037
csi300,2023-11-10,-0.7333,62.1562,1.62156167
csi300,2023-11-13,-0.1368,61.9343,1.61934339
csi300,2023-11-14,0.0,61.9343,1.61934339
csi300,2023-11-15,0.6849,63.0435,1.63043478
csi300,2023-11-16,-0.9796,61.4463,1.61446318
csi300,2023-11-17,-0.1374,61.2245,1.6122449
csi300,2023-11-20,0.3027,61.7125,1.61712511
csi300,2023-11-21,0.1372,61.9343,1.61934339
csi300,2023-11-22,-1.0685,60.2041,1.60204082
csi300,2023-11-23,0.5262,61.047,1.61047028
csi300,2023-11-24,-0.6887,59.9379,1.59937888
csi300,2023-11-27,-0.6657,58.8731,1.58873114
csi300,2023-11-28,0.1117,59.0506,1.59050577
csi300,2023-11-29,-0.7531,57.8527,1.57852706
csi300,2023-11-30,0.1124,58.0302,1.58030169
csi300,2023-12-01,-0.393,57.4091,1.57409051
csi300,2023-12-04,-0.6764,56.3443,1.56344277
csi300,2023-12-05,-1.8729,53.4161,1.53416149
csi300,2023-12-06,0.1446,53.638,1.53637977
csi300,2023-12-07,-0.2599,53.2387,1.53238687
csi300,2023-12-08,0.2027,53.5492,1.53549246
csi300,2023-12-11,0.6934,54.614,1.5461402
csi300,2023-12-12,0.2296,54.9689,1.54968944
csi300,2023-12-13,-1.6605,52.3957,1.52395741
csi300,2023-12-14,-0.4658,51.6859,1.51685892
csi300,2023-12-15,-0.2047,51.3753,1.51375333
csi300,2023-12-18,-0.4103,50.7542,1.50754215
csi300,2023-12-19,0.0589,50.8429,1.50842946
csi300,2023-12-20,-0.9118,49.4676,1.49467613
csi300,2023-12-21,0.9202,50.8429,1.50842946
csi300,2023-12-22,0.1765,51.1091,1.51109139
csi300,2023-12-25,0.2642,51.5084,1.51508429
csi300,2023-12-26,-0.5857,50.6211,1.50621118
csi300,2023-12-27,0.2946,51.0648,1.51064774
csi300,2023-12-28,2.467,54.7915,1.54791482
csi300,2023-12-29,0.2866,55.2351,1.55235138
csi300,2024-01-02,-1.3147,53.1943,1.53194321
csi300,2024-01-03,-0.2896,52.7507,1.52750665
csi300,2024-01-04,-0.8713,51.4197,1.51419698
csi300,2024-01-05,-0.4981,50.6655,1.50665484
csi300,2024-01-08,-1.384,48.5803,1.48580302
csi300,2024-01-09,0.2389,48.9352,1.48935226
csi300,2024-01-10,-0.4766,48.2254,1.48225377
csi300,2024-01-11,0.5687,49.0683,1.49068323
csi300,2024-01-12,-0.3274,48.5803,1.48580302
csi300,2024-01-15,-0.1194,48.4028,1.48402839
csi300,2024-01-16,0.6577,49.3789,1.49378882
csi300,2024-01-17,-2.2275,46.0515,1.46051464
csi300,2024-01-18,-0.729,44.9867,1.4498669
csi300,2024-01-19,0.2142,45.2972,1.45297249
csi300,2024-01-22,-2.1069,42.236,1.42236025
csi300,2024-01-23,0.6862,43.2121,1.43212067
csi300,2024-01-24,1.5799,45.4747,1.45474712
csi300,2024-01-25,1.7078,47.9592,1.47959184
csi300,2024-01-26,-0.1799,47.693,1.4769299
csi300,2024-01-29,-0.9012,46.362,1.46362023
csi300,2024-01-30,-1.6975,43.8776,1.43877551
csi300,2024-01-31,-0.6475,42.9459,1.42945874
csi300,2024-02-01,-0.1241,42.7684,1.42768412
csi300,2024-02-02,-0.9323,41.4374,1.41437445
csi300,2024-02-05,0.6274,42.3248,1.42324756
csi300,2024-02-06,3.2107,46.8944,1.4689441
csi300,2024-02-07,0.8759,48.181,1.48181012
csi300,2024-02-08,0.6587,49.1571,1.49157054
csi300,2024-02-19,0.8031,50.3549,1.50354925
csi300,2024-02-20,0.3541,50.8873,1.50887311
csi300,2024-02-21,1.4113,53.0169,1.53016859
csi300,2024-02-22,0.7538,54.1704,1.54170364
csi300,2024-02-23,0.0863,54.3035,1.54303461
csi300,2024-02-26,-1.0063,52.7507,1.52750665
csi300,2024-02-27,1.1908,54.5697,1.54569654
csi300,2024-02-28,-1.0333,52.9725,1.52972493
csi300,2024-02-29,1.5951,55.4126,1.554126
csi300,2024-03-01,0.7708,56.6105,1.5661047
csi300,2024-03-04,-0.085,56.4774,1.56477374
csi300,2024-03-05,0.8222,57.764,1.57763975
csi300,2024-03-06,-0.3937,57.1429,1.57142857
csi300,2024-03-07,-0.5364,56.2999,1.56299911
csi300,2024-03-08,0.2838,56.7436,1.56743567
csi300,2024-03-11,1.3586,58.8731,1.58873114
csi300,2024-03-12,0.1396,59.0949,1.59094942
csi300,2024-03-13,-0.5856,58.1633,1.58163265
csi300,2024-03-14,-0.3647,57.5865,1.57586513
csi300,2024-03-15,0.2534,57.9858,1.57985803
csi300,2024-03-18,0.8705,59.3611,1.59361136
csi300,2024-03-19,-0.6403,58.3407,1.58340728
csi300,2024-03-20,0.0841,58.4738,1.58473824
csi300,2024-03-21,-0.056,58.3851,1.58385093
csi300,2024-03-22,-0.8683,57.0098,1.5700976
csi300,2024-03-25,-0.5369,56.1668,1.56166815
csi300,2024-03-26,0.3125,56.6548,1.56654836
csi300,2024-03-27,-1.0762,54.9689,1.54968944
csi300,2024-03-28,0.4867,55.7232,1.55723159
csi300,2024-03-29,0.4558,56.433,1.56433008
csi300,2024-04-01,1.6449,59.0062,1.59006211
csi300,2024-04-02,-0.3348,58.4738,1.58473824
csi300,2024-04-03,-0.3919,57.8527,1.57852706
csi300,2024-04-08,-0.8151,56.5661,1.56566105
csi300,2024-04-09,-0.17,56.2999,1.56299911
csi300,2024-04-10,-0.738,55.1464,1.55146406
csi300,2024-04-11,-0.0858,55.0133,1.5501331
csi300,2024-04-12,-0.8014,53.7711,1.53771074
csi300,2024-04-15,2.1062,57.0098,1.5700976
csi300,2024-04-16,-0.9042,55.5901,1.55590062
csi300,2024-04-17,1.3117,57.6309,1.57630878
csi300,2024-04-18,0.1689,57.8971,1.57897072
csi300,2024-04-19,-0.7867,56.6548,1.56654836
csi300,2024-04-22,-0.1982,56.3443,1.56344277
csi300,2024-04-23,-0.7094,55.2351,1.55235138
csi300,2024-04-24,0.4001,55.8563,1.55856256
csi300,2024-04-25,0.2847,56.2999,1.56299911
csi300,2024-04-26,1.4192,58.5182,1.5851819
csi300,2024-04-29,1.2035,60.4259,1.60425909
csi300,2024-04-30,-0.4978,59.6273,1.59627329
csi300,2024-05-06,1.3897,61.8456,1.61845608
csi300,2024-05-07,0.0548,61.9343,1.61934339
csi300,2024-05-08,-0.7945,60.6477,1.60647737
csi300,2024-05-09,0.9666,62.2005,1.62200532
csi300,2024-05-10,0.0547,62.2893,1.62289264
csi300,2024-05-13,-0.082,62.1562,1.62156167
csi300,2024-05-14,-0.1642,61.89,1.61889973
csi300,2024-05-15,-0.7125,60.7365,1.60736469
csi300,2024-05-16,0.3312,61.2689,1.61268855
csi300,2024-05-17,1.1279,63.0878,1.63087844
csi300,2024-05-20,0.2176,63.4428,1.63442768
csi300,2024-05-21,-0.3257,62.9104,1.62910382
csi300,2024-05-22,0.2179,63.2653,1.63265306
csi300,2024-05-23,-1.0054,61.6238,1.6162378
csi300,2024-05-24,-1.1254,59.8048,1.59804791
csi300,2024-05-27,0.8329,61.1358,1.61135759
csi300,2024-05-28,-0.6333,60.1153,1.6011535
csi300,2024-05-29,0.0277,60.1597,1.60159716
csi300,2024-05-30,-0.3878,59.5386,1.59538598
csi300,2024-05-31,-0.3893,58.9175,1.5891748
csi300,2024-06-03,0.1396,59.1393,1.59139308
csi300,2024-06-04,0.697,60.2484,1.60248447
csi300,2024-06-05,-0.3599,59.6717,1.59671695
csi300,2024-06-06,0.0,59.6717,1.59671695
csi300,2024-06-07,-0.6391,58.6513,1.58651287
csi300,2024-06-11,-0.6991,57.5421,1.57542147
csi300,2024-06-12,-0.1126,57.3647,1.57364685
csi300,2024-06-13,-0.3665,56.7879,1.56787933
csi300,2024-06-14,0.5659,57.6752,1.57675244
csi300,2024-06-17,-0.2814,57.2316,1.57231588
csi300,2024-06-18,0.3104,57.7196,1.5771961
csi300,2024-06-19,-0.2813,57.276,1.57275954
csi300,2024-06-20,-0.6488,56.2555,1.56255546
csi300,2024-06-21,-0.1704,55.9894,1.55989352
csi300,2024-06-24,-0.4835,55.2351,1.55235138
csi300,2024-06-25,-0.6002,54.3035,1.54303461
csi300,2024-06-26,0.6038,55.2351,1.55235138
csi300,2024-06-27,-0.543,54.3922,1.54392192
csi300,2024-06-28,0.2011,54.7028,1.54702751
csi300,2024-07-01,0.4015,55.3239,1.55323869
csi300,2024-07-02,-0.1428,55.102,1.55102041
csi300,2024-07-03,-0.1716,54.8358,1.54835847
csi300,2024-07-04,-0.4298,54.1704,1.54170364
csi300,2024-07-05,-0.4892,53.4161,1.53416149
csi300,2024-07-08,-0.694,52.3514,1.52351375
csi300,2024-07-09,1.0775,53.9929,1.53992902
csi300,2024-07-10,-0.2305,53.638,1.53637977
csi300,2024-07-11,1.3283,55.6788,1.55678793
csi300,2024-07-12,0.285,56.1224,1.56122449
csi300,2024-07-15,0.1989,56.433,1.56433008
csi300,2024-07-16,0.709,57.5421,1.57542147
csi300,2024-07-17,0.1408,57.764,1.57763975
csi300,2024-07-18,0.5906,58.6957,1.58695652
csi300,2024-07-19,0.643,59.7161,1.5971606
csi300,2024-07-22,-0.8056,58.4295,1.58429459
csi300,2024-07-23,-1.9602,55.3239,1.55323869
csi300,2024-07-24,-0.6284,54.3478,1.54347826
csi300,2024-07-25,-0.5749,53.4605,1.53460515
csi300,2024-07-26,0.4337,54.126,1.54125998
csi300,2024-07-29,-0.5757,53.2387,1.53238687
csi300,2024-07-30,-0.6659,52.2183,1.52218279
csi300,2024-07-31,2.2442,55.6344,1.55634428
csi300,2024-08-01,-0.7127,54.5253,1.54525288
csi300,2024-08-02,-1.0336,52.9281,1.52928128
csi300,2024-08-05,-1.1314,51.1979,1.5119787
csi300,2024-08-06,0.0,51.1979,1.5119787
csi300,2024-08-07,-0.2054,50.8873,1.50887311
csi300,2024-08-08,0.1176,51.0648,1.51064774
csi300,2024-08-09,-0.3524,50.5324,1.50532387
csi300,2024-08-12,-0.1179,50.3549,1.50354925
csi300,2024-08-13,0.1475,50.5768,1.50576752
csi300,2024-08-14,-0.7071,49.512,1.49511979
csi300,2024-08-15,1.1276,51.1979,1.5119787
csi300,2024-08-16,0.0587,51.2866,1.51286602
csi300,2024-08-19,0.2639,51.6859,1.51685892
csi300,2024-08-20,-0.468,50.976,1.50976043
csi300,2024-08-21,-0.4408,50.3106,1.50310559
csi300,2024-08-22,-0.2656,49.9113,1.49911269
csi300,2024-08-23,0.4143,50.5324,1.50532387
csi300,2024-08-26,0.0295,50.5768,1.50576752
csi300,2024-08-27,-0.5009,49.8225,1.49822538
csi300,2024-08-28,-0.5922,48.9352,1.48935226
csi300,2024-08-29,-0.2979,48.4916,1.48491571
csi300,2024-08-30,1.3445,50.488,1.50488021
csi300,2024-09-02,-1.7689,47.8261,1.47826087
csi300,2024-09-03,0.3601,48.3585,1.48358474
csi300,2024-09-04,-0.628,47.4268,1.47426797
csi300,2024-09-05,0.2107,47.7374,1.47737356
csi300,2024-09-06,-0.8408,46.4951,1.4649512
csi300,2024-09-09,-1.2417,44.6761,1.44676131
csi300,2024-09-10,0.0,44.6761,1.44676131
csi300,2024-09-11,-0.2147,44.3656,1.44365572
csi300,2024-09-12,-0.338,43.8776,1.43877551
csi300,2024-09-13,-0.4625,43.2121,1.43212067
csi300,2024-09-18,0.3098,43.6557,1.43655723
csi300,2024-09-19,0.8338,44.8536,1.44853594
csi300,2024-09-20,0.2757,45.2529,1.45252884
csi300,2024-09-23,0.2749,45.6522,1.45652174
csi300,2024-09-24,4.3862,52.0408,1.52040816
csi300,2024-09-25,1.3715,54.126,1.54125998
csi300,2024-09-26,4.7784,61.4907,1.61490683
csi300,2024-09-27,6.2912,71.6504,1.71650399
csi300,2024-09-30,9.4081,87.7995,1.87799468
csi300,2024-10-08,4.2287,95.7409,1.95740905
csi300,2024-10-09,-8.8395,78.4383,1.78438332
csi300,2024-10-10,1.5912,81.2777,1.81277728
csi300,2024-10-11,-2.6676,76.4419,1.76441881
csi300,2024-10-14,1.5841,79.2369,1.79236912
csi300,2024-10-15,-2.698,74.4011,1.74401065
csi300,2024-10-16,-0.636,73.2919,1.73291925
csi300,2024-10-17,-1.1009,71.3842,1.71384206
csi300,2024-10-18,3.9607,78.1721,1.78172138
csi300,2024-10-21,0.0,78.1721,1.78172138
csi300,2024-10-22,0.5976,79.2369,1.79236912
csi300,2024-10-23,0.3713,79.9024,1.79902396
csi300,2024-10-24,-1.0851,77.9503,1.77950311
csi300,2024-10-25,0.723,79.2369,1.79236912
csi300,2024-10-28,0.1485,79.5031,1.79503106
csi300,2024-10-29,-0.8156,78.039,1.78039042
csi300,2024-10-30,-1.0466,76.1757,1.76175688
csi300,2024-10-31,0.0,76.1757,1.76175688
csi300,2024-11-01,0.2015,76.5306,1.76530612
csi300,2024-11-04,1.332,78.882,1.78881988
csi300,2024-11-05,2.6042,83.5404,1.83540373
csi300,2024-11-06,-0.6285,82.3869,1.82386868
csi300,2024-11-07,3.3325,88.465,1.88464951
csi300,2024-11-08,-1.2712,86.0692,1.8606921
csi300,2024-11-11,0.5007,87.0009,1.87000887
csi300,2024-11-12,-1.0913,84.9601,1.84960071
csi300,2024-11-13,0.6237,86.1136,1.86113576
csi300,2024-11-14,-1.6925,82.9636,1.8296362
csi300,2024-11-15,-1.6731,79.9024,1.79902396
csi300,2024-11-18,-0.4192,79.1482,1.79148181
csi300,2024-11-19,0.4953,80.0355,1.80035492
csi300,2024-11-20,0.2464,80.4791,1.80479148
csi300,2024-11-21,0.1229,80.701,1.80700976
csi300,2024-11-22,-2.9462,75.3771,1.75377107
csi300,2024-11-25,-0.5565,74.4011,1.74401065
csi300,2024-11-26,-0.2035,74.0461,1.7404614
csi300,2024-11-27,1.6314,76.8855,1.76885537
csi300,2024-11-28,-0.7274,75.5989,1.75598935
csi300,2024-11-29,1.0864,77.5067,1.77506655
csi300,2024-12-02,0.7498,78.8376,1.78837622
csi300,2024-12-03,0.0992,79.0151,1.79015084
csi300,2024-12-04,-0.5204,78.0834,1.78083407
csi300,2024-12-05,-0.1744,77.7728,1.77772848
csi300,2024-12-06,1.2478,79.9911,1.79991127
csi300,2024-12-09,-0.0739,79.858,1.7985803
csi300,2024-12-10,0.7647,81.2334,1.81233363
csi300,2024-12-11,-0.2448,80.7897,1.80789707
csi300,2024-12-12,1.0307,82.6531,1.82653061
csi300,2024-12-13,-2.3561,78.3496,1.78349601
csi300,2024-12-16,-0.597,77.2848,1.77284827
csi300,2024-12-17,0.2753,77.7728,1.77772848
csi300,2024-12-18,0.4243,78.5271,1.78527063
csi300,2024-12-19,0.1491,78.7933,1.78793256
csi300,2024-12-20,-0.2978,78.2609,1.7826087
csi300,2024-12-23,0.0996,78.4383,1.78438332
csi300,2024-12-24,1.1686,80.5235,1.80523514
csi300,2024-12-25,0.0737,80.6566,1.8065661
csi300,2024-12-26,0.0246,80.701,1.80700976
csi300,2024-12-27,-0.1473,80.4348,1.80434783
csi300,2024-12-30,0.4672,81.2777,1.81277728
csi300,2024-12-31,-1.5663,78.4383,1.78438332
csi300,2025-01-02,-2.8095,73.425,1.73425022
csi300,2025-01-03,-1.0233,71.6504,1.71650399
csi300,2025-01-06,-0.4135,70.9405,1.7094055
csi300,2025-01-07,0.7008,72.1384,1.72138421
csi300,2025-01-08,-0.1546,71.8722,1.71872227
csi300,2025-01-09,-0.2065,71.5173,1.71517303
csi300,2025-01-10,-1.1123,69.6096,1.69609583
csi300,2025-01-13,-0.3924,68.9441,1.68944099
csi300,2025-01-14,2.5735,73.2919,1.73291925
csi300,2025-01-15,-0.5888,72.2715,1.72271517
csi300,2025-01-16,0.0515,72.3602,1.72360248
csi300,2025-01-17,0.3346,72.937,1.72937001
csi300,2025-01-20,0.4874,73.7799,1.73779947
csi300,2025-01-21,0.1276,74.0018,1.74001775
csi300,2025-01-22,-0.9179,72.4046,1.72404614
csi300,2025-01-23,0.2831,72.8926,1.72892635
csi300,2025-01-24,0.8211,74.3123,1.74312334
csi300,2025-01-27,-0.5599,73.3363,1.73336291
csi300,2025-02-05,-0.5119,72.449,1.7244898
csi300,2025-02-06,1.1577,74.4454,1.7444543
csi300,2025-02-07,1.4242,76.9299,1.76929902
csi300,2025-02-10,0.1003,77.1074,1.77107365
csi300,2025-02-11,-0.4008,76.3975,1.76397516
csi300,2025-02-12,0.9557,78.0834,1.78083407
csi300,2025-02-13,-0.2491,77.6398,1.77639752
csi300,2025-02-14,0.7493,78.9707,1.78970719
csi300,2025-02-17,0.1735,79.2813,1.79281278
csi300,2025-02-18,-0.7176,77.9947,1.77994676
csi300,2025-02-19,0.5234,78.9264,1.78926353
csi300,2025-02-20,-0.2975,78.394,1.78393966
csi300,2025-02-21,1.3429,80.7897,1.80789707
csi300,2025-02-24,-0.319,80.213,1.80212955
csi300,2025-02-25,-1.0094,78.394,1.78393966
csi300,2025-02-26,0.8207,79.858,1.7985803
csi300,2025-02-27,0.3207,80.4348,1.80434783
csi300,2025-02-28,-1.7949,77.1961,1.77196096
csi300,2025-03-03,-0.3255,76.6193,1.76619343
csi300,2025-03-04,-0.1005,76.4419,1.76441881
csi300,2025-03-05,0.4275,77.1961,1.77196096
csi300,2025-03-06,1.3771,79.6362,1.79636202
csi300,2025-03-07,-0.247,79.1925,1.79192547
csi300,2025-03-10,-0.3961,78.4827,1.78482697
csi300,2025-03-11,0.2983,79.0151,1.79015084
csi300,2025-03-12,-0.2478,78.5714,1.78571429
csi300,2025-03-13,-0.4969,77.6841,1.77684117
csi300,2025-03-14,2.5218,82.165,1.8216504
csi300,2025-03-17,-0.2923,81.6327,1.81632653
csi300,2025-03-18,0.2198,82.0319,1.82031943
csi300,2025-03-19,0.1462,82.2981,1.82298137
csi300,2025-03-20,-0.8031,80.8341,1.80834073
csi300,2025-03-21,-1.6192,77.9059,1.77905945
csi300,2025-03-24,0.4239,78.6602,1.7866016
csi300,2025-03-25,0.0497,78.7489,1.78748891
csi300,2025-03-26,-0.3971,78.039,1.78039042
csi300,2025-03-27,0.3489,78.6602,1.7866016
csi300,2025-03-28,-0.4718,77.8172,1.77817214
csi300,2025-03-31,-0.5988,76.7524,1.7675244
csi300,2025-04-01,-0.0502,76.6637,1.76663709
csi300,2025-04-02,-0.0753,76.5306,1.76530612
csi300,2025-04-03,-0.5026,75.6433,1.75643301
csi300,2025-04-07,-6.6684,63.9308,1.6393079
csi300,2025-04-08,0.9472,65.4836,1.65483585
csi300,2025-04-09,0.9651,67.0807,1.67080745
csi300,2025-04-10,1.6729,69.8758,1.69875776
csi300,2025-04-11,0.2873,70.3638,1.70363798
csi300,2025-04-14,0.2083,70.7187,1.70718722
csi300,2025-04-15,0.078,70.8518,1.70851819
csi300,2025-04-16,0.2337,71.2511,1.71251109
csi300,2025-04-17,0.0777,71.3842,1.71384206
csi300,2025-04-18,0.2589,71.8279,1.71827862
csi300,2025-04-21,0.0516,71.9166,1.71916593
csi300,2025-04-22,0.0774,72.0497,1.72049689
csi300,2025-04-23,0.1031,72.2272,1.72227152
csi300,2025-04-24,0.0,72.2272,1.72227152
csi300,2025-04-25,0.0,72.2272,1.72227152
csi300,2025-04-28,-0.1546,71.961,1.71960958
csi300,2025-04-29,-0.1806,71.6504,1.71650399
csi300,2025-04-30,-0.0775,71.5173,1.71517303
csi300,2025-05-06,0.9571,73.1588,1.73158829
csi300,2025-05-07,0.6149,74.2236,1.74223602
csi300,2025-05-08,0.5857,75.244,1.75244011
csi300,2025-05-09,-0.1266,75.0222,1.75022183
csi300,2025-05-12,1.1407,77.0186,1.77018634
csi300,2025-05-13,0.1003,77.1961,1.77196096
csi300,2025-05-14,1.2769,79.4587,1.7945874
csi300,2025-05-15,-0.8405,77.9503,1.77950311
csi300,2025-05-16,-0.5485,76.9743,1.76974268
csi300,2025-05-19,-0.1504,76.7081,1.76708075
csi300,2025-05-20,0.5021,77.5954,1.77595386
csi300,2025-05-21,0.3997,78.3052,1.78305235
csi300,2025-05-22,-0.0498,78.2165,1.78216504
csi300,2025-05-23,-0.7219,76.9299,1.76929902
csi300,2025-05-26,-0.5266,75.9982,1.75998225
csi300,2025-05-27,-0.5294,75.0665,1.75066548
csi300,2025-05-28,-0.1014,74.8891,1.74889086
csi300,2025-05-29,0.6088,75.9539,1.7595386
csi300,2025-05-30,-0.1765,75.6433,1.75643301
csi300,2025-06-03,-0.0505,75.5546,1.7555457
csi300,2025-06-04,0.4296,76.3088,1.76308784
csi300,2025-06-05,0.2516,76.7524,1.7675244
csi300,2025-06-06,0.0502,76.8412,1.76841171
csi300,2025-06-09,0.2258,77.2405,1.77240461
csi300,2025-06-10,-0.5757,76.2201,1.76220053
csi300,2025-06-11,0.8056,77.6398,1.77639752
csi300,2025-06-12,0.05,77.7285,1.77728483
csi300,2025-06-13,-0.649,76.575,1.76574978
csi300,2025-06-16,0.2513,77.0186,1.77018634
csi300,2025-06-17,-0.0251,76.9743,1.76974268
csi300,2025-06-18,-2.1309,73.2032,1.73203194
csi300,2025-06-19,-0.7941,71.8279,1.71827862
csi300,2025-06-20,0.1291,72.0497,1.72049689
csi300,2025-06-23,0.3352,72.6264,1.72626442
csi300,2025-06-24,1.1565,74.6229,1.74622893
csi300,2025-06-25,1.6514,77.5067,1.77506655
csi300,2025-06-26,-0.3749,76.8412,1.76841171
csi300,2025-06-27,-0.577,75.8208,1.75820763
csi300,2025-06-30,0.4794,76.6637,1.76663709
csi300,2025-07-01,0.1507,76.9299,1.76929902
csi300,2025-07-02,0.1003,77.1074,1.77107365
csi300,2025-07-03,0.5762,78.1278,1.78127773
csi300,2025-07-04,0.4234,78.882,1.78881988
csi300,2025-07-07,-0.4464,78.0834,1.78083407
csi300,2025-07-08,0.847,79.5918,1.79591837
csi300,2025-07-09,-0.0741,79.4587,1.7945874
csi300,2025-07-10,0.4944,80.3461,1.80346051
csi300,2025-07-11,0.3444,80.9672,1.80967169
csi300,2025-07-14,-0.0245,80.9228,1.80922804
csi300,2025-07-15,0.0,80.9228,1.80922804
csi300,2025-07-16,-0.2207,80.5235,1.80523514
csi300,2025-07-17,0.811,81.9876,1.81987578
csi300,2025-07-18,0.7314,83.3185,1.83318545
csi300,2025-07-21,0.605,84.4277,1.84427684
csi300,2025-07-22,1.0585,86.3798,1.86379769
csi300,2025-07-23,-0.0476,86.291,1.86291038
csi300,2025-07-24,0.6192,87.4445,1.87444543
csi300,2025-07-25,-0.5207,86.4685,1.864685
csi300,2025-07-28,0.2617,86.9565,1.86956522
csi300,2025-07-29,0.4983,87.8882,1.87888199
csi300,2025-07-30,-0.0708,87.7551,1.87755102
csi300,2025-07-31,-1.8195,84.339,1.84338953
csi300,2025-08-01,-0.5295,83.3629,1.8336291
csi300,2025-08-04,0.4597,84.2059,1.84205856
csi300,2025-08-05,0.7466,85.5812,1.85581189
csi300,2025-08-06,0.263,86.0692,1.8606921
csi300,2025-08-07,-0.0238,86.0248,1.86024845
csi300,2025-08-08,-0.2385,85.5812,1.85581189
csi300,2025-08-11,0.4542,86.4241,1.86424135
csi300,2025-08-12,0.6188,87.5776,1.8757764
csi300,2025-08-13,0.8278,89.1304,1.89130435
csi300,2025-08-14,-0.1642,88.8199,1.88819876
csi300,2025-08-15,0.9164,90.5501,1.90550133
csi300,2025-08-18,0.7451,91.9698,1.91969831
csi300,2025-08-19,-0.5084,90.9938,1.90993789
csi300,2025-08-20,1.3705,93.6114,1.93611358
csi300,2025-08-21,0.3208,94.2325,1.94232476
csi300,2025-08-22,2.307,98.7134,1.98713398
csi300,2025-08-25,1.9201,102.5288,2.02528838
csi300,2025-08-26,-0.5257,101.4641,2.01464064
csi300,2025-08-27,-1.4534,98.5359,1.98535936
csi300,2025-08-28,1.8771,102.2626,2.02262644
csi300,2025-08-29,0.9213,104.126,2.04125998
csi300,2025-09-01,0.326,104.7915,2.04791482
csi300,2025-09-02,-0.5633,103.638,2.03637977
csi300,2025-09-03,-0.8932,101.819,2.01818988
csi300,2025-09-04,-2.0444,97.693,1.9769299
csi300,2025-09-05,2.1993,102.0408,2.02040816
csi300,2025-09-08,0.022,102.0852,2.02085182
csi300,2025-09-09,-0.5928,100.8873,2.00887311
csi300,2025-09-10,0.2208,101.331,2.01330967
csi300,2025-09-11,2.6884,106.7436,2.06743567
csi300,2025-09-12,-0.8369,105.0133,2.0501331
csi300,2025-09-15,0.1731,105.3682,2.05368234
csi300,2025-09-16,-0.1944,104.9689,2.04968944
csi300,2025-09-17,0.7143,106.433,2.06433008
csi300,2025-09-18,-1.268,103.8154,2.03815439
csi300,2025-09-19,0.2177,104.2591,2.04259095
csi300,2025-09-22,0.3258,104.9246,2.04924579
csi300,2025-09-23,0.0649,105.0577,2.05057675
csi300,2025-09-24,0.8871,106.8767,2.06876664
csi300,2025-09-25,0.6863,108.2964,2.08296362
csi300,2025-09-26,-0.9372,106.3443,2.06344277
csi300,2025-09-29,1.6556,109.7604,2.09760426
csi300,2025-09-30,0.275,110.3372,2.10337178
csi300,2025-10-09,1.5819,113.6646,2.13664596
csi300,2025-10-10,-2.0141,109.3611,2.09361136
csi300,2025-10-13,-0.5722,108.1633,2.08163265
csi300,2025-10-14,-1.0017,106.0781,2.06078083
csi300,2025-10-15,1.3132,108.7844,2.08784383
csi300,2025-10-16,0.3187,109.4499,2.09449867
csi300,2025-10-17,-2.0546,105.1464,2.05146406
csi300,2025-10-20,0.346,105.8563,2.05856256
csi300,2025-10-21,1.5086,108.9618,2.08961846
csi300,2025-10-22,-0.3185,108.2964,2.08296362
csi300,2025-10-23,0.3834,109.0949,2.09094942
csi300,2025-10-24,1.2094,111.6238,2.1162378
csi300,2025-10-27,1.174,114.1083,2.14108252
csi300,2025-10-28,-0.4973,113.0435,2.13043478
csi300,2025-10-29,1.2495,115.7054,2.15705413
csi300,2025-10-30,-0.8021,113.9752,2.13975155
csi300,2025-10-31,-1.3892,111.0027,2.11002662
csi300,2025-11-03,0.1472,111.3132,2.11313221
csi300,2025-11-04,-0.7138,109.8048,2.09804791
csi300,2025-11-05,0.1269,110.071,2.10070985
csi300,2025-11-06,1.4784,113.1766,2.13176575
csi300,2025-11-07,-0.2081,112.7329,2.12732919
csi300,2025-11-10,0.2503,113.2653,2.13265306
csi300,2025-11-11,-0.9153,111.3132,2.11313221
csi300,2025-11-12,0.042,111.402,2.11401952
csi300,2025-11-13,0.9864,113.4871,2.13487134
csi300,2025-11-14,-1.4755,110.3372,2.10337178
csi300,2025-11-17,-0.6539,108.9618,2.08961846
csi300,2025-11-18,-0.5732,107.764,2.07763975
csi300,2025-11-19,0.299,108.3851,2.08385093
csi300,2025-11-20,-0.4471,107.4534,2.07453416
csi300,2025-11-21,-2.3952,102.4845,2.02484472
csi300,2025-11-24,-0.1534,102.1739,2.02173913
csi300,2025-11-25,0.8778,103.9485,2.03948536
csi300,2025-11-26,0.6308,105.2351,2.05235138
csi300,2025-11-27,-0.0865,105.0577,2.05057675
csi300,2025-11-28,0.2813,105.6344,2.05634428
csi300,2025-12-01,1.1219,107.9414,2.07941437
csi300,2025-12-02,-0.448,107.0098,2.0700976
csi300,2025-12-03,-0.4501,106.0781,2.06078083
csi300,2025-12-04,0.2583,106.6105,2.0661047
csi300,2025-12-05,0.8804,108.4295,2.08429459
csi300,2025-12-08,0.7237,109.9379,2.09937888
csi300,2025-12-09,-0.5072,108.8731,2.08873114
csi300,2025-12-10,-0.1274,108.6069,2.08606921
csi300,2025-12-11,-0.7231,107.0985,2.07098492
csi300,2025-12-12,0.557,108.252,2.08251996
csi300,2025-12-15,-0.5752,107.0541,2.07054126
csi300,2025-12-16,-1.0071,104.9689,2.04968944
csi300,2025-12-17,1.71,108.4738,2.08473824
csi300,2025-12-18,-0.6597,107.0985,2.07098492
csi300,2025-12-19,0.4284,107.9858,2.07985803
csi300,2025-12-22,0.8959,109.8492,2.09849157
csi300,2025-12-23,0.2114,110.2928,2.10292813
csi300,2025-12-24,0.3586,111.047,2.11047028
csi300,2025-12-25,0.1892,111.4463,2.11446318
csi300,2025-12-26,0.3777,112.2449,2.12244898
csi300,2025-12-29,-0.439,111.3132,2.11313221
csi300,2025-12-30,0.21,111.7569,2.11756877
csi300,2025-12-31,-0.419,110.8696,2.10869565
csi300,2026-01-05,1.9146,114.9068,2.14906832
csi300,2026-01-06,1.5483,118.2342,2.1823425
csi300,2026-01-07,-0.3659,117.4357,2.1743567
csi300,2026-01-08,-0.7754,115.7498,2.15749778
csi300,2026-01-09,0.4524,116.7258,2.16725821
csi300,2026-01-12,0.5732,117.9681,2.17968057
csi300,2026-01-13,-0.346,117.2138,2.17213842
csi300,2026-01-14,-0.6127,115.8829,2.15882875
csi300,2026-01-15,0.185,116.2822,2.16282165
csi300,2026-01-16,-0.3282,115.5723,2.15572316
csi300,2026-01-19,-2.4902,110.2041,2.10204082
csi300,2026-01-20,-0.2955,109.583,2.09582964
csi300,2026-01-21,0.127,109.8492,2.09849157
csi300,2026-01-22,-0.0634,109.7161,2.0971606
csi300,2026-01-23,-0.4866,108.6957,2.08695652
csi300,2026-01-26,0.1701,109.0506,2.09050577
csi300,2026-01-27,-0.0424,108.9618,2.08961846
csi300,2026-01-28,0.3185,109.6273,2.09627329
csi300,2026-01-29,0.9101,111.535,2.11535049
csi300,2026-01-30,-1.1955,109.0062,2.09006211
csi300,2026-02-02,-2.3562,104.0816,2.04081633
csi300,2026-02-03,1.3913,106.921,2.06921029
csi300,2026-02-04,0.922,108.8287,2.08828749
csi300,2026-02-05,-0.5949,107.5865,2.07586513
csi300,2026-02-06,-0.6412,106.2555,2.06255546
csi300,2026-02-09,1.6778,109.7161,2.0971606
csi300,2026-02-10,0.1269,109.9823,2.09982254
csi300,2026-02-11,-0.2113,109.5386,2.09538598
csi300,2026-02-12,0.0847,109.7161,2.0971606
csi300,2026-02-13,-1.1847,107.2316,2.07231588
csi300,2026-02-24,0.9634,109.228,2.09228039
csi300,2026-02-25,0.7209,110.7365,2.10736469
csi300,2026-02-26,-0.3158,110.071,2.10070985
csi300,2026-02-27,-0.2112,109.6273,2.09627329
csi300,2026-03-02,0.2963,110.2484,2.10248447
csi300,2026-03-03,-1.2872,107.5421,2.07542147
csi300,2026-03-04,-1.4536,104.5253,2.04525288
csi300,2026-03-05,0.9544,106.4774,2.06477374
csi300,2026-03-06,0.2793,107.0541,2.07054126
csi300,2026-03-09,-0.8142,105.3682,2.05368234
csi300,2026-03-10,1.1666,107.764,2.07763975
csi300,2026-03-11,0.5979,109.0062,2.09006211
csi300,2026-03-12,-0.3609,108.252,2.08251996
csi300,2026-03-13,-0.3622,107.4978,2.07497782
csi300,2026-03-16,0.0641,107.6309,2.07630878
csi300,2026-03-17,-0.7265,106.1224,2.06122449
csi300,2026-03-18,0.3444,106.8323,2.06832298
csi300,2026-03-19,-1.3514,104.0373,2.04037267
csi300,2026-03-20,-0.5001,103.0169,2.03016859
csi300,2026-03-23,-3.1906,96.5395,1.96539485
csi300,2026-03-24,1.1061,98.7134,1.98713398
csi300,2026-03-25,1.4512,101.5972,2.01597161
csi300,2026-03-26,-1.2324,99.1127,1.99112689
csi300,2026-03-27,0.4456,100.0,2.0
csi300,2026-03-30,-0.1775,99.6451,1.99645075
csi300,2026-03-31,-0.8222,98.0035,1.98003549
csi300,2026-04-01,1.5909,101.1535,2.01153505
csi300,2026-04-02,-0.9925,99.1571,1.99157054
csi300,2026-04-03,-0.7797,97.6043,1.97604259
csi300,2026-04-07,-0.1796,97.2493,1.97249335
csi300,2026-04-08,3.5088,104.1704,2.04170364
csi300,2026-04-09,-0.6519,102.8394,2.02839397
csi300,2026-04-10,1.5311,105.945,2.05944987
csi300,2026-04-13,0.2154,106.3886,2.06388642
csi300,2026-04-14,1.2898,109.0506,2.09050577
csi300,2026-04-15,-0.382,108.252,2.08251996
csi300,2026-04-16,1.1078,110.559,2.10559006
csi300,2026-04-17,-0.1475,110.2484,2.10248447
csi300,2026-04-20,0.5486,111.402,2.11401952
csi300,2026-04-21,0.2308,111.89,2.11889973
csi300,2026-04-22,0.7328,113.4428,2.13442768
csi300,2026-04-23,-0.2079,112.9991,2.12999113
csi300,2026-04-24,-0.3958,112.1562,2.12156167
csi300,2026-04-27,0.0,112.1562,2.12156167
csi300,2026-04-28,-0.2509,111.6238,2.1162378
csi300,2026-04-29,1.0692,113.8864,2.13886424
csi300,2026-04-30,0.0622,114.0195,2.14019521
csi300,2026-05-06,1.3267,116.8589,2.16858917
csi300,2026-05-07,0.491,117.9237,2.17923691
csi300,2026-05-08,-0.5293,116.7702,2.16770186
csi300,2026-05-11,1.6373,120.3194,2.20319432
csi300,2026-05-12,-0.0604,120.1863,2.20186335
csi300,2026-05-13,1.0881,122.5821,2.22582076
csi300,2026-05-14,-1.5148,119.2103,2.19210293
csi300,2026-05-15,-1.275,116.4153,2.16415262
csi300,2026-05-18,-0.533,115.2618,2.15261757
csi300,2026-05-19,0.3504,116.016,2.16015972
csi300,2026-05-20,0.0411,116.1047,2.16104703
csi300,2026-05-21,-1.2934,113.3097,2.13309672
csi300,2026-05-22,1.1231,115.7054,2.15705413
csi300,2026-05-25,1.5426,119.0328,2.19032831
csi300,2026-05-26,0.7089,120.5856,2.20585626
csi300,2026-05-27,-0.8045,118.811,2.18811003
csi300,2026-05-28,0.0,118.811,2.18811003
csi300,2026-05-29,-0.1825,118.4117,2.18411713
csi300,2026-06-01,-1.1172,115.9716,2.15971606
csi300,2026-06-02,1.3969,118.9885,2.18988465
csi300,2026-06-03,0.5875,120.2751,2.20275067
csi300,2026-06-04,-0.7855,118.5448,2.18544809
csi300,2026-06-05,-1.6849,114.8625,2.14862467
csi300,2026-06-08,-2.1474,110.2484,2.10248447
csi300,2026-06-09,1.8358,114.1083,2.14108252
csi300,2026-06-10,-0.8703,112.2449,2.12244898
csi300,2026-06-11,-0.6898,110.7808,2.10780834
csi300,2026-06-12,1.4102,113.7533,2.13753327
csi300,2026-06-15,2.0963,118.2342,2.1823425
csi300,2026-06-16,-0.183,117.835,2.1783496
csi300,2026-06-17,0.9776,119.9645,2.19964508
csi300,2026-06-18,0.5244,121.118,2.21118012
csi300,2026-06-22,2.1469,125.8651,2.25865129
csi300,2026-06-23,-2.9267,119.2547,2.19254658
csi300,2026-06-24,0.5059,120.3638,2.20363798
csi300,2026-06-25,1.6308,123.9574,2.23957409
csi300,2026-06-26,-2.7932,117.7019,2.17701863
csi300,2026-06-29,1.0597,120.0089,2.20008873
csi300,2026-06-30,1.2099,122.6708,2.22670807
csi300,2026-07-01,-0.4184,121.7391,2.2173913
csi300,2026-07-02,-2.9612,115.173,2.15173026
csi300,2026-07-03,0.5361,116.3265,2.16326531
csi300,2026-07-06,0.0205,116.3709,2.16370896
csi300,2026-07-07,-1.0457,114.1083,2.14108252
csi300,2026-07-08,-0.5802,112.866,2.12866016
csi300,2026-07-09,2.4594,118.1012,2.18101154
csi300,2026-07-10,-1.7697,114.2413,2.14241349
csi300,2026-07-13,-1.7602,110.4703,2.10470275
csi300,2026-07-14,1.9604,114.5963,2.14596273
csi300,2026-07-15,0.0207,114.6406,2.14640639
csi300,2026-07-16,-1.7569,110.8696,2.10869565
csi300,2026-07-17,-3.4505,103.5936,2.03593611
csi300,2026-07-20,1.3293,106.2999,2.06299911
csi300,2026-07-21,2.9462,112.378,2.12377995
csi300,2026-07-22,-0.4596,111.402,2.11401952
csi300,2026-07-23,0.4617,112.378,2.12377995
csi300,2026-07-24,-1.7965,108.5626,2.08562555
csi300,2026-07-27,1.1061,110.8696,2.10869565
csi300,2026-07-28,-2.651,105.2795,2.05279503
csi300,2026-07-29,0.6484,106.6105,2.0661047
csi300,2026-07-30,-1.1166,104.3035,2.04303461
csi300,2026-07-31,1.0423,106.433,2.06433008
csi300,2026-08-03,-1.1605,104.0373,2.04037267
csi300,2026-08-04,1.1307,106.3443,2.06344277
csi300,2026-08-05,1.3545,109.1393,2.09139308
csi300,2026-08-06,-0.1061,108.9175,2.0891748
csi300,2026-08-07,0.8919,110.7808,2.10780834
csi300,2026-08-10,0.1684,111.1358,2.11135759
csi300,2026-08-11,-0.6514,109.7604,2.09760426
csi300,2026-08-12,0.423,110.6477,2.10647737
csi300,2026-08-13,-0.4002,109.8048,2.09804791
csi300,2026-08-14,-0.0634,109.6717,2.09671695
csi300,2026-08-17,1.587,112.9991,2.12999113
csi300,2026-08-18,-0.2916,112.378,2.12377995
csi300,2026-08-19,-2.7784,106.4774,2.06477374
csi300,2026-08-20,-0.0215,106.433,2.06433008
csi300,2026-08-21,0.5803,107.6309,2.07630878
csi300,2026-08-24,-1.1325,105.2795,2.05279503
csi300,2026-08-25,-0.2377,104.7915,2.04791482
csi300,2026-08-26,0.7799,106.3886,2.06388642
csi300,2026-08-27,0.8383,108.1189,2.081189
csi300,2026-08-28,-0.2558,107.5865,2.07586513
gold,2014-01-15,0.0,0.0,1.0
gold,2014-01-16,0.1233,0.1233,1.00123254
gold,2014-01-17,-0.0821,0.0411,1.00041085
gold,2014-01-20,0.9856,1.0271,1.01027116
gold,2014-01-21,-0.3253,0.6984,1.00698439
gold,2014-01-22,-0.7752,-0.0822,0.99917831
gold,2014-01-23,-0.2467,-0.3287,0.99671323
gold,2014-01-24,1.4015,1.0682,1.010682
gold,2014-01-27,0.6504,1.7256,1.01725555
gold,2014-01-28,-0.525,1.1915,1.01191454
gold,2014-01-29,-0.3248,0.8628,1.00862777
gold,2014-01-30,0.2444,1.1093,1.01109285
gold,2014-02-07,0.772,1.8899,1.01889893
gold,2014-02-10,0.8468,2.7527,1.02752671
gold,2014-02-11,0.5598,3.3279,1.03327855
gold,2014-02-12,0.2386,3.5744,1.03574363
gold,2014-02-13,-0.1587,3.41,1.03410025
gold,2014-02-14,1.3905,4.848,1.04847987
gold,2014-02-17,1.7241,6.6557,1.06655711
gold,2014-02-18,-1.0015,5.5875,1.0558751
gold,2014-02-19,0.1946,5.7929,1.05792933
gold,2014-02-20,-0.3495,5.4232,1.05423172
gold,2014-02-21,0.6235,6.0805,1.06080526
gold,2014-02-24,0.6584,6.779,1.06778965
gold,2014-02-25,0.5002,7.3131,1.07313065
gold,2014-02-26,1.4931,8.9154,1.08915366
gold,2014-02-27,-1.8484,6.9022,1.06902219
gold,2014-02-28,0.7302,7.6828,1.07682827
gold,2014-03-03,1.1446,8.9154,1.08915366
gold,2014-03-04,-0.3018,8.5867,1.08586689
gold,2014-03-05,-0.7189,7.8061,1.07806081
gold,2014-03-06,-0.0381,7.765,1.07764996
gold,2014-03-07,0.9912,8.8332,1.08833196
gold,2014-03-10,-1.4723,7.2309,1.07230896
gold,2014-03-11,1.1877,8.5045,1.08504519
gold,2014-03-12,1.0223,9.6138,1.09613804
gold,2014-03-13,0.9745,10.682,1.10682005
gold,2014-03-14,-0.0742,10.5998,1.10599836
gold,2014-03-17,1.1144,11.8324,1.11832375
gold,2014-03-18,-1.3226,10.3533,1.10353328
gold,2014-03-19,-0.2234,10.1068,1.1010682
gold,2014-03-20,-1.2313,8.751,1.08751027
gold,2014-03-21,0.0,8.751,1.08751027
gold,2014-03-24,-0.2645,8.4634,1.08463435
gold,2014-03-25,-1.2121,7.1487,1.07148726
gold,2014-03-26,0.2301,7.3952,1.07395234
gold,2014-03-27,-1.3007,5.9984,1.05998357
gold,2014-03-28,0.3101,6.327,1.06327034
gold,2014-03-31,-0.5796,5.7108,1.05710764
gold,2014-04-01,-0.6996,4.9712,1.04971241
gold,2014-04-02,0.2348,5.2177,1.05217749
gold,2014-04-03,0.4686,5.7108,1.05710764
gold,2014-04-04,-0.3498,5.341,1.05341002
gold,2014-04-08,1.6381,7.0666,1.07066557
gold,2014-04-09,0.1535,7.2309,1.07230896
gold,2014-04-10,0.3065,7.5596,1.07559573
gold,2014-04-11,0.0764,7.6417,1.07641742
gold,2014-04-14,1.1069,8.8332,1.08833196
gold,2014-04-15,-1.4723,7.2309,1.07230896
gold,2014-04-16,-0.7663,6.4092,1.06409203
gold,2014-04-17,-0.1544,6.2449,1.06244864
gold,2014-04-18,-0.2707,5.9573,1.05957272
gold,2014-04-21,-0.5428,5.3821,1.05382087
gold,2014-04-22,0.4678,5.8751,1.05875103
gold,2014-04-23,-0.0776,5.7929,1.05792933
gold,2014-04-24,-0.0777,5.7108,1.05710764
gold,2014-04-25,0.6607,6.4092,1.06409203
gold,2014-04-28,1.583,8.0937,1.08093673
gold,2014-04-29,-1.0642,6.9433,1.06943303
gold,2014-04-30,0.3458,7.3131,1.07313065
gold,2014-05-05,0.4594,7.8061,1.07806081
gold,2014-05-06,0.0762,7.8882,1.0788825
gold,2014-05-07,-0.0381,7.8472,1.07847165
gold,2014-05-08,-1.4476,6.2859,1.06285949
gold,2014-05-09,0.0387,6.327,1.06327034
gold,2014-05-12,0.1932,6.5325,1.06532457
gold,2014-05-13,0.0771,6.6146,1.06614626
gold,2014-05-14,0.1156,6.7379,1.0673788
gold,2014-05-15,0.4619,7.2309,1.07230896
gold,2014-05-16,-0.613,6.5735,1.06573541
gold,2014-05-19,0.0771,6.6557,1.06655711
gold,2014-05-20,-0.1156,6.5325,1.06532457
gold,2014-05-21,0.0386,6.5735,1.06573541
gold,2014-05-22,0.1157,6.6968,1.06696795
gold,2014-05-23,0.0,6.6968,1.06696795
gold,2014-05-26,-0.1155,6.5735,1.06573541
gold,2014-05-27,-0.1928,6.3681,1.06368118
gold,2014-05-28,-1.3905,4.8891,1.04889071
gold,2014-05-29,-1.0576,3.7798,1.03779786
gold,2014-05-30,0.3563,4.1495,1.04149548
gold,2014-06-03,-0.7101,3.41,1.03410025
gold,2014-06-04,-0.1192,3.2868,1.03286771
gold,2014-06-05,-0.1591,3.1224,1.03122432
gold,2014-06-06,0.7968,3.9441,1.03944125
gold,2014-06-09,-0.3162,3.6154,1.03615448
gold,2014-06-10,-0.0397,3.5744,1.03574363
gold,2014-06-11,0.357,3.9441,1.03944125
gold,2014-06-12,0.0,3.9441,1.03944125
gold,2014-06-13,0.5534,4.5193,1.0451931
gold,2014-06-16,0.4324,4.9712,1.04971241
gold,2014-06-17,-0.7436,4.1906,1.04190633
gold,2014-06-18,-0.0789,4.1085,1.04108463
gold,2014-06-19,0.8682,5.0123,1.05012325
gold,2014-06-20,2.7778,7.9293,1.07929334
gold,2014-06-23,0.3807,8.3402,1.08340181
gold,2014-06-24,0.0,8.3402,1.08340181
gold,2014-06-25,-0.3034,8.0115,1.08011504
gold,2014-06-26,0.0761,8.0937,1.08093673
gold,2014-06-27,0.114,8.2169,1.08216927
gold,2014-06-30,-0.1898,8.0115,1.08011504
gold,2014-07-01,0.3423,8.3813,1.08381265
gold,2014-07-02,0.2274,8.6278,1.08627773
gold,2014-07-03,-0.2269,8.3813,1.08381265
gold,2014-07-04,-0.1137,8.258,1.08258012
gold,2014-07-07,-0.6831,7.5185,1.07518488
gold,2014-07-08,0.4585,8.0115,1.08011504
gold,2014-07-09,0.1521,8.1758,1.08175842
gold,2014-07-10,0.4558,8.6689,1.08668858
gold,2014-07-11,0.9074,9.6549,1.09654889
gold,2014-07-14,-1.4612,8.0526,1.08052588
gold,2014-07-15,-0.7605,7.2309,1.07230896
gold,2014-07-16,-0.728,6.4503,1.06450288
gold,2014-07-17,0.5017,6.9844,1.06984388
gold,2014-07-18,0.6144,7.6417,1.07641742
gold,2014-07-21,0.0,7.6417,1.07641742
gold,2014-07-22,-0.458,7.1487,1.07148726
gold,2014-07-23,-0.115,7.0255,1.07025472
gold,2014-07-24,-0.5758,6.4092,1.06409203
gold,2014-07-25,-0.4247,5.9573,1.05957272
gold,2014-07-28,0.7367,6.7379,1.0673788
gold,2014-07-29,-0.077,6.6557,1.06655711
gold,2014-07-30,-0.4237,6.2038,1.0620378
gold,2014-07-31,-0.3095,5.8751,1.05875103
gold,2014-08-01,-0.6597,5.1767,1.05176664
gold,2014-08-04,0.7031,5.9162,1.05916187
gold,2014-08-05,-0.2715,5.6286,1.05628595
gold,2014-08-06,0.0,5.6286,1.05628595
gold,2014-08-07,0.8168,6.4914,1.06491372
gold,2014-08-08,0.9259,7.4774,1.07477403
gold,2014-08-11,-0.7645,6.6557,1.06655711
gold,2014-08-12,0.077,6.7379,1.0673788
gold,2014-08-13,0.0,6.7379,1.0673788
gold,2014-08-14,0.0,6.7379,1.0673788
gold,2014-08-15,0.0385,6.779,1.06778965
gold,2014-08-18,-0.808,5.9162,1.05916187
gold,2014-08-19,-0.2327,5.6697,1.0566968
gold,2014-08-20,-0.1166,5.5464,1.05546426
gold,2014-08-21,-1.0121,4.4782,1.04478225
gold,2014-08-22,0.0393,4.5193,1.0451931
gold,2014-08-25,-0.2752,4.2317,1.04231717
gold,2014-08-26,0.7883,5.0534,1.0505341
gold,2014-08-27,-0.3129,4.7247,1.04724733
gold,2014-08-28,0.0785,4.8069,1.04806902
gold,2014-08-29,0.1176,4.9302,1.04930156
gold,2014-09-01,-0.1958,4.7247,1.04724733
gold,2014-09-02,-0.6277,4.0674,1.04067379
gold,2014-09-03,-0.3553,3.6976,1.03697617
gold,2014-09-04,-0.1189,3.5744,1.03574363
gold,2014-09-05,-0.1983,3.3689,1.0336894
gold,2014-09-09,-0.7154,2.6294,1.02629417
gold,2014-09-10,-0.3203,2.3007,1.0230074
gold,2014-09-11,-0.4418,1.8488,1.01848809
gold,2014-09-12,-0.6051,1.2325,1.01232539
gold,2014-09-15,-0.2435,0.986,1.00986031
gold,2014-09-16,0.0,0.986,1.00986031
gold,2014-09-17,0.0407,1.0271,1.01027116
gold,2014-09-18,-0.976,0.0411,1.00041085
gold,2014-09-19,-0.0411,0.0,1.0
gold,2014-09-22,-1.1504,-1.1504,0.9884963
gold,2014-09-23,0.2078,-0.9449,0.99055053
gold,2014-09-24,0.2903,-0.6574,0.99342646
gold,2014-09-25,-0.6617,-1.3147,0.98685292
gold,2014-09-26,1.1241,-0.2054,0.99794577
gold,2014-09-29,-0.2058,-0.4108,0.99589154
gold,2014-09-30,0.2063,-0.2054,0.99794577
gold,2014-10-08,-0.4529,-0.6574,0.99342646
gold,2014-10-09,0.5376,-0.1233,0.99876746
gold,2014-10-10,-0.2879,-0.4108,0.99589154
gold,2014-10-13,0.7013,0.2876,1.00287592
gold,2014-10-14,0.1229,0.4108,1.00410846
gold,2014-10-15,-0.6547,-0.2465,0.99753492
gold,2014-10-16,0.7414,0.493,1.00493016
gold,2014-10-17,0.1226,0.6163,1.0061627
gold,2014-10-20,-0.0408,0.5752,1.00575185
gold,2014-10-21,0.531,1.1093,1.01109285
gold,2014-10-22,0.1219,1.2325,1.01232539
gold,2014-10-23,-0.6494,0.5752,1.00575185
gold,2014-10-24,-0.6944,-0.1233,0.99876746
gold,2014-10-27,-0.1645,-0.2876,0.99712408
gold,2014-10-28,-0.206,-0.493,0.99506984
gold,2014-10-29,0.2477,-0.2465,0.99753492
gold,2014-10-30,-1.318,-1.5612,0.98438784
gold,2014-10-31,-1.9616,-3.4922,0.96507806
gold,2014-11-03,-1.2771,-4.7247,0.95275267
gold,2014-11-04,-0.1294,-4.848,0.95152013
gold,2014-11-05,-1.8998,-6.6557,0.93344289
gold,2014-11-06,-0.4401,-7.0666,0.92933443
gold,2014-11-07,-0.1768,-7.2309,0.92769104
gold,2014-11-10,2.0815,-5.2999,0.94700082
gold,2014-11-11,-1.4751,-6.6968,0.93303205
gold,2014-11-12,1.4091,-5.3821,0.94617913
gold,2014-11-13,-0.4342,-5.7929,0.94207067
gold,2014-11-14,-0.4797,-6.2449,0.93755136
gold,2014-11-17,2.3225,-4.0674,0.95932621
gold,2014-11-18,0.2141,-3.862,0.96138044
gold,2014-11-19,0.4274,-3.4511,0.96548891
gold,2014-11-20,-0.8511,-4.2728,0.95727198
gold,2014-11-21,0.8155,-3.4922,0.96507806
gold,2014-11-24,0.4257,-3.0813,0.96918652
gold,2014-11-25,0.0848,-2.9992,0.97000822
gold,2014-11-26,0.0847,-2.917,0.97082991
gold,2014-11-27,0.2539,-2.6705,0.97329499
gold,2014-11-28,-0.6754,-3.3279,0.96672145
gold,2014-12-01,-2.1674,-5.4232,0.94576828
gold,2014-12-02,3.8228,-1.8077,0.98192276
gold,2014-12-03,-0.251,-2.0542,0.97945768
gold,2014-12-04,0.3356,-1.7256,0.98274445
gold,2014-12-05,0.0836,-1.6434,0.98356615
gold,2014-12-08,-0.8772,-2.5062,0.97493837
gold,2014-12-09,1.4749,-1.0682,0.989318
gold,2014-12-10,2.2841,1.1915,1.01191454
gold,2014-12-11,-0.8932,0.2876,1.00287592
gold,2014-12-12,-0.2868,0.0,1.0
gold,2014-12-15,0.1233,0.1233,1.00123254
gold,2014-12-16,-1.3541,-1.2325,0.98767461
gold,2014-12-17,-0.1248,-1.3558,0.98644207
gold,2014-12-18,0.3332,-1.0271,0.98972884
gold,2014-12-19,0.2076,-0.8217,0.99178307
gold,2014-12-22,-0.2071,-1.0271,0.98972884
gold,2014-12-23,-1.2038,-2.2186,0.9778143
gold,2014-12-24,-0.084,-2.3007,0.9769926
gold,2014-12-25,-0.0841,-2.3829,0.97617091
gold,2014-12-26,0.4209,-1.9721,0.98027938
gold,2014-12-29,0.8382,-1.1504,0.9884963
gold,2014-12-30,-0.7481,-1.8899,0.98110107
gold,2014-12-31,1.005,-0.9039,0.99096138
gold,2015-01-05,0.0829,-0.8217,0.99178307
gold,2015-01-06,0.8699,0.0411,1.00041085
gold,2015-01-07,0.4107,0.4519,1.00451931
gold,2015-01-08,-0.5726,-0.1233,0.99876746
gold,2015-01-09,0.3291,0.2054,1.00205423
gold,2015-01-12,0.779,0.986,1.00986031
gold,2015-01-13,0.5289,1.5201,1.01520131
gold,2015-01-14,-0.2023,1.3147,1.01314708
gold,2015-01-15,-0.1622,1.1504,1.0115037
gold,2015-01-16,2.2746,3.4511,1.03451109
gold,2015-01-19,1.946,5.4643,1.05464256
gold,2015-01-20,0.1169,5.5875,1.0558751
gold,2015-01-21,1.9455,7.6417,1.07641742
gold,2015-01-22,-1.1832,6.3681,1.06368118
gold,2015-01-23,0.6952,7.1076,1.07107642
gold,2015-01-26,0.0767,7.1898,1.07189811
gold,2015-01-27,-0.7666,6.3681,1.06368118
gold,2015-01-28,0.3476,6.7379,1.0673788
gold,2015-01-29,-0.5004,6.2038,1.0620378
gold,2015-01-30,-1.6634,4.4371,1.04437141
gold,2015-02-02,1.7309,6.2449,1.06244864
gold,2015-02-03,0.0773,6.327,1.06327034
gold,2015-02-04,-1.0819,5.1767,1.05176664
gold,2015-02-05,0.625,5.834,1.05834018
gold,2015-02-06,-0.4658,5.341,1.05341002
gold,2015-02-09,-2.3401,2.8759,1.02875924
gold,2015-02-10,0.3994,3.2868,1.03286771
gold,2015-02-11,-0.3978,2.8759,1.02875924
gold,2015-02-12,-0.9984,1.8488,1.01848809
gold,2015-02-13,0.6858,2.5472,1.02547247
gold,2015-02-16,0.0801,2.6294,1.02629417
gold,2015-02-17,-0.4003,2.2186,1.0221857
gold,2015-02-25,-0.8842,1.3147,1.01314708
gold,2015-02-26,-0.0811,1.2325,1.01232539
gold,2015-02-27,0.0406,1.2736,1.01273624
gold,2015-03-02,0.8114,2.0953,1.02095316
gold,2015-03-03,-0.7243,1.3558,1.01355793
gold,2015-03-04,-0.3243,1.0271,1.01027116
gold,2015-03-05,-0.4067,0.6163,1.0061627
gold,2015-03-06,-0.4083,0.2054,1.00205423
gold,2015-03-09,-2.05,-1.8488,0.98151191
gold,2015-03-10,-0.879,-2.7116,0.97288414
gold,2015-03-11,0.0422,-2.6705,0.97329499
gold,2015-03-12,0.1266,-2.5472,0.97452753
gold,2015-03-13,-0.5481,-3.0813,0.96918652
gold,2015-03-16,0.6359,-2.4651,0.97534922
gold,2015-03-17,-0.674,-3.1224,0.96877568
gold,2015-03-18,-0.7209,-3.8209,0.96179129
gold,2015-03-19,0.9398,-2.917,0.97082991
gold,2015-03-20,-0.3809,-3.2868,0.96713229
gold,2015-03-23,0.8496,-2.4651,0.97534922
gold,2015-03-24,0.3791,-2.0953,0.97904684
gold,2015-03-25,-0.0839,-2.1775,0.97822514
gold,2015-03-26,0.966,-1.2325,0.98767461
gold,2015-03-27,0.0832,-1.1504,0.9884963
gold,2015-03-30,-1.0806,-2.2186,0.9778143
gold,2015-03-31,-0.5882,-2.7938,0.97206245
gold,2015-04-01,0.2113,-2.5883,0.97411668
gold,2015-04-02,1.0966,-1.5201,0.98479869
gold,2015-04-03,-0.2086,-1.7256,0.98274445
gold,2015-04-07,0.6271,-1.1093,0.98890715
gold,2015-04-08,0.0415,-1.0682,0.989318
gold,2015-04-09,-0.9551,-2.0131,0.97986853
gold,2015-04-10,-0.0419,-2.0542,0.97945768
gold,2015-04-13,0.4195,-1.6434,0.98356615
gold,2015-04-14,-0.8354,-2.4651,0.97534922
gold,2015-04-15,-0.2527,-2.7116,0.97288414
gold,2015-04-16,0.7601,-1.9721,0.98027938
gold,2015-04-17,0.3772,-1.6023,0.98397699
gold,2015-04-20,0.9186,-0.6984,0.99301561
gold,2015-04-21,-0.7447,-1.438,0.98562038
gold,2015-04-22,0.5002,-0.9449,0.99055053
gold,2015-04-23,-0.871,-1.8077,0.98192276
gold,2015-04-24,0.3766,-1.438,0.98562038
gold,2015-04-27,-0.9587,-2.3829,0.97617091
gold,2015-04-28,0.9259,-1.479,0.98520953
gold,2015-04-29,0.5421,-0.9449,0.99055053
gold,2015-04-30,-0.083,-1.0271,0.98972884
gold,2015-05-04,-0.9963,-2.0131,0.97986853
gold,2015-05-05,-0.1677,-2.1775,0.97822514
gold,2015-05-06,0.084,-2.0953,0.97904684
gold,2015-05-07,-1.0491,-3.1224,0.96877568
gold,2015-05-08,0.4665,-2.6705,0.97329499
gold,2015-05-11,0.3377,-2.3418,0.97658176
gold,2015-05-12,-0.0421,-2.3829,0.97617091
gold,2015-05-13,0.3367,-2.0542,0.97945768
gold,2015-05-14,1.5101,-0.5752,0.99424815
gold,2015-05-15,0.2066,-0.3698,0.99630238
gold,2015-05-18,1.1134,0.7395,1.00739523
gold,2015-05-19,-0.7749,-0.0411,0.99958915
gold,2015-05-20,-1.1097,-1.1504,0.9884963
gold,2015-05-21,0.0416,-1.1093,0.98890715
gold,2015-05-22,0.1662,-0.9449,0.99055053
gold,2015-05-25,0.4977,-0.4519,0.99548069
gold,2015-05-26,-0.5365,-0.986,0.99013969
gold,2015-05-27,-0.6639,-1.6434,0.98356615
gold,2015-05-28,-0.1253,-1.7666,0.98233361
gold,2015-05-29,-0.4182,-2.1775,0.97822514
gold,2015-06-01,0.168,-2.0131,0.97986853
gold,2015-06-02,-0.2516,-2.2597,0.97740345
gold,2015-06-03,-0.3783,-2.6294,0.97370583
gold,2015-06-04,-0.2954,-2.917,0.97082991
gold,2015-06-05,0.2116,-2.7116,0.97288414
gold,2015-06-08,0.0422,-2.6705,0.97329499
gold,2015-06-09,-0.1266,-2.7938,0.97206245
gold,2015-06-10,0.2113,-2.5883,0.97411668
gold,2015-06-11,0.0,-2.5883,0.97411668
gold,2015-06-12,0.1687,-2.424,0.97576007
gold,2015-06-15,-0.1263,-2.5472,0.97452753
gold,2015-06-16,-0.1686,-2.7116,0.97288414
gold,2015-06-17,-0.2956,-2.9992,0.97000822
gold,2015-06-18,-0.0424,-3.0403,0.96959737
gold,2015-06-19,0.1695,-2.8759,0.97124076
gold,2015-06-23,-0.423,-3.2868,0.96713229
gold,2015-06-24,0.3823,-2.917,0.97082991
gold,2015-06-25,-0.1693,-3.0813,0.96918652
gold,2015-06-26,-0.2543,-3.3279,0.96672145
gold,2015-06-29,0.085,-3.2457,0.96754314
gold,2015-06-30,-0.3822,-3.6154,0.96384552
gold,2015-07-01,0.1279,-3.4922,0.96507806
gold,2015-07-02,-0.8089,-4.2728,0.95727198
gold,2015-07-03,-0.7725,-5.0123,0.94987675
gold,2015-07-06,0.7785,-4.2728,0.95727198
gold,2015-07-07,-0.7296,-4.9712,0.95028759
gold,2015-07-08,-3.329,-8.1348,0.91865242
gold,2015-07-09,3.5331,-4.8891,0.95110929
gold,2015-07-10,-0.6048,-5.4643,0.94535744
gold,2015-07-13,0.3911,-5.0945,0.94905505
gold,2015-07-14,-0.0433,-5.1356,0.94864421
gold,2015-07-15,-0.0866,-5.2177,0.94782251
gold,2015-07-16,-0.3468,-5.5464,0.94453574
gold,2015-07-17,0.0,-5.5464,0.94453574
gold,2015-07-20,-2.4358,-7.8472,0.92152835
gold,2015-07-21,-0.7579,-8.5456,0.91454396
gold,2015-07-22,-0.9883,-9.4495,0.90550534
gold,2015-07-23,0.2269,-9.244,0.90755957
gold,2015-07-24,-1.0412,-10.189,0.89811011
gold,2015-07-27,1.2351,-9.0797,0.90920296
gold,2015-07-28,-0.9489,-9.9425,0.90057518
gold,2015-07-29,0.2281,-9.7371,0.90262942
gold,2015-07-30,-0.7738,-10.4355,0.89564503
gold,2015-07-31,-0.5963,-10.9696,0.89030403
gold,2015-08-03,1.0152,-10.0657,0.89934265
gold,2015-08-04,-0.4111,-10.4355,0.89564503
gold,2015-08-05,-0.1376,-10.5588,0.89441249
gold,2015-08-06,0.0,-10.5588,0.89441249
gold,2015-08-07,0.4593,-10.1479,0.89852095
gold,2015-08-10,0.3658,-9.8192,0.90180772
gold,2015-08-11,2.5513,-7.5185,0.92481512
gold,2015-08-12,3.3763,-4.3961,0.95603944
gold,2015-08-13,-0.5157,-4.8891,0.95110929
gold,2015-08-14,-0.6911,-5.5464,0.94453574
gold,2015-08-17,0.087,-5.4643,0.94535744
gold,2015-08-18,0.0435,-5.4232,0.94576828
gold,2015-08-19,0.3475,-5.0945,0.94905505
gold,2015-08-20,1.5584,-3.6154,0.96384552
gold,2015-08-21,1.8755,-1.8077,0.98192276
gold,2015-08-24,-0.3766,-2.1775,0.97822514
gold,2015-08-25,-0.546,-2.7116,0.97288414
gold,2015-08-26,-0.8024,-3.4922,0.96507806
gold,2015-08-27,-1.1494,-4.6015,0.95398521
gold,2015-08-28,0.4737,-4.1495,0.95850452
gold,2015-08-31,0.2572,-3.903,0.9609696
gold,2015-09-01,0.6413,-3.2868,0.96713229
gold,2015-09-02,-0.1274,-3.41,0.96589975
gold,2015-09-07,-1.6163,-4.9712,0.95028759
gold,2015-09-08,-0.4323,-5.3821,0.94617913
gold,2015-09-09,0.4342,-4.9712,0.95028759
gold,2015-09-10,-1.1673,-6.0805,0.93919474
gold,2015-09-11,0.0437,-6.0394,0.93960559
gold,2015-09-14,-0.2186,-6.2449,0.93755136
gold,2015-09-15,-0.0876,-6.327,0.93672966
gold,2015-09-16,-0.1316,-6.4503,0.93549712
gold,2015-09-17,1.2297,-5.2999,0.94700082
gold,2015-09-18,0.564,-4.7658,0.95234182
gold,2015-09-21,1.2511,-3.5744,0.96425637
gold,2015-09-22,-0.5965,-4.1495,0.95850452
gold,2015-09-23,-0.3,-4.4371,0.95562859
gold,2015-09-24,0.7739,-3.6976,0.96302383
gold,2015-09-25,0.6399,-3.0813,0.96918652
gold,2015-09-28,-0.5935,-3.6565,0.96343468
gold,2015-09-29,-1.322,-4.9302,0.95069844
gold,2015-09-30,0.0,-4.9302,0.95069844
gold,2015-10-08,1.3829,-3.6154,0.96384552
gold,2015-10-09,0.1705,-3.4511,0.96548891
gold,2015-10-12,1.0638,-2.424,0.97576007
gold,2015-10-13,-0.5895,-2.9992,0.97000822
gold,2015-10-14,1.5248,-1.5201,0.98479869
gold,2015-10-15,0.4172,-1.1093,0.98890715
gold,2015-10-16,-0.2077,-1.3147,0.98685292
gold,2015-10-19,-0.1665,-1.479,0.98520953
gold,2015-10-20,-0.2085,-1.6845,0.9831553
gold,2015-10-21,0.2507,-1.438,0.98562038
gold,2015-10-22,-0.4168,-1.8488,0.98151191
gold,2015-10-23,0.586,-1.2736,0.98726376
gold,2015-10-26,-0.6658,-1.931,0.98069022
gold,2015-10-27,0.2933,-1.6434,0.98356615
gold,2015-10-28,0.5013,-1.1504,0.9884963
gold,2015-10-29,-0.9144,-2.0542,0.97945768
gold,2015-10-30,-1.3842,-3.41,0.96589975
gold,2015-11-02,-0.4679,-3.862,0.96138044
gold,2015-11-03,-0.5556,-4.3961,0.95603944
gold,2015-11-04,-1.1173,-5.4643,0.94535744
gold,2015-11-05,-0.8692,-6.2859,0.93714051
gold,2015-11-06,0.0438,-6.2449,0.93755136
gold,2015-11-09,-1.4023,-7.5596,0.92440427
gold,2015-11-10,0.0,-7.5596,0.92440427
gold,2015-11-11,-0.0444,-7.6007,0.92399343
gold,2015-11-12,-0.2668,-7.8472,0.92152835
gold,2015-11-13,-0.5796,-8.3813,0.91618735
gold,2015-11-16,1.3453,-7.1487,0.92851274
gold,2015-11-17,-1.5044,-8.5456,0.91454396
gold,2015-11-18,-0.6289,-9.1208,0.90879211
gold,2015-11-19,0.4069,-8.751,0.91248973
gold,2015-11-20,0.5853,-8.2169,0.91783073
gold,2015-11-23,-0.9848,-9.1208,0.90879211
gold,2015-11-24,0.0,-9.1208,0.90879211
gold,2015-11-25,0.6329,-8.5456,0.91454396
gold,2015-11-26,-0.4043,-8.9154,0.91084634
gold,2015-11-27,-0.4962,-9.3673,0.90632703
gold,2015-11-30,-1.0426,-10.3122,0.89687757
gold,2015-12-01,1.5117,-8.9565,0.9104355
gold,2015-12-02,-0.361,-9.2851,0.90714873
gold,2015-12-03,-1.1775,-10.3533,0.89646672
gold,2015-12-04,0.8249,-9.6138,0.90386196
gold,2015-12-07,1.8182,-7.9704,0.92029581
gold,2015-12-08,-0.6696,-8.5867,0.91413311
gold,2015-12-09,0.2697,-8.3402,0.91659819
gold,2015-12-10,-0.0448,-8.3813,0.91618735
gold,2015-12-11,0.0,-8.3813,0.91618735
gold,2015-12-14,0.5381,-7.8882,0.9211175
gold,2015-12-15,-0.7583,-8.5867,0.91413311
gold,2015-12-16,0.0899,-8.5045,0.91495481
gold,2015-12-17,0.0449,-8.4634,0.91536565
gold,2015-12-18,-0.4937,-8.9154,0.91084634
gold,2015-12-21,0.9472,-8.0526,0.91947412
gold,2015-12-22,0.4915,-7.6007,0.92399343
gold,2015-12-23,-0.2223,-7.8061,0.92193919
gold,2015-12-24,0.0446,-7.765,0.92235004
gold,2015-12-25,0.2227,-7.5596,0.92440427
gold,2015-12-28,-0.2667,-7.8061,0.92193919
gold,2015-12-29,0.1783,-7.6417,0.92358258
gold,2015-12-30,-0.1335,-7.765,0.92235004
gold,2015-12-31,-0.5791,-8.2991,0.91700904
gold,2016-01-04,0.8513,-7.5185,0.92481512
gold,2016-01-05,0.8441,-6.7379,0.9326212
gold,2016-01-06,0.837,-5.9573,0.94042728
gold,2016-01-07,2.1844,-3.903,0.9609696
gold,2016-01-08,-0.0428,-3.9441,0.96055875
gold,2016-01-11,0.3849,-3.5744,0.96425637
gold,2016-01-12,-1.2356,-4.7658,0.95234182
gold,2016-01-13,-0.7765,-5.5053,0.94494659
gold,2016-01-14,0.7391,-4.8069,0.95193098
gold,2016-01-15,-0.5611,-5.341,0.94658998
gold,2016-01-18,0.3906,-4.9712,0.95028759
gold,2016-01-19,-0.0865,-5.0534,0.9494659
gold,2016-01-20,0.7789,-4.3139,0.95686113
gold,2016-01-21,0.9017,-3.4511,0.96548891
gold,2016-01-22,-0.6383,-4.0674,0.95932621
gold,2016-01-25,0.1713,-3.903,0.9609696
gold,2016-01-26,1.7101,-2.2597,0.97740345
gold,2016-01-27,-0.1681,-2.424,0.97576007
gold,2016-01-28,-0.5895,-2.9992,0.97000822
gold,2016-01-29,0.0847,-2.917,0.97082991
gold,2016-02-01,0.8464,-2.0953,0.97904684
gold,2016-02-02,0.2518,-1.8488,0.98151191
gold,2016-02-03,0.4186,-1.438,0.98562038
gold,2016-02-04,0.917,-0.5341,0.994659
gold,2016-02-05,1.2392,0.6984,1.00698439
gold,2016-02-15,3.9168,4.6426,1.04642564
gold,2016-02-16,-1.3742,3.2046,1.03204601
gold,2016-02-17,0.836,4.0674,1.04067379
gold,2016-02-18,0.1579,4.2317,1.04231717
gold,2016-02-19,1.4584,5.7518,1.05751849
gold,2016-02-22,-0.7382,4.9712,1.04971241
gold,2016-02-23,0.0783,5.0534,1.0505341
gold,2016-02-24,0.7822,5.8751,1.05875103
gold,2016-02-25,1.4358,7.3952,1.07395234
gold,2016-02-26,-0.0765,7.3131,1.07313065
gold,2016-02-29,-0.9571,6.2859,1.06285949
gold,2016-03-01,1.5075,7.8882,1.0788825
gold,2016-03-02,-1.1805,6.6146,1.06614626
gold,2016-03-03,0.8478,7.5185,1.07518488
gold,2016-03-04,1.2992,8.9154,1.08915366
gold,2016-03-07,-0.0754,8.8332,1.08833196
gold,2016-03-08,0.4908,9.3673,1.09367297
gold,2016-03-09,-1.0518,8.2169,1.08216927
gold,2016-03-10,-0.6074,7.5596,1.07559573
gold,2016-03-11,1.2605,8.9154,1.08915366
gold,2016-03-14,-1.0185,7.8061,1.07806081
gold,2016-03-15,-1.9817,5.6697,1.0566968
gold,2016-03-16,0.7387,6.4503,1.06450288
gold,2016-03-17,1.0035,7.5185,1.07518488
gold,2016-03-18,0.0,7.5185,1.07518488
gold,2016-03-21,-1.5667,5.834,1.05834018
gold,2016-03-22,0.8152,6.6968,1.06696795
gold,2016-03-23,-1.0397,5.5875,1.0558751
gold,2016-03-24,-1.4008,4.1085,1.04108463
gold,2016-03-25,0.5919,4.7247,1.04724733
gold,2016-03-28,-0.3138,4.3961,1.04396056
gold,2016-03-29,0.2361,4.6426,1.04642564
gold,2016-03-30,0.903,5.5875,1.0558751
gold,2016-03-31,-0.856,4.6836,1.04683648
gold,2016-04-01,0.6279,5.341,1.05341002
gold,2016-04-05,-0.468,4.848,1.04847987
gold,2016-04-06,0.0784,4.9302,1.04930156
gold,2016-04-07,-0.0392,4.8891,1.04889071
gold,2016-04-08,0.6659,5.5875,1.0558751
gold,2016-04-11,0.8949,6.5325,1.06532457
gold,2016-04-12,0.5399,7.1076,1.07107642
gold,2016-04-13,-0.8822,6.1627,1.06162695
gold,2016-04-14,-0.8127,5.2999,1.05299918
gold,2016-04-15,-0.039,5.2588,1.05258833
gold,2016-04-18,0.0781,5.341,1.05341002
gold,2016-04-19,0.936,6.327,1.06327034
gold,2016-04-20,0.2318,6.5735,1.06573541
gold,2016-04-21,1.2336,7.8882,1.0788825
gold,2016-04-22,-1.2947,6.4914,1.06491372
gold,2016-04-25,-0.5401,5.9162,1.05916187
gold,2016-04-26,-0.1939,5.7108,1.05710764
gold,2016-04-27,1.0882,6.8611,1.06861134
gold,2016-04-28,0.4614,7.3541,1.0735415
gold,2016-04-29,1.7987,9.2851,1.09285127
gold,2016-05-03,1.5789,11.0107,1.11010682
gold,2016-05-04,-0.9252,9.9836,1.09983566
gold,2016-05-05,-0.0747,9.9014,1.09901397
gold,2016-05-06,0.1869,10.1068,1.1010682
gold,2016-05-09,-0.3731,9.696,1.09695974
gold,2016-05-10,-0.4869,9.1619,1.09161873
gold,2016-05-11,0.4516,9.6549,1.09654889
gold,2016-05-12,-0.3372,9.2851,1.09285127
gold,2016-05-13,0.8271,10.189,1.10188989
gold,2016-05-16,0.4847,10.7231,1.1072309
gold,2016-05-17,-0.4824,10.189,1.10188989
gold,2016-05-18,-0.0373,10.1479,1.10147905
gold,2016-05-19,-1.5293,8.4634,1.08463435
gold,2016-05-20,-0.0758,8.3813,1.08381265
gold,2016-05-23,-0.1137,8.258,1.08258012
gold,2016-05-24,-0.4554,7.765,1.07764996
gold,2016-05-25,-1.6012,6.0394,1.06039441
gold,2016-05-26,0.3874,6.4503,1.06450288
gold,2016-05-27,-0.4245,5.9984,1.05998357
gold,2016-05-30,-1.0078,4.9302,1.04930156
gold,2016-05-31,0.8614,5.834,1.05834018
gold,2016-06-01,0.1165,5.9573,1.05957272
gold,2016-06-02,0.0775,6.0394,1.06039441
gold,2016-06-03,-0.2712,5.7518,1.05751849
gold,2016-06-06,1.826,7.6828,1.07682827
gold,2016-06-07,0.1526,7.8472,1.07847165
gold,2016-06-08,0.8,8.7099,1.08709942
gold,2016-06-13,2.9478,11.9145,1.11914544
gold,2016-06-14,-0.257,11.627,1.11626952
gold,2016-06-15,0.4785,12.1611,1.12161052
gold,2016-06-16,1.7216,14.092,1.1409203
gold,2016-06-17,-2.2326,11.5448,1.11544782
gold,2016-06-20,0.0737,11.627,1.11626952
gold,2016-06-21,-0.184,11.4215,1.11421528
gold,2016-06-22,-1.3643,9.9014,1.09901397
gold,2016-06-23,0.2243,10.1479,1.10147905
gold,2016-06-24,4.6251,15.2424,1.15242399
gold,2016-06-27,0.82,16.1873,1.16187346
gold,2016-06-28,-0.389,15.7354,1.15735415
gold,2016-06-29,0.4615,16.2695,1.16269515
gold,2016-06-30,-0.424,15.7765,1.157765
gold,2016-07-01,1.4194,17.4199,1.17419885
gold,2016-07-04,1.4346,19.1044,1.19104355
gold,2016-07-05,-0.3105,18.7346,1.18734593
gold,2016-07-06,1.9723,21.0764,1.21076417
gold,2016-07-07,-0.3733,20.6245,1.20624486
gold,2016-07-08,-0.6812,19.8028,1.19802794
gold,2016-07-11,0.8916,20.871,1.20870994
gold,2016-07-12,-0.7818,19.926,1.19926048
gold,2016-07-13,-0.925,18.8168,1.18816763
gold,2016-07-14,-0.6916,17.9951,1.1799507
gold,2016-07-15,0.1045,18.1183,1.18118324
gold,2016-07-18,-0.3478,17.7075,1.17707477
gold,2016-07-19,0.1745,17.9129,1.17912901
gold,2016-07-20,-0.4181,17.4199,1.17419885
gold,2016-07-21,-0.9797,16.2695,1.16269515
gold,2016-07-22,0.4947,16.8447,1.168447
gold,2016-07-25,-0.4923,16.2695,1.16269515
gold,2016-07-26,0.1413,16.4339,1.16433854
gold,2016-07-27,0.0706,16.516,1.16516023
gold,2016-07-28,1.4104,18.1594,1.18159408
gold,2016-07-29,-0.5911,17.461,1.1746097
gold,2016-08-01,0.6296,18.2005,1.18200493
gold,2016-08-02,0.6257,18.94,1.18940016
gold,2016-08-03,0.5872,19.6385,1.19638455
gold,2016-08-04,-1.0646,18.3648,1.18364832
gold,2016-08-05,1.2843,19.885,1.19884963
gold,2016-08-08,-2.0905,17.3788,1.173788
gold,2016-08-09,-0.07,17.2966,1.17296631
gold,2016-08-10,1.4361,18.9811,1.18981101
gold,2016-08-11,-0.8633,17.954,1.17953985
gold,2016-08-12,-0.0348,17.9129,1.17912901
gold,2016-08-15,-0.2091,17.6664,1.17666393
gold,2016-08-16,0.3841,18.1183,1.18118324
gold,2016-08-17,-0.487,17.5431,1.17543139
gold,2016-08-18,0.5243,18.1594,1.18159408
gold,2016-08-19,0.0348,18.2005,1.18200493
gold,2016-08-22,-0.7647,17.2966,1.17296631
gold,2016-08-23,0.1751,17.5021,1.17502054
gold,2016-08-24,0.035,17.5431,1.17543139
gold,2016-08-25,-0.8389,16.5571,1.16557108
gold,2016-08-26,0.141,16.7214,1.16721446
gold,2016-08-29,-0.3872,16.2695,1.16269515
gold,2016-08-30,0.212,16.516,1.16516023
gold,2016-08-31,-0.4584,15.9819,1.15981923
gold,2016-09-01,-0.2834,15.6532,1.15653246
gold,2016-09-02,0.2131,15.8998,1.15899753
gold,2016-09-05,1.0635,17.1323,1.17132293
gold,2016-09-06,0.0351,17.1734,1.17173377
gold,2016-09-07,1.3675,18.7757,1.18775678
gold,2016-09-08,-0.0692,18.6935,1.18693509
gold,2016-09-09,-0.5884,17.9951,1.1799507
gold,2016-09-12,-0.6964,17.1734,1.17173377
gold,2016-09-13,0.1753,17.3788,1.173788
gold,2016-09-14,-0.49,16.8036,1.16803615
gold,2016-09-19,-0.598,16.1052,1.16105177
gold,2016-09-20,0.1769,16.3106,1.163106
gold,2016-09-21,0.2473,16.5982,1.16598192
gold,2016-09-22,0.74,17.461,1.1746097
gold,2016-09-23,0.1049,17.5842,1.17584224
gold,2016-09-26,0.0349,17.6253,1.17625308
gold,2016-09-27,-0.1746,17.4199,1.17419885
gold,2016-09-28,-0.7348,16.5571,1.16557108
gold,2016-09-29,-0.1762,16.3517,1.16351684
gold,2016-09-30,0.3884,16.8036,1.16803615
gold,2016-10-10,-3.7285,12.4486,1.12448644
gold,2016-10-11,-0.2192,12.2021,1.12202136
gold,2016-10-12,-0.2197,11.9556,1.11955629
gold,2016-10-13,0.3303,12.3254,1.1232539
gold,2016-10-14,-0.3658,11.9145,1.11914544
gold,2016-10-17,0.3671,12.3254,1.1232539
gold,2016-10-18,0.2195,12.5719,1.12571898
gold,2016-10-19,0.0,12.5719,1.12571898
gold,2016-10-20,0.7664,13.4347,1.13434675
gold,2016-10-21,-0.3622,13.0238,1.13023829
gold,2016-10-24,0.3272,13.3936,1.13393591
gold,2016-10-25,0.3623,13.8044,1.13804437
gold,2016-10-26,0.4693,14.3385,1.14338537
gold,2016-10-27,-0.3953,13.8866,1.13886606
gold,2016-10-28,0.1082,14.0099,1.1400986
gold,2016-10-31,0.4685,14.544,1.14543961
gold,2016-11-01,0.3945,14.9959,1.14995892
gold,2016-11-02,0.8932,16.023,1.16023007
gold,2016-11-03,-0.0354,15.9819,1.15981923
gold,2016-11-04,-0.673,15.2013,1.15201315
gold,2016-11-07,-0.428,14.7083,1.14708299
gold,2016-11-08,0.2149,14.9548,1.14954807
gold,2016-11-09,2.3946,17.7075,1.17707477
gold,2016-11-10,-1.815,15.5711,1.15571076
gold,2016-11-11,-1.5642,13.7634,1.13763353
gold,2016-11-14,-3.1058,10.2301,1.10230074
gold,2016-11-15,0.9691,11.2983,1.11298274
gold,2016-11-16,0.4799,11.8324,1.11832375
gold,2016-11-17,-0.2204,11.5859,1.11585867
gold,2016-11-18,-1.0677,10.3944,1.10394412
gold,2016-11-21,0.8188,11.2983,1.11298274
gold,2016-11-22,0.2215,11.5448,1.11544782
gold,2016-11-23,0.0737,11.627,1.11626952
gold,2016-11-24,-1.2146,10.2712,1.10271159
gold,2016-11-25,-0.8197,9.3673,1.09367297
gold,2016-11-28,0.6011,10.0247,1.10024651
gold,2016-11-29,-0.4481,9.5316,1.09531635
gold,2016-11-30,-0.5251,8.9565,1.0895645
gold,2016-12-01,-0.4525,8.4634,1.08463435
gold,2016-12-02,-0.0758,8.3813,1.08381265
gold,2016-12-05,-0.3412,8.0115,1.08011504
gold,2016-12-06,-0.1141,7.8882,1.0788825
gold,2016-12-07,-0.1904,7.6828,1.07682827
gold,2016-12-08,0.8775,8.6278,1.08627773
gold,2016-12-09,-0.0378,8.5867,1.08586689
gold,2016-12-12,-0.4919,8.0526,1.08052588
gold,2016-12-13,0.076,8.1348,1.08134758
gold,2016-12-14,0.6839,8.8743,1.08874281
gold,2016-12-15,-1.3208,7.4363,1.07436319
gold,2016-12-16,-0.4971,6.9022,1.06902219
gold,2016-12-19,0.4996,7.4363,1.07436319
gold,2016-12-20,-0.5354,6.8611,1.06861134
gold,2016-12-21,-0.2307,6.6146,1.06614626
gold,2016-12-22,-0.6936,5.8751,1.05875103
gold,2016-12-23,0.2328,6.1216,1.06121611
gold,2016-12-26,0.3484,6.4914,1.06491372
gold,2016-12-27,0.1157,6.6146,1.06614626
gold,2016-12-28,0.3083,6.9433,1.06943303
gold,2016-12-29,0.4994,7.4774,1.07477403
gold,2016-12-30,0.7645,8.2991,1.08299096
gold,2017-01-03,-0.3794,7.8882,1.0788825
gold,2017-01-04,0.457,8.3813,1.08381265
gold,2017-01-05,-0.0758,8.2991,1.08299096
gold,2017-01-06,-0.1138,8.1758,1.08175842
gold,2017-01-09,0.4558,8.6689,1.08668858
gold,2017-01-10,0.6805,9.4084,1.09408381
gold,2017-01-11,0.0376,9.4495,1.09449466
gold,2017-01-12,0.2628,9.7371,1.09737058
gold,2017-01-13,-0.337,9.3673,1.09367297
gold,2017-01-16,0.7513,10.189,1.10188989
gold,2017-01-17,0.4474,10.682,1.10682005
gold,2017-01-18,-0.3341,10.3122,1.10312243
gold,2017-01-19,-0.8566,9.3673,1.09367297
gold,2017-01-20,0.2254,9.6138,1.09613804
gold,2017-01-23,0.4873,10.1479,1.10147905
gold,2017-01-24,-0.1492,9.9836,1.09983566
gold,2017-01-25,-0.9712,8.9154,1.08915366
gold,2017-01-26,-0.3772,8.5045,1.08504519
gold,2017-02-03,1.2495,9.8603,1.09860312
gold,2017-02-06,1.0097,10.9696,1.10969597
gold,2017-02-07,0.7775,11.8324,1.11832375
gold,2017-02-08,0.0,11.8324,1.11832375
gold,2017-02-09,0.6613,12.5719,1.12571898
gold,2017-02-10,-1.0219,11.4215,1.11421528
gold,2017-02-13,0.2581,11.7091,1.11709121
gold,2017-02-14,0.0368,11.7502,1.11750205
gold,2017-02-15,-0.4779,11.2161,1.11216105
gold,2017-02-16,0.6649,11.9556,1.11955629
gold,2017-02-17,0.4404,12.4486,1.12448644
gold,2017-02-20,-0.2558,12.1611,1.12161052
gold,2017-02-21,0.2198,12.4076,1.1240756
gold,2017-02-22,-0.0365,12.3665,1.12366475
gold,2017-02-23,0.1463,12.5308,1.12530813
gold,2017-02-24,1.3143,14.0099,1.1400986
gold,2017-02-27,0.3243,14.3796,1.14379622
gold,2017-02-28,-0.3592,13.9688,1.13968776
gold,2017-03-01,-0.6849,13.1882,1.13188168
gold,2017-03-02,0.1089,13.3114,1.13311422
gold,2017-03-03,-0.7614,12.4486,1.12448644
gold,2017-03-06,0.0731,12.5308,1.12530813
gold,2017-03-07,-0.3651,12.12,1.12119967
gold,2017-03-08,-0.4397,11.627,1.11626952
gold,2017-03-09,-0.3312,11.2572,1.1125719
gold,2017-03-10,-0.6647,10.5177,1.10517666
gold,2017-03-13,1.0409,11.668,1.11668036
gold,2017-03-14,-0.3311,11.2983,1.11298274
gold,2017-03-15,0.0,11.2983,1.11298274
gold,2017-03-16,1.5135,12.9827,1.12982744
gold,2017-03-17,0.1455,13.1471,1.13147083
gold,2017-03-20,0.4357,13.6401,1.13640099
gold,2017-03-21,-0.5423,13.0238,1.13023829
gold,2017-03-22,0.9088,14.0509,1.14050945
gold,2017-03-23,0.1081,14.1742,1.14174199
gold,2017-03-24,-0.2159,13.9277,1.13927691
gold,2017-03-27,0.9737,15.037,1.15036976
gold,2017-03-28,-0.25,14.7494,1.14749384
gold,2017-03-29,-0.2506,14.4618,1.14461791
gold,2017-03-30,-0.0718,14.3796,1.14379622
gold,2017-03-31,-0.8261,13.4347,1.13434675
gold,2017-04-05,1.1228,14.7083,1.14708299
gold,2017-04-06,0.0716,14.7905,1.14790468
gold,2017-04-07,0.8948,15.8176,1.15817584
gold,2017-04-10,-0.3902,15.3657,1.15365653
gold,2017-04-11,0.2137,15.6122,1.15612161
gold,2017-04-12,0.995,16.7625,1.16762531
gold,2017-04-13,0.3871,17.2145,1.17214462
gold,2017-04-14,0.2103,17.461,1.1746097
gold,2017-04-17,-0.2448,17.1734,1.17173377
gold,2017-04-18,-0.3156,16.8036,1.16803615
gold,2017-04-19,-0.0703,16.7214,1.16721446
gold,2017-04-20,-0.176,16.516,1.16516023
gold,2017-04-21,-0.3173,16.1463,1.16146261
gold,2017-04-24,-0.7782,15.2424,1.15242399
gold,2017-04-25,0.0713,15.3246,1.15324569
gold,2017-04-26,-0.4631,14.7905,1.14790468
gold,2017-04-27,0.2863,15.1191,1.15119145
gold,2017-04-28,0.3569,15.53,1.15529992
gold,2017-05-02,-0.8535,14.544,1.14543961
gold,2017-05-03,0.0,14.544,1.14543961
gold,2017-05-04,-1.5423,12.7773,1.12777321
gold,2017-05-05,0.0729,12.8595,1.12859491
gold,2017-05-08,-0.3276,12.4897,1.12489729
gold,2017-05-09,0.1096,12.613,1.12612983
gold,2017-05-10,-0.5472,11.9967,1.11996713
gold,2017-05-11,0.1834,12.2021,1.12202136
gold,2017-05-12,0.2929,12.5308,1.12530813
gold,2017-05-15,0.4016,12.9827,1.12982744
gold,2017-05-16,0.2545,13.2703,1.13270337
gold,2017-05-17,0.399,13.7223,1.13722268
gold,2017-05-18,0.8309,14.6672,1.14667214
gold,2017-05-19,-0.2508,14.3796,1.14379622
gold,2017-05-22,0.2155,14.6261,1.1462613
gold,2017-05-23,0.4659,15.1602,1.1516023
gold,2017-05-24,-1.106,13.8866,1.13886606
gold,2017-05-25,0.4329,14.3796,1.14379622
gold,2017-05-26,0.1437,14.544,1.14543961
gold,2017-05-31,-0.4663,14.0099,1.1400986
gold,2017-06-01,0.0721,14.092,1.1409203
gold,2017-06-02,-0.2161,13.8455,1.13845522
gold,2017-06-05,1.227,15.2424,1.15242399
gold,2017-06-06,0.6061,15.9408,1.15940838
gold,2017-06-07,0.0354,15.9819,1.15981923
gold,2017-06-08,-0.6022,15.2835,1.15283484
gold,2017-06-09,-0.9266,14.2153,1.14215283
gold,2017-06-12,-0.3597,13.8044,1.13804437
gold,2017-06-13,0.1805,14.0099,1.1400986
gold,2017-06-14,0.2523,14.2975,1.14297453
gold,2017-06-15,-0.8267,13.3525,1.13352506
gold,2017-06-16,-0.145,13.1882,1.13188168
gold,2017-06-19,-0.0726,13.106,1.13105998
gold,2017-06-20,-0.3632,12.6952,1.12695152
gold,2017-06-21,0.0729,12.7773,1.12777321
gold,2017-06-22,0.5464,13.3936,1.13393591
gold,2017-06-23,0.1449,13.5579,1.13557929
gold,2017-06-26,0.0,13.5579,1.13557929
gold,2017-06-27,-0.4703,13.0238,1.13023829
gold,2017-06-28,-0.1454,12.8595,1.12859491
gold,2017-06-29,-0.2548,12.5719,1.12571898
gold,2017-06-30,-0.9489,11.5037,1.11503698
gold,2017-07-03,-0.2579,11.2161,1.11216105
gold,2017-07-04,-0.6649,10.4766,1.10476582
gold,2017-07-05,-0.0372,10.4355,1.10435497
gold,2017-07-06,0.2232,10.682,1.10682005
gold,2017-07-07,-0.297,10.3533,1.10353328
gold,2017-07-10,-1.0424,9.203,1.09202958
gold,2017-07-11,0.3386,9.5727,1.0957272
gold,2017-07-12,0.3375,9.9425,1.09942482
gold,2017-07-13,0.299,10.2712,1.10271159
gold,2017-07-14,-0.3353,9.9014,1.09901397
gold,2017-07-17,0.7477,10.7231,1.1072309
gold,2017-07-18,0.4824,11.2572,1.1125719
gold,2017-07-19,0.0369,11.2983,1.11298274
gold,2017-07-20,-0.0369,11.2572,1.1125719
gold,2017-07-21,0.5908,11.9145,1.11914544
gold,2017-07-24,0.1101,12.0378,1.12037798
gold,2017-07-25,0.22,12.2843,1.12284306
gold,2017-07-26,-0.8416,11.3394,1.11339359
gold,2017-07-27,1.0701,12.5308,1.12530813
gold,2017-07-28,-0.146,12.3665,1.12366475
gold,2017-07-31,0.2559,12.6541,1.12654067
gold,2017-08-01,0.1094,12.7773,1.12777321
gold,2017-08-02,-0.1093,12.6541,1.12654067
gold,2017-08-03,-0.4012,12.2021,1.12202136
gold,2017-08-04,0.6225,12.9006,1.12900575
gold,2017-08-07,-0.837,11.9556,1.11955629
gold,2017-08-08,-0.1835,11.7502,1.11750205
gold,2017-08-09,0.2574,12.0378,1.12037798
gold,2017-08-10,0.8067,12.9417,1.1294166
gold,2017-08-11,0.5093,13.5168,1.13516845
gold,2017-08-14,-0.1086,13.3936,1.13393591
gold,2017-08-15,-0.7246,12.5719,1.12571898
gold,2017-08-16,-0.2555,12.2843,1.12284306
gold,2017-08-17,0.9879,13.3936,1.13393591
gold,2017-08-18,0.1087,13.5168,1.13516845
gold,2017-08-21,-0.3981,13.0649,1.13064914
gold,2017-08-22,-0.109,12.9417,1.1294166
gold,2017-08-23,0.0364,12.9827,1.12982744
gold,2017-08-24,0.0364,13.0238,1.13023829
gold,2017-08-25,-0.0727,12.9417,1.1294166
gold,2017-08-28,0.4729,13.4758,1.1347576
gold,2017-08-29,1.0862,14.7083,1.14708299
gold,2017-08-30,-1.1461,13.3936,1.13393591
gold,2017-08-31,-0.1449,13.2293,1.13229252
gold,2017-09-01,0.6894,14.0099,1.1400986
gold,2017-09-04,0.7568,14.8726,1.14872638
gold,2017-09-05,-0.1431,14.7083,1.14708299
gold,2017-09-06,0.1074,14.8316,1.14831553
gold,2017-09-07,-0.322,14.4618,1.14461791
gold,2017-09-08,0.2872,14.7905,1.14790468
gold,2017-09-11,-0.4653,14.2564,1.14256368
gold,2017-09-12,-0.4315,13.7634,1.13763353
gold,2017-09-13,0.1445,13.9277,1.13927691
gold,2017-09-14,-0.1803,13.7223,1.13722268
gold,2017-09-15,0.4335,14.2153,1.14215283
gold,2017-09-18,-0.7914,13.3114,1.13311422
gold,2017-09-19,0.0363,13.3525,1.13352506
gold,2017-09-20,0.1087,13.4758,1.1347576
gold,2017-09-21,-1.05,12.2843,1.12284306
gold,2017-09-22,0.1829,12.4897,1.12489729
gold,2017-09-25,-0.1461,12.3254,1.1232539
gold,2017-09-26,1.3899,13.8866,1.13886606
gold,2017-09-27,-0.8658,12.9006,1.12900575
gold,2017-09-28,-0.5822,12.2432,1.12243221
gold,2017-09-29,0.366,12.6541,1.12654067
gold,2017-10-09,-0.4741,12.12,1.12119967
gold,2017-10-10,0.0366,12.1611,1.12161052
gold,2017-10-11,-0.2198,11.9145,1.11914544
gold,2017-10-12,0.3671,12.3254,1.1232539
gold,2017-10-13,0.0,12.3254,1.1232539
gold,2017-10-16,0.5121,12.9006,1.12900575
gold,2017-10-17,-0.4731,12.3665,1.12366475
gold,2017-10-18,-0.2194,12.12,1.12119967
gold,2017-10-19,-0.1832,11.9145,1.11914544
gold,2017-10-20,-0.0367,11.8735,1.11873459
gold,2017-10-23,-0.3672,11.4626,1.11462613
gold,2017-10-24,0.3686,11.8735,1.11873459
gold,2017-10-25,-0.404,11.4215,1.11421528
gold,2017-10-26,0.4056,11.8735,1.11873459
gold,2017-10-27,-0.6243,11.175,1.11175021
gold,2017-10-30,0.1848,11.3804,1.11380444
gold,2017-10-31,0.2582,11.668,1.11668036
gold,2017-11-01,-0.2575,11.3804,1.11380444
gold,2017-11-02,0.0369,11.4215,1.11421528
gold,2017-11-03,0.0369,11.4626,1.11462613
gold,2017-11-06,-0.2212,11.2161,1.11216105
gold,2017-11-07,0.4433,11.7091,1.11709121
gold,2017-11-08,0.0368,11.7502,1.11750205
gold,2017-11-09,0.3309,12.12,1.12119967
gold,2017-11-10,0.2199,12.3665,1.12366475
gold,2017-11-13,-0.4022,11.9145,1.11914544
gold,2017-11-14,-0.1836,11.7091,1.11709121
gold,2017-11-15,0.1839,11.9145,1.11914544
gold,2017-11-16,-0.1836,11.7091,1.11709121
gold,2017-11-17,0.331,12.0789,1.12078882
gold,2017-11-20,0.5132,12.6541,1.12654067
gold,2017-11-21,-0.5835,11.9967,1.11996713
gold,2017-11-22,0.0,11.9967,1.11996713
gold,2017-11-23,0.0734,12.0789,1.12078882
gold,2017-11-24,0.1466,12.2432,1.12243221
gold,2017-11-27,-0.0366,12.2021,1.12202136
gold,2017-11-28,0.1831,12.4076,1.1240756
gold,2017-11-29,0.0731,12.4897,1.12489729
gold,2017-11-30,-0.6574,11.7502,1.11750205
gold,2017-12-01,-0.6618,11.0107,1.11010682
gold,2017-12-04,-0.074,10.9285,1.10928513
gold,2017-12-05,0.0741,11.0107,1.11010682
gold,2017-12-06,-0.5922,10.3533,1.10353328
gold,2017-12-07,-0.6701,9.6138,1.09613804
gold,2017-12-08,-0.6372,8.9154,1.08915366
gold,2017-12-11,0.0754,8.9975,1.08997535
gold,2017-12-12,-0.1508,8.8332,1.08833196
gold,2017-12-13,0.0378,8.8743,1.08874281
gold,2017-12-14,0.9057,9.8603,1.09860312
gold,2017-12-15,-0.0374,9.8192,1.09819228
gold,2017-12-18,0.0374,9.8603,1.09860312
gold,2017-12-19,0.4488,10.3533,1.10353328
gold,2017-12-20,-0.2234,10.1068,1.1010682
gold,2017-12-21,-0.1493,9.9425,1.09942482
gold,2017-12-22,0.0747,10.0247,1.10024651
gold,2017-12-25,0.5601,10.6409,1.1064092
gold,2017-12-26,-0.5941,9.9836,1.09983566
gold,2017-12-27,0.523,10.5588,1.10558751
gold,2017-12-28,0.0372,10.5998,1.10599836
gold,2017-12-29,0.5944,11.2572,1.1125719
gold,2018-01-02,0.5539,11.8735,1.11873459
gold,2018-01-03,0.3672,12.2843,1.12284306
gold,2018-01-04,-0.5123,11.7091,1.11709121
gold,2018-01-05,0.331,12.0789,1.12078882
gold,2018-01-08,0.0733,12.1611,1.12161052
gold,2018-01-09,0.2198,12.4076,1.1240756
gold,2018-01-10,-0.2558,12.12,1.12119967
gold,2018-01-11,0.1832,12.3254,1.1232539
gold,2018-01-12,1.4631,13.9688,1.13968776
gold,2018-01-15,0.3244,14.3385,1.14338537
gold,2018-01-16,-0.0719,14.2564,1.14256368
gold,2018-01-17,-0.2517,13.9688,1.13968776
gold,2018-01-18,-0.5407,13.3525,1.13352506
gold,2018-01-19,-0.29,13.0238,1.13023829
gold,2018-01-22,0.1091,13.1471,1.13147083
gold,2018-01-23,0.2905,13.4758,1.1347576
gold,2018-01-24,0.4345,13.9688,1.13968776
gold,2018-01-25,0.3605,14.3796,1.14379622
gold,2018-01-26,-0.6106,13.6812,1.13681183
gold,2018-01-29,-0.4698,13.1471,1.13147083
gold,2018-01-30,-0.8351,12.2021,1.12202136
gold,2018-01-31,0.1465,12.3665,1.12366475
gold,2018-02-01,-0.2194,12.12,1.12119967
gold,2018-02-02,0.0733,12.2021,1.12202136
gold,2018-02-05,-0.952,11.1339,1.11133936
gold,2018-02-06,0.7763,11.9967,1.11996713
gold,2018-02-07,-1.3573,10.4766,1.10476582
gold,2018-02-08,-0.3347,10.1068,1.1010682
gold,2018-02-09,0.4478,10.5998,1.10599836
gold,2018-02-12,0.0743,10.682,1.10682005
gold,2018-02-13,0.5197,11.2572,1.1125719
gold,2018-02-14,0.8124,12.1611,1.12161052
gold,2018-02-22,-0.9524,11.0929,1.11092851
gold,2018-02-23,0.2959,11.4215,1.11421528
gold,2018-02-26,0.5531,12.0378,1.12037798
gold,2018-02-27,-0.5501,11.4215,1.11421528
gold,2018-02-28,-0.7375,10.5998,1.10599836
gold,2018-03-01,-0.1114,10.4766,1.10476582
gold,2018-03-02,0.4091,10.9285,1.10928513
gold,2018-03-05,0.3704,11.3394,1.11339359
gold,2018-03-06,-0.0369,11.2983,1.11298274
gold,2018-03-07,0.3691,11.7091,1.11709121
gold,2018-03-08,-0.1839,11.5037,1.11503698
gold,2018-03-09,-0.5158,10.9285,1.10928513
gold,2018-03-12,-0.037,10.8874,1.10887428
gold,2018-03-13,-0.0371,10.8463,1.10846343
gold,2018-03-14,0.1483,11.0107,1.11010682
gold,2018-03-15,-0.111,10.8874,1.10887428
gold,2018-03-16,-0.4076,10.4355,1.10435497
gold,2018-03-19,-0.372,10.0247,1.10024651
gold,2018-03-20,0.4108,10.4766,1.10476582
gold,2018-03-21,0.0372,10.5177,1.10517666
gold,2018-03-22,0.855,11.4626,1.11462613
gold,2018-03-23,1.0321,12.613,1.12612983
gold,2018-03-26,-0.1094,12.4897,1.12489729
gold,2018-03-27,-0.073,12.4076,1.1240756
gold,2018-03-28,-0.5482,11.7913,1.1179129
gold,2018-03-29,-1.2128,10.4355,1.10435497
gold,2018-03-30,0.1488,10.5998,1.10599836
gold,2018-04-02,0.1486,10.7642,1.10764174
gold,2018-04-03,0.7418,11.5859,1.11585867
gold,2018-04-04,-0.1473,11.4215,1.11421528
gold,2018-04-09,-0.1844,11.2161,1.11216105
gold,2018-04-10,0.1108,11.3394,1.11339359
gold,2018-04-11,0.5904,11.9967,1.11996713
gold,2018-04-12,0.3302,12.3665,1.12366475
gold,2018-04-13,-0.7678,11.5037,1.11503698
gold,2018-04-16,0.4053,11.9556,1.11955629
gold,2018-04-17,0.1468,12.12,1.12119967
gold,2018-04-18,-0.0733,12.0378,1.12037798
gold,2018-04-19,0.2567,12.3254,1.1232539
gold,2018-04-20,-0.4389,11.8324,1.11832375
gold,2018-04-23,-0.5143,11.2572,1.1125719
gold,2018-04-24,-0.2954,10.9285,1.10928513
gold,2018-04-25,-0.037,10.8874,1.10887428
gold,2018-04-26,0.1112,11.0107,1.11010682
gold,2018-04-27,-0.3701,10.5998,1.10599836
gold,2018-05-02,-0.2972,10.2712,1.10271159
gold,2018-05-03,0.0,10.2712,1.10271159
gold,2018-05-04,0.1118,10.3944,1.10394412
gold,2018-05-07,0.2605,10.682,1.10682005
gold,2018-05-08,-0.0742,10.5998,1.10599836
gold,2018-05-09,-0.1114,10.4766,1.10476582
gold,2018-05-10,0.0372,10.5177,1.10517666
gold,2018-05-11,0.1115,10.6409,1.1064092
gold,2018-05-14,0.0371,10.682,1.10682005
gold,2018-05-15,-0.5197,10.1068,1.1010682
gold,2018-05-16,-0.9701,9.0386,1.0903862
gold,2018-05-17,-0.4521,8.5456,1.08545604
gold,2018-05-18,0.0757,8.6278,1.08627773
gold,2018-05-21,-0.1891,8.4224,1.0842235
gold,2018-05-22,0.2653,8.7099,1.08709942
gold,2018-05-23,0.1134,8.8332,1.08833196
gold,2018-05-24,0.604,9.4906,1.09490551
gold,2018-05-25,0.4878,10.0247,1.10024651
gold,2018-05-28,-0.4108,9.5727,1.0957272
gold,2018-05-29,0.3375,9.9425,1.09942482
gold,2018-05-30,0.2616,10.2301,1.10230074
gold,2018-05-31,0.1118,10.3533,1.10353328
gold,2018-06-01,-0.2234,10.1068,1.1010682
gold,2018-06-04,-0.5597,9.4906,1.09490551
gold,2018-06-05,-0.1126,9.3673,1.09367297
gold,2018-06-06,0.1503,9.5316,1.09531635
gold,2018-06-07,-0.075,9.4495,1.09449466
gold,2018-06-08,0.0,9.4495,1.09449466
gold,2018-06-11,0.2628,9.7371,1.09737058
gold,2018-06-12,-0.0749,9.6549,1.09654889
gold,2018-06-13,-0.0749,9.5727,1.0957272
gold,2018-06-14,0.375,9.9836,1.09983566
gold,2018-06-15,0.1868,10.189,1.10188989
gold,2018-06-19,-0.8576,9.244,1.09244043
gold,2018-06-20,-0.3009,8.9154,1.08915366
gold,2018-06-21,-0.3772,8.5045,1.08504519
gold,2018-06-22,0.4544,8.9975,1.08997535
gold,2018-06-25,0.1885,9.203,1.09202958
gold,2018-06-26,-0.0376,9.1619,1.09161873
gold,2018-06-27,0.2258,9.4084,1.09408381
gold,2018-06-28,-0.3004,9.0797,1.09079704
gold,2018-06-29,0.226,9.3262,1.09326212
gold,2018-07-02,0.2255,9.5727,1.0957272
gold,2018-07-03,-0.075,9.4906,1.09490551
gold,2018-07-04,0.3002,9.8192,1.09819228
gold,2018-07-05,0.0748,9.9014,1.09901397
gold,2018-07-06,0.1869,10.1068,1.1010682
gold,2018-07-09,-0.1119,9.9836,1.09983566
gold,2018-07-10,-0.3362,9.6138,1.09613804
gold,2018-07-11,0.2999,9.9425,1.09942482
gold,2018-07-12,-0.299,9.6138,1.09613804
gold,2018-07-13,-0.1124,9.4906,1.09490551
gold,2018-07-16,0.1501,9.6549,1.09654889
gold,2018-07-17,-0.1873,9.4495,1.09449466
gold,2018-07-18,-0.9384,8.4224,1.0842235
gold,2018-07-19,0.4168,8.8743,1.08874281
gold,2018-07-20,0.1887,9.0797,1.09079704
gold,2018-07-23,0.4896,9.6138,1.09613804
gold,2018-07-24,-0.075,9.5316,1.09531635
gold,2018-07-25,0.075,9.6138,1.09613804
gold,2018-07-26,0.1499,9.7781,1.09778143
gold,2018-07-27,-0.1123,9.6549,1.09654889
gold,2018-07-30,0.0749,9.7371,1.09737058
gold,2018-07-31,0.0749,9.8192,1.09819228
gold,2018-08-01,-0.0374,9.7781,1.09778143
gold,2018-08-02,-0.2994,9.4495,1.09449466
gold,2018-08-03,-0.0375,9.4084,1.09408381
gold,2018-08-06,0.0,9.4084,1.09408381
gold,2018-08-07,-0.0376,9.3673,1.09367297
gold,2018-08-08,-0.1503,9.203,1.09202958
gold,2018-08-09,0.0,9.203,1.09202958
gold,2018-08-10,-0.0752,9.1208,1.09120789
gold,2018-08-13,0.3012,9.4495,1.09449466
gold,2018-08-14,-0.8634,8.5045,1.08504519
gold,2018-08-15,-0.1515,8.3402,1.08340181
gold,2018-08-16,-1.2514,6.9844,1.06984388
gold,2018-08-17,-0.2304,6.7379,1.0673788
gold,2018-08-20,0.6543,7.4363,1.07436319
gold,2018-08-21,0.4589,7.9293,1.07929334
gold,2018-08-22,-0.0381,7.8882,1.0788825
gold,2018-08-23,0.0381,7.9293,1.07929334
gold,2018-08-24,0.0381,7.9704,1.07970419
gold,2018-08-27,0.4947,8.5045,1.08504519
gold,2018-08-28,0.3408,8.8743,1.08874281
gold,2018-08-29,-0.4528,8.3813,1.08381265
gold,2018-08-30,0.1137,8.5045,1.08504519
gold,2018-08-31,0.1893,8.7099,1.08709942
gold,2018-09-03,-0.4157,8.258,1.08258012
gold,2018-09-04,-0.3416,7.8882,1.0788825
gold,2018-09-05,-0.0762,7.8061,1.07806081
gold,2018-09-06,0.343,8.1758,1.08175842
gold,2018-09-07,0.3418,8.5456,1.08545604
gold,2018-09-10,-0.3407,8.1758,1.08175842
gold,2018-09-11,0.2659,8.4634,1.08463435
gold,2018-09-12,-0.0379,8.4224,1.0842235
gold,2018-09-13,0.4168,8.8743,1.08874281
gold,2018-09-14,0.2264,9.1208,1.09120789
gold,2018-09-17,-0.5271,8.5456,1.08545604
gold,2018-09-18,0.1514,8.7099,1.08709942
gold,2018-09-19,0.0756,8.7921,1.08792112
gold,2018-09-20,0.1133,8.9154,1.08915366
gold,2018-09-21,0.2263,9.1619,1.09161873
gold,2018-09-25,-0.3011,8.8332,1.08833196
gold,2018-09-26,0.151,8.9975,1.08997535
gold,2018-09-27,-0.4146,8.5456,1.08545604
gold,2018-09-28,-0.7192,7.765,1.07764996
gold,2018-10-08,1.2581,9.1208,1.09120789
gold,2018-10-09,-0.1506,8.9565,1.0895645
gold,2018-10-10,0.0,8.9565,1.0895645
gold,2018-10-11,0.4902,9.4906,1.09490551
gold,2018-10-12,1.3884,11.0107,1.11010682
gold,2018-10-15,0.9623,12.0789,1.12078882
gold,2018-10-16,-0.0367,12.0378,1.12037798
gold,2018-10-17,-0.2934,11.7091,1.11709121
gold,2018-10-18,0.1103,11.8324,1.11832375
gold,2018-10-19,0.4409,12.3254,1.1232539
gold,2018-10-22,-0.1463,12.1611,1.12161052
gold,2018-10-23,0.5128,12.7362,1.12736237
gold,2018-10-24,0.0364,12.7773,1.12777321
gold,2018-10-25,0.51,13.3525,1.13352506
gold,2018-10-26,-0.0725,13.2703,1.13270337
gold,2018-10-29,-0.1451,13.106,1.13105998
gold,2018-10-30,-0.2179,12.8595,1.12859491
gold,2018-10-31,-0.8373,11.9145,1.11914544
gold,2018-11-01,0.2203,12.1611,1.12161052
gold,2018-11-02,0.0366,12.2021,1.12202136
gold,2018-11-05,0.0366,12.2432,1.12243221
gold,2018-11-06,0.0732,12.3254,1.1232539
gold,2018-11-07,0.0366,12.3665,1.12366475
gold,2018-11-08,-0.4022,11.9145,1.11914544
gold,2018-11-09,-0.2203,11.668,1.11668036
gold,2018-11-12,-0.7358,10.8463,1.10846343
gold,2018-11-13,-0.3336,10.4766,1.10476582
gold,2018-11-14,-0.0372,10.4355,1.10435497
gold,2018-11-15,0.558,11.0518,1.11051767
gold,2018-11-16,0.148,11.2161,1.11216105
gold,2018-11-19,0.2586,11.5037,1.11503698
gold,2018-11-20,0.3685,11.9145,1.11914544
gold,2018-11-21,-0.0367,11.8735,1.11873459
gold,2018-11-22,0.1836,12.0789,1.12078882
gold,2018-11-23,0.11,12.2021,1.12202136
gold,2018-11-26,-0.1465,12.0378,1.12037798
gold,2018-11-27,-0.1834,11.8324,1.11832375
gold,2018-11-28,-0.4409,11.3394,1.11339359
gold,2018-11-29,0.7749,12.2021,1.12202136
gold,2018-11-30,0.0366,12.2432,1.12243221
gold,2018-12-03,-0.4392,11.7502,1.11750205
gold,2018-12-04,0.0,11.7502,1.11750205
gold,2018-12-05,0.1838,11.9556,1.11955629
gold,2018-12-06,0.367,12.3665,1.12366475
gold,2018-12-07,0.1097,12.4897,1.12489729
gold,2018-12-10,1.0592,13.6812,1.13681183
gold,2018-12-11,-0.1446,13.5168,1.13516845
gold,2018-12-12,-0.4705,12.9827,1.12982744
gold,2018-12-13,-0.0727,12.9006,1.12900575
gold,2018-12-14,-0.1092,12.7773,1.12777321
gold,2018-12-17,0.0364,12.8184,1.12818406
gold,2018-12-18,0.5462,13.4347,1.13434675
gold,2018-12-19,0.326,13.8044,1.13804437
gold,2018-12-20,0.0,13.8044,1.13804437
gold,2018-12-21,0.6498,14.544,1.14543961
gold,2018-12-24,0.3587,14.9548,1.14954807
gold,2018-12-25,0.7863,15.8587,1.15858669
gold,2018-12-26,-0.0355,15.8176,1.15817584
gold,2018-12-27,-0.3547,15.4067,1.15406738
gold,2018-12-28,0.6052,16.1052,1.16105177
gold,2019-01-02,0.3892,16.5571,1.16557108
gold,2019-01-03,1.0927,17.8307,1.17830731
gold,2019-01-04,-0.523,17.2145,1.17214462
gold,2019-01-07,-0.4206,16.7214,1.16721446
gold,2019-01-08,-0.4576,16.1873,1.16187346
gold,2019-01-09,-0.389,15.7354,1.15735415
gold,2019-01-10,0.213,15.9819,1.15981923
gold,2019-01-11,-0.6376,15.2424,1.15242399
gold,2019-01-14,0.0713,15.3246,1.15324569
gold,2019-01-15,-0.2138,15.0781,1.15078061
gold,2019-01-16,0.0714,15.1602,1.1516023
gold,2019-01-17,0.2497,15.4478,1.15447823
gold,2019-01-18,0.0356,15.4889,1.15488907
gold,2019-01-21,-0.3913,15.037,1.15036976
gold,2019-01-22,-0.0357,14.9959,1.14995892
gold,2019-01-23,0.1072,15.1191,1.15119145
gold,2019-01-24,-0.0714,15.037,1.15036976
gold,2019-01-25,-0.1071,14.9137,1.14913722
gold,2019-01-28,0.9296,15.9819,1.15981923
gold,2019-01-29,0.3542,16.3928,1.16392769
gold,2019-01-30,0.3177,16.7625,1.16762531
gold,2019-01-31,-0.1759,16.5571,1.16557108
gold,2019-02-01,0.5287,17.1734,1.17173377
gold,2019-02-11,-0.4208,16.6804,1.16680362
gold,2019-02-12,0.3873,17.1323,1.17132293
gold,2019-02-13,-0.1403,16.968,1.16967954
gold,2019-02-14,-0.1405,16.8036,1.16803615
gold,2019-02-15,0.6331,17.5431,1.17543139
gold,2019-02-18,0.5243,18.1594,1.18159408
gold,2019-02-19,0.0695,18.2416,1.18241578
gold,2019-02-20,0.6949,19.0633,1.1906327
gold,2019-02-21,-0.6211,18.3237,1.18323747
gold,2019-02-22,-0.6944,17.5021,1.17502054
gold,2019-02-25,-0.0699,17.4199,1.17419885
gold,2019-02-26,-0.07,17.3377,1.17337716
gold,2019-02-27,-0.105,17.2145,1.17214462
gold,2019-02-28,-0.701,16.3928,1.16392769
gold,2019-03-01,-0.2471,16.1052,1.16105177
gold,2019-03-04,-1.4862,14.3796,1.14379622
gold,2019-03-05,-0.5029,13.8044,1.13804437
gold,2019-03-06,0.5054,14.3796,1.14379622
gold,2019-03-07,-0.3951,13.9277,1.13927691
gold,2019-03-08,0.9376,14.9959,1.14995892
gold,2019-03-11,0.3215,15.3657,1.15365653
gold,2019-03-12,0.0,15.3657,1.15365653
gold,2019-03-13,0.4274,15.8587,1.15858669
gold,2019-03-14,-0.1773,15.6532,1.15653246
gold,2019-03-15,-0.1421,15.4889,1.15488907
gold,2019-03-18,-0.1423,15.3246,1.15324569
gold,2019-03-19,0.57,15.9819,1.15981923
gold,2019-03-20,-0.1417,15.8176,1.15817584
gold,2019-03-21,0.7095,16.6393,1.16639277
gold,2019-03-22,-0.2113,16.3928,1.16392769
gold,2019-03-25,0.5648,17.0501,1.17050123
gold,2019-03-26,0.0351,17.0912,1.17091208
gold,2019-03-27,-0.0702,17.009,1.17009039
gold,2019-03-28,-0.2107,16.7625,1.16762531
gold,2019-03-29,-1.9001,14.544,1.14543961
gold,2019-04-01,0.0,14.544,1.14543961
gold,2019-04-02,0.1435,14.7083,1.14708299
gold,2019-04-03,0.1791,14.9137,1.14913722
gold,2019-04-04,0.0358,14.9548,1.14954807
gold,2019-04-08,0.4289,15.4478,1.15447823
gold,2019-04-09,0.0356,15.4889,1.15488907
gold,2019-04-10,0.498,16.0641,1.16064092
gold,2019-04-11,0.1062,16.1873,1.16187346
gold,2019-04-12,-0.9901,15.037,1.15036976
gold,2019-04-15,-0.5357,14.4207,1.14420707
gold,2019-04-16,0.0,14.4207,1.14420707
gold,2019-04-17,-0.5745,13.7634,1.13763353
gold,2019-04-18,-0.6501,13.0238,1.13023829
gold,2019-04-19,0.3999,13.4758,1.1347576
gold,2019-04-22,0.3621,13.8866,1.13886606
gold,2019-04-23,-0.5411,13.2703,1.13270337
gold,2019-04-24,-0.1088,13.1471,1.13147083
gold,2019-04-25,0.472,13.6812,1.13681183
gold,2019-04-26,0.2168,13.9277,1.13927691
gold,2019-04-29,-0.1442,13.7634,1.13763353
gold,2019-04-30,0.2889,14.092,1.1409203
gold,2019-05-06,0.5762,14.7494,1.14749384
gold,2019-05-07,-0.2148,14.5029,1.14502876
gold,2019-05-08,0.61,15.2013,1.15201315
gold,2019-05-09,0.0713,15.2835,1.15283484
gold,2019-05-10,0.0713,15.3657,1.15365653
gold,2019-05-13,0.641,16.1052,1.16105177
gold,2019-05-14,1.1323,17.4199,1.17419885
gold,2019-05-15,-0.4899,16.8447,1.168447
gold,2019-05-16,0.4923,17.4199,1.17419885
gold,2019-05-17,-0.14,17.2555,1.17255546
gold,2019-05-20,-0.6657,16.4749,1.16474938
gold,2019-05-21,-0.0353,16.4339,1.16433854
gold,2019-05-22,0.0,16.4339,1.16433854
gold,2019-05-23,0.247,16.7214,1.16721446
gold,2019-05-24,0.528,17.3377,1.17337716
gold,2019-05-27,0.07,17.4199,1.17419885
gold,2019-05-28,-0.14,17.2555,1.17255546
gold,2019-05-29,0.2453,17.5431,1.17543139
gold,2019-05-30,-0.4893,16.968,1.16967954
gold,2019-05-31,1.0889,18.2416,1.18241578
gold,2019-06-03,1.2509,19.7206,1.19720624
gold,2019-06-04,1.0295,20.9532,1.20953164
gold,2019-06-05,0.6454,21.7338,1.21733772
gold,2019-06-06,-0.0337,21.6927,1.21692687
gold,2019-06-10,-0.3038,21.3229,1.21322925
gold,2019-06-11,-0.5418,20.6656,1.20665571
gold,2019-06-12,1.1917,22.1035,1.22103533
gold,2019-06-13,0.1682,22.309,1.22308956
gold,2019-06-14,1.5116,24.1578,1.24157765
gold,2019-06-17,-1.2905,22.5555,1.22555464
gold,2019-06-18,0.704,23.4182,1.23418242
gold,2019-06-19,-0.4993,22.802,1.22801972
gold,2019-06-20,2.1746,25.4725,1.25472473
gold,2019-06-21,0.8186,26.4996,1.26499589
gold,2019-06-24,0.7145,27.4035,1.27403451
gold,2019-06-25,2.0961,30.074,1.30073952
gold,2019-06-26,-1.832,27.691,1.27691044
gold,2019-06-27,-0.2574,27.3624,1.27362366
gold,2019-06-28,0.2903,27.7321,1.27732128
gold,2019-07-01,-2.4124,24.6508,1.24650781
gold,2019-07-02,1.0547,25.9655,1.25965489
gold,2019-07-03,2.805,29.4988,1.29498767
gold,2019-07-04,-1.047,28.143,1.28142975
gold,2019-07-05,0.1924,28.3895,1.28389482
gold,2019-07-08,-0.512,27.7321,1.27732128
gold,2019-07-09,-0.9006,26.5818,1.26581758
gold,2019-07-10,-0.0649,26.4996,1.26499589
gold,2019-07-11,1.7213,28.6771,1.28677075
gold,2019-07-12,-0.6705,27.8143,1.27814297
gold,2019-07-15,0.3857,28.3073,1.28307313
gold,2019-07-16,-0.0961,28.1841,1.28184059
gold,2019-07-17,-0.5449,27.4856,1.2748562
gold,2019-07-18,1.0313,28.8003,1.28800329
gold,2019-07-19,1.3397,30.5259,1.30525883
gold,2019-07-22,-0.7554,29.5399,1.29539852
gold,2019-07-23,-0.7295,28.5949,1.28594906
gold,2019-07-24,0.4153,29.129,1.29129006
gold,2019-07-25,0.1273,29.2933,1.29293344
gold,2019-07-26,-0.4131,28.7592,1.28759244
gold,2019-07-29,0.1595,28.9647,1.28964667
gold,2019-07-30,0.4141,29.4988,1.29498767
gold,2019-07-31,0.3807,29.9918,1.29991783
gold,2019-08-01,-1.6435,27.8554,1.27855382
gold,2019-08-02,2.3136,30.8135,1.30813476
gold,2019-08-05,3.2977,35.1274,1.35127362
gold,2019-08-06,0.2128,35.415,1.35414955
gold,2019-08-07,2.0328,38.1676,1.38167625
gold,2019-08-08,0.6839,39.1126,1.39112572
gold,2019-08-09,0.5021,39.811,1.39811011
gold,2019-08-12,-0.6171,38.9482,1.38948233
gold,2019-08-13,2.4542,42.3583,1.42358258
gold,2019-08-14,-2.5685,38.7017,1.38701726
gold,2019-08-15,1.1256,40.2629,1.40262942
gold,2019-08-16,0.1465,40.4684,1.40468365
gold,2019-08-19,-0.4972,39.7699,1.39769926
gold,2019-08-20,-0.4115,39.1947,1.39194741
gold,2019-08-21,0.0885,39.318,1.39317995
gold,2019-08-22,0.2949,39.7288,1.39728841
gold,2019-08-23,-0.0882,39.6056,1.39605588
gold,2019-08-26,3.5903,44.6179,1.44617913
gold,2019-08-27,0.0568,44.7001,1.44700082
gold,2019-08-28,0.0568,44.7823,1.44782251
gold,2019-08-29,1.1635,46.4667,1.46466721
gold,2019-08-30,-1.5989,44.1249,1.44124897
gold,2019-09-02,-0.3421,43.6319,1.43631882
gold,2019-09-03,0.4291,44.2482,1.44248151
gold,2019-09-04,0.3703,44.7823,1.44782251
gold,2019-09-05,0.4257,45.3985,1.45398521
gold,2019-09-06,-3.1082,40.8792,1.40879211
gold,2019-09-09,0.3791,41.4133,1.41413311
gold,2019-09-10,-1.5398,39.2358,1.39235826
gold,2019-09-11,0.4426,39.8521,1.39852095
gold,2019-09-12,0.0,39.8521,1.39852095
gold,2019-09-16,0.0881,39.9753,1.39975349
gold,2019-09-17,-0.3816,39.4412,1.39441249
gold,2019-09-18,0.383,39.9753,1.39975349
gold,2019-09-19,-0.1761,39.7288,1.39728841
gold,2019-09-20,0.3234,40.1808,1.40180772
gold,2019-09-23,0.8499,41.3722,1.41372227
gold,2019-09-24,0.5522,42.1528,1.42152835
gold,2019-09-25,0.578,42.9745,1.42974528
gold,2019-09-26,-1.3218,41.0846,1.41084634
gold,2019-09-27,-0.8736,39.8521,1.39852095
gold,2019-09-30,-0.235,39.5234,1.39523418
gold,2019-10-08,-0.1767,39.2769,1.3927691
gold,2019-10-09,1.4749,41.3311,1.41331142
gold,2019-10-10,-0.5233,40.5916,1.40591619
gold,2019-10-11,-0.4968,39.8932,1.3989318
gold,2019-10-14,-1.4391,37.88,1.37880033
gold,2019-10-15,0.2086,38.1676,1.38167625
gold,2019-10-16,-0.3866,37.6335,1.37633525
gold,2019-10-17,0.7164,38.6196,1.38619556
gold,2019-10-18,-0.0889,38.4963,1.38496302
gold,2019-10-21,-0.0593,38.4141,1.38414133
gold,2019-10-22,-0.3859,37.88,1.37880033
gold,2019-10-23,0.447,38.4963,1.38496302
gold,2019-10-24,-0.2077,38.2087,1.3820871
gold,2019-10-25,1.0107,39.6056,1.39605588
gold,2019-10-28,-0.0883,39.4823,1.39482334
gold,2019-10-29,-1.0309,38.0444,1.38044371
gold,2019-10-30,-0.119,37.88,1.37880033
gold,2019-10-31,0.2086,38.1676,1.38167625
gold,2019-11-01,0.7136,39.1537,1.39153657
gold,2019-11-04,-0.1181,38.9893,1.38989318
gold,2019-11-05,-0.6208,38.1265,1.38126541
gold,2019-11-06,-1.4575,36.1134,1.36113394
gold,2019-11-07,0.5433,36.8529,1.36852917
gold,2019-11-08,-1.8613,34.3057,1.3430567
gold,2019-11-11,-0.0918,34.1824,1.34182416
gold,2019-11-12,-1.0104,32.8266,1.32826623
gold,2019-11-13,1.0517,34.2235,1.342235
gold,2019-11-14,0.2755,34.5933,1.34593262
gold,2019-11-15,-0.2442,34.2646,1.34264585
gold,2019-11-18,0.0306,34.3057,1.3430567
gold,2019-11-19,0.6424,35.1684,1.35168447
gold,2019-11-20,0.3343,35.6204,1.35620378
gold,2019-11-21,-0.2121,35.3328,1.35332786
gold,2019-11-22,-0.2125,35.0452,1.35045193
gold,2019-11-25,-0.6997,34.1002,1.34100247
gold,2019-11-26,-0.0306,34.0592,1.34059162
gold,2019-11-27,0.1532,34.2646,1.34264585
gold,2019-11-28,-0.2142,33.977,1.33976993
gold,2019-11-29,0.1227,34.1413,1.34141331
gold,2019-12-02,0.1225,34.3057,1.3430567
gold,2019-12-03,0.2447,34.6343,1.34634347
gold,2019-12-04,1.8309,37.0994,1.37099425
gold,2019-12-05,-0.4795,36.4421,1.36442071
gold,2019-12-06,-0.7227,35.456,1.35456039
gold,2019-12-09,-0.6673,34.5522,1.34552177
gold,2019-12-10,0.1527,34.7576,1.34757601
gold,2019-12-11,0.061,34.8398,1.3483977
gold,2019-12-12,0.5484,35.5793,1.35579293
gold,2019-12-13,-1.1818,33.977,1.33976993
gold,2019-12-16,1.012,35.3328,1.35332786
gold,2019-12-17,-0.0607,35.2506,1.35250616
gold,2019-12-18,0.0911,35.3739,1.3537387
gold,2019-12-19,-0.091,35.2506,1.35250616
gold,2019-12-20,0.3038,35.6615,1.35661463
gold,2019-12-23,0.3331,36.1134,1.36113394
gold,2019-12-24,0.5433,36.8529,1.36852917
gold,2019-12-25,0.6304,37.7157,1.37715694
gold,2019-12-26,0.0298,37.7568,1.37756779
gold,2019-12-27,0.2982,38.1676,1.38167625
gold,2019-12-30,-0.0595,38.0855,1.38085456
gold,2019-12-31,0.6843,39.0304,1.39030403
gold,2020-01-02,-0.4137,38.4552,1.38455218
gold,2020-01-03,1.543,40.5916,1.40591619
gold,2020-01-06,2.1917,43.673,1.43672966
gold,2020-01-07,-0.8865,42.3993,1.42399343
gold,2020-01-08,1.8754,45.0698,1.45069844
gold,2020-01-09,-3.4834,40.0164,1.40016434
gold,2020-01-10,0.2934,40.4273,1.4042728
gold,2020-01-13,0.0,40.4273,1.4042728
gold,2020-01-14,-1.2873,38.6196,1.38619556
gold,2020-01-15,0.8595,39.811,1.39811011
gold,2020-01-16,0.0882,39.9343,1.39934265
gold,2020-01-17,-0.0587,39.8521,1.39852095
gold,2020-01-20,0.0294,39.8932,1.3989318
gold,2020-01-21,0.9398,41.2079,1.41207888
gold,2020-01-22,-0.8729,39.9753,1.39975349
gold,2020-01-23,0.6751,40.9203,1.40920296
gold,2020-02-03,2.6239,44.6179,1.44617913
gold,2020-02-04,-0.7955,43.4675,1.43467543
gold,2020-02-05,-0.6586,42.5226,1.42522597
gold,2020-02-06,-0.4901,41.8242,1.41824158
gold,2020-02-07,0.4635,42.4815,1.42481512
gold,2020-02-10,0.3749,43.0156,1.43015612
gold,2020-02-11,-0.2585,42.6459,1.4264585
gold,2020-02-12,-0.2016,42.3583,1.42358258
gold,2020-02-13,0.7215,43.3854,1.43385374
gold,2020-02-14,0.1146,43.5497,1.43549712
gold,2020-02-17,0.3148,44.0016,1.44001643
gold,2020-02-18,0.485,44.7001,1.44700082
gold,2020-02-19,1.1357,46.3435,1.46343468
gold,2020-02-20,0.3369,46.8365,1.46836483
gold,2020-02-21,2.0145,49.7946,1.49794577
gold,2020-02-24,2.1668,53.0403,1.53040263
gold,2020-02-25,-2.0671,49.8767,1.49876746
gold,2020-02-26,0.5482,50.6984,1.50698439
gold,2020-02-27,0.0273,50.7395,1.50739523
gold,2020-02-28,-1.2537,48.8496,1.4884963
gold,2020-03-02,-2.2357,45.5218,1.45521775
gold,2020-03-03,-0.1694,45.2753,1.45275267
gold,2020-03-04,2.1493,48.3977,1.48397699
gold,2020-03-05,-0.0277,48.3566,1.48356615
gold,2020-03-06,2.077,51.438,1.51437962
gold,2020-03-09,-0.7325,50.3287,1.50328677
gold,2020-03-10,-1.2845,48.3977,1.48397699
gold,2020-03-11,0.9967,49.8767,1.49876746
gold,2020-03-12,-1.0965,48.2334,1.48233361
gold,2020-03-13,-2.9379,43.8784,1.43878389
gold,2020-03-16,-2.5128,40.2629,1.40262942
gold,2020-03-17,-4.6573,33.7305,1.33730485
gold,2020-03-18,2.1813,36.6475,1.36647494
gold,2020-03-19,-0.4209,36.0723,1.36072309
gold,2020-03-20,1.0266,37.4692,1.37469187
gold,2020-03-23,-0.269,37.0994,1.37099425
gold,2020-03-24,5.5739,44.7412,1.44741167
gold,2020-03-25,1.6463,47.1241,1.47124076
gold,2020-03-26,-0.2513,46.7543,1.46754314
gold,2020-03-27,1.1198,48.3977,1.48397699
gold,2020-03-30,-0.8029,47.2062,1.47206245
gold,2020-03-31,0.0837,47.3295,1.47329499
gold,2020-04-01,-1.6174,44.9466,1.4494659
gold,2020-04-02,0.4252,45.5629,1.45562859
gold,2020-04-03,0.9032,46.8776,1.46877568
gold,2020-04-07,2.8252,51.0271,1.51027116
gold,2020-04-08,-0.9521,49.5892,1.49589154
gold,2020-04-09,0.2472,49.9589,1.49958915
gold,2020-04-10,0.5753,50.8217,1.50821693
gold,2020-04-13,-0.0272,50.7806,1.50780608
gold,2020-04-14,1.1444,52.5062,1.52506163
gold,2020-04-15,-0.2694,52.0953,1.52095316
gold,2020-04-16,0.7563,53.2457,1.53245686
gold,2020-04-17,-1.6354,50.7395,1.50739523
gold,2020-04-20,-0.4906,50.0,1.5
gold,2020-04-21,0.9039,51.3558,1.51355793
gold,2020-04-22,-0.2714,50.9449,1.50944947
gold,2020-04-23,1.7692,53.6154,1.53615448
gold,2020-04-24,0.8024,54.848,1.54847987
gold,2020-04-27,-0.7429,53.6976,1.53697617
gold,2020-04-28,-0.7217,52.5883,1.52588332
gold,2020-04-29,0.5116,53.3689,1.5336894
gold,2020-04-30,0.3482,53.903,1.5390304
gold,2020-05-06,-0.1335,53.6976,1.53697617
gold,2020-05-07,-0.4812,52.9581,1.52958094
gold,2020-05-08,1.2356,54.848,1.54847987
gold,2020-05-11,-0.398,54.2317,1.54231717
gold,2020-05-12,-0.2131,53.903,1.5390304
gold,2020-05-13,0.2936,54.355,1.54354971
gold,2020-05-14,0.6388,55.341,1.55341002
gold,2020-05-15,1.4017,57.5185,1.57518488
gold,2020-05-18,2.4257,61.3394,1.61339359
gold,2020-05-19,-1.5788,58.7921,1.58792112
gold,2020-05-20,1.0608,60.4766,1.60476582
gold,2020-05-21,-0.9217,58.9975,1.58997535
gold,2020-05-22,-0.1292,58.7921,1.58792112
gold,2020-05-25,-0.1811,58.5045,1.58504519
gold,2020-05-26,0.4666,59.244,1.59244043
gold,2020-05-27,-1.0578,57.5596,1.57559573
gold,2020-05-28,0.7301,58.7099,1.58709942
gold,2020-05-29,0.0259,58.751,1.58751027
gold,2020-06-01,0.8023,60.0247,1.60024651
gold,2020-06-02,-0.1797,59.7371,1.59737058
gold,2020-06-03,-0.9002,58.2991,1.58299096
gold,2020-06-04,-0.8565,56.9433,1.56943303
gold,2020-06-05,-0.0785,56.82,1.56820049
gold,2020-06-08,-0.8908,55.4232,1.55423172
gold,2020-06-09,-0.0264,55.3821,1.55382087
gold,2020-06-10,1.0312,56.9844,1.56984388
gold,2020-06-11,0.8898,58.3813,1.58381265
gold,2020-06-12,-0.0259,58.3402,1.58340181
gold,2020-06-15,-0.2595,57.9293,1.57929334
gold,2020-06-16,-0.1041,57.765,1.57764996
gold,2020-06-17,0.0521,57.8472,1.57847165
gold,2020-06-18,-0.1562,57.6007,1.57600657
gold,2020-06-19,0.2086,57.9293,1.57929334
gold,2020-06-22,1.0926,59.6549,1.59654889
gold,2020-06-23,-0.1029,59.4906,1.59490551
gold,2020-06-24,0.7213,60.6409,1.6064092
gold,2020-06-29,0.0,60.6409,1.6064092
gold,2020-06-30,0.1023,60.8053,1.60805259
gold,2020-07-01,0.6387,61.8324,1.61832375
gold,2020-07-02,-0.9139,60.3533,1.60353328
gold,2020-07-03,0.3075,60.8463,1.60846343
gold,2020-07-06,-0.3321,60.3122,1.60312243
gold,2020-07-07,0.2307,60.682,1.60682005
gold,2020-07-08,0.4347,61.3804,1.61380444
gold,2020-07-09,0.6619,62.4486,1.62448644
gold,2020-07-10,-0.7081,61.2983,1.61298274
gold,2020-07-13,0.3311,61.8324,1.61832375
gold,2020-07-14,-0.1015,61.668,1.61668036
gold,2020-07-15,0.1271,61.8735,1.61873459
gold,2020-07-16,-0.3299,61.3394,1.61339359
gold,2020-07-17,-0.5857,60.3944,1.60394412
gold,2020-07-20,0.5379,61.2572,1.6125719
gold,2020-07-21,0.6624,62.3254,1.6232539
gold,2020-07-22,2.3285,66.1052,1.66105177
gold,2020-07-23,0.5689,67.0501,1.67050123
gold,2020-07-24,1.0576,68.8168,1.68816763
gold,2020-07-27,2.2877,72.6787,1.72678718
gold,2020-07-28,-0.119,72.4733,1.72473295
gold,2020-07-29,0.1906,72.802,1.72801972
gold,2020-07-30,-0.7608,71.4873,1.71487264
gold,2020-07-31,1.0062,73.2128,1.73212818
gold,2020-08-03,-0.3795,72.5555,1.72555464
gold,2020-08-04,0.1429,72.802,1.72801972
gold,2020-08-05,2.7104,77.4856,1.7748562
gold,2020-08-06,0.7639,78.8414,1.78841413
gold,2020-08-07,0.5743,79.8685,1.79868529
gold,2020-08-10,-0.6624,78.6771,1.78677075
gold,2020-08-11,-2.2074,74.733,1.7473295
gold,2020-08-12,-6.2074,63.8866,1.63886606
gold,2020-08-13,1.6295,66.5571,1.66557108
gold,2020-08-14,0.8387,67.954,1.67953985
gold,2020-08-17,1.0029,69.6385,1.69638455
gold,2020-08-18,2.325,73.5826,1.7358258
gold,2020-08-19,-1.1361,71.6105,1.71610518
gold,2020-08-20,-2.1307,67.954,1.67953985
gold,2020-08-21,0.0734,68.0772,1.68077239
gold,2020-08-24,-0.8555,66.6393,1.66639277
gold,2020-08-25,0.1972,66.968,1.66967954
gold,2020-08-26,-0.123,66.7625,1.66762531
gold,2020-08-27,1.2072,68.7757,1.68775678
gold,2020-08-28,0.0243,68.8168,1.68816763
gold,2020-08-31,0.3407,69.3919,1.69391947
gold,2020-09-01,1.1157,71.2818,1.71281841
gold,2020-09-02,-1.0554,69.4741,1.69474117
gold,2020-09-03,-1.7455,66.516,1.66516023
gold,2020-09-04,0.2961,67.009,1.67009039
gold,2020-09-07,-0.0492,66.9269,1.66926869
gold,2020-09-08,0.0738,67.0501,1.67050123
gold,2020-09-09,0.0492,67.1323,1.67132293
gold,2020-09-10,0.6883,68.2827,1.68282662
gold,2020-09-11,-0.2197,67.9129,1.67912901
gold,2020-09-14,-0.0245,67.8718,1.67871816
gold,2020-09-15,0.3426,68.447,1.68447001
gold,2020-09-16,-0.2927,67.954,1.67953985
gold,2020-09-17,-0.6849,66.8036,1.66803615
gold,2020-09-18,0.4433,67.5431,1.67543139
gold,2020-09-21,0.0,67.5431,1.67543139
gold,2020-09-22,-2.2805,63.7223,1.63722268
gold,2020-09-23,-1.5056,61.2572,1.6125719
gold,2020-09-24,-1.121,59.4495,1.59449466
gold,2020-09-25,1.211,61.3804,1.61380444
gold,2020-09-28,-0.2291,61.0107,1.61010682
gold,2020-09-29,1.3524,63.1882,1.63188168
gold,2020-09-30,0.0504,63.2703,1.63270337
gold,2020-10-09,-0.0755,63.1471,1.63147083
gold,2020-10-12,1.0829,64.9137,1.64913722
gold,2020-10-13,-0.274,64.4618,1.64461791
gold,2020-10-14,-1.1242,62.613,1.62612983
gold,2020-10-15,-0.1263,62.4076,1.6240756
gold,2020-10-16,0.3036,62.9006,1.62900575
gold,2020-10-19,0.0757,63.0238,1.63023829
gold,2020-10-20,-0.4032,62.3665,1.62366475
gold,2020-10-21,0.3543,62.9417,1.6294166
gold,2020-10-22,0.1009,63.106,1.63105998
gold,2020-10-23,-0.3526,62.5308,1.62530813
gold,2020-10-26,-0.455,61.7913,1.6179129
gold,2020-10-27,0.8634,63.1882,1.63188168
gold,2020-10-28,0.0504,63.2703,1.63270337
gold,2020-10-29,-1.3588,61.0518,1.61051767
gold,2020-10-30,-0.5867,60.1068,1.6010682
gold,2020-11-02,0.8468,61.4626,1.61462613
gold,2020-11-03,0.4835,62.2432,1.62243221
gold,2020-11-04,0.4558,62.9827,1.62982744
gold,2020-11-05,-0.0504,62.9006,1.62900575
gold,2020-11-06,0.9079,64.3796,1.64379622
gold,2020-11-09,-0.2749,63.9277,1.63927691
gold,2020-11-10,-2.5313,59.7781,1.59778143
gold,2020-11-11,-0.2057,59.4495,1.59449466
gold,2020-11-12,-0.2061,59.1208,1.59120789
gold,2020-11-13,0.4389,59.8192,1.59819228
gold,2020-11-16,-0.0514,59.7371,1.59737058
gold,2020-11-17,-0.18,59.4495,1.59449466
gold,2020-11-18,-0.6442,58.4224,1.5842235
gold,2020-11-19,-0.4927,57.6417,1.57641742
gold,2020-11-20,0.1564,57.8882,1.5788825
gold,2020-11-23,0.2082,58.2169,1.58216927
gold,2020-11-24,-2.4929,54.2728,1.54272802
gold,2020-11-25,-1.0919,52.5883,1.52588332
gold,2020-11-26,0.1077,52.7527,1.52752671
gold,2020-11-27,0.0538,52.8348,1.5283484
gold,2020-11-30,-2.4731,49.0551,1.49055053
gold,2020-12-01,0.6891,50.0822,1.50082169
gold,2020-12-02,1.4782,52.3007,1.5230074
gold,2020-12-03,1.106,53.9852,1.5398521
gold,2020-12-04,0.1601,54.2317,1.54231717
gold,2020-12-07,-0.2397,53.862,1.53861956
gold,2020-12-08,1.4686,56.1216,1.56121611
gold,2020-12-09,-0.5789,55.2177,1.55217749
gold,2020-12-10,-1.0058,53.6565,1.53656532
gold,2020-12-11,-0.0267,53.6154,1.53615448
gold,2020-12-14,0.0267,53.6565,1.53656532
gold,2020-12-15,0.7754,54.848,1.54847987
gold,2020-12-16,0.6368,55.834,1.55834018
gold,2020-12-17,0.5009,56.6146,1.56614626
gold,2020-12-18,0.6821,57.6828,1.57682827
gold,2020-12-21,1.0683,59.3673,1.59367297
gold,2020-12-22,-1.3921,57.1487,1.57148726
gold,2020-12-23,-0.183,56.8611,1.56861134
gold,2020-12-24,0.3667,57.4363,1.57436319
gold,2020-12-25,0.548,58.2991,1.58299096
gold,2020-12-28,0.1298,58.5045,1.58504519
gold,2020-12-29,-0.5443,57.6417,1.57641742
gold,2020-12-30,-0.1303,57.4363,1.57436319
gold,2020-12-31,0.4697,58.1758,1.58175842
gold,2021-01-04,1.3506,60.3122,1.60312243
gold,2021-01-05,0.4613,61.0518,1.61051767
gold,2021-01-06,0.2806,61.5037,1.61503698
gold,2021-01-07,-0.7123,60.3533,1.60353328
gold,2021-01-08,-0.6405,59.3262,1.59326212
gold,2021-01-11,-2.6044,55.1767,1.55176664
gold,2021-01-12,0.7413,56.327,1.56327034
gold,2021-01-13,-0.2102,55.9984,1.55998357
gold,2021-01-14,-0.6584,54.9712,1.54971241
gold,2021-01-15,0.3446,55.5053,1.55505341
gold,2021-01-18,-0.2642,55.0945,1.55094495
gold,2021-01-19,0.106,55.2588,1.55258833
gold,2021-01-20,0.2646,55.6697,1.5566968
gold,2021-01-21,0.9501,57.1487,1.57148726
gold,2021-01-22,-0.4967,56.3681,1.56368118
gold,2021-01-25,-0.4729,55.6286,1.55628595
gold,2021-01-26,0.2904,56.0805,1.56080526
gold,2021-01-27,-0.5265,55.2588,1.55258833
gold,2021-01-28,-0.4763,54.5193,1.5451931
gold,2021-01-29,0.452,55.2177,1.55217749
gold,2021-02-01,1.1117,56.9433,1.56943303
gold,2021-02-02,-0.8115,55.6697,1.5566968
gold,2021-02-03,-1.0293,54.0674,1.54067379
gold,2021-02-04,-0.72,52.9581,1.52958094
gold,2021-02-05,-1.1281,51.2325,1.51232539
gold,2021-02-08,0.8422,52.5062,1.52506163
gold,2021-02-09,1.0776,54.1495,1.54149548
gold,2021-02-10,0.1066,54.3139,1.54313887
gold,2021-02-18,-2.8222,49.9589,1.49958915
gold,2021-02-19,-0.4384,49.3016,1.49301561
gold,2021-02-22,1.1282,50.986,1.50986031
gold,2021-02-23,1.034,52.5472,1.52547247
gold,2021-02-24,-0.2155,52.2186,1.5221857
gold,2021-02-25,-0.9447,50.7806,1.50780608
gold,2021-02-26,-1.5531,48.4388,1.48438784
gold,2021-03-01,-0.4982,47.6993,1.4769926
gold,2021-03-02,-1.6412,45.2753,1.45275267
gold,2021-03-03,0.3676,45.8094,1.45809367
gold,2021-03-04,-0.9862,44.3714,1.44371405
gold,2021-03-05,-0.9106,43.0567,1.43056697
gold,2021-03-08,1.0626,44.5768,1.44576828
gold,2021-03-09,-0.3694,44.0427,1.44042728
gold,2021-03-10,1.0268,45.5218,1.45521775
gold,2021-03-11,0.8752,46.7954,1.46795399
gold,2021-03-12,-1.3714,44.7823,1.44782251
gold,2021-03-15,0.9081,46.097,1.4609696
gold,2021-03-16,0.1687,46.3435,1.46343468
gold,2021-03-17,0.4211,46.9597,1.46959737
gold,2021-03-18,0.7548,48.069,1.48069022
gold,2021-03-19,-0.4162,47.4528,1.47452753
gold,2021-03-22,-0.5294,46.6721,1.46672145
gold,2021-03-23,0.4202,47.2884,1.47288414
gold,2021-03-24,-0.1953,47.0008,1.47000822
gold,2021-03-25,0.3074,47.4528,1.47452753
gold,2021-03-26,-0.2786,47.0419,1.47041906
gold,2021-03-29,0.0,47.0419,1.47041906
gold,2021-03-30,-1.2015,45.2753,1.45275267
gold,2021-03-31,-1.1595,43.5908,1.43590797
gold,2021-04-01,2.0029,46.4667,1.46466721
gold,2021-04-02,1.3184,48.3977,1.48397699
gold,2021-04-06,-0.5814,47.5349,1.47534922
gold,2021-04-07,0.4456,48.1923,1.48192276
gold,2021-04-08,0.1941,48.4799,1.48479869
gold,2021-04-09,0.4704,49.1783,1.49178307
gold,2021-04-12,-0.5233,48.3977,1.48397699
gold,2021-04-13,-1.0244,46.8776,1.46877568
gold,2021-04-14,1.1189,48.521,1.48520953
gold,2021-04-15,-0.083,48.3977,1.48397699
gold,2021-04-16,0.8583,49.6713,1.49671323
gold,2021-04-19,0.7411,50.7806,1.50780608
gold,2021-04-20,-0.9537,49.3426,1.49342646
gold,2021-04-21,1.0454,50.9039,1.50903862
gold,2021-04-22,0.0817,51.0271,1.51027116
gold,2021-04-23,-0.2176,50.6984,1.50698439
gold,2021-04-26,-0.518,49.9178,1.49917831
gold,2021-04-27,0.1096,50.0822,1.50082169
gold,2021-04-28,-0.5749,49.2194,1.49219392
gold,2021-04-29,0.3029,49.6713,1.49671323
gold,2021-04-30,-0.4941,48.9318,1.489318
gold,2021-05-06,1.4069,51.0271,1.51027116
gold,2021-05-07,1.1153,52.7116,1.52711586
gold,2021-05-10,0.3497,53.2457,1.53245686
gold,2021-05-11,-0.134,53.0403,1.53040263
gold,2021-05-12,0.1879,53.3279,1.53327855
gold,2021-05-13,-0.4019,52.7116,1.52711586
gold,2021-05-14,0.5919,53.6154,1.53615448
gold,2021-05-17,1.0163,55.1767,1.55176664
gold,2021-05-18,0.6619,56.2038,1.5620378
gold,2021-05-19,0.263,56.6146,1.56614626
gold,2021-05-20,-0.0262,56.5735,1.56573541
gold,2021-05-21,0.1312,56.779,1.56778965
gold,2021-05-24,0.3145,57.272,1.5727198
gold,2021-05-25,-0.418,56.6146,1.56614626
gold,2021-05-26,1.0493,58.258,1.58258012
gold,2021-05-27,-0.5971,57.3131,1.57313065
gold,2021-05-28,-0.7574,56.1216,1.56121611
gold,2021-05-31,0.7368,57.272,1.5727198
gold,2021-06-01,0.6531,58.2991,1.58299096
gold,2021-06-02,-1.5572,55.834,1.55834018
gold,2021-06-03,-0.5009,55.0534,1.5505341
gold,2021-06-04,-1.1129,53.3279,1.53327855
gold,2021-06-07,0.6699,54.355,1.54354971
gold,2021-06-08,0.559,55.2177,1.55217749
gold,2021-06-09,-0.0794,55.0945,1.55094495
gold,2021-06-10,-0.2914,54.6426,1.54642564
gold,2021-06-11,0.8236,55.9162,1.55916187
gold,2021-06-15,-1.7128,53.2457,1.53245686
gold,2021-06-16,-0.0268,53.2046,1.53204601
gold,2021-06-17,-1.6626,50.6574,1.50657354
gold,2021-06-18,-1.1454,48.9318,1.489318
gold,2021-06-21,0.0828,49.0551,1.49055053
gold,2021-06-22,0.3583,49.5892,1.49589154
gold,2021-06-23,0.1099,49.7535,1.49753492
gold,2021-06-24,-0.4664,49.0551,1.49055053
gold,2021-06-25,-0.1103,48.8907,1.48890715
gold,2021-06-28,0.138,49.0961,1.49096138
gold,2021-06-29,-0.3582,48.562,1.48562038
gold,2021-06-30,-0.885,47.2473,1.47247329
gold,2021-07-01,1.2556,49.0961,1.49096138
gold,2021-07-02,0.0827,49.2194,1.49219392
gold,2021-07-05,0.3579,49.7535,1.49753492
gold,2021-07-06,0.9328,51.1504,1.5115037
gold,2021-07-07,-0.0815,51.0271,1.51027116
gold,2021-07-08,-0.1632,50.7806,1.50780608
gold,2021-07-09,0.2725,51.1915,1.51191454
gold,2021-07-12,-0.163,50.9449,1.50944947
gold,2021-07-13,0.4083,51.5612,1.51561216
gold,2021-07-14,0.0813,51.6845,1.5168447
gold,2021-07-15,0.7855,52.8759,1.52875924
gold,2021-07-16,-0.2687,52.4651,1.52465078
gold,2021-07-19,-0.8623,51.1504,1.5115037
gold,2021-07-20,0.8154,52.3829,1.52382909
gold,2021-07-21,-0.3775,51.8077,1.51807724
gold,2021-07-22,-0.7578,50.6574,1.50657354
gold,2021-07-23,0.4636,51.3558,1.51355793
gold,2021-07-26,0.2443,51.7256,1.51725555
gold,2021-07-27,-0.8394,50.4519,1.50451931
gold,2021-07-28,0.9831,51.931,1.51930978
gold,2021-07-29,0.2704,52.3418,1.52341824
gold,2021-07-30,0.3236,52.8348,1.5283484
gold,2021-08-02,-1.0753,51.1915,1.51191454
gold,2021-08-03,0.0272,51.2325,1.51232539
gold,2021-08-04,0.2173,51.5612,1.51561216
gold,2021-08-05,-0.1084,51.3969,1.51396878
gold,2021-08-06,-0.597,50.493,1.50493016
gold,2021-08-09,-2.5935,46.59,1.46589975
gold,2021-08-10,-0.4484,45.9326,1.45932621
gold,2021-08-11,-0.1126,45.7683,1.45768283
gold,2021-08-12,0.9019,47.083,1.47082991
gold,2021-08-13,0.3073,47.5349,1.47534922
gold,2021-08-16,0.8354,48.7675,1.48767461
gold,2021-08-17,1.0218,50.2876,1.50287592
gold,2021-08-18,0.0547,50.3698,1.50369762
gold,2021-08-19,-0.3279,49.8767,1.49876746
gold,2021-08-20,0.3015,50.3287,1.50328677
gold,2021-08-23,-0.1913,50.0411,1.50041085
gold,2021-08-24,0.7393,51.1504,1.5115037
gold,2021-08-25,-0.5708,50.2876,1.50287592
gold,2021-08-26,-0.3554,49.7535,1.49753492
gold,2021-08-27,1.0151,51.2736,1.51273624
gold,2021-08-30,0.2444,51.6434,1.51643385
gold,2021-08-31,-0.0271,51.6023,1.51602301
gold,2021-09-01,0.0,51.6023,1.51602301
gold,2021-09-02,-0.0813,51.479,1.51479047
gold,2021-09-03,0.0,51.479,1.51479047
gold,2021-09-06,0.5696,52.3418,1.52341824
gold,2021-09-07,-0.3236,51.8488,1.51848809
gold,2021-09-08,-1.1634,50.0822,1.50082169
gold,2021-09-09,-0.3832,49.507,1.49506984
gold,2021-09-10,0.5771,50.3698,1.50369762
gold,2021-09-13,-0.4918,49.6302,1.49630238
gold,2021-09-14,0.1098,49.7946,1.49794577
gold,2021-09-15,0.3566,50.3287,1.50328677
gold,2021-09-16,-0.8472,49.0551,1.49055053
gold,2021-09-17,-0.9923,47.576,1.47576007
gold,2021-09-22,1.3363,49.5481,1.49548069
gold,2021-09-23,-0.9615,48.1101,1.48110107
gold,2021-09-24,-0.527,47.3295,1.47329499
gold,2021-09-27,0.1115,47.4938,1.47493837
gold,2021-09-28,-0.7799,46.3435,1.46343468
gold,2021-09-29,-0.1404,46.138,1.46138044
gold,2021-09-30,-0.3936,45.5629,1.45562859
gold,2021-10-08,1.2419,47.3706,1.47370583
gold,2021-10-11,-0.3903,46.7954,1.46795399
gold,2021-10-12,0.5038,47.5349,1.47534922
gold,2021-10-13,-0.0278,47.4938,1.47493837
gold,2021-10-14,1.2813,49.3837,1.4938373
gold,2021-10-15,-0.1925,49.0961,1.49096138
gold,2021-10-18,-1.3502,47.083,1.47082991
gold,2021-10-19,0.3911,47.6582,1.47658176
gold,2021-10-20,-0.2782,47.2473,1.47247329
gold,2021-10-21,0.4743,47.9458,1.47945768
gold,2021-10-22,0.3888,48.521,1.48520953
gold,2021-10-25,-0.249,48.1512,1.48151191
gold,2021-10-26,0.416,48.7675,1.48767461
gold,2021-10-27,-0.7457,47.6582,1.47658176
gold,2021-10-28,0.9738,49.0961,1.49096138
gold,2021-10-29,-0.5511,48.2744,1.48274445
gold,2021-11-01,-0.4156,47.6582,1.47658176
gold,2021-11-02,0.64,48.6031,1.48603122
gold,2021-11-03,-0.7741,47.4528,1.47452753
gold,2021-11-04,-0.3901,46.8776,1.46877568
gold,2021-11-05,1.3706,48.8907,1.48890715
gold,2021-11-08,0.9934,50.3698,1.50369762
gold,2021-11-09,0.3005,50.8217,1.50821693
gold,2021-11-10,-0.0545,50.7395,1.50739523
gold,2021-11-11,1.4173,52.8759,1.52875924
gold,2021-11-12,0.0269,52.917,1.52917009
gold,2021-11-15,-0.1612,52.6705,1.52670501
gold,2021-11-16,0.4306,53.3279,1.53327855
gold,2021-11-17,-0.3215,52.8348,1.5283484
gold,2021-11-18,0.4032,53.4511,1.53451109
gold,2021-11-19,-0.1339,53.2457,1.53245686
gold,2021-11-22,-0.9115,51.8488,1.51848809
gold,2021-11-23,-1.7316,49.2194,1.49219392
gold,2021-11-24,-0.5231,48.4388,1.48438784
gold,2021-11-25,-0.0554,48.3566,1.48356615
gold,2021-11-26,0.4708,49.0551,1.49055053
gold,2021-11-29,-0.3859,48.4799,1.48479869
gold,2021-11-30,-0.249,48.1101,1.48110107
gold,2021-12-01,-0.3883,47.5349,1.47534922
gold,2021-12-02,-0.4456,46.8776,1.46877568
gold,2021-12-03,-0.2517,46.5078,1.46507806
gold,2021-12-06,0.7291,47.576,1.47576007
gold,2021-12-07,-0.2227,47.2473,1.47247329
gold,2021-12-08,0.1395,47.4528,1.47452753
gold,2021-12-09,-0.3901,46.8776,1.46877568
gold,2021-12-10,-0.2797,46.4667,1.46466721
gold,2021-12-13,0.561,47.2884,1.47288414
gold,2021-12-14,0.0837,47.4117,1.47411668
gold,2021-12-15,-1.0033,45.9326,1.45932621
gold,2021-12-16,0.9009,47.2473,1.47247329
gold,2021-12-17,1.2556,49.0961,1.49096138
gold,2021-12-20,-0.1378,48.8907,1.48890715
gold,2021-12-21,-0.6898,47.8636,1.47863599
gold,2021-12-22,-0.2223,47.5349,1.47534922
gold,2021-12-23,1.0025,49.014,1.49013969
gold,2021-12-24,0.1654,49.2605,1.49260477
gold,2021-12-27,-0.0826,49.1372,1.49137223
gold,2021-12-28,0.3306,49.6302,1.49630238
gold,2021-12-29,-0.4668,48.9318,1.489318
gold,2021-12-30,-0.5241,48.1512,1.48151191
gold,2021-12-31,1.0261,49.6713,1.49671323
gold,2022-01-04,-0.6313,48.7264,1.48726376
gold,2022-01-05,0.4144,49.3426,1.49342646
gold,2022-01-06,-0.5777,48.4799,1.48479869
gold,2022-01-07,-0.6087,47.576,1.47576007
gold,2022-01-10,0.1949,47.8636,1.47863599
gold,2022-01-11,0.8336,49.0961,1.49096138
gold,2022-01-12,0.4684,49.7946,1.49794577
gold,2022-01-13,0.2194,50.1233,1.50123254
gold,2022-01-14,-0.1095,49.9589,1.49958915
gold,2022-01-17,-0.411,49.3426,1.49342646
gold,2022-01-18,-0.1651,49.0961,1.49096138
gold,2022-01-19,-0.1102,48.9318,1.489318
gold,2022-01-20,1.3517,50.9449,1.50944947
gold,2022-01-21,-0.0544,50.8628,1.50862777
gold,2022-01-24,-0.2723,50.4519,1.50451931
gold,2022-01-25,0.2458,50.8217,1.50821693
gold,2022-01-26,0.0817,50.9449,1.50944947
gold,2022-01-27,-1.8508,48.1512,1.48151191
gold,2022-01-28,-0.3328,47.6582,1.47658176
gold,2022-02-07,0.7234,48.7264,1.48726376
gold,2022-02-08,0.5801,49.5892,1.49589154
gold,2022-02-09,0.4669,50.2876,1.50287592
gold,2022-02-10,0.1914,50.5752,1.50575185
gold,2022-02-11,-0.5457,49.7535,1.49753492
gold,2022-02-14,1.6461,52.2186,1.5221857
gold,2022-02-15,0.9987,53.7387,1.53738702
gold,2022-02-16,-1.3362,51.6845,1.5168447
gold,2022-02-17,0.9209,53.0813,1.53081348
gold,2022-02-18,0.9125,54.4782,1.54478225
gold,2022-02-21,-0.1596,54.2317,1.54231717
gold,2022-02-22,1.252,56.1627,1.56162695
gold,2022-02-23,-0.763,54.9712,1.54971241
gold,2022-02-24,2.1474,58.2991,1.58299096
gold,2022-02-25,-1.1939,56.4092,1.56409203
gold,2022-02-28,-0.5253,55.5875,1.5558751
gold,2022-03-01,-0.0264,55.5464,1.55546426
gold,2022-03-02,1.3471,57.6417,1.57641742
gold,2022-03-03,-0.2606,57.2309,1.57230896
gold,2022-03-04,0.3658,57.8061,1.57806081
gold,2022-03-07,2.213,61.2983,1.61298274
gold,2022-03-08,2.2669,64.9548,1.64954807
gold,2022-03-09,1.1457,66.8447,1.668447
gold,2022-03-10,-3.2012,61.5037,1.61503698
gold,2022-03-11,0.1526,61.7502,1.61750205
gold,2022-03-14,-0.508,60.9285,1.60928513
gold,2022-03-15,-2.17,57.4363,1.57436319
gold,2022-03-16,-0.9395,55.9573,1.55957272
gold,2022-03-17,1.2908,57.9704,1.57970419
gold,2022-03-18,0.156,58.2169,1.58216927
gold,2022-03-21,-0.2597,57.8061,1.57806081
gold,2022-03-22,0.6509,58.8332,1.58833196
gold,2022-03-23,-0.8019,57.5596,1.57559573
gold,2022-03-24,1.1734,59.4084,1.59408381
gold,2022-03-25,0.6959,60.5177,1.60517666
gold,2022-03-28,-0.8958,59.0797,1.59079704
gold,2022-03-29,-0.594,58.1348,1.58134758
gold,2022-03-30,-0.2598,57.7239,1.57723911
gold,2022-03-31,-0.1563,57.4774,1.57477403
gold,2022-04-01,0.5218,58.2991,1.58299096
gold,2022-04-06,-0.4412,57.6007,1.57600657
gold,2022-04-07,0.1825,57.8882,1.5788825
gold,2022-04-08,0.2342,58.258,1.58258012
gold,2022-04-11,0.8827,59.6549,1.59654889
gold,2022-04-12,0.5661,60.5588,1.60558751
gold,2022-04-13,0.4606,61.2983,1.61298274
gold,2022-04-14,0.1274,61.5037,1.61503698
gold,2022-04-15,0.3307,62.0378,1.62037798
gold,2022-04-18,0.5832,62.9827,1.62982744
gold,2022-04-19,-0.7814,61.7091,1.61709121
gold,2022-04-20,-1.2703,59.6549,1.59654889
gold,2022-04-21,1.3124,61.7502,1.61750205
gold,2022-04-22,0.3556,62.3254,1.6232539
gold,2022-04-25,-0.6834,61.2161,1.61216105
gold,2022-04-26,-0.8665,59.8192,1.59819228
gold,2022-04-27,0.0514,59.9014,1.59901397
gold,2022-04-28,-0.0514,59.8192,1.59819228
gold,2022-04-29,1.3368,61.9556,1.61955629
gold,2022-05-05,-0.3298,61.4215,1.61421528
gold,2022-05-06,-0.1782,61.1339,1.61133936
gold,2022-05-09,0.4335,61.8324,1.61832375
gold,2022-05-10,-0.7362,60.6409,1.6064092
gold,2022-05-11,-0.5115,59.8192,1.59819228
gold,2022-05-12,0.9769,61.3804,1.61380444
gold,2022-05-13,-1.0183,59.7371,1.59737058
gold,2022-05-16,-0.9516,58.2169,1.58216927
gold,2022-05-17,0.6751,59.2851,1.59285127
gold,2022-05-18,-1.0575,57.6007,1.57600657
gold,2022-05-19,0.365,58.1758,1.58175842
gold,2022-05-20,0.5714,59.0797,1.59079704
gold,2022-05-23,0.0775,59.203,1.59202958
gold,2022-05-24,0.1806,59.4906,1.59490551
gold,2022-05-25,0.1288,59.696,1.59695974
gold,2022-05-26,0.3602,60.2712,1.60271159
gold,2022-05-27,0.4102,60.9285,1.60928513
gold,2022-05-30,-0.817,59.6138,1.59613804
gold,2022-05-31,-0.2059,59.2851,1.59285127
gold,2022-06-01,-0.6448,58.258,1.58258012
gold,2022-06-02,0.649,59.2851,1.59285127
gold,2022-06-06,-0.2063,58.9565,1.5895645
gold,2022-06-07,-0.3877,58.3402,1.58340181
gold,2022-06-08,0.467,59.0797,1.59079704
gold,2022-06-09,0.2324,59.4495,1.59449466
gold,2022-06-10,-0.4123,58.7921,1.58792112
gold,2022-06-13,1.5783,61.2983,1.61298274
gold,2022-06-14,-1.8085,58.3813,1.58381265
gold,2022-06-15,-0.5447,57.5185,1.57518488
gold,2022-06-16,0.313,58.0115,1.58011504
gold,2022-06-17,0.728,59.1619,1.59161873
gold,2022-06-20,-0.413,58.5045,1.58504519
gold,2022-06-21,-0.1555,58.258,1.58258012
gold,2022-06-22,-0.0779,58.1348,1.58134758
gold,2022-06-23,0.1299,58.3402,1.58340181
gold,2022-06-24,-0.7006,57.2309,1.57230896
gold,2022-06-27,0.6794,58.2991,1.58299096
gold,2022-06-28,-0.545,57.4363,1.57436319
gold,2022-06-29,-0.2871,56.9844,1.56984388
gold,2022-06-30,-0.0785,56.8611,1.56861134
gold,2022-07-01,-0.8905,55.4643,1.55464256
gold,2022-07-04,0.4493,56.1627,1.56162695
gold,2022-07-05,-0.1052,55.9984,1.55998357
gold,2022-07-06,-1.8962,53.0403,1.53040263
gold,2022-07-07,-1.3154,51.0271,1.51027116
gold,2022-07-08,-0.1904,50.7395,1.50739523
gold,2022-07-11,0.0,50.7395,1.50739523
gold,2022-07-12,-0.0273,50.6984,1.50698439
gold,2022-07-13,-0.5998,49.7946,1.49794577
gold,2022-07-14,0.0274,49.8357,1.49835661
gold,2022-07-15,-0.6855,48.8085,1.48808546
gold,2022-07-18,0.3589,49.3426,1.49342646
gold,2022-07-19,-0.2201,49.014,1.49013969
gold,2022-07-20,0.0276,49.0551,1.49055053
gold,2022-07-21,-0.7993,47.8636,1.47863599
gold,2022-07-22,1.4171,49.9589,1.49958915
gold,2022-07-25,0.3562,50.493,1.50493016
gold,2022-07-26,0.1365,50.6984,1.50698439
gold,2022-07-27,-0.2454,50.3287,1.50328677
gold,2022-07-28,1.0385,51.8899,1.51889893
gold,2022-07-29,1.4065,54.0263,1.54026294
gold,2022-08-01,-0.16,53.7798,1.53779786
gold,2022-08-02,0.8015,55.0123,1.55012325
gold,2022-08-03,-0.3711,54.4371,1.54437141
gold,2022-08-04,0.0266,54.4782,1.54478225
gold,2022-08-05,0.7979,55.7108,1.55710764
gold,2022-08-08,-0.5541,54.848,1.54847987
gold,2022-08-09,0.451,55.5464,1.55546426
gold,2022-08-10,0.2113,55.8751,1.55875103
gold,2022-08-11,-0.4481,55.1767,1.55176664
gold,2022-08-12,0.4766,55.9162,1.55916187
gold,2022-08-15,0.1054,56.0805,1.56080526
gold,2022-08-16,-0.079,55.9573,1.55957272
gold,2022-08-17,-0.4478,55.2588,1.55258833
gold,2022-08-18,-0.4763,54.5193,1.5451931
gold,2022-08-19,0.0,54.5193,1.5451931
gold,2022-08-22,-0.2127,54.1906,1.54190633
gold,2022-08-23,0.2665,54.6015,1.54601479
gold,2022-08-24,0.6378,55.5875,1.5558751
gold,2022-08-25,0.2641,55.9984,1.55998357
gold,2022-08-26,0.0263,56.0394,1.56039441
gold,2022-08-29,-0.8162,54.7658,1.54765818
gold,2022-08-30,0.4247,55.4232,1.55423172
gold,2022-08-31,-0.6609,54.3961,1.54396056
gold,2022-09-01,-0.7451,53.2457,1.53245686
gold,2022-09-02,-0.1072,53.0813,1.53081348
gold,2022-09-05,1.0467,54.6836,1.54683648
gold,2022-09-06,0.5046,55.4643,1.55464256
gold,2022-09-07,-0.6607,54.4371,1.54437141
gold,2022-09-08,0.8247,55.7108,1.55710764
gold,2022-09-09,-0.1319,55.5053,1.55505341
gold,2022-09-13,0.0528,55.5875,1.5558751
gold,2022-09-14,-0.713,54.4782,1.54478225
gold,2022-09-15,-0.4255,53.8209,1.53820871
gold,2022-09-16,-0.4274,53.1635,1.53163517
gold,2022-09-19,0.3487,53.6976,1.53697617
gold,2022-09-20,0.3475,54.2317,1.54231717
gold,2022-09-21,0.1332,54.4371,1.54437141
gold,2022-09-22,-0.1596,54.1906,1.54190633
gold,2022-09-23,0.453,54.8891,1.54889071
gold,2022-09-26,-0.9019,53.4922,1.53492194
gold,2022-09-27,0.2677,53.903,1.5390304
gold,2022-09-28,0.1335,54.1085,1.54108463
gold,2022-09-29,0.7731,55.2999,1.55299918
gold,2022-09-30,0.0794,55.4232,1.55423172
gold,2022-10-10,0.7137,56.5325,1.56532457
gold,2022-10-11,-0.21,56.2038,1.5620378
gold,2022-10-12,0.263,56.6146,1.56614626
gold,2022-10-13,0.1312,56.82,1.56820049
gold,2022-10-14,-0.1048,56.6557,1.56655711
gold,2022-10-17,-0.5507,55.7929,1.55792933
gold,2022-10-18,0.2637,56.2038,1.5620378
gold,2022-10-19,-0.2367,55.834,1.55834018
gold,2022-10-20,-0.4746,55.0945,1.55094495
gold,2022-10-21,-0.106,54.9302,1.54930156
gold,2022-10-24,1.2994,56.9433,1.56943303
gold,2022-10-25,0.1832,57.2309,1.57230896
gold,2022-10-26,-0.0784,57.1076,1.57107642
gold,2022-10-27,-0.1831,56.82,1.56820049
gold,2022-10-28,0.0786,56.9433,1.56943303
gold,2022-10-31,-0.3403,56.4092,1.56409203
gold,2022-11-01,0.0788,56.5325,1.56532457
gold,2022-11-02,0.1837,56.82,1.56820049
gold,2022-11-03,-0.3144,56.327,1.56327034
gold,2022-11-04,-0.0263,56.2859,1.56285949
gold,2022-11-07,0.7361,57.4363,1.57436319
gold,2022-11-08,0.1827,57.7239,1.57723911
gold,2022-11-09,2.7611,62.0789,1.62078882
gold,2022-11-10,-0.507,61.2572,1.6125719
gold,2022-11-11,0.6879,62.3665,1.62366475
gold,2022-11-14,-0.9868,60.7642,1.60764174
gold,2022-11-15,0.5111,61.5859,1.61585867
gold,2022-11-16,0.5339,62.4486,1.62448644
gold,2022-11-17,0.1012,62.613,1.62612983
gold,2022-11-18,-0.1516,62.3665,1.62366475
gold,2022-11-21,-0.4049,61.7091,1.61709121
gold,2022-11-22,-0.1016,61.5448,1.61544782
gold,2022-11-23,0.0,61.5448,1.61544782
gold,2022-11-24,0.3815,62.1611,1.62161052
gold,2022-11-25,0.304,62.6541,1.62654067
gold,2022-11-28,0.0758,62.7773,1.62777321
gold,2022-11-29,-0.2776,62.3254,1.6232539
gold,2022-11-30,-0.1772,62.0378,1.62037798
gold,2022-12-01,0.3043,62.5308,1.62530813
gold,2022-12-02,0.5814,63.4758,1.6347576
gold,2022-12-05,-0.9801,61.8735,1.61873459
gold,2022-12-06,-1.066,60.1479,1.60147905
gold,2022-12-07,0.0,60.1479,1.60147905
gold,2022-12-08,0.3079,60.6409,1.6064092
gold,2022-12-09,0.3581,61.2161,1.61216105
gold,2022-12-12,-0.0765,61.0929,1.61092851
gold,2022-12-13,0.0765,61.2161,1.61216105
gold,2022-12-14,0.9939,62.8184,1.62818406
gold,2022-12-15,-0.757,61.5859,1.61585867
gold,2022-12-16,-0.4577,60.8463,1.60846343
gold,2022-12-19,0.6897,61.9556,1.61955629
gold,2022-12-20,0.0254,61.9967,1.61996713
gold,2022-12-21,0.9637,63.5579,1.63557929
gold,2022-12-22,0.0,63.5579,1.63557929
gold,2022-12-23,-0.8289,62.2021,1.62202136
gold,2022-12-26,0.1266,62.4076,1.6240756
gold,2022-12-27,0.253,62.8184,1.62818406
gold,2022-12-28,0.0757,62.9417,1.6294166
gold,2022-12-29,-0.1513,62.6952,1.62695152
gold,2022-12-30,0.6566,63.7634,1.63763353
gold,2023-01-03,0.0251,63.8044,1.63804437
gold,2023-01-04,0.3762,64.4207,1.64420707
gold,2023-01-05,-0.025,64.3796,1.64379622
gold,2023-01-06,-0.7248,63.1882,1.63188168
gold,2023-01-09,1.0826,64.9548,1.64954807
gold,2023-01-10,-0.0498,64.8726,1.64872638
gold,2023-01-11,0.299,65.3657,1.65365653
gold,2023-01-12,-0.1491,65.1191,1.65119145
gold,2023-01-13,0.1991,65.4478,1.65447823
gold,2023-01-16,0.5711,66.3928,1.66392769
gold,2023-01-17,0.3951,67.0501,1.67050123
gold,2023-01-18,-0.2459,66.6393,1.66639277
gold,2023-01-19,0.2959,67.1323,1.67132293
gold,2023-01-20,0.8112,68.4881,1.68488085
gold,2023-01-30,-0.1219,68.2827,1.68282662
gold,2023-01-31,-0.6592,67.1734,1.67173377
gold,2023-02-01,0.5407,68.0772,1.68077239
gold,2023-02-02,0.8311,69.4741,1.69474117
gold,2023-02-03,-1.3091,67.2555,1.67255546
gold,2023-02-06,-1.3019,65.0781,1.65078061
gold,2023-02-07,-0.1991,64.7494,1.64749384
gold,2023-02-08,0.0,64.7494,1.64749384
gold,2023-02-09,0.2244,65.1191,1.65119145
gold,2023-02-10,-0.6469,64.0509,1.64050945
gold,2023-02-13,0.6261,65.0781,1.65078061
gold,2023-02-14,-0.0747,64.9548,1.64954807
gold,2023-02-15,-0.3238,64.4207,1.64420707
gold,2023-02-16,-0.025,64.3796,1.64379622
gold,2023-02-17,-0.2249,64.0099,1.6400986
gold,2023-02-20,0.4509,64.7494,1.64749384
gold,2023-02-21,-0.1247,64.544,1.64543961
gold,2023-02-22,0.2996,65.037,1.65036976
gold,2023-02-23,-0.224,64.6672,1.64667214
gold,2023-02-24,0.3244,65.2013,1.65201315
gold,2023-02-27,-0.2736,64.7494,1.64749384
gold,2023-02-28,0.1247,64.9548,1.64954807
gold,2023-03-01,0.3487,65.53,1.65529992
gold,2023-03-02,-0.0745,65.4067,1.65406738
gold,2023-03-03,0.4471,66.1463,1.66146261
gold,2023-03-06,0.6677,67.2555,1.67255546
gold,2023-03-07,0.1228,67.461,1.6746097
gold,2023-03-08,-1.055,65.6943,1.6569433
gold,2023-03-09,0.0,65.6943,1.6569433
gold,2023-03-10,0.6943,66.8447,1.668447
gold,2023-03-13,0.6895,67.9951,1.6799507
gold,2023-03-14,1.2962,70.1726,1.70172555
gold,2023-03-15,-0.0724,70.0493,1.70049302
gold,2023-03-16,0.8456,71.4873,1.71487264
gold,2023-03-17,0.575,72.4733,1.72473295
gold,2023-03-20,3.0729,77.7732,1.77773213
gold,2023-03-21,-0.9475,76.0887,1.76088743
gold,2023-03-22,-1.4699,73.5004,1.73500411
gold,2023-03-23,0.7104,74.733,1.7473295
gold,2023-03-24,0.5173,75.6368,1.75636812
gold,2023-03-27,-0.6784,74.4454,1.74445357
gold,2023-03-28,-0.4946,73.5826,1.7358258
gold,2023-03-29,0.355,74.1988,1.7419885
gold,2023-03-30,0.1887,74.5275,1.74527527
gold,2023-03-31,0.7768,75.8833,1.7588332
gold,2023-04-03,-1.4015,73.4182,1.73418242
gold,2023-04-04,1.1372,75.3903,1.75390304
gold,2023-04-06,1.4289,77.8965,1.77896467
gold,2023-04-07,-0.0462,77.8143,1.77814297
gold,2023-04-10,-0.9473,76.1298,1.76129827
gold,2023-04-11,0.5598,77.1159,1.77115859
gold,2023-04-12,0.6959,78.3484,1.78348398
gold,2023-04-13,0.1152,78.5538,1.78553821
gold,2023-04-14,0.4602,79.3755,1.79375514
gold,2023-04-17,-0.962,77.65,1.77649959
gold,2023-04-18,-0.4394,76.8694,1.76869351
gold,2023-04-19,-0.1858,76.5407,1.76540674
gold,2023-04-20,0.256,76.9926,1.76992605
gold,2023-04-21,-0.4643,76.1709,1.76170912
gold,2023-04-24,-0.2565,75.719,1.75718981
gold,2023-04-25,0.9119,77.3213,1.77321282
gold,2023-04-26,0.1622,77.6089,1.77608874
gold,2023-04-27,0.2313,78.0197,1.78019721
gold,2023-04-28,-0.8078,76.5818,1.76581758
gold,2023-05-04,2.2569,80.567,1.80566968
gold,2023-05-05,0.4551,81.3887,1.81388661
gold,2023-05-08,-1.0646,79.4577,1.79457683
gold,2023-05-09,0.206,79.8274,1.79827445
gold,2023-05-10,0.4798,80.6902,1.80690222
gold,2023-05-11,-0.091,80.5259,1.80525883
gold,2023-05-12,-0.66,79.3344,1.79334429
gold,2023-05-15,0.3895,80.0329,1.80032868
gold,2023-05-16,-0.2967,79.4988,1.79498767
gold,2023-05-17,-0.3662,78.8414,1.78841413
gold,2023-05-18,-0.1838,78.5127,1.78512736
gold,2023-05-19,-0.3452,77.8965,1.77896467
gold,2023-05-22,0.3926,78.5949,1.78594906
gold,2023-05-23,-0.3911,77.8965,1.77896467
gold,2023-05-24,0.5081,78.8003,1.78800329
gold,2023-05-25,-0.3906,78.1019,1.7810189
gold,2023-05-26,-0.5767,77.0748,1.77074774
gold,2023-05-29,0.0928,77.2391,1.77239113
gold,2023-05-30,-0.3245,76.6639,1.76663928
gold,2023-05-31,1.5116,79.3344,1.79334429
gold,2023-06-01,-0.0687,79.2112,1.79211175
gold,2023-06-02,0.298,79.7453,1.79745275
gold,2023-06-05,-1.1657,77.65,1.77649959
gold,2023-06-06,0.7632,79.0058,1.79005752
gold,2023-06-07,0.1377,79.2523,1.7925226
gold,2023-06-08,-0.573,78.2251,1.78225144
gold,2023-06-09,0.8529,79.7453,1.79745275
gold,2023-06-12,0.0686,79.8685,1.79868529
gold,2023-06-13,0.2284,80.2794,1.80279376
gold,2023-06-14,-0.5697,79.2523,1.7925226
gold,2023-06-15,-0.7793,77.8554,1.77855382
gold,2023-06-16,0.693,79.0879,1.79087921
gold,2023-06-19,0.1606,79.3755,1.79375514
gold,2023-06-20,0.1832,79.7042,1.79704191
gold,2023-06-21,-0.4115,78.9647,1.78964667
gold,2023-06-26,-0.0459,78.8825,1.78882498
gold,2023-06-27,-0.0919,78.7182,1.78718159
gold,2023-06-28,-0.3448,78.1019,1.7810189
gold,2023-06-29,0.1845,78.4306,1.78430567
gold,2023-06-30,0.1382,78.6771,1.78677075
gold,2023-07-03,0.2069,79.0468,1.79046836
gold,2023-07-04,0.1377,79.2933,1.79293344
gold,2023-07-05,0.0687,79.4166,1.79416598
gold,2023-07-06,-0.0458,79.3344,1.79334429
gold,2023-07-07,-0.1375,79.0879,1.79087921
gold,2023-07-10,0.2524,79.5399,1.79539852
gold,2023-07-11,0.0915,79.7042,1.79704191
gold,2023-07-12,-0.0686,79.5809,1.79580937
gold,2023-07-13,0.8465,81.1011,1.81101068
gold,2023-07-14,-0.4537,80.2794,1.80279376
gold,2023-07-17,0.4102,81.0189,1.81018899
gold,2023-07-18,0.3631,81.6763,1.81676253
gold,2023-07-19,1.1533,83.7716,1.83771569
gold,2023-07-20,-0.0671,83.6483,1.83648316
gold,2023-07-21,-0.3803,82.9499,1.82949877
gold,2023-07-24,-0.247,82.4979,1.82497946
gold,2023-07-25,-0.4953,81.5941,1.81594084
gold,2023-07-26,0.4299,82.3747,1.82374692
gold,2023-07-27,0.2027,82.7445,1.82744454
gold,2023-07-28,-0.9892,80.9367,1.8093673
gold,2023-07-31,0.1135,81.1422,1.81142153
gold,2023-08-01,0.3856,81.8406,1.81840592
gold,2023-08-02,-0.0226,81.7995,1.81799507
gold,2023-08-03,-0.4294,81.0189,1.81018899
gold,2023-08-04,-0.1135,80.8135,1.80813476
gold,2023-08-07,0.2045,81.1832,1.81183237
gold,2023-08-08,0.0907,81.3476,1.81347576
gold,2023-08-09,-0.068,81.2243,1.81224322
gold,2023-08-10,-0.3401,80.6081,1.80608053
gold,2023-08-11,0.4322,81.3887,1.81388661
gold,2023-08-14,0.1359,81.6352,1.81635168
gold,2023-08-15,0.2262,82.046,1.82046015
gold,2023-08-16,0.0451,82.1282,1.82128184
gold,2023-08-17,-0.0902,81.9638,1.81963846
gold,2023-08-18,-0.1806,81.6352,1.81635168
gold,2023-08-21,0.3845,82.3336,1.82333607
gold,2023-08-22,-0.1577,82.046,1.82046015
gold,2023-08-23,0.4739,82.9088,1.82908792
gold,2023-08-24,0.2695,83.4018,1.83401808
gold,2023-08-25,-0.3584,82.7445,1.82744454
gold,2023-08-28,0.045,82.8266,1.82826623
gold,2023-08-29,0.2697,83.3196,1.83319638
gold,2023-08-30,0.3362,83.9359,1.83935908
gold,2023-08-31,0.3797,84.6343,1.84634347
gold,2023-09-01,-0.1113,84.4289,1.84428924
gold,2023-09-04,0.3787,85.1274,1.85127362
gold,2023-09-05,0.0444,85.2095,1.85209532
gold,2023-09-06,-0.0665,85.0863,1.85086278
gold,2023-09-07,-0.0222,85.0452,1.85045193
gold,2023-09-08,0.7105,86.3599,1.86359901
gold,2023-09-11,0.1984,86.7297,1.86729663
gold,2023-09-12,0.022,86.7707,1.86770748
gold,2023-09-13,0.242,87.2227,1.87222679
gold,2023-09-14,0.768,88.6606,1.88660641
gold,2023-09-15,-0.9582,86.8529,1.86852917
gold,2023-09-18,-0.5277,85.8669,1.85866886
gold,2023-09-19,0.7737,87.3048,1.87304848
gold,2023-09-20,0.7677,88.7428,1.8874281
gold,2023-09-21,-0.3047,88.1676,1.88167625
gold,2023-09-22,-0.4148,87.387,1.87387017
gold,2023-09-25,0.4385,88.2087,1.8820871
gold,2023-09-26,-0.0655,88.0855,1.88085456
gold,2023-09-27,-1.4635,85.3328,1.85332786
gold,2023-09-28,-1.6626,82.2514,1.82251438
gold,2023-10-09,-0.6988,80.9778,1.80977814
gold,2023-10-10,-1.294,78.636,1.7863599
gold,2023-10-11,0.161,78.9236,1.78923583
gold,2023-10-12,0.8037,80.3615,1.80361545
gold,2023-10-13,0.3417,80.9778,1.80977814
gold,2023-10-16,1.2486,83.2375,1.83237469
gold,2023-10-17,0.4484,84.0592,1.84059162
gold,2023-10-18,0.9598,85.8258,1.85825801
gold,2023-10-19,0.5306,86.8118,1.86811832
gold,2023-10-20,1.0996,88.8661,1.88866064
gold,2023-10-23,-0.5438,87.8389,1.87838948
gold,2023-10-24,0.0656,87.9622,1.87962202
gold,2023-10-25,-0.3934,87.2227,1.87222679
gold,2023-10-26,0.7242,88.5785,1.88578472
gold,2023-10-27,0.1961,88.9482,1.88948233
gold,2023-10-30,0.2174,89.3591,1.8935908
gold,2023-10-31,0.2387,89.811,1.89811011
gold,2023-11-01,-0.368,89.1126,1.89112572
gold,2023-11-02,0.2172,89.5234,1.89523418
gold,2023-11-03,-0.065,89.4002,1.89400164
gold,2023-11-06,-0.4989,88.4552,1.88455218
gold,2023-11-07,-0.3924,87.7157,1.87715694
gold,2023-11-08,-0.394,86.9762,1.86976171
gold,2023-11-09,-0.6592,85.7436,1.85743632
gold,2023-11-10,0.7299,87.0994,1.87099425
gold,2023-11-13,-0.3513,86.4421,1.86442071
gold,2023-11-14,0.4407,87.2638,1.87263763
gold,2023-11-15,0.4168,88.0444,1.88044371
gold,2023-11-16,-0.3933,87.3048,1.87304848
gold,2023-11-17,0.2852,87.8389,1.87838948
gold,2023-11-20,-1.0936,85.7847,1.85784717
gold,2023-11-21,-0.1327,85.5382,1.85538209
gold,2023-11-22,-0.3764,84.8398,1.8483977
gold,2023-11-23,-0.0889,84.6754,1.84675431
gold,2023-11-24,0.089,84.8398,1.8483977
gold,2023-11-27,1.0447,86.7707,1.86770748
gold,2023-11-28,0.308,87.3459,1.87345933
gold,2023-11-29,0.6798,88.6196,1.88619556
gold,2023-11-30,-0.0436,88.5374,1.88537387
gold,2023-12-01,0.0,88.5374,1.88537387
gold,2023-12-04,1.1767,90.756,1.90755957
gold,2023-12-05,-1.3569,88.1676,1.88167625
gold,2023-12-06,-0.0437,88.0855,1.88085456
gold,2023-12-07,0.1311,88.332,1.88331964
gold,2023-12-08,0.1527,88.6196,1.88619556
gold,2023-12-11,-0.7406,87.2227,1.87222679
gold,2023-12-12,-0.395,86.4832,1.86483155
gold,2023-12-13,-0.2203,86.0723,1.86072309
gold,2023-12-14,1.5235,88.9071,1.88907149
gold,2023-12-15,-0.174,88.5785,1.88578472
gold,2023-12-18,-0.305,88.0033,1.88003287
gold,2023-12-19,0.2841,88.5374,1.88537387
gold,2023-12-20,0.3269,89.1537,1.89153657
gold,2023-12-21,0.0217,89.1947,1.89194741
gold,2023-12-22,0.4777,90.0986,1.90098603
gold,2023-12-25,0.1513,90.3862,1.90386196
gold,2023-12-26,0.2805,90.9203,1.90920296
gold,2023-12-27,0.2798,91.4544,1.91454396
gold,2023-12-28,0.0429,91.5366,1.91536565
gold,2023-12-29,-0.3003,90.9614,1.9096138
gold,2024-01-02,0.3873,91.7009,1.91700904
gold,2024-01-03,-0.0643,91.5777,1.9157765
gold,2024-01-04,-0.2573,91.0846,1.91084634
gold,2024-01-05,0.2795,91.6187,1.91618735
gold,2024-01-08,-0.3002,91.0435,1.9104355
gold,2024-01-09,-0.0215,91.0025,1.91002465
gold,2024-01-10,-0.3872,90.2629,1.90262942
gold,2024-01-11,0.0,90.2629,1.90262942
gold,2024-01-12,0.3239,90.8792,1.90879211
gold,2024-01-15,0.5811,91.9885,1.91988496
gold,2024-01-16,0.0856,92.1528,1.92152835
gold,2024-01-17,-0.9835,90.2629,1.90262942
gold,2024-01-18,-0.3239,89.6467,1.89646672
gold,2024-01-19,0.5849,90.756,1.90755957
gold,2024-01-22,-0.3877,90.0164,1.90016434
gold,2024-01-23,0.1514,90.304,1.90304026
gold,2024-01-24,-0.1295,90.0575,1.90057518
gold,2024-01-25,-0.454,89.1947,1.89194741
gold,2024-01-26,0.4343,90.0164,1.90016434
gold,2024-01-29,0.1946,90.3862,1.90386196
gold,2024-01-30,0.2805,90.9203,1.90920296
gold,2024-01-31,0.1291,91.1668,1.91166804
gold,2024-02-01,0.3224,91.7831,1.91783073
gold,2024-02-02,0.2356,92.235,1.92235004
gold,2024-02-05,-0.7694,90.756,1.90755957
gold,2024-02-06,-0.2154,90.3451,1.90345111
gold,2024-02-07,0.1943,90.7149,1.90714873
gold,2024-02-08,0.4308,91.5366,1.91536565
gold,2024-02-19,-0.3861,90.797,1.90797042
gold,2024-02-20,-0.0431,90.7149,1.90714873
gold,2024-02-21,0.0,90.7149,1.90714873
gold,2024-02-22,-0.0646,90.5916,1.90591619
gold,2024-02-23,-0.194,90.2219,1.90221857
gold,2024-02-26,0.4536,91.0846,1.91084634
gold,2024-02-27,-0.1075,90.8792,1.90879211
gold,2024-02-28,-0.0215,90.8381,1.90838127
gold,2024-02-29,0.0431,90.9203,1.90920296
gold,2024-03-01,0.4304,91.742,1.91741988
gold,2024-03-04,1.2428,94.1249,1.94124897
gold,2024-03-05,1.3545,96.7543,1.96754314
gold,2024-03-06,0.7308,98.1923,1.98192276
gold,2024-03-07,1.2645,100.6984,2.00698439
gold,2024-03-08,-0.0819,100.5341,2.005341
gold,2024-03-11,0.3688,101.2736,2.01273624
gold,2024-03-12,-0.4082,100.4519,2.00451931
gold,2024-03-13,-0.1845,100.0822,2.00082169
gold,2024-03-14,0.1437,100.3698,2.00369762
gold,2024-03-15,0.4511,101.2736,2.01273624
gold,2024-03-18,-0.7961,99.6713,1.99671323
gold,2024-03-19,0.2058,100.0822,2.00082169
gold,2024-03-20,0.2053,100.493,2.00493016
gold,2024-03-21,2.0082,104.5193,2.0451931
gold,2024-03-22,-0.6428,103.2046,2.03204601
gold,2024-03-25,0.2022,103.6154,2.03615448
gold,2024-03-26,0.2018,104.0263,2.04026294
gold,2024-03-27,0.4833,105.0123,2.05012325
gold,2024-03-28,0.7816,106.6146,2.06614626
gold,2024-03-29,1.9288,110.5998,2.10599836
gold,2024-04-01,0.5657,111.7913,2.1179129
gold,2024-04-02,0.0776,111.9556,2.11955629
gold,2024-04-03,1.3956,114.9137,2.14913722
gold,2024-04-08,2.3514,119.9671,2.19967132
gold,2024-04-09,0.2802,120.5834,2.20583402
gold,2024-04-10,0.3539,121.364,2.2136401
gold,2024-04-11,-0.7424,119.7206,2.19720624
gold,2024-04-12,2.917,126.1298,2.26129827
gold,2024-04-15,-1.5807,122.5555,2.22555464
gold,2024-04-16,0.6461,123.9934,2.23993426
gold,2024-04-17,0.1651,124.3632,2.24363188
gold,2024-04-18,-0.293,123.7058,2.23705834
gold,2024-04-19,0.4775,124.774,2.24774035
gold,2024-04-22,-1.9558,120.378,2.20377979
gold,2024-04-23,-2.4609,114.9548,2.14954807
gold,2024-04-24,1.0512,117.2145,2.17214462
gold,2024-04-25,0.0189,117.2555,2.17255546
gold,2024-04-26,0.7753,118.94,2.18940016
gold,2024-04-29,-0.6568,117.5021,2.17502054
gold,2024-04-30,-0.1511,117.1734,2.17173377
gold,2024-05-06,-0.6054,115.8587,2.15858669
gold,2024-05-07,0.2665,116.4339,2.16433854
gold,2024-05-08,-0.1329,116.1463,2.16146261
gold,2024-05-09,-0.2091,115.6943,2.1569433
gold,2024-05-10,2.2667,120.5834,2.20583402
gold,2024-05-13,-0.596,119.2687,2.19268694
gold,2024-05-14,-0.1499,118.94,2.18940016
gold,2024-05-15,0.7694,120.6245,2.20624486
gold,2024-05-16,0.8752,122.5555,2.22555464
gold,2024-05-17,-0.0185,122.5144,2.2251438
gold,2024-05-20,2.4742,128.0197,2.28019721
gold,2024-05-21,-1.2432,125.1849,2.25184881
gold,2024-05-22,0.2007,125.6368,2.25636812
gold,2024-05-23,-2.2942,120.4601,2.20460148
gold,2024-05-24,-0.8759,118.5292,2.1852917
gold,2024-05-27,0.3572,119.3098,2.19309778
gold,2024-05-28,-0.0749,119.1454,2.1914544
gold,2024-05-29,0.6749,120.6245,2.20624486
gold,2024-05-30,-0.987,118.447,2.18447001
gold,2024-05-31,0.489,119.5152,2.19515201
gold,2024-06-03,-0.8797,117.5842,2.17584224
gold,2024-06-04,0.9441,119.6385,2.19638455
gold,2024-06-05,-0.4115,118.7346,2.18734593
gold,2024-06-06,1.3899,121.7749,2.21774856
gold,2024-06-07,0.0185,121.8159,2.21815941
gold,2024-06-11,-3.0006,115.1602,2.1516023
gold,2024-06-12,0.5728,116.3928,2.16392769
gold,2024-06-13,0.038,116.4749,2.16474938
gold,2024-06-14,0.038,116.5571,2.16557108
gold,2024-06-17,0.1518,116.8858,2.16885785
gold,2024-06-18,0.0947,117.0912,2.17091208
gold,2024-06-19,0.3974,117.954,2.17953985
gold,2024-06-20,0.8671,119.8439,2.19843878
gold,2024-06-21,0.4672,120.871,2.20870994
gold,2024-06-24,-1.5997,117.3377,2.17337716
gold,2024-06-25,0.2268,117.8307,2.17830731
gold,2024-06-26,-0.5847,116.5571,2.16557108
gold,2024-06-27,-0.5502,115.3657,2.15365653
gold,2024-06-28,1.0492,117.6253,2.17625308
gold,2024-07-01,0.0378,117.7075,2.17707477
gold,2024-07-02,0.1321,117.9951,2.1799507
gold,2024-07-03,0.6408,119.3919,2.19391947
gold,2024-07-04,0.4682,120.4191,2.20419063
gold,2024-07-05,0.2982,121.0764,2.21076417
gold,2024-07-08,0.0558,121.1997,2.21199671
gold,2024-07-09,-0.4086,120.2958,2.20295809
gold,2024-07-10,0.6527,121.7338,2.21733772
gold,2024-07-11,0.3706,122.5555,2.22555464
gold,2024-07-12,0.5354,123.7469,2.23746919
gold,2024-07-15,-0.0734,123.5826,2.2358258
gold,2024-07-16,1.1577,126.1709,2.26170912
gold,2024-07-17,1.2897,129.0879,2.29087921
gold,2024-07-18,-0.0538,128.9647,2.28964667
gold,2024-07-19,-2.6557,122.8841,2.22884141
gold,2024-07-22,-0.0737,122.7198,2.22719803
gold,2024-07-23,-0.4981,121.6105,2.21610518
gold,2024-07-24,1.3163,124.5275,2.24527527
gold,2024-07-25,-2.5252,118.8578,2.18857847
gold,2024-07-26,0.4318,119.8028,2.19802794
gold,2024-07-29,0.6916,121.3229,2.21322925
gold,2024-07-30,0.1299,121.6105,2.21610518
gold,2024-07-31,0.7786,123.3361,2.23336072
gold,2024-08-01,0.8094,125.1438,2.25143796
gold,2024-08-02,0.4562,126.1709,2.26170912
gold,2024-08-05,-2.525,120.4601,2.20460148
gold,2024-08-06,-0.7268,118.8578,2.18857847
gold,2024-08-07,0.4693,119.885,2.19884963
gold,2024-08-08,-0.0561,119.7617,2.19761709
gold,2024-08-09,0.8787,121.6927,2.21692687
gold,2024-08-12,0.7598,123.3772,2.23377157
gold,2024-08-13,0.6805,124.8973,2.24897288
gold,2024-08-14,-0.3288,124.1578,2.24157765
gold,2024-08-15,-0.2383,123.6237,2.23623665
gold,2024-08-16,0.1837,124.0345,2.24034511
gold,2024-08-19,1.1003,126.4996,2.26499589
gold,2024-08-20,0.0,126.4996,2.26499589
gold,2024-08-21,0.4353,127.4856,2.2748562
gold,2024-08-22,-0.2528,126.9104,2.26910435
gold,2024-08-23,-0.344,126.1298,2.26129827
gold,2024-08-26,0.6177,127.5267,2.27526705
gold,2024-08-27,-0.0722,127.3624,2.27362366
gold,2024-08-28,-0.1084,127.1159,2.27115859
gold,2024-08-29,0.1266,127.4035,2.27403451
gold,2024-08-30,-0.2349,126.8694,2.26869351
gold,2024-09-02,-0.5614,125.5957,2.25595727
gold,2024-09-03,0.1821,126.0066,2.26006574
gold,2024-09-04,-0.6908,124.4454,2.24445357
gold,2024-09-05,0.7139,126.0477,2.26047658
gold,2024-09-06,0.2726,126.6639,2.26663928
gold,2024-09-09,-0.725,125.0205,2.25020542
gold,2024-09-10,0.6573,126.4996,2.26499589
gold,2024-09-11,0.526,127.691,2.27691044
gold,2024-09-12,-0.1985,127.2391,2.27239113
gold,2024-09-13,1.4464,130.5259,2.30525883
gold,2024-09-18,-0.0356,130.4437,2.30443714
gold,2024-09-19,-0.1605,130.074,2.30073952
gold,2024-09-20,1.125,132.6623,2.32662284
gold,2024-09-23,0.8476,134.6343,2.34634347
gold,2024-09-24,-0.2451,134.0592,2.34059162
gold,2024-09-25,0.7548,135.8258,2.35825801
gold,2024-09-26,0.1916,136.2777,2.36277732
gold,2024-09-27,-0.7477,134.5111,2.34511093
gold,2024-09-30,-0.0175,134.47,2.34470008
gold,2024-10-08,0.1227,134.7576,2.34757601
gold,2024-10-09,-1.2951,131.7173,2.31717338
gold,2024-10-10,0.6383,133.1964,2.33196385
gold,2024-10-11,1.1099,135.7847,2.35784717
gold,2024-10-14,1.0455,138.2498,2.38249795
gold,2024-10-15,0.0,138.2498,2.38249795
gold,2024-10-16,1.4658,141.742,2.41741988
gold,2024-10-17,0.3569,142.6048,2.42604766
gold,2024-10-18,0.6774,144.2482,2.44248151
gold,2024-10-21,1.2616,147.3295,2.47329499
gold,2024-10-22,-0.0332,147.2473,2.47247329
gold,2024-10-23,0.6314,148.8085,2.48808546
gold,2024-10-24,-1.0073,146.3024,2.46302383
gold,2024-10-25,0.05,146.4256,2.46425637
gold,2024-10-28,0.3168,147.2062,2.47206245
gold,2024-10-29,0.8476,149.3016,2.49301561
gold,2024-10-30,1.1866,152.2597,2.52259655
gold,2024-10-31,-0.6026,150.7395,2.50739523
gold,2024-11-01,-0.852,148.6031,2.48603122
gold,2024-11-04,-0.7437,146.7543,2.46754314
gold,2024-11-05,0.0,146.7543,2.46754314
gold,2024-11-06,-0.1998,146.2613,2.46261298
gold,2024-11-07,-2.2356,140.756,2.40755957
gold,2024-11-08,0.6485,142.3172,2.42317173
gold,2024-11-11,0.1187,142.6048,2.42604766
gold,2024-11-12,-1.6596,138.5785,2.38578472
gold,2024-11-13,-0.1894,138.1265,2.38126541
gold,2024-11-14,-2.0014,133.3607,2.33360723
gold,2024-11-15,0.0528,133.484,2.33483977
gold,2024-11-18,1.3197,136.5653,2.36565325
gold,2024-11-19,1.7367,140.6738,2.40673788
gold,2024-11-20,-0.0171,140.6327,2.40632703
gold,2024-11-21,1.2976,143.7551,2.43755136
gold,2024-11-22,1.2978,146.9187,2.46918652
gold,2024-11-25,-1.5641,143.0567,2.43056697
gold,2024-11-26,-1.217,140.0986,2.40098603
gold,2024-11-27,0.9411,142.3583,2.42358258
gold,2024-11-28,-0.5086,141.1257,2.41125719
gold,2024-11-29,0.9201,143.3443,2.43344289
gold,2024-12-02,-0.8611,141.249,2.41248973
gold,2024-12-03,1.0048,143.673,2.43672966
gold,2024-12-04,-0.0337,143.5908,2.43590797
gold,2024-12-05,-0.0337,143.5086,2.43508628
gold,2024-12-06,-0.4049,142.5226,2.42522597
gold,2024-12-09,0.559,143.8784,2.43878389
gold,2024-12-10,0.4212,144.9055,2.44905505
gold,2024-12-11,0.8388,146.9597,2.46959737
gold,2024-12-12,0.6821,148.6442,2.48644207
gold,2024-12-13,-0.8427,146.5489,2.46548891
gold,2024-12-16,-0.8999,144.3303,2.4433032
gold,2024-12-17,-0.1177,144.0427,2.44042728
gold,2024-12-18,-0.1347,143.7141,2.43714051
gold,2024-12-19,-0.7923,141.7831,2.41783073
gold,2024-12-20,0.1189,142.0707,2.42070666
gold,2024-12-23,1.0014,144.4947,2.44494659
gold,2024-12-24,-0.5041,143.2621,2.4326212
gold,2024-12-25,0.2533,143.8784,2.43878389
gold,2024-12-26,0.0674,144.0427,2.44042728
gold,2024-12-27,0.0842,144.2482,2.44248151
gold,2024-12-30,-0.3701,143.3443,2.43344289
gold,2024-12-31,0.0844,143.5497,2.43549712
gold,2025-01-02,0.8266,145.5629,2.45562859
gold,2025-01-03,0.87,147.6993,2.4769926
gold,2025-01-06,-0.6469,146.097,2.4609696
gold,2025-01-07,0.1669,146.5078,2.46507806
gold,2025-01-08,0.5,147.7403,2.47740345
gold,2025-01-09,0.5804,149.1783,2.49178307
gold,2025-01-10,0.6595,150.8217,2.50821693
gold,2025-01-13,0.2457,151.438,2.51437962
gold,2025-01-14,-0.8497,149.3016,2.49301561
gold,2025-01-15,0.5603,150.6984,2.50698439
gold,2025-01-16,0.3278,151.5201,2.51520131
gold,2025-01-17,0.2777,152.2186,2.5221857
gold,2025-01-20,-0.1955,151.7256,2.51725555
gold,2025-01-21,0.0,151.7256,2.51725555
gold,2025-01-22,0.8813,153.9441,2.53944125
gold,2025-01-23,0.0971,154.1906,2.54190633
gold,2025-01-24,0.5011,155.4643,2.55464256
gold,2025-01-27,-0.2573,154.8069,2.54806902
gold,2025-02-05,3.8213,164.544,2.64543961
gold,2025-02-06,-0.5746,163.0238,2.63023829
gold,2025-02-07,0.2812,163.7634,2.63763353
gold,2025-02-10,1.5265,167.7896,2.67789647
gold,2025-02-11,1.0126,170.5012,2.70501233
gold,2025-02-12,-0.6987,168.6113,2.68611339
gold,2025-02-13,0.4894,169.926,2.69926048
gold,2025-02-14,0.5327,171.364,2.7136401
gold,2025-02-17,-1.6805,166.8036,2.66803615
gold,2025-02-18,0.9393,169.3098,2.69309778
gold,2025-02-19,0.656,171.0764,2.71076417
gold,2025-02-20,0.3183,171.9392,2.71939195
gold,2025-02-21,-0.7705,169.8439,2.69843878
gold,2025-02-24,0.1979,170.378,2.70377979
gold,2025-02-25,0.0152,170.4191,2.70419063
gold,2025-02-26,-0.9572,167.8307,2.67830731
gold,2025-02-27,-0.4142,166.7214,2.66721446
gold,2025-02-28,-0.7394,164.7494,2.64749384
gold,2025-03-03,0.1086,165.037,2.65036976
gold,2025-03-04,0.7441,167.009,2.67009039
gold,2025-03-05,0.7386,168.9811,2.68981101
gold,2025-03-06,-0.1833,168.4881,2.68488085
gold,2025-03-07,-0.1377,168.1183,2.68118324
gold,2025-03-10,0.2758,168.8578,2.68857847
gold,2025-03-11,-0.596,167.2555,2.67255546
gold,2025-03-12,0.3228,168.1183,2.68118324
gold,2025-03-13,0.7508,170.1315,2.70131471
gold,2025-03-14,1.4905,174.1578,2.74157765
gold,2025-03-17,0.0599,174.3221,2.74322104
gold,2025-03-18,0.7488,176.3763,2.76376335
gold,2025-03-19,1.0852,179.3755,2.79375514
gold,2025-03-20,0.1029,179.6631,2.79663106
gold,2025-03-21,-0.4848,178.3073,2.78307313
gold,2025-03-24,0.0886,178.5538,2.78553821
gold,2025-03-25,-0.0885,178.3073,2.78307313
gold,2025-03-26,0.31,179.1701,2.7917009
gold,2025-03-27,0.2502,179.8685,2.79868529
gold,2025-03-28,1.8497,185.0452,2.85045193
gold,2025-03-31,1.0666,188.0855,2.88085456
gold,2025-04-01,0.6275,189.8932,2.8989318
gold,2025-04-02,-0.3827,188.7839,2.88783895
gold,2025-04-03,0.9247,191.4544,2.91454396
gold,2025-04-07,-3.0589,182.539,2.8253903
gold,2025-04-08,0.698,184.5111,2.84511093
gold,2025-04-09,1.2563,188.0855,2.88085456
gold,2025-04-10,2.1677,194.3303,2.9433032
gold,2025-04-11,1.5215,198.8085,2.98808546
gold,2025-04-14,0.7425,201.0271,3.01027116
gold,2025-04-15,-0.0273,200.9449,3.00944947
gold,2025-04-16,2.43,208.258,3.08258012
gold,2025-04-17,0.8263,210.8053,3.10805259
gold,2025-04-18,0.2379,211.5448,3.11544782
gold,2025-04-21,1.8594,217.3377,3.17337716
gold,2025-04-22,3.3402,227.9376,3.27937551
gold,2025-04-23,-6.0386,208.1348,3.08134758
gold,2025-04-24,1.0933,211.5037,3.11503698
gold,2025-04-25,-0.6858,209.3673,3.09367297
gold,2025-04-28,-0.8632,206.6968,3.06696795
gold,2025-04-29,0.6966,208.8332,3.08833196
gold,2025-04-30,-0.6119,206.9433,3.06943303
gold,2025-05-06,1.8873,212.7362,3.12736237
gold,2025-05-07,0.7751,215.1602,3.1516023
gold,2025-05-08,-1.4861,210.4766,3.10476582
gold,2025-05-09,-0.3441,209.4084,3.09408381
gold,2025-05-12,-2.0582,203.0403,3.03040263
gold,2025-05-13,-0.5965,201.2325,3.01232539
gold,2025-05-14,-0.7501,198.9729,2.98972884
gold,2025-05-15,-2.9545,190.1397,2.90139688
gold,2025-05-16,1.6284,194.8644,2.94864421
gold,2025-05-19,0.627,196.7132,2.96713229
gold,2025-05-20,-0.18,196.1791,2.96179129
gold,2025-05-21,3.1905,205.6286,3.05628595
gold,2025-05-22,0.1479,206.0805,3.06080526
gold,2025-05-23,0.0537,206.2449,3.06244864
gold,2025-05-26,-0.3891,205.0534,3.0505341
gold,2025-05-27,-0.7946,202.6294,3.02629417
gold,2025-05-28,0.1222,202.9992,3.02999178
gold,2025-05-29,-1.0169,199.9178,2.99917831
gold,2025-05-30,0.9452,202.7527,3.02752671
gold,2025-06-03,1.4792,207.2309,3.07230896
gold,2025-06-04,-0.0535,207.0666,3.07066557
gold,2025-06-05,0.1204,207.4363,3.07436319
gold,2025-06-06,-0.0267,207.3542,3.0735415
gold,2025-06-09,-1.0827,204.0263,3.04026294
gold,2025-06-10,0.0676,204.2317,3.04231717
gold,2025-06-11,0.3106,205.1767,3.05176664
gold,2025-06-12,0.9289,208.0115,3.08011504
gold,2025-06-13,1.2138,211.7502,3.11750205
gold,2025-06-16,-0.3295,210.7231,3.1072309
gold,2025-06-17,-0.8462,208.0937,3.08093673
gold,2025-06-18,0.0533,208.258,3.08258012
gold,2025-06-19,-0.5065,206.6968,3.06696795
gold,2025-06-20,-0.3885,205.5053,3.05505341
gold,2025-06-23,0.3765,206.6557,3.06655711
gold,2025-06-24,-1.2326,202.8759,3.02875924
gold,2025-06-25,0.2713,203.6976,3.03697617
gold,2025-06-26,0.1759,204.2317,3.04231717
gold,2025-06-27,-1.0668,200.986,3.00986031
gold,2025-06-30,-0.1638,200.493,3.00493016
gold,2025-07-01,1.1348,203.903,3.0390304
gold,2025-07-02,-0.0406,203.7798,3.03779786
gold,2025-07-03,0.6897,205.8751,3.05875103
gold,2025-07-04,-0.5104,204.3139,3.04313887
gold,2025-07-07,-0.702,202.1775,3.02177486
gold,2025-07-08,0.5846,203.9441,3.03944125
gold,2025-07-09,-1.1354,200.493,3.00493016
gold,2025-07-10,0.7793,202.8348,3.0283484
gold,2025-07-11,0.0678,203.0403,3.03040263
gold,2025-07-14,0.8677,205.6697,3.0566968
gold,2025-07-15,-0.0538,205.5053,3.05505341
gold,2025-07-16,-0.4572,204.1085,3.04108463
gold,2025-07-17,-0.0675,203.903,3.0390304
gold,2025-07-18,0.0811,204.1495,3.04149548
gold,2025-07-21,0.5808,205.9162,3.05916187
gold,2025-07-22,0.376,207.0666,3.07066557
gold,2025-07-23,0.9901,210.1068,3.1010682
gold,2025-07-24,-1.6428,205.0123,3.05012325
gold,2025-07-25,-0.202,204.3961,3.04396056
gold,2025-07-28,-0.2834,203.5333,3.03533279
gold,2025-07-29,-0.3384,202.5062,3.02506163
gold,2025-07-30,0.1901,203.0813,3.03081348
gold,2025-07-31,-0.366,201.9721,3.01972062
gold,2025-08-01,0.0272,202.0542,3.02054232
gold,2025-08-04,1.2786,205.9162,3.05916187
gold,2025-08-05,0.1209,206.2859,3.06285949
gold,2025-08-06,0.1744,206.82,3.06820049
gold,2025-08-07,0.2142,207.4774,3.07477403
gold,2025-08-08,0.3207,208.4634,3.08463435
gold,2025-08-11,-1.0522,205.2177,3.05217749
gold,2025-08-12,-0.4038,203.9852,3.0398521
gold,2025-08-13,0.2162,204.6426,3.04642564
gold,2025-08-14,0.1214,205.0123,3.05012325
gold,2025-08-15,-0.3098,204.0674,3.04067379
gold,2025-08-18,0.1621,204.5604,3.04560394
gold,2025-08-19,-0.2968,203.6565,3.03656532
gold,2025-08-20,-0.23,202.9581,3.02958094
gold,2025-08-21,0.2712,203.7798,3.03779786
gold,2025-08-22,-0.2164,203.1224,3.03122432
gold,2025-08-25,0.6641,205.1356,3.05135579
gold,2025-08-26,0.2962,206.0394,3.06039441
gold,2025-08-27,0.0134,206.0805,3.06080526
gold,2025-08-28,0.2416,206.82,3.06820049
gold,2025-08-29,0.241,207.5596,3.07559573
gold,2025-09-01,2.1507,214.1742,3.14174199
gold,2025-09-02,0.3008,215.1191,3.15119145
gold,2025-09-03,1.2777,219.1454,3.1914544
gold,2025-09-04,-0.2317,218.4059,3.18405916
gold,2025-09-05,0.3226,219.433,3.19433032
gold,2025-09-08,0.926,222.3911,3.22391126
gold,2025-09-09,1.5165,227.2802,3.27280197
gold,2025-09-10,-0.2385,226.4996,3.26499589
gold,2025-09-11,-0.302,225.5136,3.25513558
gold,2025-09-12,0.3913,226.7872,3.26787182
gold,2025-09-15,-0.2892,225.8422,3.25842235
gold,2025-09-16,1.2735,229.9918,3.29991783
gold,2025-09-17,-0.8466,227.198,3.27198028
gold,2025-09-18,-1.2808,223.0074,3.23007395
gold,2025-09-19,0.4579,224.4864,3.24486442
gold,2025-09-22,1.8992,230.6491,3.30649137
gold,2025-09-23,1.1804,234.5522,3.34552177
gold,2025-09-24,0.5772,236.4832,3.36483155
gold,2025-09-25,-0.5372,234.6754,3.34675431
gold,2025-09-26,0.1719,235.2506,3.35250616
gold,2025-09-29,1.2132,239.318,3.39317995
gold,2025-09-30,0.9686,242.6048,3.42604766
gold,2025-10-09,4.6768,258.6278,3.58627773
gold,2025-10-10,-1.4549,253.41,3.53410025
gold,2025-10-13,2.9877,263.9688,3.63968776
gold,2025-10-14,1.3207,268.7757,3.68775678
gold,2025-10-15,2.3507,277.4445,3.77444536
gold,2025-10-16,0.6204,279.7864,3.7978636
gold,2025-10-17,3.505,293.0978,3.93097781
gold,2025-10-20,-3.1355,280.7724,3.80772391
gold,2025-10-21,2.3953,289.8932,3.8989318
gold,2025-10-22,-4.0991,273.9113,3.73911257
gold,2025-10-23,-1.1757,269.5152,3.69515201
gold,2025-10-24,-0.4892,267.7075,3.67707477
gold,2025-10-27,-0.4022,266.2284,3.66228431
gold,2025-10-28,-3.5562,253.2046,3.53204601
gold,2025-10-29,1.105,257.1076,3.57107642
gold,2025-10-30,0.1381,257.6007,3.57600657
gold,2025-10-31,1.034,261.2983,3.61298274
gold,2025-11-03,0.0341,261.4215,3.61421528
gold,2025-11-04,-0.6821,258.9564,3.5895645
gold,2025-11-05,-0.3548,257.6828,3.57682827
gold,2025-11-06,0.5628,259.696,3.59695974
gold,2025-11-07,0.434,261.2572,3.6125719
gold,2025-11-10,1.6263,267.1323,3.67132293
gold,2025-11-11,1.41,272.309,3.72308956
gold,2025-11-12,-0.3642,270.9532,3.70953164
gold,2025-11-13,1.617,276.9515,3.7695152
gold,2025-11-14,-0.861,273.7058,3.73705834
gold,2025-11-17,-2.3527,264.9137,3.64913722
gold,2025-11-18,-1.1822,260.5998,3.60599836
gold,2025-11-19,2.0166,267.8718,3.67871816
gold,2025-11-20,-0.5696,265.7765,3.657765
gold,2025-11-21,-0.8424,262.6952,3.62695152
gold,2025-11-24,0.3285,263.8866,3.63886606
gold,2025-11-25,1.7274,270.1726,3.70172555
gold,2025-11-26,0.0111,270.2136,3.7021364
gold,2025-11-27,-0.0111,270.1726,3.70172555
gold,2025-11-28,0.6326,272.5144,3.7251438
gold,2025-12-01,1.0367,276.3763,3.76376335
gold,2025-12-02,-0.5349,274.3632,3.74363188
gold,2025-12-03,-0.1756,273.7058,3.73705834
gold,2025-12-04,-0.3518,272.3911,3.72391126
gold,2025-12-05,0.7944,275.3492,3.75349219
gold,2025-12-08,-0.2846,274.281,3.74281019
gold,2025-12-09,-0.7025,271.6516,3.71651602
gold,2025-12-10,0.5417,273.6647,3.73664749
gold,2025-12-11,0.1649,274.281,3.74281019
gold,2025-12-12,1.2843,279.0879,3.79087921
gold,2025-12-15,1.3439,284.1824,3.84182416
gold,2025-12-16,-1.187,279.622,3.79622021
gold,2025-12-17,0.7576,282.4979,3.82497946
gold,2025-12-18,0.0859,282.8266,3.82826623
gold,2025-12-19,-0.0537,282.6212,3.826212
gold,2025-12-22,2.1261,290.756,3.90755957
gold,2025-12-23,1.3458,296.0148,3.9601479
gold,2025-12-24,0.0311,296.138,3.96138044
gold,2025-12-25,-0.7882,293.0156,3.93015612
gold,2025-12-26,0.8781,296.4667,3.96466721
gold,2025-12-29,-0.9016,292.8924,3.92892358
gold,2025-12-30,-2.0914,284.6754,3.84675431
gold,2025-12-31,-0.6622,282.1282,3.82128184
gold,2026-01-05,2.0858,290.0986,3.90098603
gold,2026-01-06,0.8636,293.4675,3.93467543
gold,2026-01-07,-0.6161,291.0436,3.9104355
gold,2026-01-08,-0.0735,290.756,3.90755957
gold,2026-01-09,0.8516,294.0838,3.94083813
gold,2026-01-12,1.9287,301.6845,4.0168447
gold,2026-01-13,0.1636,302.3418,4.02341824
gold,2026-01-14,1.3173,307.6417,4.07641742
gold,2026-01-15,-0.5543,305.3821,4.05382087
gold,2026-01-16,-0.1013,304.9712,4.04971241
gold,2026-01-19,1.5116,311.0929,4.11092851
gold,2026-01-20,0.7595,314.2153,4.14215283
gold,2026-01-21,2.926,326.3353,4.26335251
gold,2026-01-22,-0.3469,324.8562,4.24856204
gold,2026-01-23,2.669,336.1956,4.36195563
gold,2026-01-26,2.8916,348.8085,4.48808546
gold,2026-01-27,0.0915,349.2194,4.49219392
gold,2026-01-28,3.1644,363.4347,4.63434675
gold,2026-01-29,5.5319,389.0715,4.89071487
gold,2026-01-30,-7.5185,352.3007,4.5230074
gold,2026-02-02,-10.0009,307.0666,4.07066557
gold,2026-02-03,5.1877,328.1841,4.28184059
gold,2026-02-04,4.2698,346.4667,4.46466721
gold,2026-02-05,-3.1655,332.3336,4.32333607
gold,2026-02-06,-1.5775,325.5136,4.25513558
gold,2026-02-09,3.4952,340.3862,4.40386196
gold,2026-02-10,-0.4665,338.332,4.38331964
gold,2026-02-11,0.8342,341.9885,4.41988496
gold,2026-02-12,-0.3532,340.4273,4.4042728
gold,2026-02-13,-1.3526,334.47,4.34470008
gold,2026-02-24,3.5461,349.8767,4.49876746
gold,2026-02-25,0.0822,350.2465,4.50246508
gold,2026-02-26,-0.4197,348.3566,4.48356615
gold,2026-02-27,0.1833,349.1783,4.49178307
gold,2026-03-02,4.427,369.0633,4.6906327
gold,2026-03-03,-1.3839,362.5719,4.62571898
gold,2026-03-04,-2.478,351.1093,4.51109285
gold,2026-03-05,-0.1457,350.4519,4.50451931
gold,2026-03-06,-0.83,346.7132,4.46713229
gold,2026-03-09,-0.046,346.5078,4.46507806
gold,2026-03-10,0.8097,350.1233,4.50123254
gold,2026-03-11,0.1643,350.8628,4.50862777
gold,2026-03-12,-0.328,349.3837,4.4938373
gold,2026-03-13,-1.2434,343.7962,4.4379622
gold,2026-03-16,-1.2775,338.1265,4.38126541
gold,2026-03-17,-0.2532,337.0173,4.37017256
gold,2026-03-18,-0.2914,335.7436,4.35743632
gold,2026-03-19,-4.5257,316.023,4.16023007
gold,2026-03-20,-2.2714,306.5735,4.06573541
gold,2026-03-23,-9.6504,267.3377,3.67337716
gold,2026-03-24,4.004,282.046,3.82046015
gold,2026-03-25,3.6778,296.097,3.9609696
gold,2026-03-26,-1.9811,288.2498,3.88249795
gold,2026-03-27,0.4656,290.0575,3.90057518
gold,2026-03-30,1.7063,296.7132,3.96713229
gold,2026-03-31,0.4453,298.4799,3.98479869
gold,2026-04-01,3.3509,311.8324,4.11832375
gold,2026-04-02,-2.8532,300.0822,4.00082169
gold,2026-04-03,0.9242,303.7798,4.03779786
gold,2026-04-07,0.0916,304.1495,4.04149548
gold,2026-04-08,2.8057,315.4889,4.15488907
gold,2026-04-09,-2.0271,307.0666,4.07066557
gold,2026-04-10,0.6459,309.696,4.09695974
gold,2026-04-13,-0.4813,307.7239,4.07723911
gold,2026-04-14,0.8767,311.2983,4.11298274
gold,2026-04-15,0.5294,313.4758,4.1347576
gold,2026-04-16,0.3279,314.8316,4.14831553
gold,2026-04-17,-0.6735,312.0378,4.12037798
gold,2026-04-20,0.0698,312.3254,4.1232539
gold,2026-04-21,-0.2591,311.2572,4.1125719
gold,2026-04-22,-0.0599,311.0107,4.11010682
gold,2026-04-23,-1.0396,306.7379,4.0673788
gold,2026-04-24,-0.7475,303.6976,4.03697617
gold,2026-04-27,0.7226,306.6146,4.06614626
gold,2026-04-28,-1.6672,299.8357,3.99835661
gold,2026-04-29,-0.9762,295.9326,3.95932621
gold,2026-04-30,0.4254,297.6171,3.97617091
gold,2026-05-06,1.1676,302.2597,4.02259655
gold,2026-05-07,1.2052,307.1076,4.07107642
gold,2026-05-08,-0.2927,305.9162,4.05916187
gold,2026-05-11,-1.0729,301.5612,4.01561216
gold,2026-05-12,0.3274,302.8759,4.02875924
gold,2026-05-13,-0.0204,302.7938,4.02793755
gold,2026-05-14,-0.0918,302.424,4.02423993
gold,2026-05-15,-2.4604,292.5226,3.92522597
gold,2026-05-18,-0.4291,290.8381,3.90838127
gold,2026-05-19,0.021,290.9203,3.90920296
gold,2026-05-20,-1.5554,284.8398,3.8483977
gold,2026-05-21,0.8861,288.2498,3.88249795
gold,2026-05-22,0.1164,288.7017,3.88701726
gold,2026-05-25,0.5391,290.797,3.90797042
gold,2026-05-26,-0.6098,288.4141,3.88414133
gold,2026-05-27,-1.153,283.9359,3.83935908
gold,2026-05-28,-2.2793,275.1849,3.75184881
gold,2026-05-29,2.9019,286.0723,3.86072309
gold,2026-06-01,-0.564,283.8948,3.83894823
gold,2026-06-02,0.7063,286.6064,3.86606409
gold,2026-06-03,-1.3709,281.3065,3.81306491
gold,2026-06-04,0.097,281.6763,3.81676253
gold,2026-06-05,-0.409,280.115,3.80115037
gold,2026-06-08,-3.2317,267.8307,3.67830731
gold,2026-06-09,0.5808,269.9671,3.69967132
gold,2026-06-10,-2.9872,258.9154,3.58915366
gold,2026-06-11,-2.6328,249.4659,3.494659
gold,2026-06-12,1.7987,255.7518,3.55751849
gold,2026-06-15,3.1066,266.8036,3.66803615
gold,2026-06-16,0.2352,267.6664,3.67666393
gold,2026-06-17,0.0894,267.9951,3.6799507
gold,2026-06-18,-0.5471,265.9819,3.65981923
gold,2026-06-22,-2.1554,258.0937,3.58093673
gold,2026-06-23,-2.0537,250.7395,3.50739523
gold,2026-06-24,-0.2577,249.8357,3.49835661
gold,2026-06-25,-2.6776,240.4684,3.40468365
gold,2026-06-26,1.2429,244.7001,3.44700082
gold,2026-06-29,0.7032,247.1241,3.47124076
gold,2026-06-30,-0.8403,244.2071,3.44207067
gold,2026-07-01,-1.2772,239.811,3.39811011
gold,2026-07-02,2.4664,248.1923,3.48192276
gold,2026-07-03,2.3245,256.2859,3.56285949
gold,2026-07-06,-0.4728,254.6015,3.54601479
gold,2026-07-07,-0.3939,253.2046,3.53204601
gold,2026-07-08,-0.0931,252.8759,3.52875924
gold,2026-07-09,-0.5239,251.0271,3.51027116
gold,2026-07-10,-0.0351,250.9039,3.50903862
gold,2026-07-13,-1.4284,245.8915,3.45891537
gold,2026-07-14,-0.5464,244.0016,3.44001643
gold,2026-07-15,-0.0478,243.8373,3.43837305
gold,2026-07-16,-0.0717,243.5908,3.43590797
gold,2026-07-17,-0.6218,241.4544,3.41454396
gold,2026-07-20,0.0842,241.742,3.41741988
gold,2026-07-21,1.8033,247.9047,3.47904684
gold,2026-07-22,1.0864,251.6845,3.5168447
gold,2026-07-23,0.0,251.6845,3.5168447
gold,2026-07-24,-2.0444,244.4947,3.44494659
gold,2026-07-27,1.3953,249.3016,3.49301561
gold,2026-07-28,-1.1997,245.1109,3.45110929
gold,2026-07-29,-0.0952,244.7823,3.44782251
gold,2026-07-30,-0.3813,243.4675,3.43467543
gold,2026-07-31,0.8732,246.4667,3.46466721
gold,2026-08-03,-0.1897,245.8094,3.45809367
gold,2026-08-04,-0.1069,245.4396,3.45439606
gold,2026-08-05,2.7593,254.9712,3.54971241
gold,2026-08-06,1.794,261.3394,3.61339359
gold,2026-08-07,1.1029,265.3246,3.65324569
gold,2026-08-10,1.2708,269.9671,3.69967132
gold,2026-08-11,0.0444,270.1315,3.70131471
gold,2026-08-12,1.0434,273.9934,3.73993426
gold,2026-08-13,-0.6701,271.4873,3.71487264
gold,2026-08-14,-1.0617,267.5431,3.67543139
gold,2026-08-17,1.3637,272.5555,3.72555464
gold,2026-08-18,0.1103,272.9663,3.72966311
gold,2026-08-19,-1.1456,268.6935,3.68693509
gold,2026-08-20,2.8973,279.3755,3.79375514
gold,2026-08-21,1.6677,285.7025,3.85702547
gold,2026-08-24,1.8747,292.9334,3.92933443
gold,2026-08-25,-0.3241,291.6598,3.91659819
gold,2026-08-26,-0.1678,291.0025,3.91002465
gold,2026-08-27,-0.746,288.0855,3.88085456
gold,2026-08-28,0.307,289.2769,3.8927691
portfolio,2014-01-15,0.0,0.0,1.0
portfolio,2014-01-16,0.2249,0.2249,1.00224906
portfolio,2014-01-17,-0.6344,-0.4109,0.99589057
portfolio,2014-01-20,-0.003,-0.414,0.99586027
portfolio,2014-01-21,-0.4876,-0.8996,0.99100426
portfolio,2014-01-22,0.4622,-0.4415,0.99558502
portfolio,2014-01-23,0.0448,-0.3969,0.9960313
portfolio,2014-01-24,0.7135,0.3138,1.00313831
portfolio,2014-01-27,-0.8831,-0.5721,0.9942795
portfolio,2014-01-28,-0.3533,-0.9233,0.99076653
portfolio,2014-01-29,0.4375,-0.4899,0.995101
portfolio,2014-01-30,-0.7179,-1.2042,0.98795759
portfolio,2014-02-07,0.6782,-0.5342,0.99465841
portfolio,2014-02-10,1.1387,0.5985,1.00598479
portfolio,2014-02-11,0.5203,1.1219,1.01121914
portfolio,2014-02-12,0.5409,1.6689,1.01668917
portfolio,2014-02-13,-0.1412,1.5254,1.01525406
portfolio,2014-02-14,0.9216,2.4611,1.02461101
portfolio,2014-02-17,0.951,3.4355,1.03435519
portfolio,2014-02-18,-0.763,2.6464,1.02646355
portfolio,2014-02-19,0.6307,3.2937,1.03293712
portfolio,2014-02-20,-0.5366,2.7395,1.02739461
portfolio,2014-02-21,-0.0623,2.6755,1.02675497
portfolio,2014-02-24,-0.442,2.2217,1.02221709
portfolio,2014-02-25,-0.3859,1.8272,1.01827249
portfolio,2014-02-26,0.6677,2.5071,1.02507135
portfolio,2014-02-27,-0.7598,1.7283,1.01728337
portfolio,2014-02-28,0.8747,2.6181,1.02618146
portfolio,2014-03-03,0.5815,3.2149,1.03214914
portfolio,2014-03-04,-0.3088,2.8962,1.02896186
portfolio,2014-03-05,-0.2303,2.6593,1.02659261
portfolio,2014-03-06,0.211,2.8759,1.02875853
portfolio,2014-03-07,0.2783,3.1622,1.03162207
portfolio,2014-03-10,-1.5765,1.5359,1.01535856
portfolio,2014-03-11,0.8156,2.3639,1.02363947
portfolio,2014-03-12,0.0599,2.4252,1.02425219
portfolio,2014-03-13,0.9891,3.4383,1.0343834
portfolio,2014-03-14,-0.8068,2.6039,1.02603851
portfolio,2014-03-17,0.7628,3.3865,1.03386541
portfolio,2014-03-18,-0.1458,3.2358,1.03235821
portfolio,2014-03-19,-0.1348,3.0966,1.03096627
portfolio,2014-03-20,-1.1986,1.8609,1.01860875
portfolio,2014-03-21,1.2175,3.101,1.03101011
portfolio,2014-03-24,0.0505,3.153,1.03153032
portfolio,2014-03-25,-0.5334,2.6028,1.02602817
portfolio,2014-03-26,0.2448,2.854,1.02854019
portfolio,2014-03-27,-0.8985,1.9299,1.01929919
portfolio,2014-03-28,0.0598,1.9909,1.01990883
portfolio,2014-03-31,-0.1662,1.8214,1.01821396
portfolio,2014-04-01,0.1646,1.989,1.01988997
portfolio,2014-04-02,0.5922,2.593,1.02593024
portfolio,2014-04-03,0.0099,2.6031,1.02603148
portfolio,2014-04-04,0.2217,2.8306,1.02830589
portfolio,2014-04-08,0.6497,3.4986,1.03498645
portfolio,2014-04-09,0.0284,3.5281,1.03528077
portfolio,2014-04-10,0.8813,4.4405,1.04440476
portfolio,2014-04-11,-0.7648,3.6417,1.03641718
portfolio,2014-04-14,0.1732,3.8212,1.03821241
portfolio,2014-04-15,-0.7586,3.0337,1.03033666
portfolio,2014-04-16,-0.0033,3.0302,1.03030222
portfolio,2014-04-17,0.1191,3.1529,1.03152934
portfolio,2014-04-18,-0.1175,3.0317,1.03031723
portfolio,2014-04-21,-0.7602,2.2485,1.02248454
portfolio,2014-04-22,0.5099,2.7698,1.02769847
portfolio,2014-04-23,0.0186,2.789,1.02788952
portfolio,2014-04-24,0.0967,2.8883,1.0288833
portfolio,2014-04-25,-0.1947,2.688,1.02688046
portfolio,2014-04-28,-0.2474,2.434,1.02434007
portfolio,2014-04-29,0.098,2.5344,1.02534372
portfolio,2014-04-30,0.1717,2.7105,1.02710451
portfolio,2014-05-05,0.2073,2.9234,1.02923385
portfolio,2014-05-06,0.2134,3.1431,1.03143055
portfolio,2014-05-07,-0.5418,2.5843,1.02584255
portfolio,2014-05-08,-0.4331,2.1399,1.02139922
portfolio,2014-05-09,-0.0342,2.105,1.02105022
portfolio,2014-05-12,0.7561,2.877,1.02877016
portfolio,2014-05-13,0.2033,3.0861,1.03086127
portfolio,2014-05-14,0.171,3.2624,1.03262439
portfolio,2014-05-15,-0.2828,2.9704,1.02970433
portfolio,2014-05-16,-0.5226,2.4323,1.02432266
portfolio,2014-05-19,-0.3259,2.0984,1.02098402
portfolio,2014-05-20,-0.003,2.0954,1.02095354
portfolio,2014-05-21,0.1044,2.202,1.02201979
portfolio,2014-05-22,0.3172,2.5262,1.02526206
portfolio,2014-05-23,0.2802,2.8135,1.02813517
portfolio,2014-05-26,0.258,3.0788,1.03078792
portfolio,2014-05-27,-0.1669,2.9068,1.02906798
portfolio,2014-05-28,0.0013,2.9082,1.02908163
portfolio,2014-05-29,-0.5133,2.38,1.02379957
portfolio,2014-05-30,0.2566,2.6427,1.02642667
portfolio,2014-06-03,-0.2093,2.4279,1.02427866
portfolio,2014-06-04,-0.2484,2.1734,1.02173413
portfolio,2014-06-05,0.3744,2.556,1.02555959
portfolio,2014-06-06,0.3042,2.8679,1.02867923
portfolio,2014-06-09,-0.0695,2.7964,1.02796401
portfolio,2014-06-10,0.3381,3.144,1.03143959
portfolio,2014-06-11,-0.0034,3.1404,1.03140446
portfolio,2014-06-12,-0.127,3.0094,1.03009449
portfolio,2014-06-13,0.2681,3.2856,1.03285649
portfolio,2014-06-16,0.4118,3.7109,1.03710945
portfolio,2014-06-17,-0.4424,3.2522,1.03252162
portfolio,2014-06-18,-0.137,3.1107,1.03110694
portfolio,2014-06-19,0.3066,3.4268,1.0342683
portfolio,2014-06-20,1.0872,4.5513,1.04551281
portfolio,2014-06-23,0.1209,4.6777,1.04677671
portfolio,2014-06-24,0.2543,4.9439,1.04943864
portfolio,2014-06-25,-0.4608,4.4603,1.04460333
portfolio,2014-06-26,0.362,4.8384,1.04838447
portfolio,2014-06-27,0.1279,4.9725,1.04972493
portfolio,2014-06-30,0.1964,5.1787,1.05178671
portfolio,2014-07-01,0.1312,5.3167,1.05316713
portfolio,2014-07-02,0.411,5.7496,1.05749607
portfolio,2014-07-03,-0.0298,5.7181,1.05718133
portfolio,2014-07-04,0.217,5.9475,1.05947502
portfolio,2014-07-07,-0.2606,5.6714,1.05671417
portfolio,2014-07-08,0.0695,5.7449,1.05744895
portfolio,2014-07-09,-0.5316,5.1828,1.05182755
portfolio,2014-07-10,0.2567,5.4527,1.05452743
portfolio,2014-07-11,0.2035,5.6673,1.05667312
portfolio,2014-07-14,-0.0856,5.5769,1.05576867
portfolio,2014-07-15,-0.1413,5.4276,1.05427637
portfolio,2014-07-16,-0.357,5.0512,1.05051227
portfolio,2014-07-17,0.1393,5.1976,1.05197583
portfolio,2014-07-18,0.0416,5.2413,1.05241309
portfolio,2014-07-21,0.3714,5.6322,1.05632199
portfolio,2014-07-22,0.1444,5.7847,1.05784749
portfolio,2014-07-23,0.081,5.8704,1.05870432
portfolio,2014-07-24,0.4765,6.3749,1.06374858
portfolio,2014-07-25,0.2198,6.6087,1.06608716
portfolio,2014-07-28,1.0724,7.752,1.07752
portfolio,2014-07-29,0.0569,7.8133,1.07813342
portfolio,2014-07-30,-0.3749,7.4092,1.07409164
portfolio,2014-07-31,0.3071,7.739,1.07739031
portfolio,2014-08-01,-1.179,6.4688,1.06468831
portfolio,2014-08-04,0.8447,7.3681,1.07368134
portfolio,2014-08-05,-0.1542,7.2026,1.07202557
portfolio,2014-08-06,-0.4277,6.7441,1.06744082
portfolio,2014-08-07,-0.0591,6.681,1.0668098
portfolio,2014-08-08,0.1318,6.8216,1.06821606
portfolio,2014-08-11,0.5802,7.4414,1.07441409
portfolio,2014-08-12,-0.1436,7.2871,1.07287107
portfolio,2014-08-13,0.065,7.3568,1.0735682
portfolio,2014-08-14,-0.1476,7.1984,1.07198406
portfolio,2014-08-15,0.6159,7.8586,1.07858596
portfolio,2014-08-18,-0.157,7.6893,1.07689312
portfolio,2014-08-19,0.2337,7.941,1.0794098
portfolio,2014-08-20,-0.0048,7.9358,1.07935831
portfolio,2014-08-21,-0.4219,7.4805,1.07480474
portfolio,2014-08-22,0.3351,7.8407,1.07840664
portfolio,2014-08-25,-0.4396,7.3666,1.07366628
portfolio,2014-08-26,0.2059,7.5877,1.07587731
portfolio,2014-08-27,-0.1156,7.4634,1.07463383
portfolio,2014-08-28,-0.1573,7.2943,1.07294293
portfolio,2014-08-29,0.3238,7.6417,1.07641707
portfolio,2014-09-01,0.2131,7.8711,1.07871133
portfolio,2014-09-02,0.4471,8.3534,1.08353435
portfolio,2014-09-03,0.0754,8.4351,1.0843509
portfolio,2014-09-04,0.1823,8.6327,1.08632722
portfolio,2014-09-05,0.2326,8.8854,1.08885365
portfolio,2014-09-09,-0.3389,8.5163,1.0851632
portfolio,2014-09-10,-0.4748,8.0011,1.08001111
portfolio,2014-09-11,-0.3312,7.6434,1.07643428
portfolio,2014-09-12,0.241,7.9028,1.07902809
portfolio,2014-09-15,-0.3287,7.5481,1.07548087
portfolio,2014-09-16,-0.7799,6.7093,1.0670934
portfolio,2014-09-17,0.4405,7.1794,1.0717941
portfolio,2014-09-18,-0.1371,7.0324,1.07032424
portfolio,2014-09-19,0.611,7.6864,1.07686373
portfolio,2014-09-22,-1.2272,6.3649,1.0636488
portfolio,2014-09-23,0.1577,6.5326,1.06532614
portfolio,2014-09-24,0.552,7.1207,1.07120699
portfolio,2014-09-25,-0.1947,6.9122,1.06912171
portfolio,2014-09-26,-0.1779,6.722,1.06722008
portfolio,2014-09-29,0.405,7.1543,1.07154274
portfolio,2014-09-30,0.0639,7.2227,1.07222748
portfolio,2014-10-08,-0.4617,6.7276,1.06727649
portfolio,2014-10-09,0.8142,7.5966,1.07596603
portfolio,2014-10-10,-0.9453,6.5795,1.06579531
portfolio,2014-10-13,-0.4199,6.132,1.06132012
portfolio,2014-10-14,-0.3734,5.7357,1.0573574
portfolio,2014-10-15,-0.0474,5.6856,1.05685625
portfolio,2014-10-16,-0.2126,5.461,1.0546097
portfolio,2014-10-17,-0.0832,5.3732,1.05373187
portfolio,2014-10-20,0.4622,5.8602,1.05860233
portfolio,2014-10-21,0.1682,6.0383,1.06038296
portfolio,2014-10-22,0.513,6.5823,1.0658228
portfolio,2014-10-23,-0.7567,5.7758,1.05775821
portfolio,2014-10-24,-0.0563,5.7163,1.05716271
portfolio,2014-10-27,-0.0538,5.6594,1.05659422
portfolio,2014-10-28,0.607,6.3008,1.06300796
portfolio,2014-10-29,0.6676,7.0104,1.07010443
portfolio,2014-10-30,-0.2338,6.7602,1.06760228
portfolio,2014-10-31,0.5647,7.3631,1.07363094
portfolio,2014-11-03,-0.1681,7.1826,1.07182565
portfolio,2014-11-04,-0.1605,7.0105,1.07010484
portfolio,2014-11-05,-0.6046,6.3635,1.06363543
portfolio,2014-11-06,0.0123,6.3766,1.0637661
portfolio,2014-11-07,0.1332,6.5183,1.0651834
portfolio,2014-11-10,1.4948,8.1106,1.08110565
portfolio,2014-11-11,-0.4443,7.6302,1.07630181
portfolio,2014-11-12,0.8351,8.529,1.08528961
portfolio,2014-11-13,-0.424,8.0688,1.08068764
portfolio,2014-11-14,-0.0983,7.9625,1.07962486
portfolio,2014-11-17,0.3964,8.3904,1.08390414
portfolio,2014-11-18,-0.1941,8.18,1.08180036
portfolio,2014-11-19,0.2985,8.5029,1.08502937
portfolio,2014-11-20,-0.3537,8.1192,1.0811916
portfolio,2014-11-21,1.0047,9.2054,1.0920542
portfolio,2014-11-24,1.0482,10.3501,1.10350089
portfolio,2014-11-25,0.6758,11.0958,1.11095817
portfolio,2014-11-26,0.4544,11.6007,1.11600669
portfolio,2014-11-27,0.4655,12.1202,1.12120164
portfolio,2014-11-28,0.6751,12.8771,1.12877089
portfolio,2014-12-01,-0.7891,11.9864,1.11986369
portfolio,2014-12-02,2.4175,14.6936,1.14693589
portfolio,2014-12-03,0.5473,15.3213,1.15321299
portfolio,2014-12-04,2.5755,18.2914,1.18291402
portfolio,2014-12-05,-0.3001,17.9364,1.1793639
portfolio,2014-12-08,1.8055,20.0657,1.20065686
portfolio,2014-12-09,-2.1645,17.4668,1.17466834
portfolio,2014-12-10,2.1502,19.9926,1.19992576
portfolio,2014-12-11,-1.1896,18.5652,1.18565171
portfolio,2014-12-12,-0.1842,18.3467,1.18346739
portfolio,2014-12-15,0.2971,18.6984,1.18698353
portfolio,2014-12-16,0.3953,19.1675,1.1916751
portfolio,2014-12-17,0.3608,19.5975,1.19597498
portfolio,2014-12-18,0.7771,20.5269,1.20526875
portfolio,2014-12-19,1.4557,22.2814,1.22281361
portfolio,2014-12-22,-0.2633,21.9594,1.21959382
portfolio,2014-12-23,-0.996,20.7447,1.20744663
portfolio,2014-12-24,-1.0497,19.4772,1.19477166
portfolio,2014-12-25,1.3245,21.0596,1.21059596
portfolio,2014-12-26,1.7134,23.1338,1.23133842
portfolio,2014-12-29,0.183,23.3592,1.23359174
portfolio,2014-12-30,-0.282,23.0112,1.23011246
portfolio,2014-12-31,1.3698,24.6962,1.24696238
portfolio,2015-01-05,0.9944,25.9362,1.25936227
portfolio,2015-01-06,-0.6021,25.178,1.25177973
portfolio,2015-01-07,-0.0645,25.0973,1.25097294
portfolio,2015-01-08,-0.5585,24.3986,1.24398616
portfolio,2015-01-09,0.1866,24.6308,1.24630773
portfolio,2015-01-12,-0.1659,24.424,1.24424042
portfolio,2015-01-13,-0.2662,24.0929,1.24092876
portfolio,2015-01-14,-0.2867,23.7371,1.23737061
portfolio,2015-01-15,1.1236,25.1273,1.25127327
portfolio,2015-01-16,0.883,26.2322,1.26232247
portfolio,2015-01-19,-3.6491,21.6259,1.21625922
portfolio,2015-01-20,1.1628,23.0402,1.2304024
portfolio,2015-01-21,2.5294,26.1524,1.26152431
portfolio,2015-01-22,0.0018,26.1547,1.26154688
portfolio,2015-01-23,0.9038,27.2949,1.27294926
portfolio,2015-01-26,0.0181,27.318,1.27318027
portfolio,2015-01-27,-0.5271,26.647,1.26646968
portfolio,2015-01-28,-0.8886,25.5216,1.25521597
portfolio,2015-01-29,-0.9548,24.3231,1.24323096
portfolio,2015-01-30,-0.7676,23.3688,1.23368762
portfolio,2015-02-02,-0.736,22.4607,1.22460748
portfolio,2015-02-03,1.3077,24.0621,1.2406211
portfolio,2015-02-04,-0.5015,23.44,1.23439968
portfolio,2015-02-05,-0.4934,22.8309,1.22830898
portfolio,2015-02-06,-0.4881,22.2314,1.22231393
portfolio,2015-02-09,-0.2125,21.9717,1.21971664
portfolio,2015-02-10,0.7306,22.8628,1.22862798
portfolio,2015-02-11,0.5386,23.5245,1.23524489
portfolio,2015-02-12,-0.1369,23.3554,1.2335535
portfolio,2015-02-13,0.8636,24.4206,1.2442061
portfolio,2015-02-16,0.4482,24.9783,1.24978287
portfolio,2015-02-17,0.3113,25.3674,1.25367396
portfolio,2015-02-25,-0.6346,24.5718,1.24571787
portfolio,2015-02-26,1.1736,26.0338,1.26033809
portfolio,2015-02-27,-0.0713,25.944,1.25943985
portfolio,2015-03-02,0.5463,26.632,1.26631961
portfolio,2015-03-03,-1.1523,25.1728,1.25172824
portfolio,2015-03-04,0.2011,25.4245,1.25424519
portfolio,2015-03-05,-0.4899,24.8101,1.24810108
portfolio,2015-03-06,-0.2891,24.4492,1.24449231
portfolio,2015-03-09,-0.041,24.3982,1.24398234
portfolio,2015-03-10,-0.5284,23.7409,1.23740928
portfolio,2015-03-11,-0.5029,23.1186,1.23118627
portfolio,2015-03-12,0.9394,24.2752,1.2427521
portfolio,2015-03-13,0.2308,24.562,1.2456198
portfolio,2015-03-16,1.113,25.9484,1.25948356
portfolio,2015-03-17,0.6731,26.7962,1.26796171
portfolio,2015-03-18,0.8377,27.8584,1.27858389
portfolio,2015-03-19,0.4009,28.371,1.28371005
portfolio,2015-03-20,0.3417,28.8097,1.28809685
portfolio,2015-03-23,1.3444,30.5413,1.30541347
portfolio,2015-03-24,-0.1322,30.3688,1.30368801
portfolio,2015-03-25,-0.5266,29.6822,1.29682227
portfolio,2015-03-26,-0.14,29.5007,1.29500668
portfolio,2015-03-27,0.416,30.0393,1.30039327
portfolio,2015-03-30,1.1071,31.479,1.31479001
portfolio,2015-03-31,-0.3949,30.9599,1.30959856
portfolio,2015-04-01,0.6169,31.7677,1.31767726
portfolio,2015-04-02,0.2029,32.0351,1.32035062
portfolio,2015-04-03,0.6618,32.9088,1.32908823
portfolio,2015-04-07,1.0686,34.329,1.34329035
portfolio,2015-04-08,0.3342,34.7779,1.34777927
portfolio,2015-04-09,-0.5989,33.9707,1.33970694
portfolio,2015-04-10,1.2088,35.5901,1.35590096
portfolio,2015-04-13,0.8863,36.7918,1.36791818
portfolio,2015-04-14,-0.2527,36.4461,1.36446078
portfolio,2015-04-15,-0.4612,35.8167,1.35816733
portfolio,2015-04-16,1.7884,38.2456,1.38245613
portfolio,2015-04-17,1.0703,39.7252,1.39725212
portfolio,2015-04-20,-1.0363,38.2772,1.38277194
portfolio,2015-04-21,1.0822,39.7737,1.39773662
portfolio,2015-04-22,1.3676,41.6851,1.41685146
portfolio,2015-04-23,-0.1597,41.4588,1.41458838
portfolio,2015-04-24,0.0289,41.4997,1.4149972
portfolio,2015-04-27,0.8867,42.7545,1.42754451
portfolio,2015-04-28,-0.526,42.0036,1.42003623
portfolio,2015-04-29,0.4676,42.6676,1.42667578
portfolio,2015-04-30,-0.265,42.2895,1.42289463
portfolio,2015-05-04,0.0392,42.3453,1.42345288
portfolio,2015-05-05,-1.8002,39.7828,1.39782818
portfolio,2015-05-06,-0.8026,38.6609,1.38660873
portfolio,2015-05-07,-1.1382,37.0826,1.37082595
portfolio,2015-05-08,0.9776,38.4227,1.38422679
portfolio,2015-05-11,1.8664,41.0062,1.41006182
portfolio,2015-05-12,0.5327,41.7573,1.4175726
portfolio,2015-05-13,-0.4533,41.1147,1.41114704
portfolio,2015-05-14,0.1383,41.3098,1.4130982
portfolio,2015-05-15,-0.6362,40.4107,1.40410741
portfolio,2015-05-18,-0.1188,40.2439,1.40243886
portfolio,2015-05-19,1.6146,42.5083,1.42508321
portfolio,2015-05-20,-0.0549,42.4301,1.42430101
portfolio,2015-05-21,0.9693,43.8107,1.43810669
portfolio,2015-05-22,1.2251,45.5725,1.45572488
portfolio,2015-05-25,1.6745,48.01,1.4801003
portfolio,2015-05-26,0.6291,48.9411,1.48941136
portfolio,2015-05-27,-0.2833,48.5192,1.48519178
portfolio,2015-05-28,-3.4217,43.4373,1.43437337
portfolio,2015-05-29,-0.0174,43.4124,1.43412366
portfolio,2015-06-01,2.4718,46.9572,1.46957208
portfolio,2015-06-02,0.8325,48.1807,1.48180658
portfolio,2015-06-03,-0.6492,47.2187,1.47218658
portfolio,2015-06-04,0.6783,48.2172,1.48217174
portfolio,2015-06-05,0.0576,48.3025,1.48302537
portfolio,2015-06-08,1.3213,50.262,1.50261988
portfolio,2015-06-09,-0.6305,49.3145,1.49314544
portfolio,2015-06-10,0.0869,49.4443,1.49444302
portfolio,2015-06-11,0.1682,49.6957,1.49695737
portfolio,2015-06-12,0.467,50.3949,1.50394882
portfolio,2015-06-15,-1.5459,48.07,1.48069975
portfolio,2015-06-16,-1.4638,45.9025,1.45902537
portfolio,2015-06-17,0.6945,46.9158,1.46915812
portfolio,2015-06-18,-2.0096,43.9634,1.4396343
portfolio,2015-06-19,-3.0114,39.6281,1.39628148
portfolio,2015-06-23,1.7978,42.1384,1.42138375
portfolio,2015-06-24,1.2743,43.9497,1.43949651
portfolio,2015-06-25,-1.9768,41.104,1.41104039
portfolio,2015-06-26,-3.8462,35.6769,1.35676854
portfolio,2015-06-29,-1.7674,33.2789,1.33278925
portfolio,2015-06-30,2.8019,37.0133,1.37013286
portfolio,2015-07-01,-2.9937,32.9115,1.32911485
portfolio,2015-07-02,-1.0334,31.5379,1.31537943
portfolio,2015-07-03,-2.3123,28.4964,1.28496404
portfolio,2015-07-06,1.3065,30.1753,1.30175269
portfolio,2015-07-07,-2.2676,27.2235,1.27223467
portfolio,2015-07-08,-5.9419,19.664,1.19664021
portfolio,2015-07-09,5.1519,25.8289,1.25828939
portfolio,2015-07-10,4.4481,31.4259,1.31425883
portfolio,2015-07-13,0.8831,32.5865,1.32586493
portfolio,2015-07-14,-0.3162,32.1673,1.32167269
portfolio,2015-07-15,-2.1546,29.3195,1.29319531
portfolio,2015-07-16,0.7991,30.3529,1.30352888
portfolio,2015-07-17,2.1718,33.1839,1.33183885
portfolio,2015-07-20,-0.6329,32.3409,1.3234093
portfolio,2015-07-21,0.319,32.7631,1.32763071
portfolio,2015-07-22,-0.628,31.9294,1.31929367
portfolio,2015-07-23,1.4579,33.8528,1.33852766
portfolio,2015-07-24,-1.2802,32.1392,1.32139204
portfolio,2015-07-27,-5.0555,25.4589,1.25458949
portfolio,2015-07-28,0.3164,25.8559,1.25855858
portfolio,2015-07-29,2.0604,28.449,1.28449001
portfolio,2015-07-30,-1.469,26.562,1.26562033
portfolio,2015-07-31,-0.114,26.4178,1.26417806
portfolio,2015-08-03,0.1965,26.6663,1.26666269
portfolio,2015-08-04,1.5555,28.6366,1.28636626
portfolio,2015-08-05,-1.0288,27.3132,1.27313169
portfolio,2015-08-06,-0.3933,26.8125,1.26812489
portfolio,2015-08-07,0.801,27.8283,1.2782826
portfolio,2015-08-10,2.3946,30.8892,1.30889195
portfolio,2015-08-11,0.8588,32.0133,1.32013282
portfolio,2015-08-12,0.3179,32.433,1.32432975
portfolio,2015-08-13,0.7709,33.4539,1.33453878
portfolio,2015-08-14,-0.275,33.0869,1.33086875
portfolio,2015-08-17,0.454,33.6911,1.33691077
portfolio,2015-08-18,-2.9574,29.7372,1.29737248
portfolio,2015-08-19,0.9573,30.9792,1.30979164
portfolio,2015-08-20,-1.0108,29.6553,1.29655261
portfolio,2015-08-21,-2.3543,26.6029,1.2660285
portfolio,2015-08-24,-6.115,18.8611,1.18861106
portfolio,2015-08-25,-4.0317,14.069,1.14068994
portfolio,2015-08-26,0.9498,15.1524,1.15152447
portfolio,2015-08-27,2.9704,18.5729,1.18572897
portfolio,2015-08-28,2.5057,21.544,1.21544009
portfolio,2015-08-31,-0.1566,21.3536,1.21353626
portfolio,2015-09-01,-0.5184,20.7245,1.20724472
portfolio,2015-09-02,-0.4086,20.2312,1.20231243
portfolio,2015-09-07,-1.4256,18.5172,1.18517196
portfolio,2015-09-08,1.2232,19.9669,1.19966879
portfolio,2015-09-09,1.2976,21.5236,1.21523586
portfolio,2015-09-10,-1.4639,19.7446,1.19744625
portfolio,2015-09-11,0.1826,19.9633,1.1996326
portfolio,2015-09-14,-1.3268,18.3716,1.18371597
portfolio,2015-09-15,-1.4224,16.6879,1.16687863
portfolio,2015-09-16,2.5213,19.6299,1.1962989
portfolio,2015-09-17,-0.1721,19.424,1.19423966
portfolio,2015-09-18,-0.0048,19.4182,1.19418178
portfolio,2015-09-21,0.566,20.0941,1.20094121
portfolio,2015-09-22,0.3576,20.5235,1.20523541
portfolio,2015-09-23,-1.4293,18.8009,1.18800879
portfolio,2015-09-24,0.5276,19.4277,1.19427659
portfolio,2015-09-25,-0.7479,18.5345,1.18534502
portfolio,2015-09-28,-0.0388,18.4885,1.18488529
portfolio,2015-09-29,-2.0291,16.0843,1.16084305
portfolio,2015-09-30,0.5132,16.6801,1.16680106
portfolio,2015-10-08,3.1496,20.3551,1.20355109
portfolio,2015-10-09,0.8706,21.4029,1.2140288
portfolio,2015-10-12,2.1388,23.9995,1.23999467
portfolio,2015-10-13,-0.5346,23.3366,1.23336605
portfolio,2015-10-14,-0.193,23.0986,1.23098624
portfolio,2015-10-15,1.2079,24.5856,1.24585558
portfolio,2015-10-16,0.7709,25.546,1.25545981
portfolio,2015-10-19,0.0203,25.5715,1.25571503
portfolio,2015-10-20,0.6336,26.3671,1.26367123
portfolio,2015-10-21,-1.3176,24.7021,1.24702116
portfolio,2015-10-22,0.3425,25.1292,1.25129231
portfolio,2015-10-23,1.4381,26.9288,1.26928769
portfolio,2015-10-26,0.1104,27.0688,1.27068835
portfolio,2015-10-27,0.1519,27.2619,1.2726189
portfolio,2015-10-28,-0.6411,26.446,1.26445956
portfolio,2015-10-29,0.1143,26.5905,1.26590484
portfolio,2015-10-30,-0.3186,26.1871,1.26187148
portfolio,2015-11-02,-1.0101,24.9125,1.24912546
portfolio,2015-11-03,-0.0833,24.8085,1.24808516
portfolio,2015-11-04,2.2572,27.6257,1.27625652
portfolio,2015-11-05,0.4426,28.1905,1.28190471
portfolio,2015-11-06,0.9962,29.4675,1.2946752
portfolio,2015-11-09,0.1967,29.7222,1.29722244
portfolio,2015-11-10,-0.4381,29.1539,1.29153891
portfolio,2015-11-11,-0.0679,29.0663,1.29066254
portfolio,2015-11-12,-0.4958,28.4264,1.2842635
portfolio,2015-11-13,-1.0122,27.1264,1.27126429
portfolio,2015-11-16,0.2068,27.3893,1.2738933
portfolio,2015-11-17,0.0823,27.4942,1.27494217
portfolio,2015-11-18,-0.6923,26.6116,1.26611628
portfolio,2015-11-19,1.3772,28.3554,1.2835538
portfolio,2015-11-20,0.1173,28.506,1.28505966
portfolio,2015-11-23,-0.4005,27.9913,1.2799131
portfolio,2015-11-24,-0.0182,27.9681,1.27968062
portfolio,2015-11-25,0.3892,28.4661,1.2846612
portfolio,2015-11-26,-0.2242,28.1781,1.28178093
portfolio,2015-11-27,-2.5206,24.9472,1.24947206
portfolio,2015-11-30,-0.0779,24.8499,1.24849852
portfolio,2015-12-01,0.6395,25.6482,1.25648249
portfolio,2015-12-02,1.991,28.15,1.28149959
portfolio,2015-12-03,-0.5021,27.5065,1.27506521
portfolio,2015-12-04,-1.119,26.0797,1.26079736
portfolio,2015-12-07,1.0411,27.3924,1.27392395
portfolio,2015-12-08,-0.9473,26.1856,1.26185551
portfolio,2015-12-09,0.0433,26.2402,1.26240244
portfolio,2015-12-10,-0.2535,25.9202,1.25920189
portfolio,2015-12-11,-0.1309,25.7554,1.25755416
portfolio,2015-12-14,0.9908,27.0014,1.27001356
portfolio,2015-12-15,-0.4694,26.4052,1.2640519
portfolio,2015-12-16,0.2741,26.7516,1.26751627
portfolio,2015-12-17,1.2276,28.3076,1.28307618
portfolio,2015-12-18,-0.3776,27.8231,1.27823108
portfolio,2015-12-21,1.1175,29.2515,1.29251487
portfolio,2015-12-22,0.3307,29.6789,1.29678913
portfolio,2015-12-23,-0.0055,29.6717,1.29671722
portfolio,2015-12-24,-0.1865,29.4298,1.29429843
portfolio,2015-12-25,0.3598,29.8955,1.29895507
portfolio,2015-12-28,-1.4994,27.9479,1.27947854
portfolio,2015-12-29,0.5002,28.5878,1.28587845
portfolio,2015-12-30,0.1669,28.8024,1.28802425
portfolio,2015-12-31,-0.5023,28.1554,1.28155389
portfolio,2016-01-04,-2.7857,24.5853,1.24585334
portfolio,2016-01-05,-0.3203,24.1863,1.24186322
portfolio,2016-01-06,0.9462,25.3613,1.25361313
portfolio,2016-01-07,-0.9335,24.1911,1.24191103
portfolio,2016-01-08,-1.1882,22.7154,1.22715413
portfolio,2016-01-11,-2.5319,19.6083,1.1960835
portfolio,2016-01-12,0.1219,19.7542,1.19754174
portfolio,2016-01-13,-0.7333,18.876,1.18875989
portfolio,2016-01-14,0.4126,19.3665,1.19366477
portfolio,2016-01-15,-1.1403,18.0054,1.18005391
portfolio,2016-01-18,-0.0997,17.8878,1.17887769
portfolio,2016-01-19,1.5772,19.747,1.19747041
portfolio,2016-01-20,-1.5355,17.9083,1.17908277
portfolio,2016-01-21,-1.2415,16.4444,1.16444435
portfolio,2016-01-22,0.8723,17.4602,1.17460219
portfolio,2016-01-25,-0.0037,17.4558,1.17455815
portfolio,2016-01-26,-2.4979,14.5219,1.14521857
portfolio,2016-01-27,-0.0478,14.4671,1.14467138
portfolio,2016-01-28,-1.2768,13.0057,1.13005666
portfolio,2016-01-29,1.4732,14.6704,1.14670413
portfolio,2016-02-01,0.2094,14.9106,1.14910564
portfolio,2016-02-02,0.8988,15.9434,1.15943428
portfolio,2016-02-03,-0.1188,15.8057,1.15805724
portfolio,2016-02-04,1.7216,17.7994,1.17799382
portfolio,2016-02-05,-0.2341,17.5236,1.17523597
portfolio,2016-02-15,0.6351,18.27,1.18269952
portfolio,2016-02-16,0.8041,19.2209,1.19220919
portfolio,2016-02-17,0.3989,19.6965,1.19696503
portfolio,2016-02-18,0.0246,19.7259,1.19725934
portfolio,2016-02-19,0.2397,20.0129,1.20012917
portfolio,2016-02-22,0.5032,20.6168,1.20616778
portfolio,2016-02-23,-0.1875,20.3907,1.20390663
portfolio,2016-02-24,0.2854,20.7342,1.20734244
portfolio,2016-02-25,-2.0056,18.3128,1.18312827
portfolio,2016-02-26,0.8412,19.308,1.19308035
portfolio,2016-02-29,-1.1706,17.9114,1.17911448
portfolio,2016-03-01,1.0442,19.1427,1.19142709
portfolio,2016-03-02,1.8656,21.3654,1.21365403
portfolio,2016-03-03,0.1351,21.5294,1.21529364
portfolio,2016-03-04,0.8612,22.576,1.22575972
portfolio,2016-03-07,0.4327,23.1063,1.23106347
portfolio,2016-03-08,-0.2072,22.8513,1.22851254
portfolio,2016-03-09,-1.086,21.5171,1.21517072
portfolio,2016-03-10,-0.6515,20.7254,1.20725431
portfolio,2016-03-11,0.3008,21.0886,1.2108863
portfolio,2016-03-14,0.9352,22.221,1.22221029
portfolio,2016-03-15,-0.842,21.192,1.21191977
portfolio,2016-03-16,0.4588,21.7479,1.2174795
portfolio,2016-03-17,1.0386,23.0125,1.23012476
portfolio,2016-03-18,0.5839,23.7308,1.23730784
portfolio,2016-03-21,0.6288,24.5088,1.24508751
portfolio,2016-03-22,-0.1118,24.3696,1.24369576
portfolio,2016-03-23,-0.1988,24.1224,1.24122352
portfolio,2016-03-24,-1.2381,22.5857,1.2258565
portfolio,2016-03-25,0.3796,23.0509,1.23050938
portfolio,2016-03-28,-0.587,22.3287,1.2232869
portfolio,2016-03-29,-0.3024,21.9587,1.21958744
portfolio,2016-03-30,1.5783,23.8836,1.23883606
portfolio,2016-03-31,-0.3148,23.4936,1.23493587
portfolio,2016-04-01,0.2424,23.793,1.23792977
portfolio,2016-04-05,0.3741,24.2561,1.24256116
portfolio,2016-04-06,-0.1038,24.1272,1.24127162
portfolio,2016-04-07,-0.3242,23.7248,1.23724765
portfolio,2016-04-08,-0.2712,23.3893,1.23389255
portfolio,2016-04-11,0.8118,24.3909,1.24390869
portfolio,2016-04-12,0.025,24.422,1.24422023
portfolio,2016-04-13,0.3428,24.8486,1.24848597
portfolio,2016-04-14,0.1284,25.0089,1.2500892
portfolio,2016-04-15,0.0245,25.0396,1.2503959
portfolio,2016-04-18,-0.5762,24.3191,1.24319095
portfolio,2016-04-19,0.5295,24.9774,1.24977379
portfolio,2016-04-20,-0.5428,24.299,1.24299004
portfolio,2016-04-21,0.4189,24.8197,1.24819672
portfolio,2016-04-22,-0.2884,24.4597,1.24459665
portfolio,2016-04-25,-0.4358,23.9172,1.23917212
portfolio,2016-04-26,0.3505,24.3516,1.24351578
portfolio,2016-04-27,0.2115,24.6146,1.24614626
portfolio,2016-04-28,0.2167,24.8846,1.24884614
portfolio,2016-04-29,0.0349,24.9282,1.24928213
portfolio,2016-05-03,1.3449,26.6083,1.26608338
portfolio,2016-05-04,-0.7577,25.649,1.25649018
portfolio,2016-05-05,-0.1832,25.4188,1.25418788
portfolio,2016-05-06,-0.8331,24.3739,1.24373894
portfolio,2016-05-09,-0.1916,24.1356,1.24135645
portfolio,2016-05-10,-0.2881,23.778,1.23778019
portfolio,2016-05-11,0.5493,24.4579,1.24457887
portfolio,2016-05-12,-0.1313,24.2945,1.24294467
portfolio,2016-05-13,-0.1061,24.1626,1.24162627
portfolio,2016-05-16,0.0957,24.2815,1.24281477
portfolio,2016-05-17,-0.0395,24.2323,1.2423234
portfolio,2016-05-18,-0.5212,23.5848,1.23584809
portfolio,2016-05-19,-0.4988,22.9684,1.22968394
portfolio,2016-05-20,0.1633,23.1692,1.23169161
portfolio,2016-05-23,0.1914,23.4049,1.2340486
portfolio,2016-05-24,-0.4704,22.8243,1.22824312
portfolio,2016-05-25,-0.0795,22.7266,1.2272665
portfolio,2016-05-26,0.3044,23.1002,1.23100245
portfolio,2016-05-27,-0.0434,23.0468,1.23046792
portfolio,2016-05-30,0.3666,23.4979,1.23497854
portfolio,2016-05-31,1.6074,25.4829,1.25482934
portfolio,2016-06-01,-0.2013,25.2303,1.25230347
portfolio,2016-06-02,0.0033,25.2345,1.2523449
portfolio,2016-06-03,0.2794,25.5844,1.25584381
portfolio,2016-06-06,0.0734,25.6766,1.25676605
portfolio,2016-06-07,0.1512,25.8666,1.25866611
portfolio,2016-06-08,0.2621,26.1965,1.26196469
portfolio,2016-06-13,-0.7741,25.2196,1.25219564
portfolio,2016-06-14,0.104,25.3498,1.25349758
portfolio,2016-06-15,0.7876,26.337,1.2633696
portfolio,2016-06-16,0.2068,26.5982,1.26598217
portfolio,2016-06-17,-0.4387,26.0428,1.26042806
portfolio,2016-06-20,0.3017,26.4231,1.2642305
portfolio,2016-06-21,-0.136,26.2511,1.26251056
portfolio,2016-06-22,-0.3395,25.8225,1.25822488
portfolio,2016-06-23,0.0284,25.8582,1.25858192
portfolio,2016-06-24,0.6123,26.6288,1.26628849
portfolio,2016-06-27,0.7309,27.5544,1.27554391
portfolio,2016-06-28,-0.0386,27.5051,1.27505137
portfolio,2016-06-29,0.5141,28.1607,1.28160662
portfolio,2016-06-30,0.4834,28.7802,1.28780206
portfolio,2016-07-01,0.6272,29.5879,1.29587895
portfolio,2016-07-04,0.7512,30.5613,1.30561304
portfolio,2016-07-05,-0.0297,30.5226,1.30522551
portfolio,2016-07-06,0.8052,31.5736,1.31573582
portfolio,2016-07-07,0.1874,31.8202,1.31820159
portfolio,2016-07-08,-0.1885,31.5716,1.31571639
portfolio,2016-07-11,0.8744,32.7221,1.32722146
portfolio,2016-07-12,1.033,34.0931,1.34093116
portfolio,2016-07-13,0.0284,34.1311,1.34131134
portfolio,2016-07-14,-0.3853,33.6143,1.33614261
portfolio,2016-07-15,0.5811,34.3906,1.34390632
portfolio,2016-07-18,-0.4604,33.772,1.33771961
portfolio,2016-07-19,0.2929,34.1637,1.34163743
portfolio,2016-07-20,-0.3004,33.7607,1.33760658
portfolio,2016-07-21,0.6706,34.6576,1.34657594
portfolio,2016-07-22,-0.5025,33.981,1.33980969
portfolio,2016-07-25,0.3,34.383,1.34382971
portfolio,2016-07-26,0.6036,35.1941,1.35194096
portfolio,2016-07-27,-0.8471,34.0489,1.34048932
portfolio,2016-07-28,0.2305,34.358,1.34357951
portfolio,2016-07-29,0.6618,35.2471,1.35247116
portfolio,2016-08-01,-0.3629,34.7563,1.34756268
portfolio,2016-08-02,0.5467,35.493,1.35492956
portfolio,2016-08-03,-0.4083,34.9398,1.34939758
portfolio,2016-08-04,-0.3303,34.4941,1.34494069
portfolio,2016-08-05,0.4443,35.0916,1.3509161
portfolio,2016-08-08,0.1026,35.2302,1.35230225
portfolio,2016-08-09,0.1438,35.4247,1.35424664
portfolio,2016-08-10,0.2056,35.703,1.35703042
portfolio,2016-08-11,-0.4454,35.0987,1.35098676
portfolio,2016-08-12,0.4746,35.7399,1.35739876
portfolio,2016-08-15,1.0679,37.1894,1.37189384
portfolio,2016-08-16,-0.0966,37.0569,1.37056916
portfolio,2016-08-17,-0.5222,36.3412,1.363412
portfolio,2016-08-18,0.146,36.5403,1.36540294
portfolio,2016-08-19,0.0162,36.5624,1.36562447
portfolio,2016-08-22,-0.431,35.9738,1.35973849
portfolio,2016-08-23,0.0721,36.0719,1.360719
portfolio,2016-08-24,0.0318,36.1152,1.36115202
portfolio,2016-08-25,-0.5115,35.4189,1.35418912
portfolio,2016-08-26,0.0217,35.4483,1.35448344
portfolio,2016-08-29,-0.197,35.1815,1.35181492
portfolio,2016-08-30,0.6141,36.0116,1.36011607
portfolio,2016-08-31,0.1953,36.2773,1.36277259
portfolio,2016-09-01,-0.5703,35.5001,1.35500086
portfolio,2016-09-02,0.2992,35.9055,1.35905503
portfolio,2016-09-05,0.7516,36.927,1.36926969
portfolio,2016-09-06,0.9651,38.2485,1.38248503
portfolio,2016-09-07,0.5544,39.015,1.3901502
portfolio,2016-09-08,-0.1215,38.8461,1.38846075
portfolio,2016-09-09,-0.4948,38.159,1.38159017
portfolio,2016-09-12,-1.8697,35.5758,1.3557583
portfolio,2016-09-13,0.3747,36.0838,1.3608379
portfolio,2016-09-14,-0.4079,35.5287,1.35528678
portfolio,2016-09-19,0.2819,35.9107,1.35910684
portfolio,2016-09-20,-0.018,35.8862,1.35886198
portfolio,2016-09-21,0.6598,36.7828,1.36782832
portfolio,2016-09-22,0.7447,37.8015,1.37801452
portfolio,2016-09-23,0.2384,38.1299,1.38129908
portfolio,2016-09-26,-1.0302,36.7069,1.36706926
portfolio,2016-09-27,0.1091,36.856,1.3685605
portfolio,2016-09-28,-0.2889,36.4607,1.36460708
portfolio,2016-09-29,-0.1354,36.276,1.36275995
portfolio,2016-09-30,0.5664,37.0478,1.37047817
portfolio,2016-10-10,-0.2792,36.6652,1.36665223
portfolio,2016-10-11,0.348,37.1408,1.37140848
portfolio,2016-10-12,-0.1462,36.9404,1.36940371
portfolio,2016-10-13,0.8553,38.1116,1.3811163
portfolio,2016-10-14,0.3261,38.5621,1.38562053
portfolio,2016-10-17,-0.598,37.7335,1.37733458
portfolio,2016-10-18,0.5352,38.4706,1.38470552
portfolio,2016-10-19,0.0519,38.5424,1.38542394
portfolio,2016-10-20,0.203,38.8237,1.38823657
portfolio,2016-10-21,0.1312,39.0057,1.39005727
portfolio,2016-10-24,0.5735,39.8029,1.39802923
portfolio,2016-10-25,0.1237,39.9758,1.39975809
portfolio,2016-10-26,-0.0026,39.9722,1.3997215
portfolio,2016-10-27,-0.3778,39.4433,1.39443304
portfolio,2016-10-28,-0.1448,39.2414,1.39241413
portfolio,2016-10-31,0.1506,39.4512,1.39451154
portfolio,2016-11-01,0.4035,40.0138,1.40013776
portfolio,2016-11-02,-0.1916,39.7456,1.39745559
portfolio,2016-11-03,0.096,39.8797,1.39879719
portfolio,2016-11-04,-0.544,39.1188,1.39118777
portfolio,2016-11-07,0.3269,39.5735,1.39573516
portfolio,2016-11-08,0.4918,40.2599,1.40259945
portfolio,2016-11-09,-0.5434,39.4978,1.3949776
portfolio,2016-11-10,0.6361,40.385,1.40385036
portfolio,2016-11-11,-0.2577,40.0233,1.40023278
portfolio,2016-11-14,-0.8366,38.8518,1.38851848
portfolio,2016-11-15,0.3112,39.284,1.39283987
portfolio,2016-11-16,1.1093,40.8291,1.40829074
portfolio,2016-11-17,0.2657,41.2033,1.41203279
portfolio,2016-11-18,-0.1436,41.0005,1.41000538
portfolio,2016-11-21,0.3335,41.4708,1.41470828
portfolio,2016-11-22,0.9258,42.7805,1.42780535
portfolio,2016-11-23,0.4602,43.4376,1.43437562
portfolio,2016-11-24,1.4614,45.5338,1.45533787
portfolio,2016-11-25,0.9094,46.8573,1.46857257
portfolio,2016-11-28,-0.4033,46.265,1.46264986
portfolio,2016-11-29,-0.3377,45.771,1.45770981
portfolio,2016-11-30,0.0439,45.835,1.45834977
portfolio,2016-12-01,0.6262,46.7482,1.46748161
portfolio,2016-12-02,-0.4909,46.0278,1.4602781
portfolio,2016-12-05,0.4597,46.6991,1.46699147
portfolio,2016-12-06,0.9255,48.0568,1.48056823
portfolio,2016-12-07,1.2781,49.9491,1.49949103
portfolio,2016-12-08,-0.3874,49.3682,1.49368194
portfolio,2016-12-09,-0.7165,48.298,1.48298005
portfolio,2016-12-12,-0.1912,48.0145,1.48014502
portfolio,2016-12-13,1.6587,50.4696,1.5046964
portfolio,2016-12-14,-0.7461,49.347,1.49347024
portfolio,2016-12-15,-1.771,46.702,1.4670204
portfolio,2016-12-16,0.9617,48.1129,1.48112918
portfolio,2016-12-19,0.7964,49.2925,1.49292491
portfolio,2016-12-20,0.0995,49.441,1.49440989
portfolio,2016-12-21,2.234,52.7796,1.52779558
portfolio,2016-12-22,-0.485,52.0386,1.5203864
portfolio,2016-12-23,-1.6761,49.4903,1.49490281
portfolio,2016-12-26,0.3595,50.0276,1.50027644
portfolio,2016-12-27,-1.6218,47.5945,1.47594515
portfolio,2016-12-28,-3.8397,41.9274,1.41927401
portfolio,2016-12-29,-1.3305,40.039,1.40039
portfolio,2016-12-30,-0.6901,39.0726,1.39072612
portfolio,2017-01-03,-2.7573,35.238,1.35237992
portfolio,2017-01-04,0.7246,36.2179,1.36217859
portfolio,2017-01-05,-0.0961,36.0869,1.3608695
portfolio,2017-01-06,-0.3236,35.6465,1.35646545
portfolio,2017-01-09,0.3517,36.1236,1.36123572
portfolio,2017-01-10,-0.0905,36.0003,1.36000337
portfolio,2017-01-11,-0.2866,35.6105,1.35610512
portfolio,2017-01-12,-0.0648,35.5226,1.35522585
portfolio,2017-01-13,-0.0005,35.5219,1.35521869
portfolio,2017-01-16,0.1585,35.7366,1.35736612
portfolio,2017-01-17,-0.1233,35.5692,1.35569214
portfolio,2017-01-18,0.2738,35.9403,1.35940341
portfolio,2017-01-19,-0.4617,35.3127,1.3531267
portfolio,2017-01-20,0.2777,35.6885,1.35688479
portfolio,2017-01-23,-0.6068,34.8651,1.34865093
portfolio,2017-01-24,-0.0688,34.7723,1.34772277
portfolio,2017-01-25,0.2218,35.0712,1.35071195
portfolio,2017-01-26,0.3522,35.547,1.35546965
portfolio,2017-02-03,-0.1841,35.2974,1.35297446
portfolio,2017-02-06,0.5872,36.0919,1.36091905
portfolio,2017-02-07,0.0716,36.1893,1.36189347
portfolio,2017-02-08,0.3739,36.6985,1.36698516
portfolio,2017-02-09,0.1618,36.9196,1.36919646
portfolio,2017-02-10,0.3341,37.3771,1.37377096
portfolio,2017-02-13,0.485,38.0434,1.38043413
portfolio,2017-02-14,0.0283,38.0825,1.38082455
portfolio,2017-02-15,-0.0616,37.9974,1.37997413
portfolio,2017-02-16,0.3394,38.4657,1.38465749
portfolio,2017-02-17,-0.1682,38.2329,1.38232896
portfolio,2017-02-20,0.652,39.1342,1.39134223
portfolio,2017-02-21,0.0348,39.1826,1.39182586
portfolio,2017-02-22,0.4471,39.8049,1.39804857
portfolio,2017-02-23,-0.0228,39.773,1.39773035
portfolio,2017-02-24,0.3694,40.2893,1.40289298
portfolio,2017-02-27,-0.2209,39.9795,1.39979456
portfolio,2017-02-28,0.2207,40.2883,1.40288323
portfolio,2017-03-01,0.3868,40.831,1.4083102
portfolio,2017-03-02,1.8716,43.4668,1.43466785
portfolio,2017-03-03,-0.1695,43.2236,1.43223589
portfolio,2017-03-06,1.3277,45.1251,1.45125101
portfolio,2017-03-07,-1.2082,43.3718,1.43371764
portfolio,2017-03-08,-0.8515,42.151,1.42150961
portfolio,2017-03-09,-1.3367,40.2508,1.40250804
portfolio,2017-03-10,0.6754,41.1981,1.41198087
portfolio,2017-03-13,0.9704,42.5682,1.42568205
portfolio,2017-03-14,0.1625,42.7999,1.42799936
portfolio,2017-03-15,-0.4824,42.1111,1.42111114
portfolio,2017-03-16,1.0656,43.6255,1.4362549
portfolio,2017-03-17,-0.4105,43.0359,1.43035903
portfolio,2017-03-20,0.1592,43.2636,1.43263626
portfolio,2017-03-21,0.1751,43.5145,1.43514547
portfolio,2017-03-22,-1.3603,41.5623,1.41562328
portfolio,2017-03-23,0.1335,41.7513,1.41751298
portfolio,2017-03-24,-0.0237,41.7177,1.41717663
portfolio,2017-03-27,-0.407,41.1409,1.4114087
portfolio,2017-03-28,0.2869,41.5458,1.41545776
portfolio,2017-03-29,0.2174,41.8535,1.41853491
portfolio,2017-03-30,-0.5063,41.1352,1.4113524
portfolio,2017-03-31,0.6855,42.1028,1.4210275
portfolio,2017-04-05,0.654,43.0322,1.43032171
portfolio,2017-04-06,-0.3767,42.4933,1.42493307
portfolio,2017-04-07,0.1706,42.7364,1.42736359
portfolio,2017-04-10,-0.1277,42.554,1.42554039
portfolio,2017-04-11,0.0087,42.5665,1.42566465
portfolio,2017-04-12,-0.0082,42.5548,1.42554831
portfolio,2017-04-13,0.122,42.7287,1.42728692
portfolio,2017-04-14,-0.5745,41.9087,1.41908702
portfolio,2017-04-17,-0.3832,41.3649,1.41364922
portfolio,2017-04-18,0.4987,42.0699,1.42069945
portfolio,2017-04-19,-0.6097,41.2038,1.4120378
portfolio,2017-04-20,0.0308,41.2473,1.41247254
portfolio,2017-04-21,0.2074,41.5402,1.41540238
portfolio,2017-04-24,-0.4084,40.9622,1.40962229
portfolio,2017-04-25,0.6864,41.9298,1.41929845
portfolio,2017-04-26,0.1723,42.1744,1.42174379
portfolio,2017-04-27,-0.5442,41.4007,1.41400736
portfolio,2017-04-28,0.2478,41.7511,1.41751114
portfolio,2017-05-02,-0.3079,41.3147,1.41314688
portfolio,2017-05-03,-0.2258,40.9957,1.40995669
portfolio,2017-05-04,-0.6259,40.1131,1.40113119
portfolio,2017-05-05,-0.285,39.7137,1.39713741
portfolio,2017-05-08,-0.0322,39.6687,1.39668719
portfolio,2017-05-09,-0.084,39.5513,1.3955133
portfolio,2017-05-10,-0.3955,38.9994,1.38999411
portfolio,2017-05-11,0.3761,39.5221,1.3952213
portfolio,2017-05-12,0.0982,39.6591,1.39659106
portfolio,2017-05-15,0.2803,40.0506,1.40050596
portfolio,2017-05-16,0.6839,41.0085,1.41008454
portfolio,2017-05-17,-0.5899,40.1766,1.40176636
portfolio,2017-05-18,-0.5606,39.3908,1.39390818
portfolio,2017-05-19,-0.0294,39.3499,1.39349879
portfolio,2017-05-22,0.4304,39.9497,1.39949706
portfolio,2017-05-23,0.3582,40.451,1.40450987
portfolio,2017-05-24,-0.2782,40.0603,1.40060253
portfolio,2017-05-25,1.1054,41.6084,1.41608413
portfolio,2017-05-26,0.2864,42.0139,1.42013948
portfolio,2017-05-31,-0.4854,41.3246,1.41324585
portfolio,2017-06-01,-0.0644,41.2336,1.41233637
portfolio,2017-06-02,0.3024,41.6607,1.41660697
portfolio,2017-06-05,-0.0546,41.5833,1.41583347
portfolio,2017-06-06,0.3748,42.114,1.4211403
portfolio,2017-06-07,0.414,42.7023,1.42702348
portfolio,2017-06-08,0.0722,42.8054,1.42805441
portfolio,2017-06-09,-0.0215,42.7747,1.42774722
portfolio,2017-06-12,-0.2631,42.399,1.42399027
portfolio,2017-06-13,0.2395,42.7401,1.42740054
portfolio,2017-06-14,-0.3058,42.3035,1.42303531
portfolio,2017-06-15,-0.2985,41.8787,1.418787
portfolio,2017-06-16,-0.0535,41.8028,1.41802803
portfolio,2017-06-19,0.4217,42.4008,1.4240076
portfolio,2017-06-20,0.0982,42.5406,1.42540624
portfolio,2017-06-21,0.2015,42.8278,1.42827818
portfolio,2017-06-22,0.1852,43.0924,1.43092395
portfolio,2017-06-23,0.4709,43.7662,1.43766193
portfolio,2017-06-26,0.4394,44.3979,1.4439787
portfolio,2017-06-27,-0.0794,44.2832,1.4428322
portfolio,2017-06-28,-0.5988,43.4192,1.43419241
portfolio,2017-06-29,0.2779,43.8178,1.43817758
portfolio,2017-06-30,-0.5208,43.0687,1.430687
portfolio,2017-07-03,-0.256,42.7024,1.42702413
portfolio,2017-07-04,-0.4599,42.0461,1.42046056
portfolio,2017-07-05,0.5273,42.795,1.42795035
portfolio,2017-07-06,0.0265,42.8328,1.42832839
portfolio,2017-07-07,-0.2868,42.4232,1.4242325
portfolio,2017-07-10,-0.0853,42.3018,1.42301787
portfolio,2017-07-11,0.4221,42.9025,1.42902504
portfolio,2017-07-12,-0.1887,42.6328,1.42632797
portfolio,2017-07-13,0.7078,43.6424,1.43642386
portfolio,2017-07-14,0.1245,43.8212,1.43821232
portfolio,2017-07-17,-0.2164,43.5099,1.43509948
portfolio,2017-07-18,0.1682,43.7514,1.43751365
portfolio,2017-07-19,0.8957,45.039,1.45039002
portfolio,2017-07-20,0.3373,45.5281,1.45528147
portfolio,2017-07-21,-0.1354,45.3311,1.45331057
portfolio,2017-07-24,0.1518,45.5517,1.45551704
portfolio,2017-07-25,-0.2614,45.1712,1.45171199
portfolio,2017-07-26,-0.361,44.6471,1.44647078
portfolio,2017-07-27,0.2935,45.0717,1.45071676
portfolio,2017-07-28,0.0817,45.1901,1.4519013
portfolio,2017-07-31,0.2319,45.5268,1.4552684
portfolio,2017-08-01,0.2402,45.8764,1.45876354
portfolio,2017-08-02,0.0414,45.9367,1.45936689
portfolio,2017-08-03,-0.6041,45.055,1.45055048
portfolio,2017-08-04,-0.1439,44.8463,1.44846305
portfolio,2017-08-07,0.2974,45.2771,1.45277139
portfolio,2017-08-08,-0.037,45.2235,1.45223453
portfolio,2017-08-09,-0.1508,45.0045,1.45004498
portfolio,2017-08-10,0.0329,45.0523,1.45052251
portfolio,2017-08-11,-0.9282,43.7059,1.43705913
portfolio,2017-08-14,0.5624,44.5141,1.44514133
portfolio,2017-08-15,0.0298,44.5572,1.44557154
portfolio,2017-08-16,-0.2212,44.2373,1.44237332
portfolio,2017-08-17,0.5303,45.0022,1.45002155
portfolio,2017-08-18,-0.2544,44.6333,1.4463333
portfolio,2017-08-21,0.0127,44.6517,1.4465169
portfolio,2017-08-22,0.0563,44.7331,1.44733143
portfolio,2017-08-23,0.2518,45.0976,1.45097562
portfolio,2017-08-24,-0.3808,44.545,1.44545034
portfolio,2017-08-25,0.6563,45.4937,1.45493687
portfolio,2017-08-28,0.5696,46.3224,1.46322415
portfolio,2017-08-29,0.0151,46.3445,1.463445
portfolio,2017-08-30,-0.3399,45.8471,1.4584711
portfolio,2017-08-31,-0.039,45.7902,1.45790231
portfolio,2017-09-01,0.3915,46.361,1.46361023
portfolio,2017-09-04,0.3149,46.8218,1.46821848
portfolio,2017-09-05,0.0346,46.8727,1.46872688
portfolio,2017-09-06,-0.1619,46.6349,1.4663489
portfolio,2017-09-07,-0.3016,46.1926,1.46192618
portfolio,2017-09-08,-0.0118,46.1754,1.4617541
portfolio,2017-09-11,-0.0148,46.1537,1.46153721
portfolio,2017-09-12,0.1738,46.4077,1.46407721
portfolio,2017-09-13,0.0677,46.5069,1.46506866
portfolio,2017-09-14,-0.1318,46.3138,1.46313754
portfolio,2017-09-15,0.2192,46.6344,1.46634437
portfolio,2017-09-18,0.0611,46.724,1.4672401
portfolio,2017-09-19,-0.1735,46.4694,1.46469412
portfolio,2017-09-20,0.279,46.8781,1.4687811
portfolio,2017-09-21,-0.1683,46.631,1.46630974
portfolio,2017-09-22,-0.0873,46.503,1.46502968
portfolio,2017-09-25,-0.3143,46.0425,1.46042538
portfolio,2017-09-26,0.4229,46.6601,1.46660134
portfolio,2017-09-27,-0.1478,46.4434,1.46443436
portfolio,2017-09-28,0.1187,46.6173,1.46617309
portfolio,2017-09-29,0.4551,47.2846,1.47284574
portfolio,2017-10-09,0.7728,48.4228,1.4842281
portfolio,2017-10-10,0.0363,48.4766,1.48476641
portfolio,2017-10-11,0.2762,48.8868,1.48886752
portfolio,2017-10-12,0.3063,49.3427,1.49342719
portfolio,2017-10-13,-0.1698,49.0892,1.49089154
portfolio,2017-10-16,0.0124,49.1076,1.4910765
portfolio,2017-10-17,-0.0485,49.0353,1.49035266
portfolio,2017-10-18,0.1376,49.2404,1.49240408
portfolio,2017-10-19,-0.1775,48.9755,1.48975453
portfolio,2017-10-20,0.1525,49.2026,1.49202634
portfolio,2017-10-23,0.1631,49.446,1.49445987
portfolio,2017-10-24,0.2584,49.8322,1.49832211
portfolio,2017-10-25,0.1857,50.1105,1.50110465
portfolio,2017-10-26,0.2059,50.4195,1.50419523
portfolio,2017-10-27,0.1992,50.7191,1.50719127
portfolio,2017-10-30,0.1155,50.8933,1.50893281
portfolio,2017-10-31,-0.0107,50.8772,1.50877166
portfolio,2017-11-01,-0.0663,50.7771,1.50777102
portfolio,2017-11-02,0.0777,50.8943,1.50894317
portfolio,2017-11-03,0.1029,51.0496,1.51049597
portfolio,2017-11-06,0.4323,51.7027,1.51702655
portfolio,2017-11-07,0.2531,52.0867,1.52086662
portfolio,2017-11-08,-0.1674,51.832,1.51832033
portfolio,2017-11-09,0.4277,52.4813,1.52481345
portfolio,2017-11-10,0.191,52.7726,1.52772623
portfolio,2017-11-13,-0.0115,52.7551,1.52755076
portfolio,2017-11-14,-0.3104,52.281,1.52280982
portfolio,2017-11-15,-0.4906,51.5339,1.51533928
portfolio,2017-11-16,0.2908,51.9746,1.51974593
portfolio,2017-11-17,0.3967,52.5775,1.52577469
portfolio,2017-11-20,0.3347,53.0882,1.53088185
portfolio,2017-11-21,0.7691,54.2655,1.54265548
portfolio,2017-11-22,0.1,54.4198,1.54419792
portfolio,2017-11-23,-1.3504,52.3345,1.52334523
portfolio,2017-11-24,0.097,52.4823,1.52482263
portfolio,2017-11-27,-0.6588,51.4777,1.51477737
portfolio,2017-11-28,0.2753,51.8948,1.51894807
portfolio,2017-11-29,0.2907,52.3363,1.52336335
portfolio,2017-11-30,-0.6403,51.361,1.5136096
portfolio,2017-12-01,0.1568,51.5983,1.51598304
portfolio,2017-12-04,1.129,53.3098,1.53309811
portfolio,2017-12-05,-0.3805,52.7265,1.52726522
portfolio,2017-12-06,-0.7978,51.5081,1.51508053
portfolio,2017-12-07,-0.634,50.5475,1.50547467
portfolio,2017-12-08,0.5653,51.3985,1.51398506
portfolio,2017-12-11,0.8512,52.6872,1.5268718
portfolio,2017-12-12,-0.5547,51.8402,1.51840179
portfolio,2017-12-13,0.336,52.3504,1.52350354
portfolio,2017-12-14,0.1117,52.5206,1.52520587
portfolio,2017-12-15,-0.8429,51.235,1.5123502
portfolio,2017-12-18,0.3541,51.7706,1.51770602
portfolio,2017-12-19,0.9366,53.192,1.53192025
portfolio,2017-12-20,-0.3171,52.7063,1.52706306
portfolio,2017-12-21,0.2934,53.1543,1.53154307
portfolio,2017-12-22,-0.0994,53.0021,1.53002134
portfolio,2017-12-25,-0.0936,52.859,1.52858962
portfolio,2017-12-26,-0.0273,52.8173,1.52817306
portfolio,2017-12-27,-0.5547,51.9696,1.51969608
portfolio,2017-12-28,0.1466,52.1924,1.52192412
portfolio,2017-12-29,0.2703,52.6038,1.52603781
portfolio,2018-01-02,0.561,53.4599,1.53459869
portfolio,2018-01-03,0.4775,54.1926,1.54192619
portfolio,2018-01-04,0.0661,54.2946,1.54294561
portfolio,2018-01-05,0.2551,54.6882,1.54688238
portfolio,2018-01-08,0.4643,55.4065,1.55406519
portfolio,2018-01-09,0.3764,55.9915,1.55991498
portfolio,2018-01-10,0.2176,56.3309,1.5633086
portfolio,2018-01-11,-0.013,56.3106,1.56310603
portfolio,2018-01-12,0.9574,57.8071,1.57807054
portfolio,2018-01-15,0.1531,58.0486,1.58048646
portfolio,2018-01-16,0.3636,58.6234,1.58623356
portfolio,2018-01-17,-0.4374,57.9296,1.57929562
portfolio,2018-01-18,0.389,58.5439,1.58543897
portfolio,2018-01-19,-0.2344,58.1723,1.58172314
portfolio,2018-01-22,0.6684,59.2296,1.59229607
portfolio,2018-01-23,0.4324,59.9181,1.59918108
portfolio,2018-01-24,0.1305,60.1268,1.60126813
portfolio,2018-01-25,-0.342,59.5792,1.5957923
portfolio,2018-01-26,0.058,59.6718,1.59671764
portfolio,2018-01-29,-0.6262,58.672,1.58671963
portfolio,2018-01-30,-0.9069,57.233,1.57232993
portfolio,2018-01-31,-0.1869,56.9391,1.56939117
portfolio,2018-02-01,-0.2489,56.5485,1.56548519
portfolio,2018-02-02,-0.0392,56.4871,1.56487117
portfolio,2018-02-05,-1.2375,54.5506,1.54550598
portfolio,2018-02-06,-2.9965,49.9196,1.49919551
portfolio,2018-02-07,-0.7409,48.8087,1.48808731
portfolio,2018-02-08,0.0209,48.8398,1.48839782
portfolio,2018-02-09,-2.8407,44.6117,1.44611719
portfolio,2018-02-12,1.0489,46.1286,1.4612861
portfolio,2018-02-13,1.1158,47.7591,1.47759145
portfolio,2018-02-14,0.7601,48.8823,1.4888229
portfolio,2018-02-22,0.8705,50.1784,1.50178368
portfolio,2018-02-23,0.5372,50.9851,1.50985148
portfolio,2018-02-26,1.4067,53.109,1.53109
portfolio,2018-02-27,-0.417,52.4705,1.52470539
portfolio,2018-02-28,-0.8434,51.1846,1.51184633
portfolio,2018-03-01,-0.2131,50.8625,1.50862476
portfolio,2018-03-02,-0.7474,49.7349,1.49734858
portfolio,2018-03-05,0.0703,49.8401,1.4984013
portfolio,2018-03-06,0.9666,51.2885,1.51288459
portfolio,2018-03-07,-0.3885,50.7007,1.5070074
portfolio,2018-03-08,0.5812,51.5767,1.51576661
portfolio,2018-03-09,0.4115,52.2005,1.52200462
portfolio,2018-03-12,0.774,53.3784,1.53378428
portfolio,2018-03-13,-0.6536,52.376,1.52375971
portfolio,2018-03-14,-0.2996,51.9195,1.51919452
portfolio,2018-03-15,0.2427,52.2882,1.52288217
portfolio,2018-03-16,-0.7357,51.1678,1.5116783
portfolio,2018-03-19,0.1023,51.3224,1.51322422
portfolio,2018-03-20,-0.2774,50.9026,1.50902582
portfolio,2018-03-21,-0.1071,50.7409,1.50740945
portfolio,2018-03-22,-0.0994,50.5912,1.50591153
portfolio,2018-03-23,-1.8569,47.7949,1.47794897
portfolio,2018-03-26,-0.5968,46.9129,1.46912906
portfolio,2018-03-27,0.7939,48.0792,1.48079248
portfolio,2018-03-28,-1.5213,45.8266,1.45826559
portfolio,2018-03-29,0.3768,46.376,1.46376018
portfolio,2018-03-30,0.0692,46.4773,1.46477293
portfolio,2018-04-02,-0.0939,46.3398,1.46339821
portfolio,2018-04-03,-0.6199,45.4326,1.45432647
portfolio,2018-04-04,0.0001,45.4328,1.45432822
portfolio,2018-04-09,0.1432,45.6411,1.4564113
portfolio,2018-04-10,1.138,47.2985,1.47298453
portfolio,2018-04-11,0.176,47.5577,1.47557707
portfolio,2018-04-12,-0.3732,47.007,1.47007018
portfolio,2018-04-13,-0.1683,46.7596,1.46759622
portfolio,2018-04-16,-0.6963,45.7377,1.45737713
portfolio,2018-04-17,-0.1827,45.4714,1.45471434
portfolio,2018-04-18,0.4111,46.0695,1.46069452
portfolio,2018-04-19,0.5328,46.8477,1.46847688
portfolio,2018-04-20,-0.7751,45.7094,1.45709407
portfolio,2018-04-23,-0.2244,45.3824,1.45382422
portfolio,2018-04-24,0.9143,46.7116,1.4671161
portfolio,2018-04-25,-0.702,45.6816,1.45681646
portfolio,2018-04-26,-0.7665,44.565,1.44564996
portfolio,2018-04-27,0.6419,45.4929,1.45492941
portfolio,2018-05-02,-0.0927,45.358,1.45358005
portfolio,2018-05-03,0.1075,45.5143,1.45514319
portfolio,2018-05-04,-0.1315,45.323,1.45323017
portfolio,2018-05-07,1.0124,46.7943,1.46794274
portfolio,2018-05-08,0.462,47.4725,1.47472503
portfolio,2018-05-09,-0.1611,47.2349,1.47234939
portfolio,2018-05-10,0.5919,48.1064,1.48106428
portfolio,2018-05-11,0.0035,48.1116,1.48111636
portfolio,2018-05-14,0.5998,49.0,1.49000013
portfolio,2018-05-15,-0.184,48.7259,1.48725854
portfolio,2018-05-16,-0.6258,47.7951,1.47795134
portfolio,2018-05-17,-0.3499,47.278,1.47278
portfolio,2018-05-18,0.4633,47.9603,1.47960315
portfolio,2018-05-21,0.7834,49.1194,1.49119408
portfolio,2018-05-22,-0.2077,48.8096,1.48809622
portfolio,2018-05-23,-0.7291,47.7246,1.4772462
portfolio,2018-05-24,0.0211,47.7557,1.47755747
portfolio,2018-05-25,0.0533,47.8345,1.4783449
portfolio,2018-05-28,0.2983,48.2754,1.48275417
portfolio,2018-05-29,-0.5039,47.5282,1.47528218
portfolio,2018-05-30,-1.138,45.8494,1.45849369
portfolio,2018-05-31,1.1928,47.5891,1.47589095
portfolio,2018-06-01,-0.4765,46.8858,1.46885777
portfolio,2018-06-04,0.739,47.9713,1.47971275
portfolio,2018-06-05,0.5205,48.7415,1.4874149
portfolio,2018-06-06,-0.101,48.5913,1.48591329
portfolio,2018-06-07,0.2446,48.9548,1.48954831
portfolio,2018-06-08,-0.6198,48.0316,1.48031583
portfolio,2018-06-11,0.4844,48.7486,1.48748625
portfolio,2018-06-12,0.6094,49.6551,1.49655072
portfolio,2018-06-13,-0.3359,49.1524,1.4915235
portfolio,2018-06-14,-0.2567,48.7695,1.4876954
portfolio,2018-06-15,0.2818,49.1888,1.49188769
portfolio,2018-06-19,-2.2929,45.768,1.45768048
portfolio,2018-06-20,0.2959,46.1994,1.46199395
portfolio,2018-06-21,0.0422,46.2611,1.46261116
portfolio,2018-06-22,0.0661,46.3578,1.46357811
portfolio,2018-06-25,-0.1452,46.1454,1.46145364
portfolio,2018-06-26,-0.7568,45.0394,1.45039358
portfolio,2018-06-27,-1.1261,43.406,1.43405998
portfolio,2018-06-28,-0.4477,42.764,1.42764022
portfolio,2018-06-29,1.7106,45.2061,1.45206146
portfolio,2018-07-02,-1.1336,43.5601,1.43560128
portfolio,2018-07-03,0.5299,44.3209,1.44320879
portfolio,2018-07-04,-0.7146,43.2895,1.43289532
portfolio,2018-07-05,0.1076,43.4437,1.43443749
portfolio,2018-07-06,0.7002,44.4482,1.4444819
portfolio,2018-07-09,1.3596,46.4121,1.46412076
portfolio,2018-07-10,0.1914,46.6924,1.46692371
portfolio,2018-07-11,-0.4409,46.0456,1.46045616
portfolio,2018-07-12,1.0432,47.5692,1.47569184
portfolio,2018-07-13,0.0094,47.583,1.47583024
portfolio,2018-07-16,-0.1132,47.416,1.47415975
portfolio,2018-07-17,-0.4965,46.6841,1.46684087
portfolio,2018-07-18,0.0201,46.7136,1.46713618
portfolio,2018-07-19,0.3993,47.2995,1.47299518
portfolio,2018-07-20,0.7651,48.4264,1.48426437
portfolio,2018-07-23,0.1897,48.708,1.4870796
portfolio,2018-07-24,1.1381,50.4004,1.50400359
portfolio,2018-07-25,0.0084,50.413,1.5041296
portfolio,2018-07-26,-0.156,50.1784,1.50178358
portfolio,2018-07-27,0.3793,50.7479,1.50747923
portfolio,2018-07-30,-0.649,49.7696,1.49769603
portfolio,2018-07-31,-0.5079,49.0089,1.49008852
portfolio,2018-08-01,-0.3948,48.4206,1.48420594
portfolio,2018-08-02,-0.9877,46.9547,1.4695469
portfolio,2018-08-03,0.2208,47.2792,1.47279151
portfolio,2018-08-06,0.1076,47.4377,1.47437686
portfolio,2018-08-07,1.6573,49.8811,1.49881136
portfolio,2018-08-08,-1.1163,48.208,1.48207958
portfolio,2018-08-09,0.3977,48.7973,1.48797309
portfolio,2018-08-10,0.0639,48.8925,1.48892457
portfolio,2018-08-13,-0.3706,48.3407,1.48340702
portfolio,2018-08-14,-0.2707,47.9391,1.47939118
portfolio,2018-08-15,-0.3768,47.3816,1.47381619
portfolio,2018-08-16,-1.0206,45.8775,1.45877483
portfolio,2018-08-17,-0.0635,45.7848,1.45784845
portfolio,2018-08-20,0.4915,46.5014,1.46501449
portfolio,2018-08-21,0.5722,47.3397,1.47339701
portfolio,2018-08-22,-0.1154,47.1697,1.47169661
portfolio,2018-08-23,0.1787,47.4327,1.47432661
portfolio,2018-08-24,-0.0093,47.4189,1.47418879
portfolio,2018-08-27,1.134,49.0906,1.49090583
portfolio,2018-08-28,0.3463,49.6069,1.49606858
portfolio,2018-08-29,-0.1254,49.4193,1.49419302
portfolio,2018-08-30,-0.128,49.228,1.4922803
portfolio,2018-08-31,-0.3477,48.7092,1.48709163
portfolio,2018-09-03,-0.3528,48.1845,1.48184547
portfolio,2018-09-04,0.4301,48.8219,1.48821867
portfolio,2018-09-05,-0.8957,47.4888,1.47488827
portfolio,2018-09-06,-0.3677,46.9466,1.46946567
portfolio,2018-09-07,0.1903,47.2261,1.47226136
portfolio,2018-09-10,-0.3822,46.6635,1.46663485
portfolio,2018-09-11,0.0827,46.7847,1.46784728
portfolio,2018-09-12,-0.0338,46.7352,1.46735156
portfolio,2018-09-13,0.3402,47.2344,1.47234365
portfolio,2018-09-14,0.3586,47.7623,1.4776235
portfolio,2018-09-17,-0.44,47.1122,1.47112177
portfolio,2018-09-18,0.3488,47.6253,1.47625341
portfolio,2018-09-19,0.6754,48.6225,1.48622474
portfolio,2018-09-20,0.1442,48.8368,1.48836821
portfolio,2018-09-21,1.4264,50.9599,1.50959867
portfolio,2018-09-25,-0.5498,50.1299,1.5012987
portfolio,2018-09-26,0.636,51.0847,1.5108468
portfolio,2018-09-27,-0.5822,50.2051,1.50205108
portfolio,2018-09-28,0.2712,50.6125,1.50612519
portfolio,2018-10-08,-1.7213,48.0201,1.48020054
portfolio,2018-10-09,0.1928,48.3054,1.4830544
portfolio,2018-10-10,0.094,48.4449,1.48444896
portfolio,2018-10-11,-3.6432,43.0367,1.43036708
portfolio,2018-10-12,1.2479,44.8216,1.4482162
portfolio,2018-10-15,-0.6076,43.9417,1.4394172
portfolio,2018-10-16,-0.0609,43.8541,1.43854113
portfolio,2018-10-17,0.8829,45.1243,1.45124267
portfolio,2018-10-18,-0.8947,43.8259,1.43825895
portfolio,2018-10-19,0.668,44.7867,1.44786654
portfolio,2018-10-22,1.6548,47.1825,1.4718254
portfolio,2018-10-23,-1.6023,44.8242,1.44824192
portfolio,2018-10-24,0.0605,44.9118,1.4491183
portfolio,2018-10-25,-0.6842,43.9203,1.43920296
portfolio,2018-10-26,-0.2407,43.5739,1.43573918
portfolio,2018-10-29,-1.2727,41.7466,1.41746586
portfolio,2018-10-30,0.3519,42.2454,1.42245399
portfolio,2018-10-31,0.7812,43.3566,1.43356564
portfolio,2018-11-01,0.5304,44.1169,1.44116936
portfolio,2018-11-02,1.817,46.7356,1.467356
portfolio,2018-11-05,-0.8618,45.4711,1.45471063
portfolio,2018-11-06,0.2469,45.8302,1.45830219
portfolio,2018-11-07,-0.0558,45.7489,1.45748884
portfolio,2018-11-08,0.678,46.7371,1.46737107
portfolio,2018-11-09,-0.6535,45.7782,1.45778155
portfolio,2018-11-12,0.1309,45.969,1.45969031
portfolio,2018-11-13,-0.6201,45.0639,1.45063935
portfolio,2018-11-14,-0.3939,44.4925,1.44492506
portfolio,2018-11-15,0.2313,44.8267,1.44826736
portfolio,2018-11-16,0.2333,45.1646,1.45164627
portfolio,2018-11-19,0.5594,45.9767,1.459767
portfolio,2018-11-20,-1.2247,44.1889,1.44188921
portfolio,2018-11-21,-0.5649,43.3744,1.43374426
portfolio,2018-11-22,-0.0687,43.276,1.43275997
portfolio,2018-11-23,-0.9431,41.9248,1.4192483
portfolio,2018-11-26,0.1088,42.0792,1.4207922
portfolio,2018-11-27,0.2061,42.3721,1.4237206
portfolio,2018-11-28,0.7156,43.3909,1.43390863
portfolio,2018-11-29,0.4364,44.0166,1.44016582
portfolio,2018-11-30,0.5596,44.8226,1.44822558
portfolio,2018-12-03,1.6313,47.1851,1.47185107
portfolio,2018-12-04,-0.6618,46.211,1.46211044
portfolio,2018-12-05,-0.9141,44.8745,1.44874459
portfolio,2018-12-06,-1.1728,43.1754,1.43175411
portfolio,2018-12-07,0.2397,43.5187,1.43518655
portfolio,2018-12-10,-1.1631,41.8494,1.41849433
portfolio,2018-12-11,0.4544,42.494,1.42494004
portfolio,2018-12-12,0.179,42.7491,1.42749097
portfolio,2018-12-13,0.6453,43.6703,1.43670302
portfolio,2018-12-14,-1.0153,42.2116,1.42211559
portfolio,2018-12-17,-0.3648,41.6928,1.41692808
portfolio,2018-12-18,-1.1314,40.0897,1.40089651
portfolio,2018-12-19,-0.3569,39.5897,1.39589657
portfolio,2018-12-20,-1.1155,38.0325,1.38032483
portfolio,2018-12-21,-0.3617,37.5332,1.37533205
portfolio,2018-12-24,-0.6363,36.6581,1.36658055
portfolio,2018-12-25,-1.3705,34.7852,1.34785189
portfolio,2018-12-26,-0.2719,34.4187,1.34418669
portfolio,2018-12-27,1.6068,36.5785,1.36578471
portfolio,2018-12-28,0.469,37.2191,1.37219064
portfolio,2019-01-02,-0.4168,36.6472,1.3664717
portfolio,2019-01-03,0.2859,37.0379,1.37037904
portfolio,2019-01-04,0.6317,37.9036,1.37903584
portfolio,2019-01-07,0.9273,39.1823,1.39182341
portfolio,2019-01-08,0.3093,39.6128,1.39612827
portfolio,2019-01-09,0.4747,40.2756,1.40275612
portfolio,2019-01-10,-0.3436,39.7936,1.39793628
portfolio,2019-01-11,0.4055,40.3605,1.40360549
portfolio,2019-01-14,-0.6022,39.5154,1.39515356
portfolio,2019-01-15,0.8088,40.6438,1.40643776
portfolio,2019-01-16,-0.3846,40.1029,1.40102902
portfolio,2019-01-17,-0.3041,39.6769,1.39676908
portfolio,2019-01-18,1.3318,41.5372,1.41537189
portfolio,2019-01-21,0.4295,42.145,1.4214505
portfolio,2019-01-22,-0.5685,41.337,1.41336974
portfolio,2019-01-23,-0.3656,40.8203,1.40820264
portfolio,2019-01-24,0.2566,41.1816,1.41181606
portfolio,2019-01-25,0.342,41.6645,1.41664479
portfolio,2019-01-28,0.0664,41.7586,1.41758552
portfolio,2019-01-29,0.028,41.7983,1.4179828
portfolio,2019-01-30,-0.1559,41.5772,1.41577168
portfolio,2019-01-31,0.7426,42.6285,1.42628483
portfolio,2019-02-01,1.215,44.3614,1.44361443
portfolio,2019-02-11,0.5111,45.0992,1.45099235
portfolio,2019-02-12,0.6047,45.9767,1.45976676
portfolio,2019-02-13,1.0784,47.5508,1.47550824
portfolio,2019-02-14,0.0946,47.6904,1.47690424
portfolio,2019-02-15,-0.6456,46.7369,1.46736902
portfolio,2019-02-18,1.7627,49.3234,1.49323398
portfolio,2019-02-19,-0.0708,49.2177,1.49217691
portfolio,2019-02-20,0.0235,49.2528,1.49252812
portfolio,2019-02-21,-0.0462,49.1838,1.49183797
portfolio,2019-02-22,0.6151,50.1014,1.5010141
portfolio,2019-02-25,2.4575,53.7902,1.53790169
portfolio,2019-02-26,-0.989,52.2691,1.52269109
portfolio,2019-02-27,-0.2434,51.8984,1.51898447
portfolio,2019-02-28,-0.3375,51.3858,1.51385803
portfolio,2019-03-01,1.0043,52.9062,1.52906178
portfolio,2019-03-04,0.1558,53.1444,1.53144392
portfolio,2019-03-05,-0.1032,52.9864,1.5298641
portfolio,2019-03-06,0.3325,53.495,1.53495027
portfolio,2019-03-07,-0.8111,52.25,1.52249973
portfolio,2019-03-08,-1.3147,50.2483,1.50248275
portfolio,2019-03-11,0.7218,51.3328,1.51332812
portfolio,2019-03-12,0.7581,52.4801,1.52480078
portfolio,2019-03-13,-0.1499,52.2515,1.52251456
portfolio,2019-03-14,0.048,52.3246,1.52324598
portfolio,2019-03-15,0.4841,53.0621,1.53062069
portfolio,2019-03-18,1.2078,54.9108,1.54910809
portfolio,2019-03-19,0.0487,54.9863,1.54986302
portfolio,2019-03-20,-0.1226,54.7963,1.54796295
portfolio,2019-03-21,-0.1534,54.5589,1.54558864
portfolio,2019-03-22,0.6727,55.5986,1.55598643
portfolio,2019-03-25,-1.6312,53.0606,1.53060586
portfolio,2019-03-26,-0.147,52.8356,1.52835595
portfolio,2019-03-27,0.5793,53.7209,1.53720924
portfolio,2019-03-28,-0.4356,53.0514,1.53051383
portfolio,2019-03-29,1.2506,54.9654,1.54965395
portfolio,2019-04-01,1.2815,56.9513,1.56951347
portfolio,2019-04-02,0.2059,57.2745,1.5727448
portfolio,2019-04-03,0.7569,58.4648,1.58464812
portfolio,2019-04-04,0.4259,59.1398,1.59139761
portfolio,2019-04-08,0.329,59.6633,1.59663344
portfolio,2019-04-09,0.0615,59.7615,1.5976151
portfolio,2019-04-10,-0.0995,59.6025,1.59602483
portfolio,2019-04-11,-0.4534,58.8788,1.58878824
portfolio,2019-04-12,-0.3078,58.3897,1.58389748
portfolio,2019-04-15,-0.2351,58.0175,1.58017452
portfolio,2019-04-16,1.337,60.1301,1.60130141
portfolio,2019-04-17,-0.3348,59.5941,1.59594105
portfolio,2019-04-18,-0.5159,58.7708,1.58770784
portfolio,2019-04-19,0.8667,60.1468,1.60146806
portfolio,2019-04-22,-0.8656,58.7605,1.58760536
portfolio,2019-04-23,-0.0881,58.6206,1.58620627
portfolio,2019-04-24,0.3924,59.243,1.59242986
portfolio,2019-04-25,-0.6802,58.1598,1.58159765
portfolio,2019-04-26,-0.4102,57.511,1.57510967
portfolio,2019-04-29,0.4065,58.1513,1.58151309
portfolio,2019-04-30,0.1949,58.4595,1.58459478
portfolio,2019-05-06,-2.5616,54.4004,1.54400363
portfolio,2019-05-07,0.7103,55.4971,1.55497136
portfolio,2019-05-08,-1.0242,53.9045,1.53904481
portfolio,2019-05-09,-0.4819,53.1629,1.53162867
portfolio,2019-05-10,1.131,54.8952,1.54895167
portfolio,2019-05-13,-0.2937,54.4403,1.54440315
portfolio,2019-05-14,-0.3702,53.8686,1.53868612
portfolio,2019-05-15,0.9546,55.3375,1.55337488
portfolio,2019-05-16,0.2948,55.7954,1.5579541
portfolio,2019-05-17,-0.3334,55.2759,1.55275946
portfolio,2019-05-20,-0.5703,54.3904,1.54390396
portfolio,2019-05-21,0.247,54.7717,1.54771732
portfolio,2019-05-22,0.0014,54.7739,1.54773861
portfolio,2019-05-23,-0.7762,53.5725,1.53572505
portfolio,2019-05-24,-0.0286,53.5286,1.53528593
portfolio,2019-05-27,0.4541,54.2257,1.54225696
portfolio,2019-05-28,0.259,54.6252,1.54625161
portfolio,2019-05-29,-0.5529,53.7702,1.5377021
portfolio,2019-05-30,-0.2099,53.4475,1.53447485
portfolio,2019-05-31,-0.2273,53.0987,1.53098734
portfolio,2019-06-03,0.0239,53.1353,1.53135344
portfolio,2019-06-04,0.0821,53.261,1.53261009
portfolio,2019-06-05,0.9749,54.7552,1.54755169
portfolio,2019-06-06,-0.0648,54.6549,1.54654903
portfolio,2019-06-10,1.3001,56.6656,1.56665606
portfolio,2019-06-11,0.9484,58.1514,1.58151398
portfolio,2019-06-12,-0.1939,57.8448,1.57844767
portfolio,2019-06-13,-0.0222,57.8097,1.57809721
portfolio,2019-06-14,0.3772,58.4049,1.58404903
portfolio,2019-06-17,-0.2451,58.0166,1.58016588
portfolio,2019-06-18,0.1927,58.3211,1.58321069
portfolio,2019-06-19,0.7163,59.4551,1.59455132
portfolio,2019-06-20,1.7719,62.2805,1.62280526
portfolio,2019-06-21,0.2539,62.6926,1.62692611
portfolio,2019-06-24,0.3436,63.2517,1.63251663
portfolio,2019-06-25,0.0263,63.2946,1.63294624
portfolio,2019-06-26,-0.7879,62.008,1.62008011
portfolio,2019-06-27,0.4618,62.7562,1.62756216
portfolio,2019-06-28,-0.0164,62.7295,1.62729455
portfolio,2019-07-01,1.167,64.6285,1.64628547
portfolio,2019-07-02,0.1558,64.8851,1.64885061
portfolio,2019-07-03,0.5413,65.7776,1.65777639
portfolio,2019-07-04,-0.1783,65.4821,1.65482113
portfolio,2019-07-05,0.1671,65.7586,1.65758632
portfolio,2019-07-08,-1.1595,63.8367,1.63836674
portfolio,2019-07-09,-0.501,63.0159,1.63015861
portfolio,2019-07-10,0.1167,63.2061,1.632061
portfolio,2019-07-11,0.8059,64.5214,1.6452143
portfolio,2019-07-12,0.2682,64.9627,1.64962734
portfolio,2019-07-15,0.4096,65.6384,1.65638372
portfolio,2019-07-16,-0.2697,65.1916,1.65191638
portfolio,2019-07-17,-0.4402,64.4644,1.64464414
portfolio,2019-07-18,-0.3283,63.9244,1.63924418
portfolio,2019-07-19,1.1242,65.7673,1.65767276
portfolio,2019-07-22,-0.6495,64.6907,1.64690684
portfolio,2019-07-23,0.0538,64.7793,1.64779252
portfolio,2019-07-24,0.5709,65.72,1.65719989
portfolio,2019-07-25,0.5494,66.6304,1.66630433
portfolio,2019-07-26,-0.1842,66.3235,1.66323502
portfolio,2019-07-29,0.1911,66.6413,1.66641312
portfolio,2019-07-30,0.2666,67.0855,1.67085539
portfolio,2019-07-31,-0.1899,66.7682,1.66768185
portfolio,2019-08-01,-1.172,64.8137,1.64813726
portfolio,2019-08-02,-0.0337,64.7582,1.64758201
portfolio,2019-08-05,0.2598,65.1863,1.65186314
portfolio,2019-08-06,-1.1097,63.3532,1.6335316
portfolio,2019-08-07,0.5928,64.3215,1.64321472
portfolio,2019-08-08,0.9451,65.8745,1.65874521
portfolio,2019-08-09,0.3709,66.4898,1.66489826
portfolio,2019-08-12,0.4326,67.21,1.67209983
portfolio,2019-08-13,-0.2098,66.8592,1.66859226
portfolio,2019-08-14,-0.2822,66.3883,1.66388327
portfolio,2019-08-15,-0.3463,65.8121,1.65812102
portfolio,2019-08-16,0.2656,66.2524,1.66252419
portfolio,2019-08-19,1.3112,68.4324,1.68432386
portfolio,2019-08-20,-0.0737,68.3083,1.683083
portfolio,2019-08-21,-0.2455,67.8951,1.6789511
portfolio,2019-08-22,0.4943,68.7251,1.6872508
portfolio,2019-08-23,0.3926,69.3875,1.69387545
portfolio,2019-08-26,-0.1674,69.104,1.69103955
portfolio,2019-08-27,0.8458,70.5342,1.70534245
portfolio,2019-08-28,-0.1871,70.2151,1.70215139
portfolio,2019-08-29,0.3932,70.8844,1.70884409
portfolio,2019-08-30,0.0056,70.894,1.70894012
portfolio,2019-09-02,0.2364,71.298,1.71297967
portfolio,2019-09-03,0.0952,71.4611,1.71461124
portfolio,2019-09-04,0.7433,72.7357,1.72735668
portfolio,2019-09-05,0.6118,73.7925,1.73792526
portfolio,2019-09-06,-0.4036,73.0911,1.73091059
portfolio,2019-09-09,0.2981,73.6071,1.73607129
portfolio,2019-09-10,-0.726,72.3468,1.72346754
portfolio,2019-09-11,-0.0512,72.2585,1.72258536
portfolio,2019-09-12,0.6464,73.372,1.73371965
portfolio,2019-09-16,-0.3882,72.6989,1.72698911
portfolio,2019-09-17,-0.5912,71.678,1.71677962
portfolio,2019-09-18,0.3289,72.2426,1.72242626
portfolio,2019-09-19,0.1547,72.5091,1.72509052
portfolio,2019-09-20,0.1584,72.7822,1.72782234
portfolio,2019-09-23,-0.0697,72.6618,1.72661787
portfolio,2019-09-24,0.1568,72.9325,1.72932549
portfolio,2019-09-25,-0.3657,72.3001,1.72300057
portfolio,2019-09-26,-0.4404,71.5413,1.71541255
portfolio,2019-09-27,-0.1619,71.2635,1.71263505
portfolio,2019-09-30,-0.5488,70.3237,1.70323659
portfolio,2019-10-08,-0.2083,69.9689,1.69968877
portfolio,2019-10-09,0.0212,70.0049,1.70004936
portfolio,2019-10-10,0.1582,70.2739,1.70273927
portfolio,2019-10-11,0.6772,71.4271,1.71427095
portfolio,2019-10-14,0.0362,71.4892,1.71489173
portfolio,2019-10-15,0.0226,71.528,1.71528013
portfolio,2019-10-16,-0.0077,71.5148,1.71514813
portfolio,2019-10-17,0.1054,71.6956,1.71695575
portfolio,2019-10-18,-0.5038,70.8306,1.70830562
portfolio,2019-10-21,0.0421,70.9025,1.70902463
portfolio,2019-10-22,0.2828,71.3857,1.71385744
portfolio,2019-10-23,-0.2981,70.8749,1.70874928
portfolio,2019-10-24,0.1652,71.1573,1.71157266
portfolio,2019-10-25,0.5189,72.0454,1.7204543
portfolio,2019-10-28,0.3703,72.6825,1.72682548
portfolio,2019-10-29,-0.2127,72.3152,1.72315236
portfolio,2019-10-30,-0.2745,71.8421,1.71842148
portfolio,2019-10-31,0.0779,71.976,1.71976048
portfolio,2019-11-01,0.9073,73.5364,1.73536403
portfolio,2019-11-04,0.2935,74.0457,1.74045747
portfolio,2019-11-05,0.1079,74.2335,1.74233517
portfolio,2019-11-06,-0.7817,72.8716,1.72871577
portfolio,2019-11-07,0.2636,73.3273,1.73327254
portfolio,2019-11-08,-0.6654,72.1739,1.72173942
portfolio,2019-11-11,-0.5012,71.3111,1.71311059
portfolio,2019-11-12,-0.1491,71.0556,1.71055639
portfolio,2019-11-13,0.2265,71.4431,1.71443092
portfolio,2019-11-14,0.2358,71.8474,1.71847358
portfolio,2019-11-15,-0.0896,71.6935,1.71693463
portfolio,2019-11-18,0.8005,73.0678,1.73067823
portfolio,2019-11-19,0.9768,74.7583,1.74758315
portfolio,2019-11-20,-0.8218,73.3222,1.73322237
portfolio,2019-11-21,-0.577,72.3221,1.72322083
portfolio,2019-11-22,-0.3768,71.6727,1.71672714
portfolio,2019-11-25,0.3137,72.2113,1.72211297
portfolio,2019-11-26,0.338,72.7934,1.72793432
portfolio,2019-11-27,0.1252,73.0098,1.73009822
portfolio,2019-11-28,0.0887,73.1633,1.73163293
portfolio,2019-11-29,-0.2965,72.6498,1.72649779
portfolio,2019-12-02,0.5506,73.6004,1.73600419
portfolio,2019-12-03,-0.4627,72.7972,1.72797169
portfolio,2019-12-04,0.0231,72.8371,1.7283708
portfolio,2019-12-05,0.1605,73.1144,1.73114442
portfolio,2019-12-06,0.1519,73.3773,1.73377336
portfolio,2019-12-09,0.0858,73.5261,1.73526124
portfolio,2019-12-10,-0.0713,73.4023,1.73402318
portfolio,2019-12-11,-0.5008,72.5339,1.72533937
portfolio,2019-12-12,0.2837,73.0235,1.7302345
portfolio,2019-12-13,0.4838,73.8605,1.73860483
portfolio,2019-12-16,0.4398,74.6251,1.74625103
portfolio,2019-12-17,0.7417,75.9203,1.75920281
portfolio,2019-12-18,-0.3141,75.3677,1.75367665
portfolio,2019-12-19,-0.2174,74.9864,1.74986414
portfolio,2019-12-20,0.2956,75.5037,1.75503695
portfolio,2019-12-23,-0.0249,75.46,1.75460049
portfolio,2019-12-24,0.3368,76.0509,1.76050922
portfolio,2019-12-25,0.0685,76.1716,1.76171581
portfolio,2019-12-26,0.4623,76.986,1.76986016
portfolio,2019-12-27,0.2732,77.4695,1.7746949
portfolio,2019-12-30,0.3726,78.1308,1.78130801
portfolio,2019-12-31,0.0855,78.2831,1.7828305
portfolio,2020-01-02,0.6734,79.4836,1.79483633
portfolio,2020-01-03,0.7288,80.7916,1.80791627
portfolio,2020-01-06,-0.3481,80.1622,1.80162248
portfolio,2020-01-07,0.1959,80.5152,1.80515199
portfolio,2020-01-08,-0.3297,79.9201,1.79920065
portfolio,2020-01-09,-0.1048,79.7315,1.79731455
portfolio,2020-01-10,0.4818,80.5974,1.80597361
portfolio,2020-01-13,0.2562,81.06,1.81060005
portfolio,2020-01-14,-0.1998,80.6983,1.80698337
portfolio,2020-01-15,-0.1731,80.3856,1.80385609
portfolio,2020-01-16,-0.2513,79.9323,1.79932283
portfolio,2020-01-17,0.1574,80.2155,1.80215482
portfolio,2020-01-20,0.2913,80.7404,1.80740446
portfolio,2020-01-21,-0.3794,80.0548,1.80054754
portfolio,2020-01-22,0.206,80.4257,1.8042566
portfolio,2020-01-23,-0.9647,78.685,1.78685007
portfolio,2020-02-03,-2.7237,73.8182,1.73818195
portfolio,2020-02-04,0.9961,75.5496,1.75549557
portfolio,2020-02-05,0.3826,76.2212,1.76221237
portfolio,2020-02-06,1.3522,78.604,1.78604043
portfolio,2020-02-07,0.1428,78.8591,1.78859097
portfolio,2020-02-10,0.2826,79.3646,1.79364608
portfolio,2020-02-11,0.843,80.8767,1.80876671
portfolio,2020-02-12,0.9049,82.5133,1.82513344
portfolio,2020-02-13,1.703,85.6216,1.8562156
portfolio,2020-02-14,-1.5949,82.6612,1.8266116
portfolio,2020-02-17,1.0459,84.5717,1.84571698
portfolio,2020-02-18,-0.6603,83.353,1.83352986
portfolio,2020-02-19,0.1778,83.6789,1.83678923
portfolio,2020-02-20,1.0982,85.6961,1.85696117
portfolio,2020-02-21,0.242,86.1454,1.86145441
portfolio,2020-02-24,-0.5527,85.1166,1.85116597
portfolio,2020-02-25,-0.6518,83.91,1.83909977
portfolio,2020-02-26,-1.1723,81.7541,1.81754087
portfolio,2020-02-27,-0.2075,81.3769,1.81376891
portfolio,2020-02-28,-2.7399,76.4073,1.7640726
portfolio,2020-03-02,1.3174,78.7312,1.78731192
portfolio,2020-03-03,-0.2599,78.2666,1.78266591
portfolio,2020-03-04,0.3503,78.8911,1.78891103
portfolio,2020-03-05,1.3316,81.2733,1.81273269
portfolio,2020-03-06,-0.9171,79.6108,1.79610794
portfolio,2020-03-09,-3.3549,73.585,1.73585006
portfolio,2020-03-10,1.5085,76.2035,1.76203521
portfolio,2020-03-11,-0.9732,74.4887,1.74488667
portfolio,2020-03-12,-2.1847,70.6765,1.70676538
portfolio,2020-03-13,-2.0946,67.1015,1.67101513
portfolio,2020-03-16,-3.0539,61.9983,1.61998342
portfolio,2020-03-17,-1.9584,58.8257,1.58825736
portfolio,2020-03-18,-1.2209,56.8866,1.56886593
portfolio,2020-03-19,-0.5599,56.0082,1.56008233
portfolio,2020-03-20,2.0103,59.1445,1.59144493
portfolio,2020-03-23,-3.4257,53.6927,1.53692691
portfolio,2020-03-24,3.905,59.6944,1.59694393
portfolio,2020-03-25,2.8167,64.1925,1.64192457
portfolio,2020-03-26,-0.7146,63.0191,1.63019127
portfolio,2020-03-27,0.5732,63.9536,1.63953554
portfolio,2020-03-30,-1.1263,62.107,1.62107007
portfolio,2020-03-31,0.5532,63.0038,1.63003816
portfolio,2020-04-01,-1.2599,60.9502,1.60950209
portfolio,2020-04-02,0.9651,62.5036,1.62503578
portfolio,2020-04-03,-0.3414,61.9488,1.61948793
portfolio,2020-04-07,3.3864,67.433,1.67432986
portfolio,2020-04-08,-0.7014,66.2585,1.66258545
portfolio,2020-04-09,1.2497,68.3362,1.68336224
portfolio,2020-04-10,0.0253,68.3787,1.68378741
portfolio,2020-04-13,-0.5138,67.5136,1.67513581
portfolio,2020-04-14,1.6172,70.2227,1.70222693
portfolio,2020-04-15,0.0263,70.2675,1.70267496
portfolio,2020-04-16,0.0242,70.3087,1.70308656
portfolio,2020-04-17,0.6186,71.3622,1.7136215
portfolio,2020-04-20,-0.0058,71.3523,1.71352259
portfolio,2020-04-21,-0.8509,69.8942,1.69894191
portfolio,2020-04-22,-0.2025,69.5501,1.69550113
portfolio,2020-04-23,0.8428,70.9791,1.70979086
portfolio,2020-04-24,-0.2738,70.511,1.7051102
portfolio,2020-04-27,0.6958,71.6974,1.71697427
portfolio,2020-04-28,0.3458,72.2911,1.72291109
portfolio,2020-04-29,0.617,73.3542,1.73354181
portfolio,2020-04-30,1.369,75.7274,1.75727426
portfolio,2020-05-06,-0.4165,74.9955,1.74995477
portfolio,2020-05-07,-0.6637,73.8341,1.73834091
portfolio,2020-05-08,1.0698,75.6937,1.75693693
portfolio,2020-05-11,0.2282,76.0947,1.76094689
portfolio,2020-05-12,-0.6082,75.0238,1.75023756
portfolio,2020-05-13,-0.2628,74.5638,1.7456375
portfolio,2020-05-14,-0.6529,73.424,1.73424014
portfolio,2020-05-15,0.7438,74.714,1.74714026
portfolio,2020-05-18,1.3723,77.1117,1.77111698
portfolio,2020-05-19,0.7171,78.3818,1.78381814
portfolio,2020-05-20,-0.2538,77.9291,1.77929135
portfolio,2020-05-21,-0.3982,77.2207,1.77220651
portfolio,2020-05-22,-1.0233,75.4071,1.75407071
portfolio,2020-05-25,0.5982,76.4564,1.76456402
portfolio,2020-05-26,1.1383,78.465,1.78464994
portfolio,2020-05-27,-0.4638,77.6373,1.77637311
portfolio,2020-05-28,0.7142,78.9061,1.78906069
portfolio,2020-05-29,-0.1246,78.6831,1.78683088
portfolio,2020-06-01,1.1575,80.7513,1.80751285
portfolio,2020-06-02,0.0931,80.9195,1.80919514
portfolio,2020-06-03,0.2127,81.3044,1.81304377
portfolio,2020-06-04,-0.0838,81.1525,1.81152476
portfolio,2020-06-05,0.4823,82.0262,1.8202624
portfolio,2020-06-08,0.4557,82.8558,1.82855795
portfolio,2020-06-09,0.7655,84.2556,1.84255589
portfolio,2020-06-10,0.1259,84.4876,1.8448756
portfolio,2020-06-11,-1.107,82.4452,1.82445226
portfolio,2020-06-12,-1.1124,80.4158,1.80415792
portfolio,2020-06-15,-1.6487,77.4413,1.77441306
portfolio,2020-06-16,2.3339,81.5827,1.81582659
portfolio,2020-06-17,0.4386,82.3791,1.82379141
portfolio,2020-06-18,-0.1459,82.1131,1.8211309
portfolio,2020-06-19,0.7052,83.3973,1.83397332
portfolio,2020-06-22,-0.0781,83.2541,1.83254119
portfolio,2020-06-23,0.4371,84.055,1.84055034
portfolio,2020-06-24,0.5894,85.1399,1.8513991
portfolio,2020-06-29,-1.4745,82.4101,1.82410093
portfolio,2020-06-30,0.5651,83.4409,1.83440945
portfolio,2020-07-01,1.4973,86.1876,1.86187637
portfolio,2020-07-02,0.8041,87.6848,1.87684803
portfolio,2020-07-03,0.9892,89.5414,1.89541422
portfolio,2020-07-06,2.725,94.7063,1.94706336
portfolio,2020-07-07,-0.6138,93.5112,1.93511221
portfolio,2020-07-08,0.4369,94.3567,1.94356663
portfolio,2020-07-09,0.7984,95.9085,1.959085
portfolio,2020-07-10,-1.2839,93.3933,1.93393277
portfolio,2020-07-13,1.7483,96.7743,1.96774301
portfolio,2020-07-14,-0.6259,95.5427,1.95542708
portfolio,2020-07-15,0.1323,95.8015,1.95801454
portfolio,2020-07-16,-1.9511,91.9812,1.91981184
portfolio,2020-07-17,0.4071,92.7627,1.92762712
portfolio,2020-07-20,0.9273,94.5502,1.94550245
portfolio,2020-07-21,0.8824,96.267,1.96267006
portfolio,2020-07-22,0.9379,98.1079,1.98107887
portfolio,2020-07-23,0.3403,98.7821,1.98782113
portfolio,2020-07-24,-1.9782,94.8498,1.94849754
portfolio,2020-07-27,0.9079,96.6188,1.96618764
portfolio,2020-07-28,0.4348,97.4736,1.97473568
portfolio,2020-07-29,0.9584,99.3662,1.99366179
portfolio,2020-07-30,-0.3438,98.6808,1.98680798
portfolio,2020-07-31,0.7276,100.1264,2.00126436
portfolio,2020-08-03,0.4785,101.0841,2.0108407
portfolio,2020-08-04,0.3729,101.8339,2.01833913
portfolio,2020-08-05,0.9054,103.6614,2.03661352
portfolio,2020-08-06,0.3402,104.3542,2.04354189
portfolio,2020-08-07,0.2007,104.7643,2.04764264
portfolio,2020-08-10,0.1527,105.077,2.05077022
portfolio,2020-08-11,-1.1119,102.7968,2.027968
portfolio,2020-08-12,-2.3162,98.0996,1.980996
portfolio,2020-08-13,0.764,99.6131,1.99613105
portfolio,2020-08-14,0.9074,101.4245,2.01424487
portfolio,2020-08-17,1.0056,103.45,2.03450041
portfolio,2020-08-18,0.5455,104.5598,2.04559809
portfolio,2020-08-19,-0.6559,103.218,2.03218014
portfolio,2020-08-20,-1.4034,100.366,2.00365982
portfolio,2020-08-21,0.4845,101.3367,2.01336674
portfolio,2020-08-24,0.3349,102.0109,2.02010949
portfolio,2020-08-25,1.074,104.1806,2.04180582
portfolio,2020-08-26,-0.8748,102.3944,2.02394419
portfolio,2020-08-27,1.0957,104.6121,2.04612054
portfolio,2020-08-28,1.1404,106.9455,2.06945507
portfolio,2020-08-31,0.1121,107.1775,2.07177461
portfolio,2020-09-01,0.0409,107.2622,2.0726223
portfolio,2020-09-02,0.3169,107.919,2.0791896
portfolio,2020-09-03,1.5135,111.0658,2.11065826
portfolio,2020-09-04,-2.678,105.4134,2.05413415
portfolio,2020-09-07,-2.4727,100.3342,2.00334229
portfolio,2020-09-08,0.8896,102.1163,2.0211631
portfolio,2020-09-09,-2.1869,97.6962,1.97696224
portfolio,2020-09-10,0.6856,99.0516,1.99051614
portfolio,2020-09-11,-0.1681,98.717,1.98717001
portfolio,2020-09-14,0.2451,99.204,1.99204016
portfolio,2020-09-15,0.39,99.981,1.99980956
portfolio,2020-09-16,-0.1033,99.7744,1.99774412
portfolio,2020-09-17,-1.1343,97.5084,1.97508403
portfolio,2020-09-18,1.1677,99.8148,1.99814775
portfolio,2020-09-21,-0.8808,98.0548,1.98054821
portfolio,2020-09-22,-1.5296,95.0255,1.95025472
portfolio,2020-09-23,0.0489,95.1208,1.95120758
portfolio,2020-09-24,-1.7241,91.7567,1.91756749
portfolio,2020-09-25,0.6585,93.0195,1.93019487
portfolio,2020-09-28,0.6258,94.2274,1.9422735
portfolio,2020-09-29,0.8578,95.8934,1.95893405
portfolio,2020-09-30,-0.4886,94.9362,1.94936203
portfolio,2020-10-09,1.8637,98.5693,1.98569301
portfolio,2020-10-12,1.6542,101.854,2.01853982
portfolio,2020-10-13,0.6455,103.157,2.03156993
portfolio,2020-10-14,-0.6278,101.8815,2.01881539
portfolio,2020-10-15,-0.7079,100.4524,2.00452371
portfolio,2020-10-16,0.1642,100.7815,2.00781543
portfolio,2020-10-19,-0.1742,100.4318,2.00431797
portfolio,2020-10-20,-0.4952,99.4393,1.99439296
portfolio,2020-10-21,0.2423,99.9226,1.99922595
portfolio,2020-10-22,-0.5475,98.828,1.98827979
portfolio,2020-10-23,-0.2069,98.4166,1.98416613
portfolio,2020-10-26,-0.597,97.232,1.97232039
portfolio,2020-10-27,0.2382,97.7019,1.97701864
portfolio,2020-10-28,-0.1828,97.3404,1.97340402
portfolio,2020-10-29,-0.696,95.9669,1.95966923
portfolio,2020-10-30,-1.5375,92.9539,1.9295392
portfolio,2020-11-02,0.7992,94.4961,1.94496062
portfolio,2020-11-03,1.1821,96.7951,1.96795131
portfolio,2020-11-04,0.9874,98.7382,1.98738239
portfolio,2020-11-05,1.011,100.7476,2.00747556
portfolio,2020-11-06,0.4119,101.5744,2.01574409
portfolio,2020-11-09,1.2071,104.0077,2.04007677
portfolio,2020-11-10,-1.0394,101.8871,2.01887138
portfolio,2020-11-11,-0.2311,101.4206,2.01420585
portfolio,2020-11-12,-0.0093,101.4019,2.01401887
portfolio,2020-11-13,-0.2925,100.8129,2.00812872
portfolio,2020-11-16,0.8817,102.5835,2.02583472
portfolio,2020-11-17,-0.2465,102.0841,2.02084058
portfolio,2020-11-18,-0.5887,100.8944,2.00894421
portfolio,2020-11-19,0.1628,101.2215,2.0122153
portfolio,2020-11-20,-0.0001,101.2213,2.01221267
portfolio,2020-11-23,0.4303,102.0871,2.02087141
portfolio,2020-11-24,-0.3327,101.4148,2.01414818
portfolio,2020-11-25,-0.4487,100.5112,2.00511152
portfolio,2020-11-26,0.0789,100.6695,2.00669452
portfolio,2020-11-27,0.4358,101.544,2.01543987
portfolio,2020-11-30,-0.9931,99.5425,1.99542472
portfolio,2020-12-01,1.4008,102.3377,2.02337729
portfolio,2020-12-02,0.1848,102.7117,2.02711739
portfolio,2020-12-03,0.4125,103.5479,2.03547912
portfolio,2020-12-04,0.0206,103.5899,2.03589915
portfolio,2020-12-07,-0.2307,103.1202,2.03120226
portfolio,2020-12-08,0.1711,103.4678,2.03467794
portfolio,2020-12-09,-0.2519,102.9553,2.02955328
portfolio,2020-12-10,-0.5458,101.8476,2.01847551
portfolio,2020-12-11,-0.4003,101.0395,2.01039506
portfolio,2020-12-14,0.4482,101.9405,2.01940542
portfolio,2020-12-15,-0.0283,101.8834,2.01883389
portfolio,2020-12-16,0.5375,102.9685,2.02968471
portfolio,2020-12-17,0.7788,104.5491,2.04549111
portfolio,2020-12-18,0.0801,104.713,2.04712958
portfolio,2020-12-21,0.5003,105.7371,2.05737092
portfolio,2020-12-22,-1.258,103.1489,2.03148912
portfolio,2020-12-23,0.2846,103.727,2.03726991
portfolio,2020-12-24,0.1937,104.1216,2.04121559
portfolio,2020-12-25,0.5446,105.2331,2.05233109
portfolio,2020-12-28,0.3154,105.8805,2.05880496
portfolio,2020-12-29,0.0902,106.0662,2.06066226
portfolio,2020-12-30,0.18,106.4371,2.06437118
portfolio,2020-12-31,0.9494,108.397,2.08396995
portfolio,2021-01-04,0.4806,109.3985,2.0939851
portfolio,2021-01-05,0.2518,109.9258,2.09925849
portfolio,2021-01-06,0.4814,110.9364,2.10936357
portfolio,2021-01-07,1.1834,113.4326,2.13432583
portfolio,2021-01-08,0.2,113.8594,2.13859364
portfolio,2021-01-11,-1.2405,111.2064,2.11206438
portfolio,2021-01-12,1.3659,114.0913,2.14091286
portfolio,2021-01-13,-0.2979,113.4535,2.13453539
portfolio,2021-01-14,-0.6364,112.095,2.12095049
portfolio,2021-01-15,-0.3534,111.3455,2.11345545
portfolio,2021-01-18,-0.2677,110.7797,2.10779699
portfolio,2021-01-19,-0.2276,110.3001,2.10300051
portfolio,2021-01-20,0.2118,110.7454,2.10745429
portfolio,2021-01-21,1.5352,113.9808,2.13980831
portfolio,2021-01-22,-0.2905,113.3593,2.13359315
portfolio,2021-01-25,0.5479,114.5283,2.14528336
portfolio,2021-01-26,-1.0879,112.1944,2.12194417
portfolio,2021-01-27,0.1159,112.4403,2.12440278
portfolio,2021-01-28,-2.0335,108.1203,2.08120327
portfolio,2021-01-29,-0.0861,107.9412,2.07941191
portfolio,2021-02-01,0.497,108.9748,2.0897476
portfolio,2021-02-02,0.9777,111.018,2.11017952
portfolio,2021-02-03,0.1214,111.2741,2.11274093
portfolio,2021-02-04,-0.268,110.7079,2.10707851
portfolio,2021-02-05,0.4089,111.5694,2.11569433
portfolio,2021-02-08,0.7199,113.0926,2.13092555
portfolio,2021-02-09,1.4369,116.1545,2.16154459
portfolio,2021-02-10,0.7809,117.8423,2.17842305
portfolio,2021-02-18,-0.9117,115.8562,2.15856161
portfolio,2021-02-19,0.0081,115.8736,2.1587363
portfolio,2021-02-22,-1.2832,113.1034,2.13103442
portfolio,2021-02-23,0.1401,113.402,2.1340202
portfolio,2021-02-24,-1.371,110.4762,2.10476222
portfolio,2021-02-25,0.757,112.0696,2.12069574
portfolio,2021-02-26,-2.4274,106.9219,2.06921852
portfolio,2021-03-01,0.7947,108.5662,2.08566235
portfolio,2021-03-02,-0.3255,107.8873,2.07887255
portfolio,2021-03-03,0.8163,109.5843,2.09584276
portfolio,2021-03-04,-2.1975,104.9787,2.04978748
portfolio,2021-03-05,-0.7446,103.4524,2.034524
portfolio,2021-03-08,-0.2887,102.865,2.0286497
portfolio,2021-03-09,-0.4574,101.937,2.01937041
portfolio,2021-03-10,0.3645,102.673,2.02673003
portfolio,2021-03-11,1.7846,106.2899,2.06289915
portfolio,2021-03-12,-0.1993,105.8787,2.0587873
portfolio,2021-03-15,-0.2735,105.3156,2.05315636
portfolio,2021-03-16,0.5247,106.3929,2.06392926
portfolio,2021-03-17,0.1005,106.6004,2.06600419
portfolio,2021-03-18,0.498,107.6293,2.07629335
portfolio,2021-03-19,-1.5774,104.3541,2.04354108
portfolio,2021-03-22,0.2852,104.9369,2.04936851
portfolio,2021-03-23,-0.043,104.8487,2.04848664
portfolio,2021-03-24,-0.8595,103.088,2.03087966
portfolio,2021-03-25,0.0284,103.1456,2.03145649
portfolio,2021-03-26,1.139,105.4595,2.05459485
portfolio,2021-03-29,0.3682,106.2159,2.0621589
portfolio,2021-03-30,0.2923,106.8186,2.06818611
portfolio,2021-03-31,-0.7322,105.3043,2.05304266
portfolio,2021-04-01,1.3252,108.025,2.08024962
portfolio,2021-04-02,1.0478,110.2046,2.10204618
portfolio,2021-04-06,0.1969,110.6186,2.10618566
portfolio,2021-04-07,-0.2059,110.1849,2.10184859
portfolio,2021-04-08,0.2838,110.7815,2.10781463
portfolio,2021-04-09,-0.3075,110.1333,2.10133324
portfolio,2021-04-12,-0.4415,109.2056,2.09205598
portfolio,2021-04-13,-0.3078,108.5616,2.08561561
portfolio,2021-04-14,0.6557,109.9291,2.09929114
portfolio,2021-04-15,-0.2973,109.3049,2.09304918
portfolio,2021-04-16,0.6228,110.6084,2.10608401
portfolio,2021-04-19,1.0122,112.7401,2.12740097
portfolio,2021-04-20,-0.5987,111.4663,2.11466336
portfolio,2021-04-21,0.0582,111.5895,2.11589491
portfolio,2021-04-22,0.2311,112.0785,2.12078521
portfolio,2021-04-23,-0.0627,111.9456,2.11945624
portfolio,2021-04-26,-0.1706,111.5841,2.11584121
portfolio,2021-04-27,0.3245,112.2706,2.12270638
portfolio,2021-04-28,0.0656,112.4098,2.12409783
portfolio,2021-04-29,0.5663,113.6126,2.13612572
portfolio,2021-04-30,-0.4269,112.7006,2.1270058
portfolio,2021-05-06,-0.36,111.9349,2.11934895
portfolio,2021-05-07,0.0467,112.0338,2.12033771
portfolio,2021-05-10,0.1727,112.3999,2.12399856
portfolio,2021-05-11,-0.472,111.3974,2.11397425
portfolio,2021-05-12,-0.0416,111.3094,2.11309407
portfolio,2021-05-13,-1.2341,108.7017,2.08701704
portfolio,2021-05-14,1.6527,112.151,2.12150997
portfolio,2021-05-17,0.9892,114.2496,2.14249635
portfolio,2021-05-18,0.2841,114.8582,2.1485823
portfolio,2021-05-19,-0.6777,113.4021,2.13402068
portfolio,2021-05-20,0.0431,113.494,2.13493992
portfolio,2021-05-21,0.1578,113.8309,2.1383091
portfolio,2021-05-24,0.3337,114.5446,2.14544554
portfolio,2021-05-25,1.2489,117.224,2.17224047
portfolio,2021-05-26,0.0878,117.4148,2.17414757
portfolio,2021-05-27,-0.2955,116.7722,2.16772238
portfolio,2021-05-28,-0.0516,116.6604,2.16660358
portfolio,2021-05-31,0.1399,116.9635,2.16963512
portfolio,2021-06-01,0.2435,117.4918,2.17491806
portfolio,2021-06-02,-0.6857,116.0004,2.160004
portfolio,2021-06-03,-0.3386,115.2691,2.15269094
portfolio,2021-06-04,-0.1033,115.0467,2.15046704
portfolio,2021-06-07,0.4952,116.1117,2.16111704
portfolio,2021-06-08,-0.1543,115.7782,2.15778179
portfolio,2021-06-09,0.0515,115.8892,2.15889209
portfolio,2021-06-10,0.0222,115.9371,2.15937115
portfolio,2021-06-11,-0.0137,115.9075,2.15907472
portfolio,2021-06-15,-0.5659,114.6857,2.14685688
portfolio,2021-06-16,-0.6372,113.3177,2.13317748
portfolio,2021-06-17,-0.5278,112.1919,2.12191853
portfolio,2021-06-18,-0.045,112.0963,2.12096291
portfolio,2021-06-21,-0.5714,110.8844,2.1088443
portfolio,2021-06-22,1.0362,113.0697,2.13069683
portfolio,2021-06-23,0.6058,114.3605,2.14360459
portfolio,2021-06-24,-0.082,114.1847,2.14184671
portfolio,2021-06-25,0.6442,115.5644,2.15564408
portfolio,2021-06-28,0.1719,115.935,2.15935012
portfolio,2021-06-29,-0.4366,114.9922,2.14992205
portfolio,2021-06-30,0.1195,115.2491,2.1524906
portfolio,2021-07-01,0.3825,116.0724,2.16072399
portfolio,2021-07-02,-0.6018,114.772,2.14772047
portfolio,2021-07-05,0.3515,115.5269,2.15526893
portfolio,2021-07-06,0.3425,116.2651,2.16265072
portfolio,2021-07-07,0.2809,116.8726,2.16872552
portfolio,2021-07-08,-0.4626,115.8692,2.15869235
portfolio,2021-07-09,-0.0697,115.7189,2.15718872
portfolio,2021-07-12,0.7885,117.4199,2.17419875
portfolio,2021-07-13,0.1722,117.7943,2.17794301
portfolio,2021-07-14,-0.4303,116.8572,2.16857214
portfolio,2021-07-15,0.6936,118.3614,2.18361405
portfolio,2021-07-16,-0.501,117.2674,2.17267401
portfolio,2021-07-19,-0.3943,116.4108,2.16410767
portfolio,2021-07-20,-0.0552,116.2913,2.16291296
portfolio,2021-07-21,0.475,117.3186,2.17318646
portfolio,2021-07-22,0.1065,117.55,2.17550038
portfolio,2021-07-23,-0.2465,117.0138,2.17013848
portfolio,2021-07-26,-0.793,115.2929,2.15292856
portfolio,2021-07-27,-1.1814,112.7494,2.12749386
portfolio,2021-07-28,0.2536,113.2889,2.13288867
portfolio,2021-07-29,0.5723,114.5096,2.14509578
portfolio,2021-07-30,-0.4257,113.5964,2.13596394
portfolio,2021-08-02,0.9611,115.6494,2.15649369
portfolio,2021-08-03,-0.1837,115.2532,2.15253155
portfolio,2021-08-04,0.4945,116.3177,2.16317669
portfolio,2021-08-05,-0.3242,115.6164,2.15616394
portfolio,2021-08-06,-0.03,115.5518,2.15551783
portfolio,2021-08-09,-0.1164,115.3008,2.15300785
portfolio,2021-08-10,0.2426,115.8232,2.15823193
portfolio,2021-08-11,-0.1477,115.5043,2.15504349
portfolio,2021-08-12,0.0151,115.537,2.15536966
portfolio,2021-08-13,0.167,115.8968,2.15896839
portfolio,2021-08-16,-0.0025,115.8914,2.15891447
portfolio,2021-08-17,-0.4385,114.9447,2.14944682
portfolio,2021-08-18,0.3459,115.6883,2.15688251
portfolio,2021-08-19,-0.999,113.5336,2.13533611
portfolio,2021-08-20,-0.3153,112.8604,2.12860386
portfolio,2021-08-23,1.0587,115.1139,2.15113948
portfolio,2021-08-24,0.7651,116.7598,2.16759812
portfolio,2021-08-25,-0.1775,116.375,2.16374999
portfolio,2021-08-26,-0.632,115.0076,2.15007555
portfolio,2021-08-27,0.3565,115.7741,2.1577413
portfolio,2021-08-30,0.0904,115.9693,2.15969256
portfolio,2021-08-31,0.3243,116.6697,2.1666973
portfolio,2021-09-01,0.4622,117.6711,2.1767112
portfolio,2021-09-02,-0.3101,116.9962,2.16996169
portfolio,2021-09-03,-0.0126,116.9688,2.16968752
portfolio,2021-09-06,0.6583,118.3972,2.1839716
portfolio,2021-09-07,0.3514,119.1645,2.19164499
portfolio,2021-09-08,-0.6109,117.8256,2.17825573
portfolio,2021-09-09,-0.2413,117.3,2.17300009
portfolio,2021-09-10,0.4814,118.346,2.18346045
portfolio,2021-09-13,-0.6054,117.0241,2.17024115
portfolio,2021-09-14,-0.4401,116.069,2.16069045
portfolio,2021-09-15,-0.5463,114.8886,2.14888574
portfolio,2021-09-16,-0.4256,113.9739,2.13973942
portfolio,2021-09-17,0.2761,114.5648,2.14564778
portfolio,2021-09-22,-0.8034,112.8409,2.1284094
portfolio,2021-09-23,0.3098,113.5004,2.13500425
portfolio,2021-09-24,0.1958,113.9185,2.13918455
portfolio,2021-09-27,0.5155,115.0212,2.1502118
portfolio,2021-09-28,-0.649,113.6257,2.13625654
portfolio,2021-09-29,-0.9093,111.6831,2.11683087
portfolio,2021-09-30,0.2468,112.2055,2.12205497
portfolio,2021-10-08,0.7469,113.7904,2.13790444
portfolio,2021-10-11,-0.3496,113.043,2.13043021
portfolio,2021-10-12,-0.6737,111.6077,2.11607747
portfolio,2021-10-13,0.6086,112.8955,2.12895502
portfolio,2021-10-14,0.4895,113.9375,2.13937535
portfolio,2021-10-15,0.6584,115.346,2.15346021
portfolio,2021-10-18,-0.7099,113.8172,2.13817238
portfolio,2021-10-19,0.6993,115.3125,2.15312546
portfolio,2021-10-20,-0.0499,115.2052,2.15205204
portfolio,2021-10-21,0.2594,115.7634,2.15763364
portfolio,2021-10-22,0.5031,116.8488,2.16848794
portfolio,2021-10-25,0.0591,116.9769,2.16976945
portfolio,2021-10-26,0.2748,117.5733,2.17573289
portfolio,2021-10-27,-0.6496,116.1599,2.16159871
portfolio,2021-10-28,-0.094,115.9568,2.1595676
portfolio,2021-10-29,0.1706,116.3251,2.16325128
portfolio,2021-11-01,0.327,117.0325,2.17032514
portfolio,2021-11-02,-0.3027,116.3757,2.16375653
portfolio,2021-11-03,-0.0171,116.3388,2.16338752
portfolio,2021-11-04,0.4671,117.3492,2.17349184
portfolio,2021-11-05,0.3797,118.1745,2.18174508
portfolio,2021-11-08,0.2453,118.7098,2.18709789
portfolio,2021-11-09,0.0399,118.797,2.18797049
portfolio,2021-11-10,-0.3669,117.9943,2.17994267
portfolio,2021-11-11,0.7608,119.6528,2.19652836
portfolio,2021-11-12,-0.038,119.5693,2.1956934
portfolio,2021-11-15,0.2147,120.0408,2.20040766
portfolio,2021-11-16,-0.0502,119.9303,2.19930277
portfolio,2021-11-17,0.2106,120.3935,2.20393476
portfolio,2021-11-18,-0.3554,119.6101,2.19610137
portfolio,2021-11-19,0.6163,120.9636,2.20963551
portfolio,2021-11-22,-0.1849,120.555,2.2055495
portfolio,2021-11-23,-0.7605,118.8777,2.18877678
portfolio,2021-11-24,0.1099,119.1182,2.19118215
portfolio,2021-11-25,0.1524,119.4522,2.19452169
portfolio,2021-11-26,-0.8394,117.6102,2.17610179
portfolio,2021-11-29,-0.1667,117.2473,2.17247318
portfolio,2021-11-30,-0.4438,116.2832,2.16283158
portfolio,2021-12-01,-0.1717,115.9118,2.15911807
portfolio,2021-12-02,-0.628,114.5559,2.14555923
portfolio,2021-12-03,0.5363,115.7067,2.15706672
portfolio,2021-12-06,0.0054,115.7183,2.15718343
portfolio,2021-12-07,0.6583,117.1385,2.17138481
portfolio,2021-12-08,1.1914,119.7254,2.19725414
portfolio,2021-12-09,0.4781,120.7759,2.20775922
portfolio,2021-12-10,-0.3616,119.9777,2.19977659
portfolio,2021-12-13,0.7037,121.5256,2.2152562
portfolio,2021-12-14,-0.692,119.9926,2.19992641
portfolio,2021-12-15,-0.7638,118.3123,2.18312254
portfolio,2021-12-16,1.2973,121.1444,2.21144371
portfolio,2021-12-17,-0.9586,119.0246,2.19024554
portfolio,2021-12-20,-1.2322,116.3256,2.16325642
portfolio,2021-12-21,0.2197,116.8009,2.16800929
portfolio,2021-12-22,0.3286,117.5133,2.17513287
portfolio,2021-12-23,0.9513,119.5825,2.19582466
portfolio,2021-12-24,0.1289,119.8654,2.19865405
portfolio,2021-12-27,0.0851,120.0525,2.20052508
portfolio,2021-12-28,0.7257,121.6494,2.21649353
portfolio,2021-12-29,-0.4605,120.6285,2.20628549
portfolio,2021-12-30,0.108,120.8669,2.20866926
portfolio,2021-12-31,0.1873,121.2806,2.21280646
portfolio,2022-01-04,0.0124,121.308,2.2130799
portfolio,2022-01-05,-0.3893,120.4465,2.2044648
portfolio,2022-01-06,-1.5643,116.9981,2.16998073
portfolio,2022-01-07,0.2234,117.4828,2.17482767
portfolio,2022-01-10,-0.1629,117.1286,2.17128556
portfolio,2022-01-11,-0.3041,116.4682,2.16468239
portfolio,2022-01-12,0.9626,118.5519,2.18551867
portfolio,2022-01-13,-0.6062,117.2269,2.1722691
portfolio,2022-01-14,-0.745,115.6087,2.15608656
portfolio,2022-01-17,0.0605,115.7391,2.15739109
portfolio,2022-01-18,0.1049,115.9653,2.15965339
portfolio,2022-01-19,-1.4057,112.9294,2.12929428
portfolio,2022-01-20,0.3409,113.6553,2.13655341
portfolio,2022-01-21,-1.1026,111.2996,2.11299583
portfolio,2022-01-24,-0.5628,110.1104,2.101104
portfolio,2022-01-25,-1.2184,107.5505,2.07550451
portfolio,2022-01-26,0.1399,107.8408,2.07840811
portfolio,2022-01-27,-1.8214,104.0552,2.04055164
portfolio,2022-01-28,0.1504,104.3621,2.04362139
portfolio,2022-02-07,2.2833,109.0284,2.09028415
portfolio,2022-02-08,-0.1151,108.7878,2.08787821
portfolio,2022-02-09,0.9545,110.7806,2.10780618
portfolio,2022-02-10,0.4815,111.7956,2.1179562
portfolio,2022-02-11,-1.5778,108.4538,2.08453839
portfolio,2022-02-14,-0.3427,107.7395,2.07739535
portfolio,2022-02-15,0.2663,108.2927,2.08292651
portfolio,2022-02-16,0.356,109.0341,2.09034084
portfolio,2022-02-17,0.1803,109.4109,2.09410949
portfolio,2022-02-18,-0.1893,109.0145,2.09014461
portfolio,2022-02-21,-0.3375,108.309,2.08309014
portfolio,2022-02-22,-1.0258,106.1722,2.06172191
portfolio,2022-02-23,0.3648,106.9244,2.06924375
portfolio,2022-02-24,-1.8522,103.0917,2.03091713
portfolio,2022-02-25,1.0932,105.312,2.05312004
portfolio,2022-02-28,0.2227,105.7692,2.05769163
portfolio,2022-03-01,1.1208,108.0754,2.08075377
portfolio,2022-03-02,-0.5467,106.9378,2.06937759
portfolio,2022-03-03,0.4781,107.927,2.07927048
portfolio,2022-03-04,-0.6607,106.5532,2.06553203
portfolio,2022-03-07,-1.0525,104.3791,2.0437914
portfolio,2022-03-08,-1.3368,101.647,2.01646989
portfolio,2022-03-09,0.4717,102.5982,2.02598191
portfolio,2022-03-10,0.3101,103.2265,2.03226467
portfolio,2022-03-11,0.2275,103.6889,2.03688908
portfolio,2022-03-14,-1.2671,101.108,2.01107971
portfolio,2022-03-15,-2.6137,95.8516,1.95851564
portfolio,2022-03-16,2.2111,100.182,2.00182007
portfolio,2022-03-17,1.8002,103.7856,2.03785624
portfolio,2022-03-18,0.5421,104.8904,2.04890391
portfolio,2022-03-21,0.5003,105.9156,2.05915556
portfolio,2022-03-22,0.1868,106.3002,2.06300194
portfolio,2022-03-23,0.6945,107.7329,2.07732858
portfolio,2022-03-24,-0.4489,106.8004,2.06800411
portfolio,2022-03-25,0.2984,107.4175,2.07417528
portfolio,2022-03-28,-0.3115,106.7713,2.06771334
portfolio,2022-03-29,-0.2811,106.1902,2.06190159
portfolio,2022-03-30,-21.2366,62.4023,1.62402286
portfolio,2022-03-31,-0.3953,61.7603,1.61760253
portfolio,2022-04-01,0.3012,62.2475,1.62247459
portfolio,2022-04-06,-0.2529,61.8372,1.61837184
portfolio,2022-04-07,-0.8128,60.5217,1.60521719
portfolio,2022-04-08,0.6085,61.4985,1.61498538
portfolio,2022-04-11,-1.1716,59.6064,1.59606399
portfolio,2022-04-12,0.2866,60.0639,1.6006391
portfolio,2022-04-13,0.0907,60.2091,1.60209058
portfolio,2022-04-14,0.6388,61.2325,1.61232488
portfolio,2022-04-15,-0.1805,60.9415,1.60941458
portfolio,2022-04-18,-0.1981,60.6226,1.60622603
portfolio,2022-04-19,-0.3024,60.1368,1.60136838
portfolio,2022-04-20,-0.6307,59.1268,1.59126837
portfolio,2022-04-21,0.1681,59.3944,1.59394368
portfolio,2022-04-22,-0.1687,59.1255,1.59125463
portfolio,2022-04-25,-2.9608,54.414,1.54414024
portfolio,2022-04-26,-0.0634,54.3161,1.54316102
portfolio,2022-04-27,0.3325,54.8293,1.54829263
portfolio,2022-04-28,0.6018,55.7611,1.55761088
portfolio,2022-04-29,1.8624,58.662,1.58662013
portfolio,2022-05-05,-0.2307,58.296,1.58295958
portfolio,2022-05-06,-1.6502,55.6838,1.55683795
portfolio,2022-05-09,-0.3064,55.2067,1.55206729
portfolio,2022-05-10,-0.3499,54.6637,1.54663702
portfolio,2022-05-11,0.3269,55.1694,1.55169367
portfolio,2022-05-12,-0.3345,54.6503,1.54650256
portfolio,2022-05-13,0.3794,55.237,1.55237037
portfolio,2022-05-16,-0.4911,54.4747,1.54474722
portfolio,2022-05-17,0.8309,55.7583,1.55758266
portfolio,2022-05-18,-0.233,55.3954,1.55395417
portfolio,2022-05-19,-0.8352,54.0975,1.54097524
portfolio,2022-05-20,0.8261,55.3706,1.55370594
portfolio,2022-05-23,-0.1911,55.0737,1.55073672
portfolio,2022-05-24,-0.9382,53.6188,1.53618811
portfolio,2022-05-25,0.4503,54.3106,1.54310564
portfolio,2022-05-26,0.4611,55.0221,1.5502205
portfolio,2022-05-27,0.8474,56.3356,1.56335639
portfolio,2022-05-30,0.413,56.9813,1.56981285
portfolio,2022-05-31,0.4254,57.6492,1.57649158
portfolio,2022-06-01,-0.2091,57.3195,1.57319475
portfolio,2022-06-02,-0.0013,57.3174,1.57317421
portfolio,2022-06-06,0.7872,58.5557,1.58555747
portfolio,2022-06-07,-0.2228,58.2024,1.58202409
portfolio,2022-06-08,0.8903,59.6109,1.59610941
portfolio,2022-06-09,-0.4708,58.8595,1.58859512
portfolio,2022-06-10,-0.0875,58.7206,1.58720576
portfolio,2022-06-13,-1.087,56.9952,1.56995209
portfolio,2022-06-14,-0.5225,56.1749,1.56174927
portfolio,2022-06-15,-0.0016,56.1725,1.56172487
portfolio,2022-06-16,-0.237,55.8023,1.55802309
portfolio,2022-06-17,0.4318,56.4751,1.56475116
portfolio,2022-06-20,0.0152,56.4989,1.56498944
portfolio,2022-06-21,0.231,56.8605,1.56860491
portfolio,2022-06-22,-0.476,56.1138,1.56113786
portfolio,2022-06-23,0.9276,57.5619,1.57561853
portfolio,2022-06-24,0.6235,58.5443,1.58544267
portfolio,2022-06-27,1.2267,60.4892,1.60489155
portfolio,2022-06-28,0.3421,61.0382,1.61038179
portfolio,2022-06-29,-1.2074,59.0938,1.59093774
portfolio,2022-06-30,0.1627,59.3526,1.5935263
portfolio,2022-07-01,-0.5163,58.5299,1.58529949
portfolio,2022-07-04,0.7279,59.6839,1.5968394
portfolio,2022-07-05,0.0848,59.8193,1.59819342
portfolio,2022-07-06,-1.2898,57.7579,1.57757948
portfolio,2022-07-07,-0.0397,57.6954,1.57695388
portfolio,2022-07-08,0.0946,57.8446,1.57844629
portfolio,2022-07-11,-0.862,56.4841,1.56484055
portfolio,2022-07-12,-0.4786,55.7351,1.55735134
portfolio,2022-07-13,-0.127,55.5374,1.55537366
portfolio,2022-07-14,-0.2642,55.1264,1.55126363
portfolio,2022-07-15,-0.7314,53.9918,1.53991771
portfolio,2022-07-18,1.1721,55.7967,1.55796661
portfolio,2022-07-19,-0.6046,54.8547,1.54854656
portfolio,2022-07-20,0.9312,56.2967,1.56296658
portfolio,2022-07-21,-0.615,55.3354,1.55335443
portfolio,2022-07-22,0.6741,56.3825,1.56382507
portfolio,2022-07-25,-0.2942,55.9225,1.55922474
portfolio,2022-07-26,0.2973,56.386,1.56386009
portfolio,2022-07-27,-0.2193,56.0431,1.56043057
portfolio,2022-07-28,0.6652,57.0811,1.57081121
portfolio,2022-07-29,0.479,57.8335,1.5783351
portfolio,2022-08-01,0.2451,58.2204,1.58220374
portfolio,2022-08-02,-0.4894,57.446,1.57446009
portfolio,2022-08-03,-0.5444,56.5888,1.56588797
portfolio,2022-08-04,0.5822,57.5004,1.57500422
portfolio,2022-08-05,0.9785,59.0416,1.59041556
portfolio,2022-08-08,-0.226,58.6822,1.5868215
portfolio,2022-08-09,0.0628,58.7818,1.58781837
portfolio,2022-08-10,-0.5204,57.9555,1.57955459
portfolio,2022-08-11,1.2972,60.0044,1.60004429
portfolio,2022-08-12,0.1633,60.2657,1.60265725
portfolio,2022-08-15,0.3427,60.8149,1.60814945
portfolio,2022-08-16,0.1348,61.0317,1.61031655
portfolio,2022-08-17,0.2529,61.439,1.61438978
portfolio,2022-08-18,-0.6801,60.341,1.60341035
portfolio,2022-08-19,-0.2345,59.965,1.59964993
portfolio,2022-08-22,-0.1148,59.7814,1.59781431
portfolio,2022-08-23,-0.4247,59.1028,1.59102821
portfolio,2022-08-24,-0.5091,58.2928,1.58292782
portfolio,2022-08-25,0.7646,59.503,1.59503024
portfolio,2022-08-26,0.1013,59.6646,1.59664633
portfolio,2022-08-29,-1.4291,57.3829,1.57382888
portfolio,2022-08-30,0.1406,57.6041,1.57604136
portfolio,2022-08-31,-0.4961,56.8223,1.56822277
portfolio,2022-09-01,-1.061,55.1585,1.55158459
portfolio,2022-09-02,0.0287,55.203,1.55203029
portfolio,2022-09-05,0.2379,55.5723,1.55572326
portfolio,2022-09-06,0.4429,56.2614,1.56261396
portfolio,2022-09-07,-0.3597,55.6993,1.55699266
portfolio,2022-09-08,0.6011,56.6352,1.56635166
portfolio,2022-09-09,0.6765,57.6949,1.57694879
portfolio,2022-09-13,0.8561,59.0449,1.59044926
portfolio,2022-09-14,-1.8293,56.1355,1.56135528
portfolio,2022-09-15,-0.4691,55.403,1.55403042
portfolio,2022-09-16,-1.4543,53.143,1.53143017
portfolio,2022-09-19,-0.0562,53.057,1.53056957
portfolio,2022-09-20,0.5111,53.8393,1.5383928
portfolio,2022-09-21,-0.6175,52.8894,1.52889386
portfolio,2022-09-22,-0.8207,51.6346,1.51634604
portfolio,2022-09-23,-0.0805,51.5125,1.51512462
portfolio,2022-09-26,-1.0422,49.9334,1.49933377
portfolio,2022-09-27,0.9227,51.3169,1.51316852
portfolio,2022-09-28,-0.8372,50.0501,1.50050069
portfolio,2022-09-29,0.7702,51.2058,1.51205755
portfolio,2022-09-30,-0.7414,50.0848,1.50084786
portfolio,2022-10-10,-0.7123,49.0158,1.49015801
portfolio,2022-10-11,-0.1487,48.7943,1.48794263
portfolio,2022-10-12,0.8673,50.0847,1.50084747
portfolio,2022-10-13,-0.5048,49.3271,1.49327134
portfolio,2022-10-14,1.6951,51.8584,1.51858396
portfolio,2022-10-17,-0.7334,50.7447,1.50744656
portfolio,2022-10-18,0.9192,52.1304,1.5213035
portfolio,2022-10-19,-0.7212,51.0332,1.51033154
portfolio,2022-10-20,-0.5269,50.2373,1.50237311
portfolio,2022-10-21,-0.478,49.5191,1.49519117
portfolio,2022-10-24,0.203,49.8227,1.49822703
portfolio,2022-10-25,0.4476,50.4933,1.5049331
portfolio,2022-10-26,0.2029,50.7987,1.50798691
portfolio,2022-10-27,-0.0495,50.724,1.50724004
portfolio,2022-10-28,-1.3324,48.7157,1.48715724
portfolio,2022-10-31,0.5154,49.4822,1.49482236
portfolio,2022-11-01,1.5058,51.7332,1.5173317
portfolio,2022-11-02,0.1272,51.9262,1.51926164
portfolio,2022-11-03,-0.9565,50.473,1.50473005
portfolio,2022-11-04,0.947,51.898,1.51897966
portfolio,2022-11-07,0.4527,52.5857,1.52585682
portfolio,2022-11-08,0.1279,52.7809,1.52780896
portfolio,2022-11-09,0.6736,53.81,1.53810046
portfolio,2022-11-10,-0.7976,52.5833,1.52583263
portfolio,2022-11-11,2.4329,56.2955,1.56295471
portfolio,2022-11-14,-0.6473,55.2838,1.55283849
portfolio,2022-11-15,0.9342,56.7345,1.56734499
portfolio,2022-11-16,0.1256,56.9313,1.5693129
portfolio,2022-11-17,-0.1468,56.7009,1.56700859
portfolio,2022-11-18,-0.3693,56.1222,1.56122179
portfolio,2022-11-21,-0.2364,55.7531,1.55753106
portfolio,2022-11-22,-0.1193,55.5673,1.55567329
portfolio,2022-11-23,0.4197,56.2202,1.56220214
portfolio,2022-11-24,0.1775,56.4975,1.5649751
portfolio,2022-11-25,0.4331,57.1752,1.57175247
portfolio,2022-11-28,-0.5263,56.348,1.56348008
portfolio,2022-11-29,0.6765,57.4057,1.57405734
portfolio,2022-11-30,-0.226,57.05,1.57049976
portfolio,2022-12-01,1.0881,58.7588,1.5875877
portfolio,2022-12-02,-0.1223,58.5646,1.58564584
portfolio,2022-12-05,-0.1224,58.3705,1.58370529
portfolio,2022-12-06,-0.5967,57.4255,1.57425542
portfolio,2022-12-07,-0.4993,56.6396,1.5663956
portfolio,2022-12-08,0.1251,56.8356,1.56835575
portfolio,2022-12-09,0.6584,57.8682,1.57868179
portfolio,2022-12-12,-0.655,56.8341,1.56834104
portfolio,2022-12-13,0.3536,57.3886,1.57388647
portfolio,2022-12-14,0.6696,58.4425,1.58442506
portfolio,2022-12-15,-0.534,57.5964,1.57596403
portfolio,2022-12-16,-0.741,56.4287,1.56428657
portfolio,2022-12-19,-0.6145,55.4674,1.55467392
portfolio,2022-12-20,-1.0036,53.9071,1.53907084
portfolio,2022-12-21,0.6388,54.8902,1.54890223
portfolio,2022-12-22,0.4038,55.5156,1.5551563
portfolio,2022-12-23,-0.7118,54.4087,1.54408715
portfolio,2022-12-26,0.2181,54.7455,1.54745512
portfolio,2022-12-27,0.625,55.7127,1.55712748
portfolio,2022-12-28,-0.401,55.0883,1.55088289
portfolio,2022-12-29,-0.5162,54.2878,1.54287752
portfolio,2022-12-30,0.6252,55.2523,1.55252308
portfolio,2023-01-03,0.0047,55.2596,1.55259643
portfolio,2023-01-04,0.0711,55.37,1.55369976
portfolio,2023-01-05,0.7268,56.4992,1.56499227
portfolio,2023-01-06,-0.2754,56.0682,1.56068239
portfolio,2023-01-09,0.9608,57.5677,1.57567738
portfolio,2023-01-10,-0.0898,57.4262,1.5742624
portfolio,2023-01-11,0.2762,57.861,1.57861031
portfolio,2023-01-12,0.1755,58.138,1.58138046
portfolio,2023-01-13,0.5849,59.0631,1.59063074
portfolio,2023-01-16,0.21,59.3971,1.59397074
portfolio,2023-01-17,0.2064,59.7261,1.59726071
portfolio,2023-01-18,-0.0421,59.6589,1.59658865
portfolio,2023-01-19,-0.1671,59.3921,1.59392117
portfolio,2023-01-20,0.5393,60.2518,1.60251797
portfolio,2023-01-30,0.896,61.6877,1.61687673
portfolio,2023-01-31,-0.8794,60.2658,1.60265766
portfolio,2023-02-01,0.8326,61.6002,1.6160021
portfolio,2023-02-02,0.4686,62.3574,1.62357437
portfolio,2023-02-03,-0.6181,61.3539,1.6135388
portfolio,2023-02-06,-1.077,59.6161,1.59616072
portfolio,2023-02-07,0.0664,59.722,1.59722012
portfolio,2023-02-08,0.1389,59.9439,1.599439
portfolio,2023-02-09,0.4707,60.6967,1.606967
portfolio,2023-02-10,-0.8211,59.3772,1.5937719
portfolio,2023-02-13,0.6602,60.4294,1.60429441
portfolio,2023-02-14,0.4156,61.0962,1.61096166
portfolio,2023-02-15,-0.4305,60.4026,1.60402634
portfolio,2023-02-16,0.0402,60.4672,1.60467171
portfolio,2023-02-17,-1.0748,58.7424,1.58742437
portfolio,2023-02-20,1.1548,60.5755,1.60575547
portfolio,2023-02-21,-0.0808,60.4458,1.60445788
portfolio,2023-02-22,-0.5823,59.5115,1.59511486
portfolio,2023-02-23,-0.0349,59.4558,1.59455846
portfolio,2023-02-24,-0.1016,59.2938,1.59293773
portfolio,2023-02-27,-0.3612,58.7185,1.58718462
portfolio,2023-02-28,0.2854,59.1714,1.59171438
portfolio,2023-03-01,0.3633,59.7497,1.59749738
portfolio,2023-03-02,-0.3471,59.1952,1.59195224
portfolio,2023-03-03,0.5358,60.0481,1.60048121
portfolio,2023-03-06,0.507,60.8595,1.60859529
portfolio,2023-03-07,-0.3974,60.2203,1.60220284
portfolio,2023-03-08,-0.8528,58.8539,1.58853882
portfolio,2023-03-09,-0.0293,58.8074,1.58807416
portfolio,2023-03-10,-0.9519,57.2957,1.57295692
portfolio,2023-03-13,0.7004,58.3975,1.58397457
portfolio,2023-03-14,-0.3301,57.8746,1.578746
portfolio,2023-03-15,0.4143,58.5287,1.58528666
portfolio,2023-03-16,-0.2974,58.0573,1.58057262
portfolio,2023-03-17,0.768,59.2712,1.59271211
portfolio,2023-03-20,0.438,59.9688,1.59968757
portfolio,2023-03-21,0.5115,60.7869,1.60786919
portfolio,2023-03-22,-0.0767,60.6636,1.60663628
portfolio,2023-03-23,0.1636,60.9265,1.60926499
portfolio,2023-03-24,0.1833,61.2215,1.61221457
portfolio,2023-03-27,-0.1035,61.0547,1.61054652
portfolio,2023-03-28,-0.273,60.6149,1.60614945
portfolio,2023-03-29,0.2331,60.9894,1.60989402
portfolio,2023-03-30,0.652,62.0391,1.62039127
portfolio,2023-03-31,0.4328,62.7404,1.62740363
portfolio,2023-04-03,0.1416,62.9708,1.62970845
portfolio,2023-04-04,0.7508,64.1944,1.64194423
portfolio,2023-04-06,0.133,64.4129,1.64412862
portfolio,2023-04-07,0.347,64.9834,1.64983372
portfolio,2023-04-10,-0.4953,64.1662,1.64166248
portfolio,2023-04-11,0.2543,64.5837,1.64583686
portfolio,2023-04-12,0.1726,64.8678,1.64867765
portfolio,2023-04-13,-0.2852,64.3975,1.64397493
portfolio,2023-04-14,0.4995,65.2186,1.65218596
portfolio,2023-04-17,0.3411,65.7822,1.65782158
portfolio,2023-04-18,-0.0537,65.6931,1.65693088
portfolio,2023-04-19,-0.3607,65.0955,1.65095508
portfolio,2023-04-20,-0.0726,64.9757,1.64975728
portfolio,2023-04-21,-0.9024,63.487,1.63487042
portfolio,2023-04-24,-0.5948,62.5146,1.6251457
portfolio,2023-04-25,0.2598,62.9367,1.62936722
portfolio,2023-04-26,-0.2096,62.5952,1.62595229
portfolio,2023-04-27,0.257,63.0131,1.6301313
portfolio,2023-04-28,0.4745,63.7867,1.63786695
portfolio,2023-05-04,0.5634,64.7094,1.64709418
portfolio,2023-05-05,-0.08,64.5777,1.64577666
portfolio,2023-05-08,0.383,65.208,1.6520801
portfolio,2023-05-09,-0.2182,64.8475,1.64847472
portfolio,2023-05-10,-0.1036,64.6766,1.6467662
portfolio,2023-05-11,0.0655,64.7845,1.64784544
portfolio,2023-05-12,-0.6782,63.667,1.63666985
portfolio,2023-05-15,0.7115,64.8315,1.64831475
portfolio,2023-05-16,-0.281,64.3682,1.6436823
portfolio,2023-05-17,-0.3145,63.8512,1.63851241
portfolio,2023-05-18,0.2955,64.3354,1.64335413
portfolio,2023-05-19,0.253,64.7512,1.64751198
portfolio,2023-05-22,0.1977,65.0769,1.65076942
portfolio,2023-05-23,-0.5288,64.204,1.64204023
portfolio,2023-05-24,-0.5615,63.282,1.63282032
portfolio,2023-05-25,-0.2448,62.8823,1.62882316
portfolio,2023-05-26,-0.1856,62.5801,1.6258008
portfolio,2023-05-29,0.4704,63.3448,1.63344829
portfolio,2023-05-30,0.043,63.4151,1.63415094
portfolio,2023-05-31,-0.0086,63.401,1.63401001
portfolio,2023-06-01,0.0886,63.5458,1.63545838
portfolio,2023-06-02,0.7535,64.7781,1.64778116
portfolio,2023-06-05,-0.052,64.6925,1.64692457
portfolio,2023-06-06,-0.1605,64.4282,1.64428179
portfolio,2023-06-07,0.086,64.5695,1.64569533
portfolio,2023-06-08,-0.0643,64.4637,1.64463747
portfolio,2023-06-09,0.6164,65.4775,1.65477527
portfolio,2023-06-12,0.3057,65.9834,1.65983445
portfolio,2023-06-13,0.7075,67.1578,1.6715778
portfolio,2023-06-14,-0.1037,66.9844,1.66984441
portfolio,2023-06-15,0.2158,67.3448,1.67344843
portfolio,2023-06-16,0.8149,68.7085,1.68708544
portfolio,2023-06-19,-0.2061,68.3608,1.68360753
portfolio,2023-06-20,0.0638,68.4682,1.68468212
portfolio,2023-06-21,-0.6291,67.4083,1.67408335
portfolio,2023-06-26,-0.506,66.5612,1.66561217
portfolio,2023-06-27,0.0356,66.6205,1.66620486
portfolio,2023-06-28,0.2521,67.0405,1.67040471
portfolio,2023-06-29,0.0479,67.1205,1.67120483
portfolio,2023-06-30,0.3943,67.7794,1.67779435
portfolio,2023-07-03,0.8529,69.2105,1.69210498
portfolio,2023-07-04,-0.0101,69.1933,1.69193347
portfolio,2023-07-05,-0.2317,68.8013,1.68801335
portfolio,2023-07-06,-0.3216,68.2584,1.68258447
portfolio,2023-07-07,-0.3464,67.6755,1.67675537
portfolio,2023-07-10,0.0293,67.7247,1.67724731
portfolio,2023-07-11,0.403,68.4007,1.68400659
portfolio,2023-07-12,-0.0507,68.3152,1.68315239
portfolio,2023-07-13,1.0554,70.0917,1.70091692
portfolio,2023-07-14,-0.238,69.6868,1.69686798
portfolio,2023-07-17,0.0606,69.7897,1.6978968
portfolio,2023-07-18,0.2162,70.1567,1.70156713
portfolio,2023-07-19,0.8699,71.6369,1.71636934
portfolio,2023-07-20,-0.4819,70.8099,1.70809898
portfolio,2023-07-21,-0.2179,70.4376,1.70437629
portfolio,2023-07-24,-0.1367,70.2046,1.70204613
portfolio,2023-07-25,0.7365,71.4582,1.71458221
portfolio,2023-07-26,0.1333,71.6867,1.71686747
portfolio,2023-07-27,0.1161,71.8861,1.71886073
portfolio,2023-07-28,0.259,72.3313,1.72331324
portfolio,2023-07-31,0.2751,72.8054,1.72805448
portfolio,2023-08-01,0.1763,73.1101,1.73110133
portfolio,2023-08-02,-0.49,72.2619,1.72261892
portfolio,2023-08-03,-0.1167,72.0608,1.72060783
portfolio,2023-08-04,0.1996,72.4043,1.72404288
portfolio,2023-08-07,-0.3513,71.7986,1.71798644
portfolio,2023-08-08,0.1192,72.0035,1.72003469
portfolio,2023-08-09,-0.0927,71.8441,1.71844076
portfolio,2023-08-10,-0.2339,71.4421,1.71442143
portfolio,2023-08-11,-0.648,70.3312,1.70331242
portfolio,2023-08-14,-0.1266,70.1155,1.70115541
portfolio,2023-08-15,0.3637,70.7342,1.70734242
portfolio,2023-08-16,-0.5804,69.7433,1.69743263
portfolio,2023-08-17,-0.0983,69.5765,1.69576475
portfolio,2023-08-18,-0.8595,68.119,1.6811897
portfolio,2023-08-21,-0.1983,67.7856,1.6778562
portfolio,2023-08-22,0.2665,68.2327,1.68232731
portfolio,2023-08-23,-0.2924,67.7408,1.67740761
portfolio,2023-08-24,0.7441,68.989,1.68988982
portfolio,2023-08-25,-0.8111,67.6183,1.67618339
portfolio,2023-08-28,0.7663,68.9028,1.68902813
portfolio,2023-08-29,0.4701,69.6968,1.69696759
portfolio,2023-08-30,0.5307,70.5973,1.70597333
portfolio,2023-08-31,0.1303,70.8196,1.70819617
portfolio,2023-09-01,-0.0191,70.787,1.70787019
portfolio,2023-09-04,0.6979,71.979,1.71978986
portfolio,2023-09-05,-0.1966,71.6409,1.71640892
portfolio,2023-09-06,-0.1101,71.4519,1.71451922
portfolio,2023-09-07,-0.7215,70.2149,1.70214949
portfolio,2023-09-08,0.2538,70.6469,1.70646886
portfolio,2023-09-11,0.1564,70.9138,1.70913766
portfolio,2023-09-12,0.0636,71.0226,1.71022551
portfolio,2023-09-13,-0.3455,70.4316,1.70431609
portfolio,2023-09-14,0.3941,71.1032,1.7110321
portfolio,2023-09-15,-0.2818,70.6211,1.70621104
portfolio,2023-09-18,-0.4168,69.91,1.69909965
portfolio,2023-09-19,0.2187,70.2815,1.70281536
portfolio,2023-09-20,0.0855,70.4271,1.7042705
portfolio,2023-09-21,-0.7336,69.1768,1.69176818
portfolio,2023-09-22,0.1221,69.3834,1.69383428
portfolio,2023-09-25,-0.1426,69.1418,1.69141828
portfolio,2023-09-26,-0.3478,68.5535,1.68553537
portfolio,2023-09-27,-0.6171,67.5134,1.67513413
portfolio,2023-09-28,-0.8175,66.144,1.66144031
portfolio,2023-10-09,-0.3649,65.5378,1.65537798
portfolio,2023-10-10,-0.3043,65.034,1.65034032
portfolio,2023-10-11,0.3141,65.5525,1.65552465
portfolio,2023-10-12,0.8357,66.936,1.66936045
portfolio,2023-10-13,-0.4503,66.1844,1.66184383
portfolio,2023-10-16,0.0502,66.2679,1.66267889
portfolio,2023-10-17,0.4951,67.0911,1.67091121
portfolio,2023-10-18,0.0641,67.1983,1.67198309
portfolio,2023-10-19,-0.8889,65.7121,1.65712137
portfolio,2023-10-20,-0.1146,65.5222,1.65522168
portfolio,2023-10-23,-0.7506,64.2798,1.64279766
portfolio,2023-10-24,0.0289,64.3272,1.6432718
portfolio,2023-10-25,0.0506,64.4103,1.6441025
portfolio,2023-10-26,-0.0811,64.2769,1.64276879
portfolio,2023-10-27,0.5611,65.1987,1.65198713
portfolio,2023-10-30,0.1033,65.3694,1.65369439
portfolio,2023-10-31,0.1013,65.537,1.65537001
portfolio,2023-11-01,0.1478,65.7817,1.6578171
portfolio,2023-11-02,0.2776,66.242,1.66241967
portfolio,2023-11-03,0.6921,67.3925,1.67392513
portfolio,2023-11-06,0.3975,68.0578,1.68057833
portfolio,2023-11-07,-0.2837,67.581,1.67581038
portfolio,2023-11-08,-0.1433,67.3409,1.6734089
portfolio,2023-11-09,-0.0574,67.2449,1.67244862
portfolio,2023-11-10,-0.2111,66.8918,1.66891823
portfolio,2023-11-13,0.2295,67.2749,1.67274895
portfolio,2023-11-14,0.2648,67.7178,1.67717826
portfolio,2023-11-15,0.7989,69.0577,1.69057681
portfolio,2023-11-16,-0.4207,68.3464,1.68346399
portfolio,2023-11-17,0.0417,68.4167,1.68416684
portfolio,2023-11-20,-0.6312,67.3537,1.67353708
portfolio,2023-11-21,0.1163,67.5483,1.67548321
portfolio,2023-11-22,-0.5235,66.6711,1.66671142
portfolio,2023-11-23,0.2371,67.0664,1.67066377
portfolio,2023-11-24,-0.148,66.8191,1.66819057
portfolio,2023-11-27,0.1528,67.074,1.67073985
portfolio,2023-11-28,0.1704,67.3587,1.67358674
portfolio,2023-11-29,-0.0455,67.2825,1.67282505
portfolio,2023-11-30,-0.0012,67.2805,1.67280463
portfolio,2023-12-01,0.0379,67.3439,1.67343877
portfolio,2023-12-04,0.3914,67.9989,1.67998929
portfolio,2023-12-05,-1.3561,65.7206,1.65720622
portfolio,2023-12-06,0.2729,66.1729,1.66172855
portfolio,2023-12-07,-0.2951,65.6824,1.65682441
portfolio,2023-12-08,0.3652,66.2875,1.66287505
portfolio,2023-12-11,0.2181,66.6501,1.66650096
portfolio,2023-12-12,0.0854,66.7923,1.66792349
portfolio,2023-12-13,-0.4139,66.1019,1.66101926
portfolio,2023-12-14,0.7724,67.385,1.67384969
portfolio,2023-12-15,-0.2687,66.9352,1.66935244
portfolio,2023-12-18,-0.0971,66.7731,1.66773123
portfolio,2023-12-19,0.2867,67.2512,1.67251186
portfolio,2023-12-20,0.0104,67.2686,1.67268618
portfolio,2023-12-21,-0.1422,67.0308,1.67030818
portfolio,2023-12-22,0.4157,67.7251,1.67725096
portfolio,2023-12-25,0.197,68.0555,1.68055477
portfolio,2023-12-26,0.0305,68.1068,1.68106773
portfolio,2023-12-27,0.2542,68.5341,1.68534111
portfolio,2023-12-28,0.6932,69.7023,1.69702317
portfolio,2023-12-29,-0.0657,69.5909,1.69590861
portfolio,2024-01-02,-0.176,69.2923,1.69292323
portfolio,2024-01-03,-0.3513,68.6977,1.68697674
portfolio,2024-01-04,-0.4806,67.8868,1.6788684
portfolio,2024-01-05,-0.1847,67.5768,1.67576822
portfolio,2024-01-08,-0.4888,66.7576,1.66757646
portfolio,2024-01-09,0.6101,67.775,1.67775038
portfolio,2024-01-10,-0.3081,67.2581,1.67258108
portfolio,2024-01-11,0.4308,67.9786,1.67978576
portfolio,2024-01-12,-0.1154,67.7847,1.67784679
portfolio,2024-01-15,0.3463,68.3657,1.68365739
portfolio,2024-01-16,0.0651,68.4754,1.68475413
portfolio,2024-01-17,-1.1727,66.4997,1.66499663
portfolio,2024-01-18,-0.3162,65.9731,1.65973122
portfolio,2024-01-19,0.6111,66.9873,1.66987309
portfolio,2024-01-22,-0.2323,66.5994,1.66599366
portfolio,2024-01-23,0.334,67.1558,1.67155804
portfolio,2024-01-24,0.7661,68.4364,1.68436369
portfolio,2024-01-25,0.1604,68.7065,1.68706481
portfolio,2024-01-26,-0.1307,68.486,1.68485968
portfolio,2024-01-29,-0.0497,68.4022,1.68402212
portfolio,2024-01-30,0.0154,68.4282,1.68428221
portfolio,2024-01-31,-0.2761,67.9632,1.67963185
portfolio,2024-02-01,-0.1947,67.6362,1.67636161
portfolio,2024-02-02,0.3899,68.2897,1.68289735
portfolio,2024-02-05,0.0234,68.3291,1.68329136
portfolio,2024-02-06,0.8235,69.7154,1.69715405
portfolio,2024-02-07,0.4448,70.4704,1.70470366
portfolio,2024-02-08,1.2241,72.5571,1.72557102
portfolio,2024-02-19,-0.0682,72.4394,1.72439432
portfolio,2024-02-20,-0.0306,72.3867,1.72386664
portfolio,2024-02-21,0.1372,72.6232,1.72623221
portfolio,2024-02-22,0.669,73.778,1.73777997
portfolio,2024-02-23,0.441,74.5443,1.74544274
portfolio,2024-02-26,-0.3448,73.9424,1.73942395
portfolio,2024-02-27,0.4258,74.6831,1.7468309
portfolio,2024-02-28,0.1132,74.8808,1.74880754
portfolio,2024-02-29,0.2681,75.3496,1.7534964
portfolio,2024-03-01,0.5574,76.3271,1.76327087
portfolio,2024-03-04,0.6746,77.5165,1.77516511
portfolio,2024-03-05,0.6401,78.6528,1.78652817
portfolio,2024-03-06,0.001,78.6546,1.78654645
portfolio,2024-03-07,0.2157,79.04,1.79040018
portfolio,2024-03-08,0.5052,79.9445,1.79944483
portfolio,2024-03-11,0.4187,80.698,1.80698
portfolio,2024-03-12,-0.2229,80.2952,1.80295205
portfolio,2024-03-13,-0.3344,79.6924,1.79692359
portfolio,2024-03-14,-0.0348,79.6298,1.79629779
portfolio,2024-03-15,0.0724,79.7599,1.79759904
portfolio,2024-03-18,0.0708,79.8871,1.79887087
portfolio,2024-03-19,-0.2445,79.4473,1.79447254
portfolio,2024-03-20,0.4025,80.1695,1.80169474
portfolio,2024-03-21,1.404,82.699,1.82699034
portfolio,2024-03-22,-0.2873,82.1742,1.82174226
portfolio,2024-03-25,-0.3018,81.6245,1.81624514
portfolio,2024-03-26,0.2953,82.1608,1.82160782
portfolio,2024-03-27,0.0946,82.3332,1.82333175
portfolio,2024-03-28,0.8758,83.93,1.83930039
portfolio,2024-03-29,0.6303,85.0894,1.85089379
portfolio,2024-04-01,0.5501,86.1076,1.86107619
portfolio,2024-04-02,-0.1931,85.7483,1.8574829
portfolio,2024-04-03,-0.3086,85.175,1.85175016
portfolio,2024-04-08,0.7693,86.5997,1.86599652
portfolio,2024-04-09,0.1712,86.9192,1.86919184
portfolio,2024-04-10,-0.1208,86.6935,1.86693465
portfolio,2024-04-11,-0.7156,85.3576,1.85357559
portfolio,2024-04-12,1.1845,87.5532,1.87553174
portfolio,2024-04-15,-0.4021,86.799,1.86798956
portfolio,2024-04-16,-0.7569,85.3852,1.85385165
portfolio,2024-04-17,0.3058,85.952,1.85952045
portfolio,2024-04-18,-0.1428,85.6864,1.85686432
portfolio,2024-04-19,-0.4136,84.9185,1.84918481
portfolio,2024-04-22,-0.7204,83.5863,1.83586256
portfolio,2024-04-23,-0.9651,81.8145,1.81814498
portfolio,2024-04-24,1.2347,84.0594,1.84059408
portfolio,2024-04-25,-0.4081,83.3082,1.83308208
portfolio,2024-04-26,0.8388,84.8458,1.84845771
portfolio,2024-04-29,0.231,85.2728,1.8527281
portfolio,2024-04-30,-0.1298,85.0323,1.85032284
portfolio,2024-05-06,0.181,85.3673,1.85367281
portfolio,2024-05-07,0.4477,86.1971,1.86197106
portfolio,2024-05-08,-0.1547,85.909,1.8590902
portfolio,2024-05-09,0.1065,86.1069,1.86106942
portfolio,2024-05-10,1.2549,88.4423,1.88442342
portfolio,2024-05-13,-0.1126,88.2302,1.88230194
portfolio,2024-05-14,-0.1053,88.0319,1.88031903
portfolio,2024-05-15,0.4357,88.8512,1.88851218
portfolio,2024-05-16,0.8644,90.4837,1.90483698
portfolio,2024-05-17,0.2046,90.8735,1.90873493
portfolio,2024-05-20,0.8463,92.4888,1.92488849
portfolio,2024-05-21,-0.5655,91.4002,1.91400247
portfolio,2024-05-22,0.2995,91.9735,1.91973458
portfolio,2024-05-23,-1.0958,89.8698,1.89869761
portfolio,2024-05-24,-1.2103,87.5718,1.87571767
portfolio,2024-05-27,0.6636,88.8165,1.88816531
portfolio,2024-05-28,-0.1375,88.5568,1.88556842
portfolio,2024-05-29,0.1079,88.7604,1.88760386
portfolio,2024-05-30,-0.9061,87.05,1.87049966
portfolio,2024-05-31,0.0977,87.2328,1.872328
portfolio,2024-06-03,0.2013,87.6097,1.8760967
portfolio,2024-06-04,0.6161,88.7655,1.88765546
portfolio,2024-06-05,-0.1003,88.5763,1.88576268
portfolio,2024-06-06,1.0035,90.4687,1.90468661
portfolio,2024-06-07,-0.0116,90.4465,1.9044648
portfolio,2024-06-11,-1.2348,88.0948,1.88094842
portfolio,2024-06-12,0.2409,88.548,1.88547955
portfolio,2024-06-13,0.2174,88.9578,1.88957806
portfolio,2024-06-14,0.0637,89.0781,1.89078127
portfolio,2024-06-17,-0.1991,88.7017,1.88701734
portfolio,2024-06-18,0.2837,89.2371,1.89237142
portfolio,2024-06-19,0.1096,89.4445,1.89444462
portfolio,2024-06-20,0.4564,90.309,1.90309003
portfolio,2024-06-21,0.0089,90.326,1.90325998
portfolio,2024-06-24,-0.822,88.7616,1.88761607
portfolio,2024-06-25,-0.1312,88.514,1.88513967
portfolio,2024-06-26,0.4058,89.279,1.89278957
portfolio,2024-06-27,-0.0904,89.1079,1.89107923
portfolio,2024-06-28,0.8642,90.7422,1.90742213
portfolio,2024-07-01,0.052,90.8414,1.90841416
portfolio,2024-07-02,0.0823,90.9986,1.90998564
portfolio,2024-07-03,0.6929,92.322,1.92322044
portfolio,2024-07-04,-0.324,91.6988,1.91698842
portfolio,2024-07-05,0.2653,92.2075,1.92207461
portfolio,2024-07-08,-0.0578,92.0965,1.92096461
portfolio,2024-07-09,0.0752,92.2409,1.92240929
portfolio,2024-07-10,-0.0056,92.2301,1.92230069
portfolio,2024-07-11,0.8305,93.8266,1.93826564
portfolio,2024-07-12,-0.2421,93.3574,1.93357403
portfolio,2024-07-15,0.8994,95.0965,1.95096474
portfolio,2024-07-16,0.701,96.4642,1.96464191
portfolio,2024-07-17,0.9627,98.3556,1.98355635
portfolio,2024-07-18,-0.3073,97.7461,1.97746137
portfolio,2024-07-19,-1.6736,94.4367,1.94436713
portfolio,2024-07-22,-0.6486,93.1755,1.93175515
portfolio,2024-07-23,-0.2548,92.6833,1.92683335
portfolio,2024-07-24,0.0726,92.8232,1.92823224
portfolio,2024-07-25,-2.1329,88.7106,1.88710583
portfolio,2024-07-26,0.5711,89.7883,1.89788299
portfolio,2024-07-29,0.9127,91.5205,1.91520537
portfolio,2024-07-30,-0.3041,90.9382,1.90938199
portfolio,2024-07-31,0.6497,92.1788,1.92178808
portfolio,2024-08-01,0.5434,93.223,1.93223028
portfolio,2024-08-02,-1.1481,91.0046,1.91004616
portfolio,2024-08-05,-3.5464,84.2308,1.84230834
portfolio,2024-08-06,0.0587,84.3391,1.84339059
portfolio,2024-08-07,0.2579,84.8146,1.84814558
portfolio,2024-08-08,-0.2097,84.4269,1.84426948
portfolio,2024-08-09,0.9127,86.1102,1.86110184
portfolio,2024-08-12,0.724,87.4577,1.87457685
portfolio,2024-08-13,0.7967,88.9511,1.88951117
portfolio,2024-08-14,0.3079,89.5329,1.89532917
portfolio,2024-08-15,0.6663,90.7958,1.90795819
portfolio,2024-08-16,0.5657,91.8751,1.91875124
portfolio,2024-08-19,-0.0838,91.7143,1.91714295
portfolio,2024-08-20,0.2998,92.289,1.92289038
portfolio,2024-08-21,0.0731,92.4297,1.92429693
portfolio,2024-08-22,-0.0985,92.2401,1.92240095
portfolio,2024-08-23,-0.1508,91.9503,1.91950285
portfolio,2024-08-26,0.4969,92.904,1.92903992
portfolio,2024-08-27,-0.1587,92.5978,1.92597808
portfolio,2024-08-28,0.1373,92.8622,1.92862194
portfolio,2024-08-29,-0.4301,92.0326,1.92032621
portfolio,2024-08-30,0.3243,92.6553,1.92655297
portfolio,2024-09-02,-0.3124,92.0534,1.92053384
portfolio,2024-09-03,0.1461,92.334,1.92333988
portfolio,2024-09-04,-1.8206,88.8323,1.888323
portfolio,2024-09-05,0.5167,89.808,1.89807986
portfolio,2024-09-06,-0.288,89.2613,1.89261265
portfolio,2024-09-09,-0.8599,87.6338,1.87633847
portfolio,2024-09-10,0.0826,87.7888,1.87788796
portfolio,2024-09-11,0.2284,88.2177,1.88217655
portfolio,2024-09-12,0.4083,88.9861,1.8898615
portfolio,2024-09-13,0.6412,90.198,1.90197978
portfolio,2024-09-18,0.0278,90.2509,1.9025086
portfolio,2024-09-19,0.6071,91.4059,1.91405869
portfolio,2024-09-20,0.6086,92.5708,1.92570776
portfolio,2024-09-23,0.4807,93.4965,1.93496454
portfolio,2024-09-24,0.7569,94.961,1.9496098
portfolio,2024-09-25,0.3985,95.7378,1.95737821
portfolio,2024-09-26,1.383,98.4448,1.98444779
portfolio,2024-09-27,0.9158,100.2621,2.00262079
portfolio,2024-09-30,2.4955,105.2595,2.05259535
portfolio,2024-10-08,1.0893,107.4954,2.07495445
portfolio,2024-10-09,-2.7466,101.7963,2.01796312
portfolio,2024-10-10,1.2327,104.2838,2.04283798
portfolio,2024-10-11,-0.1847,103.9065,2.039065
portfolio,2024-10-14,1.2081,106.3698,2.06369808
portfolio,2024-10-15,0.1854,106.7525,2.0675245
portfolio,2024-10-16,0.0081,106.7692,2.06769249
portfolio,2024-10-17,0.1749,107.1309,2.07130874
portfolio,2024-10-18,1.0631,109.3328,2.09332794
portfolio,2024-10-21,0.3453,110.0557,2.1005565
portfolio,2024-10-22,-0.0372,109.9775,2.09977506
portfolio,2024-10-23,0.2408,110.4831,2.10483093
portfolio,2024-10-24,-0.8345,108.7266,2.08726557
portfolio,2024-10-25,0.2252,109.1965,2.09196509
portfolio,2024-10-28,0.5062,110.2554,2.10255382
portfolio,2024-10-29,-0.0125,110.2292,2.10229153
portfolio,2024-10-30,0.4148,111.1012,2.11101166
portfolio,2024-10-31,-0.6244,109.7831,2.09783096
portfolio,2024-11-01,-0.6859,108.3441,2.08344105
portfolio,2024-11-04,-0.0494,108.2412,2.08241174
portfolio,2024-11-05,0.7132,109.7264,2.09726356
portfolio,2024-11-06,0.8344,111.4764,2.11476366
portfolio,2024-11-07,0.3461,112.2082,2.12208186
portfolio,2024-11-08,0.1557,112.5385,2.12538531
portfolio,2024-11-11,0.6048,113.8239,2.13823926
portfolio,2024-11-12,-0.5664,112.6129,2.12612915
portfolio,2024-11-13,-0.1762,112.2383,2.12238254
portfolio,2024-11-14,-0.8131,110.5124,2.10512442
portfolio,2024-11-15,-1.0112,108.3837,2.08383693
portfolio,2024-11-18,0.5994,109.6327,2.09632697
portfolio,2024-11-19,0.8589,111.4332,2.11433181
portfolio,2024-11-20,0.1594,111.7702,2.11770211
portfolio,2024-11-21,0.4466,112.7159,2.12715932
portfolio,2024-11-22,-0.0048,112.7058,2.12705753
portfolio,2024-11-25,0.0206,112.7496,2.12749612
portfolio,2024-11-26,-0.4555,111.7805,2.11780499
portfolio,2024-11-27,0.7866,113.4464,2.13446377
portfolio,2024-11-28,-0.4251,112.539,2.1253905
portfolio,2024-11-29,0.7108,114.0497,2.14049706
portfolio,2024-12-02,0.1495,114.3696,2.14369636
portfolio,2024-12-03,0.6884,115.8453,2.15845307
portfolio,2024-12-04,-0.1566,115.5074,2.15507358
portfolio,2024-12-05,0.1902,115.9174,2.15917355
portfolio,2024-12-06,0.1119,116.1591,2.16159071
portfolio,2024-12-09,0.1729,116.5328,2.16532829
portfolio,2024-12-10,0.0576,116.6575,2.16657513
portfolio,2024-12-11,0.5599,117.8705,2.17870504
portfolio,2024-12-12,0.6204,119.2221,2.19222145
portfolio,2024-12-13,-0.7879,117.4949,2.174949
portfolio,2024-12-16,-0.0369,117.4146,2.1741465
portfolio,2024-12-17,-0.2803,116.8053,2.16805327
portfolio,2024-12-18,-0.3244,116.102,2.16102008
portfolio,2024-12-19,-1.3831,113.113,2.13113002
portfolio,2024-12-20,-0.2445,112.5919,2.12591918
portfolio,2024-12-23,1.203,115.1494,2.15149401
portfolio,2024-12-24,0.0064,115.1632,2.15163163
portfolio,2024-12-25,0.2889,115.7848,2.15784824
portfolio,2024-12-26,0.0792,115.9558,2.15955812
portfolio,2024-12-27,-0.1503,115.6313,2.15631296
portfolio,2024-12-30,-0.417,114.732,2.14732018
portfolio,2024-12-31,-0.4561,113.7526,2.13752607
portfolio,2025-01-02,-0.1357,113.4625,2.13462492
portfolio,2025-01-03,-0.1494,113.1436,2.13143598
portfolio,2025-01-06,0.2887,113.759,2.13758954
portfolio,2025-01-07,-0.0338,113.6867,2.13686673
portfolio,2025-01-08,0.1033,113.9074,2.13907368
portfolio,2025-01-09,0.1056,114.1332,2.14133155
portfolio,2025-01-10,-0.2464,113.6056,2.13605557
portfolio,2025-01-13,-0.5458,112.4397,2.12439727
portfolio,2025-01-14,0.713,113.9544,2.13954421
portfolio,2025-01-15,-0.0046,113.9447,2.13944684
portfolio,2025-01-16,0.6949,115.4314,2.15431391
portfolio,2025-01-17,0.1659,115.7888,2.15788841
portfolio,2025-01-20,0.2107,116.2436,2.16243551
portfolio,2025-01-21,0.0186,116.2837,2.16283687
portfolio,2025-01-22,0.3771,117.0993,2.17099343
portfolio,2025-01-23,-0.0897,116.9047,2.169047
portfolio,2025-01-24,0.5542,118.1067,2.18106734
portfolio,2025-01-27,-0.5286,116.9537,2.16953749
portfolio,2025-02-05,1.2974,119.7684,2.19768438
portfolio,2025-02-06,0.1645,120.1301,2.2013005
portfolio,2025-02-07,0.3961,121.0019,2.21001876
portfolio,2025-02-10,0.5576,122.2341,2.22234095
portfolio,2025-02-11,0.2394,122.7661,2.22766114
portfolio,2025-02-12,-0.1519,122.4277,2.2242766
portfolio,2025-02-13,0.0849,122.6166,2.22616592
portfolio,2025-02-14,0.4298,123.5734,2.23573375
portfolio,2025-02-17,-0.679,122.0553,2.22055343
portfolio,2025-02-18,0.4114,122.969,2.22968963
portfolio,2025-02-19,0.2669,123.5641,2.23564142
portfolio,2025-02-20,0.019,123.6067,2.23606659
portfolio,2025-02-21,-0.2576,123.0307,2.23030668
portfolio,2025-02-24,-0.446,122.0361,2.22036058
portfolio,2025-02-25,-0.7389,120.3954,2.20395418
portfolio,2025-02-26,-0.2161,119.9192,2.19919242
portfolio,2025-02-27,-0.1883,119.5051,2.19505085
portfolio,2025-02-28,-1.5922,116.0102,2.16010224
portfolio,2025-03-03,0.5501,117.1985,2.17198489
portfolio,2025-03-04,-0.3316,116.4782,2.16478231
portfolio,2025-03-05,0.3105,117.1503,2.17150344
portfolio,2025-03-06,0.3145,117.8332,2.1783318
portfolio,2025-03-07,-0.4969,116.7507,2.16750682
portfolio,2025-03-10,-0.0266,116.693,2.1669296
portfolio,2025-03-11,-0.9446,114.646,2.14645991
portfolio,2025-03-12,-0.1082,114.4138,2.14413826
portfolio,2025-03-13,0.0804,114.5863,2.14586264
portfolio,2025-03-14,1.29,117.3544,2.1735439
portfolio,2025-03-17,-0.072,117.1979,2.17197901
portfolio,2025-03-18,0.6723,118.6581,2.18658067
portfolio,2025-03-19,0.2659,119.2394,2.19239425
portfolio,2025-03-20,0.5613,120.47,2.20469986
portfolio,2025-03-21,-0.7704,118.7716,2.18771559
portfolio,2025-03-24,0.5543,119.9841,2.19984106
portfolio,2025-03-25,0.2527,120.54,2.20540033
portfolio,2025-03-26,-0.0689,120.3882,2.20388169
portfolio,2025-03-27,-0.2299,119.8814,2.19881436
portfolio,2025-03-28,0.3495,120.6499,2.20649876
portfolio,2025-03-31,-0.5596,119.4152,2.19415201
portfolio,2025-04-01,0.7234,121.0024,2.21002398
portfolio,2025-04-02,-0.1874,120.5883,2.2058827
portfolio,2025-04-03,-0.3436,119.8304,2.19830402
portfolio,2025-04-07,-6.0498,106.5312,2.06531184
portfolio,2025-04-08,1.6983,110.0388,2.10038794
portfolio,2025-04-09,-0.0484,109.9371,2.09937077
portfolio,2025-04-10,4.0763,118.4947,2.18494662
portfolio,2025-04-11,0.0614,118.6288,2.1862878
portfolio,2025-04-14,0.8717,120.5346,2.20534617
portfolio,2025-04-15,-0.0996,120.3149,2.20314946
portfolio,2025-04-16,0.8139,122.1082,2.22108179
portfolio,2025-04-17,0.2957,122.765,2.22764981
portfolio,2025-04-18,0.086,122.9565,2.22956534
portfolio,2025-04-21,0.5306,124.1395,2.24139536
portfolio,2025-04-22,1.5509,127.6158,2.2761576
portfolio,2025-04-23,-2.1017,122.8319,2.22831928
portfolio,2025-04-24,0.3674,123.6506,2.23650648
portfolio,2025-04-25,0.4223,124.595,2.24595039
portfolio,2025-04-28,-0.3455,123.819,2.23818981
portfolio,2025-04-29,0.2115,124.2924,2.24292368
portfolio,2025-04-30,-0.2554,123.7195,2.23719458
portfolio,2025-05-06,1.3797,126.8061,2.26806131
portfolio,2025-05-07,0.5724,128.1043,2.28104279
portfolio,2025-05-08,-0.2685,127.4917,2.27491719
portfolio,2025-05-09,-0.1593,127.1293,2.27129323
portfolio,2025-05-12,-0.329,126.382,2.26382039
portfolio,2025-05-13,-0.031,126.3119,2.26311911
portfolio,2025-05-14,0.5382,127.5299,2.27529946
portfolio,2025-05-15,-1.7231,123.6094,2.23609445
portfolio,2025-05-16,0.7554,125.2985,2.25298495
portfolio,2025-05-19,0.1441,125.6232,2.25623193
portfolio,2025-05-20,0.3369,126.3833,2.26383256
portfolio,2025-05-21,1.2719,129.2626,2.29262595
portfolio,2025-05-22,-0.2569,128.6737,2.28673723
portfolio,2025-05-23,-0.2079,128.1982,2.28198215
portfolio,2025-05-26,-0.2361,127.6595,2.27659538
portfolio,2025-05-27,-0.4022,126.7438,2.26743821
portfolio,2025-05-28,0.2519,127.315,2.2731502
portfolio,2025-05-29,0.0017,127.319,2.27318961
portfolio,2025-05-30,-0.0463,127.2138,2.27213803
portfolio,2025-06-03,0.7332,128.8798,2.28879807
portfolio,2025-06-04,0.3665,129.7188,2.29718758
portfolio,2025-06-05,0.0592,129.8547,2.29854671
portfolio,2025-06-06,-0.0138,129.8231,2.29823052
portfolio,2025-06-09,-0.2629,129.2187,2.29218736
portfolio,2025-06-10,-0.1038,128.9809,2.28980881
portfolio,2025-06-11,0.4919,130.1072,2.30107162
portfolio,2025-06-12,0.3354,130.8788,2.30878846
portfolio,2025-06-13,0.1243,131.1659,2.31165866
portfolio,2025-06-16,0.1352,131.4785,2.31478479
portfolio,2025-06-17,-0.385,130.5872,2.30587218
portfolio,2025-06-18,-0.5654,129.2836,2.29283553
portfolio,2025-06-19,-0.5744,127.9666,2.27966637
portfolio,2025-06-20,-0.1121,127.711,2.27711041
portfolio,2025-06-23,0.2231,128.2191,2.28219136
portfolio,2025-06-24,0.2728,128.8417,2.28841729
portfolio,2025-06-25,0.5988,130.2121,2.30212107
portfolio,2025-06-26,0.0691,130.3712,2.30371152
portfolio,2025-06-27,-0.3238,129.6253,2.29625253
portfolio,2025-06-30,0.2127,130.1138,2.3011377
portfolio,2025-07-01,0.4444,131.1363,2.31136336
portfolio,2025-07-02,0.2126,131.6277,2.31627698
portfolio,2025-07-03,0.5068,132.8015,2.328015
portfolio,2025-07-04,0.0442,132.9044,2.32904372
portfolio,2025-07-07,-0.4781,131.7908,2.31790818
portfolio,2025-07-08,0.471,132.8825,2.32882508
portfolio,2025-07-09,-0.6292,131.4173,2.3141732
portfolio,2025-07-10,0.582,132.7642,2.32764151
portfolio,2025-07-11,0.1619,133.1411,2.33141085
portfolio,2025-07-14,0.1231,133.4281,2.33428056
portfolio,2025-07-15,0.3241,134.1846,2.34184635
portfolio,2025-07-16,-0.4866,133.045,2.33045007
portfolio,2025-07-17,0.4121,134.0055,2.3400546
portfolio,2025-07-18,0.3981,134.937,2.34936964
portfolio,2025-07-21,0.3649,135.7941,2.35794137
portfolio,2025-07-22,0.3812,136.6931,2.36693062
portfolio,2025-07-23,0.5299,137.9474,2.37947359
portfolio,2025-07-24,-0.4242,136.938,2.36937955
portfolio,2025-07-25,-0.0671,136.7791,2.36779058
portfolio,2025-07-28,0.2471,137.3641,2.37364078
portfolio,2025-07-29,-0.0276,137.2985,2.37298459
portfolio,2025-07-30,0.0051,137.3106,2.37310595
portfolio,2025-07-31,-0.3222,136.5459,2.36545862
portfolio,2025-08-01,-0.5547,135.2337,2.35233706
portfolio,2025-08-04,0.3218,135.9906,2.35990647
portfolio,2025-08-05,0.8052,137.8908,2.37890804
portfolio,2025-08-06,-0.0415,137.792,2.37792025
portfolio,2025-08-07,0.0859,137.9964,2.37996354
portfolio,2025-08-08,0.076,138.1771,2.38177146
portfolio,2025-08-11,-0.0808,137.9848,2.37984752
portfolio,2025-08-12,-0.0821,137.7894,2.37789375
portfolio,2025-08-13,0.5515,139.1008,2.39100804
portfolio,2025-08-14,-0.0059,139.0867,2.39086731
portfolio,2025-08-15,0.3074,139.8218,2.39821794
portfolio,2025-08-18,0.0685,139.9861,2.39986072
portfolio,2025-08-19,-0.3456,139.1566,2.39156598
portfolio,2025-08-20,0.0979,139.3906,2.39390629
portfolio,2025-08-21,0.1727,139.804,2.39803952
portfolio,2025-08-22,0.3482,140.639,2.40638989
portfolio,2025-08-25,1.2288,143.596,2.4359605
portfolio,2025-08-26,-0.1469,143.2382,2.43238153
portfolio,2025-08-27,-0.1872,142.7829,2.42782905
portfolio,2025-08-28,0.4461,143.866,2.43865969
portfolio,2025-08-29,0.3696,144.7674,2.44767401
portfolio,2025-09-01,0.8533,146.856,2.46856038
portfolio,2025-09-02,-0.0008,146.8541,2.46854132
portfolio,2025-09-03,0.1611,147.2518,2.47251834
portfolio,2025-09-04,-0.4919,146.0357,2.46035673
portfolio,2025-09-05,0.9343,148.3344,2.4833442
portfolio,2025-09-08,0.2805,149.031,2.4903098
portfolio,2025-09-09,0.5348,150.3628,2.503628
portfolio,2025-09-10,0.0767,150.5547,2.50554742
portfolio,2025-09-11,0.6294,152.1317,2.52131685
portfolio,2025-09-12,0.1005,152.3852,2.52385154
portfolio,2025-09-15,0.0158,152.4251,2.52425126
portfolio,2025-09-16,0.6158,153.9795,2.53979472
portfolio,2025-09-17,-0.281,153.2658,2.53265788
portfolio,2025-09-18,-0.7492,151.3683,2.5136826
portfolio,2025-09-19,0.4029,152.381,2.52381034
portfolio,2025-09-22,1.1296,155.2318,2.55231807
portfolio,2025-09-23,0.7788,157.2195,2.57219511
portfolio,2025-09-24,0.3808,158.199,2.58199047
portfolio,2025-09-25,-0.181,157.7316,2.57731639
portfolio,2025-09-26,-0.2437,157.1036,2.57103639
portfolio,2025-09-29,1.1806,160.1391,2.60139054
portfolio,2025-09-30,0.534,161.5283,2.61528315
portfolio,2025-10-09,2.9575,169.2631,2.69263109
portfolio,2025-10-10,-1.0908,166.326,2.66326019
portfolio,2025-10-13,0.7273,168.2631,2.68263081
portfolio,2025-10-14,-0.0525,168.1223,2.68122315
portfolio,2025-10-15,1.742,172.793,2.72793007
portfolio,2025-10-16,0.3179,173.6602,2.73660216
portfolio,2025-10-17,0.8254,175.9191,2.75919124
portfolio,2025-10-20,-0.6926,174.0081,2.74008062
portfolio,2025-10-21,1.549,178.2526,2.78252554
portfolio,2025-10-22,-1.727,173.4472,2.73447164
portfolio,2025-10-23,-0.3891,172.3832,2.72383232
portfolio,2025-10-24,0.1875,172.8941,2.72894057
portfolio,2025-10-27,0.8042,175.0886,2.75088563
portfolio,2025-10-28,-1.6334,170.5952,2.70595201
portfolio,2025-10-29,1.3959,174.3724,2.74372438
portfolio,2025-10-30,-0.0887,174.1291,2.74129057
portfolio,2025-10-31,-0.1461,173.7284,2.73728439
portfolio,2025-11-03,0.3616,174.7182,2.74718209
portfolio,2025-11-04,-1.2697,171.2301,2.71230082
portfolio,2025-11-05,-0.4603,169.9815,2.69981494
portfolio,2025-11-06,0.6445,171.7215,2.71721546
portfolio,2025-11-07,0.0749,171.925,2.71925033
portfolio,2025-11-10,1.2827,175.4131,2.75413128
portfolio,2025-11-11,0.4639,176.6908,2.76690827
portfolio,2025-11-12,0.2506,177.3841,2.77384092
portfolio,2025-11-13,1.2761,180.9238,2.8092377
portfolio,2025-11-14,-1.2402,177.4396,2.77439625
portfolio,2025-11-17,-1.1485,174.2533,2.74253316
portfolio,2025-11-18,-1.3479,170.5567,2.705567
portfolio,2025-11-19,0.4726,171.8355,2.71835467
portfolio,2025-11-20,0.3004,172.652,2.72652027
portfolio,2025-11-21,-1.7033,168.0078,2.68007812
portfolio,2025-11-24,0.5511,169.4847,2.69484676
portfolio,2025-11-25,1.1727,172.6448,2.72644826
portfolio,2025-11-26,0.6955,174.5411,2.74541073
portfolio,2025-11-27,-0.1989,173.9949,2.73994931
portfolio,2025-11-28,0.7252,175.982,2.75981989
portfolio,2025-12-01,0.7083,177.9369,2.77936891
portfolio,2025-12-02,-0.3532,176.9553,2.76955283
portfolio,2025-12-03,-0.0814,176.7299,2.76729866
portfolio,2025-12-04,-0.192,176.1986,2.76198639
portfolio,2025-12-05,0.4541,177.4529,2.77452933
portfolio,2025-12-08,-0.0324,177.363,2.7736303
portfolio,2025-12-09,-0.7365,175.3203,2.75320274
portfolio,2025-12-10,0.4939,176.6801,2.76680144
portfolio,2025-12-11,-0.2419,176.0109,2.76010885
portfolio,2025-12-12,0.977,178.7076,2.78707626
portfolio,2025-12-15,0.3933,179.8037,2.79803661
portfolio,2025-12-16,-1.1179,176.6757,2.7667569
portfolio,2025-12-17,0.952,179.3097,2.79309725
portfolio,2025-12-18,-0.2338,178.6566,2.7865658
portfolio,2025-12-19,0.3849,179.729,2.79729042
portfolio,2025-12-22,1.2518,183.2308,2.83230778
portfolio,2025-12-23,0.5637,184.8273,2.84827348
portfolio,2025-12-24,0.1976,185.3903,2.85390291
portfolio,2025-12-25,-0.2825,184.584,2.84583997
portfolio,2025-12-26,0.5334,186.102,2.8610198
portfolio,2025-12-29,-0.6904,184.1267,2.84126674
portfolio,2025-12-30,-1.0071,181.2651,2.8126513
portfolio,2025-12-31,-0.4912,179.8836,2.79883631
portfolio,2026-01-05,1.8649,185.1032,2.85103232
portfolio,2026-01-06,0.7711,187.3015,2.87301544
portfolio,2026-01-07,-0.3974,186.1597,2.8615974
portfolio,2026-01-08,-0.3126,185.2653,2.85265265
portfolio,2026-01-09,0.5266,186.7675,2.86767512
portfolio,2026-01-12,1.0043,189.6475,2.89647529
portfolio,2026-01-13,0.0122,189.6829,2.89682856
portfolio,2026-01-14,0.3633,190.7354,2.90735386
portfolio,2026-01-15,-0.2947,189.8786,2.89878618
portfolio,2026-01-16,-0.0122,189.8431,2.89843119
portfolio,2026-01-19,-0.0767,189.621,2.89620952
portfolio,2026-01-20,0.1828,190.1505,2.90150464
portfolio,2026-01-21,1.3647,194.1102,2.94110151
portfolio,2026-01-22,0.1851,194.6546,2.94654582
portfolio,2026-01-23,0.8805,197.2491,2.97249066
portfolio,2026-01-26,1.204,200.828,3.00827956
portfolio,2026-01-27,0.1705,201.341,3.01341008
portfolio,2026-01-28,1.747,206.6055,3.06605523
portfolio,2026-01-29,2.9064,215.5166,3.1551658
portfolio,2026-01-30,-4.0019,202.89,3.02890011
portfolio,2026-02-02,-6.3571,183.6349,2.83634927
portfolio,2026-02-03,2.9466,191.9924,2.91992433
portfolio,2026-02-04,2.3049,198.7226,2.9872256
portfolio,2026-02-05,-1.7949,193.3608,2.93360797
portfolio,2026-02-06,-1.4102,189.2239,2.89223914
portfolio,2026-02-09,2.7792,197.2619,2.97261942
portfolio,2026-02-10,-0.0754,197.0378,2.97037802
portfolio,2026-02-11,0.3719,198.1426,2.98142568
portfolio,2026-02-12,-0.2227,197.4785,2.97478476
portfolio,2026-02-13,-1.0255,194.4279,2.94427915
portfolio,2026-02-24,2.0047,200.3304,3.00330398
portfolio,2026-02-25,0.1747,200.855,3.00855042
portfolio,2026-02-26,-0.2607,200.0709,3.00070863
portfolio,2026-02-27,0.0758,200.2983,3.00298295
portfolio,2026-03-02,1.9497,206.1533,3.06153263
portfolio,2026-03-03,-0.902,203.3916,3.03391632
portfolio,2026-03-04,-1.914,197.5847,2.97584749
portfolio,2026-03-05,0.4063,198.7939,2.98793879
portfolio,2026-03-06,-0.4772,197.368,2.97368023
portfolio,2026-03-09,-0.8486,194.8444,2.94844414
portfolio,2026-03-10,0.8745,197.4229,2.97422856
portfolio,2026-03-11,0.2448,198.1511,2.98151055
portfolio,2026-03-12,-0.193,197.5757,2.97575668
portfolio,2026-03-13,-1.0739,194.3799,2.94379948
portfolio,2026-03-16,-0.7073,192.2978,2.92297774
portfolio,2026-03-17,-0.2523,191.5604,2.91560429
portfolio,2026-03-18,-0.0529,191.4063,2.91406311
portfolio,2026-03-19,-2.8655,183.0559,2.83055926
portfolio,2026-03-20,-1.4121,179.0589,2.79058869
portfolio,2026-03-23,-6.6113,160.6095,2.60609506
portfolio,2026-03-24,2.6912,167.623,2.67622982
portfolio,2026-03-25,2.3998,174.0454,2.74045437
portfolio,2026-03-26,-1.1827,170.8044,2.70804398
portfolio,2026-03-27,0.2069,171.3647,2.71364676
portfolio,2026-03-30,0.3006,172.1803,2.72180287
portfolio,2026-03-31,-0.0716,171.9853,2.71985345
portfolio,2026-04-01,2.9423,179.9879,2.79987856
portfolio,2026-04-02,-2.023,174.3238,2.74323825
portfolio,2026-04-03,0.2606,175.0388,2.75038766
portfolio,2026-04-07,0.0141,175.0775,2.75077518
portfolio,2026-04-08,3.2328,183.9703,2.83970264
portfolio,2026-04-09,-1.3235,180.2121,2.80212059
portfolio,2026-04-10,0.9115,182.7661,2.82766054
portfolio,2026-04-13,-0.3356,181.8171,2.81817098
portfolio,2026-04-14,1.1215,184.9777,2.84977676
portfolio,2026-04-15,0.446,186.2487,2.86248671
portfolio,2026-04-16,0.7572,188.4162,2.8841619
portfolio,2026-04-17,-0.4057,187.2462,2.87246193
portfolio,2026-04-20,0.1555,187.6928,2.87692752
portfolio,2026-04-21,0.0503,187.8374,2.87837425
portfolio,2026-04-22,0.1865,188.3743,2.88374274
portfolio,2026-04-23,-0.5921,186.6669,2.86666895
portfolio,2026-04-24,-0.4869,185.2711,2.85271072
portfolio,2026-04-27,0.5542,186.8519,2.86851928
portfolio,2026-04-28,-0.5785,185.1924,2.85192363
portfolio,2026-04-29,-0.1443,184.7808,2.84780791
portfolio,2026-04-30,0.3077,185.6571,2.85657099
portfolio,2026-05-06,1.2873,189.3343,2.89334318
portfolio,2026-05-07,1.0084,192.2518,2.92251824
portfolio,2026-05-08,-0.2559,191.504,2.91503977
portfolio,2026-05-11,0.0122,191.5397,2.91539662
portfolio,2026-05-12,-0.0388,191.4264,2.91426433
portfolio,2026-05-13,0.3922,192.5695,2.92569496
portfolio,2026-05-14,-0.4147,191.3561,2.91356121
portfolio,2026-05-15,-1.557,186.8197,2.86819719
portfolio,2026-05-18,-0.8013,184.5215,2.84521462
portfolio,2026-05-19,0.098,184.8003,2.84800257
portfolio,2026-05-20,-0.7962,182.5325,2.82532539
portfolio,2026-05-21,0.3119,183.4137,2.8341367
portfolio,2026-05-22,0.7286,185.4785,2.85478512
portfolio,2026-05-25,1.3555,189.3483,2.89348294
portfolio,2026-05-26,-0.2943,188.4969,2.88496877
portfolio,2026-05-27,-0.5818,186.8183,2.86818274
portfolio,2026-05-28,-1.2174,183.3266,2.83326552
portfolio,2026-05-29,1.6277,187.9382,2.87938217
portfolio,2026-06-01,0.2638,188.6979,2.8869787
portfolio,2026-06-02,0.4975,190.1341,2.90134059
portfolio,2026-06-03,-0.566,188.492,2.88492027
portfolio,2026-06-04,-0.5791,186.8215,2.8682149
portfolio,2026-06-05,-0.5858,185.1413,2.8514125
portfolio,2026-06-08,-2.6038,177.7167,2.77716724
portfolio,2026-06-09,1.1701,180.9663,2.80966304
portfolio,2026-06-10,-1.9774,175.4104,2.75410419
portfolio,2026-06-11,-1.5296,171.1979,2.71197863
portfolio,2026-06-12,1.3499,174.8587,2.74858723
portfolio,2026-06-15,2.6094,182.0309,2.82030877
portfolio,2026-06-16,0.1986,182.5911,2.82591053
portfolio,2026-06-17,0.1943,183.14,2.83140008
portfolio,2026-06-18,-0.2684,182.3802,2.82380168
portfolio,2026-06-22,-0.3588,181.3669,2.8136693
portfolio,2026-06-23,-2.3753,174.6837,2.74683659
portfolio,2026-06-24,0.2464,175.3606,2.75360604
portfolio,2026-06-25,-0.7603,173.267,2.73267009
portfolio,2026-06-26,-0.6922,171.3754,2.71375361
portfolio,2026-06-29,0.5313,172.8171,2.72817136
portfolio,2026-06-30,0.0308,172.9011,2.72901144
portfolio,2026-07-01,-0.5516,171.3957,2.71395686
portfolio,2026-07-02,0.1233,171.7303,2.71730287
portfolio,2026-07-03,1.3832,175.4888,2.75488812
portfolio,2026-07-06,-0.1003,175.2126,2.75212563
portfolio,2026-07-07,-0.2344,174.5674,2.74567435
portfolio,2026-07-08,-0.4985,173.1986,2.73198632
portfolio,2026-07-09,0.5617,174.7331,2.74733088
portfolio,2026-07-10,-0.3356,173.8111,2.73811081
portfolio,2026-07-13,-1.131,170.7142,2.70714248
portfolio,2026-07-14,0.5001,172.0681,2.72068136
portfolio,2026-07-15,0.2835,172.8395,2.72839504
portfolio,2026-07-16,-0.3298,171.9398,2.71939796
portfolio,2026-07-17,-2.0737,166.3007,2.66300654
portfolio,2026-07-20,0.3113,167.1296,2.67129585
portfolio,2026-07-21,1.8818,172.1564,2.72156431
portfolio,2026-07-22,0.3061,172.9896,2.72989592
portfolio,2026-07-23,0.1316,173.3487,2.73348746
portfolio,2026-07-24,-1.5646,169.0718,2.6907181
portfolio,2026-07-27,1.0572,171.9164,2.71916406
portfolio,2026-07-28,-1.6466,167.4391,2.67439137
portfolio,2026-07-29,0.4662,168.686,2.68686012
portfolio,2026-07-30,-0.8519,166.397,2.66396961
portfolio,2026-07-31,1.0224,169.1207,2.69120735
portfolio,2026-08-03,-0.0767,168.9144,2.68914395
portfolio,2026-08-04,0.8561,171.2167,2.7121667
portfolio,2026-08-05,2.5994,178.2667,2.78266735
portfolio,2026-08-06,0.9914,181.0254,2.81025437
portfolio,2026-08-07,0.7539,183.144,2.83143992
portfolio,2026-08-10,0.6003,184.8436,2.84843628
portfolio,2026-08-11,0.0957,185.1161,2.85116095
portfolio,2026-08-12,0.3418,186.0907,2.86090665
portfolio,2026-08-13,-0.2366,185.4138,2.85413782
portfolio,2026-08-14,0.3174,186.3198,2.86319752
portfolio,2026-08-17,0.6167,188.0855,2.88085468
portfolio,2026-08-18,-0.7284,185.987,2.8598698
portfolio,2026-08-19,-1.7295,181.0407,2.81040734
portfolio,2026-08-20,1.6587,185.7022,2.85702232
portfolio,2026-08-21,0.8424,188.1091,2.88109113
portfolio,2026-08-24,0.5645,189.7356,2.8973562
portfolio,2026-08-25,0.0657,189.926,2.89925958
portfolio,2026-08-26,0.2596,190.6787,2.90678712
portfolio,2026-08-27,-0.1361,190.2831,2.90283129
portfolio,2026-08-28,0.2387,190.9761,2.90976111
spx,2014-01-15,0.0,0.0,1.0
spx,2014-01-16,0.5071,0.5071,1.00507099
spx,2014-01-17,-0.4036,0.1014,1.0010142
spx,2014-01-20,-0.5066,-0.4057,0.9959432
spx,2014-01-21,0.2037,-0.2028,0.9979716
spx,2014-01-22,-0.5081,-0.7099,0.99290061
spx,2014-01-23,0.9193,0.2028,1.0020284
spx,2014-01-24,0.2024,0.4057,1.0040568
spx,2014-01-27,-2.0202,-1.6227,0.98377282
spx,2014-01-28,-0.6186,-2.2312,0.97768763
spx,2014-01-29,1.3485,-0.9128,0.99087221
spx,2014-01-30,-1.0235,-1.927,0.98073022
spx,2014-02-07,0.6205,-1.3185,0.98681542
spx,2014-02-10,-0.3083,-1.6227,0.98377282
spx,2014-02-11,0.5155,-1.1156,0.98884381
spx,2014-02-12,1.2308,0.1014,1.0010142
spx,2014-02-13,0.0,0.1014,1.0010142
spx,2014-02-14,1.0132,1.1156,1.01115619
spx,2014-02-17,0.4012,1.5213,1.01521298
spx,2014-02-18,-0.0999,1.4199,1.01419878
spx,2014-02-19,0.4,1.8256,1.01825558
spx,2014-02-20,-0.3984,1.4199,1.01419878
spx,2014-02-21,0.3,1.7241,1.01724138
spx,2014-02-24,0.1994,1.927,1.01926978
spx,2014-02-25,0.796,2.7383,1.02738337
spx,2014-02-26,0.2962,3.0426,1.03042596
spx,2014-02-27,-0.0984,2.9412,1.02941176
spx,2014-02-28,0.8867,3.854,1.03853955
spx,2014-03-03,0.1953,4.0568,1.04056795
spx,2014-03-04,-0.3899,3.6511,1.03651116
spx,2014-03-05,0.8806,4.5639,1.04563895
spx,2014-03-06,0.194,4.7667,1.04766734
spx,2014-03-07,0.0968,4.8682,1.04868154
spx,2014-03-10,-0.2901,4.5639,1.04563895
spx,2014-03-11,0.7759,5.3753,1.05375254
spx,2014-03-12,-0.9625,4.3611,1.04361055
spx,2014-03-13,0.4859,4.8682,1.04868154
spx,2014-03-14,-1.5474,3.2454,1.03245436
spx,2014-03-17,0.3929,3.6511,1.03651116
spx,2014-03-18,1.0763,4.7667,1.04766734
spx,2014-03-19,0.3872,5.1724,1.05172414
spx,2014-03-20,-0.675,4.4625,1.04462475
spx,2014-03-21,0.2913,4.7667,1.04766734
spx,2014-03-24,0.0,4.7667,1.04766734
spx,2014-03-25,-0.1936,4.5639,1.04563895
spx,2014-03-26,0.485,5.071,1.05070994
spx,2014-03-27,-0.6757,4.3611,1.04361055
spx,2014-03-28,-0.0972,4.2596,1.04259635
spx,2014-03-31,0.4864,4.7667,1.04766734
spx,2014-04-01,0.6776,5.4767,1.05476673
spx,2014-04-02,0.7692,6.288,1.06288032
spx,2014-04-03,0.1908,6.4909,1.06490872
spx,2014-04-04,-0.0952,6.3895,1.06389452
spx,2014-04-08,-1.9066,4.3611,1.04361055
spx,2014-04-09,0.0972,4.4625,1.04462475
spx,2014-04-10,0.7767,5.2738,1.05273834
spx,2014-04-11,-2.3121,2.8398,1.02839757
spx,2014-04-14,-0.5917,2.2312,1.02231237
spx,2014-04-15,0.9921,3.2454,1.03245436
spx,2014-04-16,0.7859,4.0568,1.04056795
spx,2014-04-17,0.6823,4.7667,1.04766734
spx,2014-04-18,0.0968,4.8682,1.04868154
spx,2014-04-21,0.0,4.8682,1.04868154
spx,2014-04-22,0.3868,5.2738,1.05273834
spx,2014-04-23,0.3854,5.6795,1.05679513
spx,2014-04-24,0.1919,5.8824,1.05882353
spx,2014-04-25,-0.0958,5.7809,1.05780933
spx,2014-04-28,-1.0547,4.6653,1.04665314
spx,2014-04-29,0.5814,5.2738,1.05273834
spx,2014-04-30,0.1927,5.4767,1.05476673
spx,2014-05-05,0.0962,5.5781,1.05578093
spx,2014-05-06,0.6724,6.288,1.06288032
spx,2014-05-07,-0.9542,5.2738,1.05273834
spx,2014-05-08,0.3854,5.6795,1.05679513
spx,2014-05-09,-0.096,5.5781,1.05578093
spx,2014-05-12,0.1921,5.7809,1.05780933
spx,2014-05-13,0.767,6.5923,1.06592292
spx,2014-05-14,0.3806,6.998,1.06997972
spx,2014-05-15,-0.2844,6.6937,1.06693712
spx,2014-05-16,-0.8555,5.7809,1.05780933
spx,2014-05-19,0.1918,5.9838,1.05983773
spx,2014-05-20,0.1914,6.1866,1.06186613
spx,2014-05-21,-0.5731,5.5781,1.05578093
spx,2014-05-22,1.0567,6.6937,1.06693712
spx,2014-05-23,-0.1901,6.4909,1.06490872
spx,2014-05-26,0.5714,7.0994,1.07099391
spx,2014-05-27,0.0,7.0994,1.07099391
spx,2014-05-28,0.4735,7.6065,1.07606491
spx,2014-05-29,0.0943,7.7079,1.07707911
spx,2014-05-30,0.4708,8.215,1.0821501
spx,2014-06-03,0.3749,8.6207,1.0862069
spx,2014-06-04,0.1867,8.8235,1.08823529
spx,2014-06-05,0.1864,9.0264,1.09026369
spx,2014-06-06,0.8372,9.9391,1.09939148
spx,2014-06-09,0.1845,10.142,1.10141988
spx,2014-06-10,-0.1842,9.9391,1.09939148
spx,2014-06-11,-0.1845,9.7363,1.09736308
spx,2014-06-12,-0.2773,9.432,1.09432049
spx,2014-06-13,-0.7414,8.6207,1.0862069
spx,2014-06-16,0.1867,8.8235,1.08823529
spx,2014-06-17,0.1864,9.0264,1.09026369
spx,2014-06-18,0.093,9.1278,1.09127789
spx,2014-06-19,1.3011,10.5477,1.10547667
spx,2014-06-20,0.0917,10.6491,1.10649087
spx,2014-06-23,0.0917,10.7505,1.10750507
spx,2014-06-24,0.0,10.7505,1.10750507
spx,2014-06-25,-0.7326,9.9391,1.09939148
spx,2014-06-26,0.5535,10.5477,1.10547667
spx,2014-06-27,0.0917,10.6491,1.10649087
spx,2014-06-30,0.1833,10.8519,1.10851927
spx,2014-07-01,0.0,10.8519,1.10851927
spx,2014-07-02,0.5489,11.4604,1.11460446
spx,2014-07-03,-0.182,11.2576,1.11257606
spx,2014-07-04,0.7293,12.069,1.12068966
spx,2014-07-07,0.0,12.069,1.12068966
spx,2014-07-08,-0.362,11.6633,1.11663286
spx,2014-07-09,-0.545,11.0548,1.11054767
spx,2014-07-10,0.3653,11.4604,1.11460446
spx,2014-07-11,-0.546,10.8519,1.10851927
spx,2014-07-14,0.0,10.8519,1.10851927
spx,2014-07-15,0.4575,11.359,1.11359026
spx,2014-07-16,-0.2732,11.0548,1.11054767
spx,2014-07-17,0.274,11.359,1.11359026
spx,2014-07-18,-0.9107,10.3448,1.10344828
spx,2014-07-21,1.1029,11.5619,1.11561866
spx,2014-07-22,-0.1818,11.359,1.11359026
spx,2014-07-23,0.1821,11.5619,1.11561866
spx,2014-07-24,0.0,11.5619,1.11561866
spx,2014-07-25,0.0,11.5619,1.11561866
spx,2014-07-28,-0.0909,11.4604,1.11460446
spx,2014-07-29,0.0,11.4604,1.11460446
spx,2014-07-30,-0.364,11.0548,1.11054767
spx,2014-07-31,-0.0913,10.9533,1.10953347
spx,2014-08-01,-1.6453,9.1278,1.09127789
spx,2014-08-04,-0.2788,8.8235,1.08823529
spx,2014-08-05,0.0932,8.9249,1.08924949
spx,2014-08-06,-0.6518,8.215,1.0821501
spx,2014-08-07,0.0937,8.3164,1.0831643
spx,2014-08-08,-0.5618,7.7079,1.07707911
spx,2014-08-11,1.1299,8.9249,1.08924949
spx,2014-08-12,-0.0931,8.8235,1.08823529
spx,2014-08-13,-0.0932,8.7221,1.0872211
spx,2014-08-14,0.7463,9.5335,1.09533469
spx,2014-08-15,0.5556,10.142,1.10141988
spx,2014-08-18,0.0,10.142,1.10141988
spx,2014-08-19,0.8287,11.0548,1.11054767
spx,2014-08-20,0.4566,11.5619,1.11561866
spx,2014-08-21,0.0909,11.6633,1.11663286
spx,2014-08-22,0.4541,12.1704,1.12170385
spx,2014-08-25,-0.1808,11.9675,1.11967546
spx,2014-08-26,0.4529,12.4746,1.12474645
spx,2014-08-27,0.0,12.4746,1.12474645
spx,2014-08-28,-0.0902,12.3732,1.12373225
spx,2014-08-29,-0.0903,12.2718,1.12271805
spx,2014-09-01,0.3613,12.6775,1.12677485
spx,2014-09-02,0.45,13.1846,1.13184584
spx,2014-09-03,-0.3584,12.7789,1.12778905
spx,2014-09-04,-0.2698,12.4746,1.12474645
spx,2014-09-05,-0.0902,12.3732,1.12373225
spx,2014-09-09,-0.0903,12.2718,1.12271805
spx,2014-09-10,-0.4517,11.7647,1.11764706
spx,2014-09-11,0.0,11.7647,1.11764706
spx,2014-09-12,0.4537,12.2718,1.12271805
spx,2014-09-15,-0.4517,11.7647,1.11764706
spx,2014-09-16,-0.5445,11.1562,1.11156187
spx,2014-09-17,0.9124,12.1704,1.12170385
spx,2014-09-18,0.0904,12.2718,1.12271805
spx,2014-09-19,0.9937,13.3874,1.13387424
spx,2014-09-22,-0.4472,12.8803,1.12880325
spx,2014-09-23,-0.7188,12.069,1.12068966
spx,2014-09-24,-0.543,11.4604,1.11460446
spx,2014-09-25,0.546,12.069,1.12068966
spx,2014-09-26,-1.5385,10.3448,1.10344828
spx,2014-09-29,0.9191,11.359,1.11359026
spx,2014-09-30,0.0,11.359,1.11359026
spx,2014-10-08,-2.0036,9.1278,1.09127789
spx,2014-10-09,1.8587,11.1562,1.11156187
spx,2014-10-10,-2.0073,8.9249,1.08924949
spx,2014-10-13,-1.3035,7.5051,1.07505071
spx,2014-10-14,-0.8491,6.5923,1.06592292
spx,2014-10-15,-0.1903,6.3895,1.06389452
spx,2014-10-16,-0.9533,5.3753,1.05375254
spx,2014-10-17,0.0962,5.4767,1.05476673
spx,2014-10-20,0.9615,6.4909,1.06490872
spx,2014-10-21,0.6667,7.2008,1.07200811
spx,2014-10-22,1.9868,9.3306,1.09330629
spx,2014-10-23,-0.5566,8.7221,1.0872211
spx,2014-10-24,0.5597,9.3306,1.09330629
spx,2014-10-27,0.9276,10.3448,1.10344828
spx,2014-10-28,0.0,10.3448,1.10344828
spx,2014-10-29,0.4596,10.8519,1.10851927
spx,2014-10-30,-0.0915,10.7505,1.10750507
spx,2014-10-31,1.3736,12.2718,1.12271805
spx,2014-11-03,0.813,13.1846,1.13184584
spx,2014-11-04,-0.2688,12.8803,1.12880325
spx,2014-11-05,0.0,12.8803,1.12880325
spx,2014-11-06,0.3594,13.286,1.13286004
spx,2014-11-07,0.7162,14.0974,1.14097363
spx,2014-11-10,-0.2667,13.7931,1.13793103
spx,2014-11-11,0.6239,14.503,1.14503043
spx,2014-11-12,-0.2657,14.1988,1.14198783
spx,2014-11-13,-0.2664,13.8945,1.13894523
spx,2014-11-14,0.0,13.8945,1.13894523
spx,2014-11-17,-0.3562,13.4888,1.13488844
spx,2014-11-18,0.3575,13.8945,1.13894523
spx,2014-11-19,0.8014,14.8073,1.14807302
spx,2014-11-20,-0.4417,14.3002,1.14300203
spx,2014-11-21,0.2662,14.6045,1.14604462
spx,2014-11-24,-0.2655,14.3002,1.14300203
spx,2014-11-25,0.7986,15.213,1.15212982
spx,2014-11-26,0.088,15.3144,1.15314402
spx,2014-11-27,0.1759,15.5172,1.15517241
spx,2014-11-28,0.0,15.5172,1.15517241
spx,2014-12-01,-0.6146,14.8073,1.14807302
spx,2014-12-02,-0.4417,14.3002,1.14300203
spx,2014-12-03,0.6211,15.0101,1.15010142
spx,2014-12-04,0.4409,15.5172,1.15517241
spx,2014-12-05,-0.2634,15.213,1.15212982
spx,2014-12-08,0.4401,15.7201,1.15720081
spx,2014-12-09,-0.9641,14.6045,1.14604462
spx,2014-12-10,0.2655,14.9087,1.14908722
spx,2014-12-11,-1.5887,13.0832,1.13083164
spx,2014-12-12,-0.7175,12.2718,1.12271805
spx,2014-12-15,-0.6323,11.5619,1.11561866
spx,2014-12-16,-0.5455,10.9533,1.10953347
spx,2014-12-17,-1.0055,9.8377,1.09837728
spx,2014-12-18,2.4007,12.4746,1.12474645
spx,2014-12-19,2.5248,15.3144,1.15314402
spx,2014-12-22,0.2639,15.6187,1.15618661
spx,2014-12-23,0.5263,16.2272,1.16227181
spx,2014-12-24,0.349,16.6329,1.1663286
spx,2014-12-25,-0.3478,16.2272,1.16227181
spx,2014-12-26,0.0,16.2272,1.16227181
spx,2014-12-29,0.5236,16.8357,1.168357
spx,2014-12-30,-0.2604,16.5314,1.1653144
spx,2014-12-31,-0.087,16.43,1.1643002
spx,2015-01-05,-1.2195,15.0101,1.15010142
spx,2015-01-06,-1.7637,12.9817,1.12981744
spx,2015-01-07,-0.5386,12.3732,1.12373225
spx,2015-01-08,1.8051,14.4016,1.14401623
spx,2015-01-09,1.3298,15.9229,1.15922921
spx,2015-01-12,-0.7874,15.0101,1.15010142
spx,2015-01-13,-1.0582,13.7931,1.13793103
spx,2015-01-14,-0.4456,13.286,1.13286004
spx,2015-01-15,-0.0895,13.1846,1.13184584
spx,2015-01-16,-0.3584,12.7789,1.12778905
spx,2015-01-19,0.3597,13.1846,1.13184584
spx,2015-01-20,0.2688,13.4888,1.13488844
spx,2015-01-21,0.3575,13.8945,1.13894523
spx,2015-01-22,0.8905,14.9087,1.14908722
spx,2015-01-23,1.677,16.8357,1.168357
spx,2015-01-26,-1.3021,15.3144,1.15314402
spx,2015-01-27,0.3518,15.7201,1.15720081
spx,2015-01-28,-1.0517,14.503,1.14503043
spx,2015-01-29,-1.24,13.0832,1.13083164
spx,2015-01-30,0.7175,13.8945,1.13894523
spx,2015-02-02,-0.9795,12.7789,1.12778905
spx,2015-02-03,1.0791,13.9959,1.13995943
spx,2015-02-04,0.8897,15.0101,1.15010142
spx,2015-02-05,-0.6173,14.3002,1.14300203
spx,2015-02-06,0.7986,15.213,1.15212982
spx,2015-02-09,0.0,15.213,1.15212982
spx,2015-02-10,-0.6162,14.503,1.14503043
spx,2015-02-11,1.24,15.9229,1.15922921
spx,2015-02-12,-0.0875,15.8215,1.15821501
spx,2015-02-13,1.3135,17.3428,1.17342799
spx,2015-02-16,0.2593,17.6471,1.17647059
spx,2015-02-17,0.1724,17.8499,1.17849899
spx,2015-02-25,0.7745,18.7627,1.18762677
spx,2015-02-26,-0.0854,18.6613,1.18661258
spx,2015-02-27,0.0,18.6613,1.18661258
spx,2015-03-02,0.0,18.6613,1.18661258
spx,2015-03-03,0.5983,19.3712,1.19371197
spx,2015-03-04,-0.1699,19.1684,1.19168357
spx,2015-03-05,-0.0851,19.0669,1.19066937
spx,2015-03-06,0.2555,19.3712,1.19371197
spx,2015-03-09,-0.9346,18.2556,1.18255578
spx,2015-03-10,0.0,18.2556,1.18255578
spx,2015-03-11,-1.801,16.1258,1.16125761
spx,2015-03-12,0.4367,16.6329,1.1663286
spx,2015-03-13,0.4348,17.14,1.17139959
spx,2015-03-16,-0.3463,16.7343,1.1673428
spx,2015-03-17,0.9557,17.8499,1.17849899
spx,2015-03-18,-0.4303,17.3428,1.17342799
spx,2015-03-19,1.2965,18.8641,1.18864097
spx,2015-03-20,-0.5973,18.1542,1.18154158
spx,2015-03-23,0.7725,19.0669,1.19066937
spx,2015-03-24,-0.5963,18.357,1.18356998
spx,2015-03-25,-0.7712,17.4442,1.17444219
spx,2015-03-26,-1.3817,15.8215,1.15821501
spx,2015-03-27,0.1751,16.0243,1.16024341
spx,2015-03-30,-0.1748,15.8215,1.15821501
spx,2015-03-31,0.8757,16.8357,1.168357
spx,2015-04-01,-0.6076,16.1258,1.16125761
spx,2015-04-02,0.0,16.1258,1.16125761
spx,2015-04-03,-0.0873,16.0243,1.16024341
spx,2015-04-07,0.3497,16.43,1.1643002
spx,2015-04-08,-0.1742,16.2272,1.16227181
spx,2015-04-09,-0.0873,16.1258,1.16125761
spx,2015-04-10,0.4367,16.6329,1.1663286
spx,2015-04-13,0.0,16.6329,1.1663286
spx,2015-04-14,-0.2609,16.3286,1.163286
spx,2015-04-15,0.0,16.3286,1.163286
spx,2015-04-16,0.1744,16.5314,1.1653144
spx,2015-04-17,0.5222,17.14,1.17139959
spx,2015-04-20,-0.6926,16.3286,1.163286
spx,2015-04-21,0.8718,17.3428,1.17342799
spx,2015-04-22,-0.2593,17.0385,1.1703854
spx,2015-04-23,0.3466,17.4442,1.17444219
spx,2015-04-24,0.4318,17.9513,1.17951318
spx,2015-04-27,0.3439,18.357,1.18356998
spx,2015-04-28,-0.3428,17.9513,1.17951318
spx,2015-04-29,0.258,18.2556,1.18255578
spx,2015-04-30,-0.5146,17.6471,1.17647059
spx,2015-05-04,0.0,17.6471,1.17647059
spx,2015-05-05,0.431,18.1542,1.18154158
spx,2015-05-06,-1.1159,16.8357,1.168357
spx,2015-05-07,-0.1736,16.6329,1.1663286
spx,2015-05-08,0.4348,17.14,1.17139959
spx,2015-05-11,0.6926,17.9513,1.17951318
spx,2015-05-12,-0.086,17.8499,1.17849899
spx,2015-05-13,-0.2582,17.5456,1.17545639
spx,2015-05-14,-0.3451,17.14,1.17139959
spx,2015-05-15,0.7792,18.0527,1.18052738
spx,2015-05-18,-0.0859,17.9513,1.17951318
spx,2015-05-19,0.5159,18.5598,1.18559838
spx,2015-05-20,-0.0855,18.4584,1.18458418
spx,2015-05-21,-0.1712,18.2556,1.18255578
spx,2015-05-22,0.4288,18.7627,1.18762677
spx,2015-05-25,-0.0854,18.6613,1.18661258
spx,2015-05-26,0.0,18.6613,1.18661258
spx,2015-05-27,-0.5128,18.0527,1.18052738
spx,2015-05-28,0.3436,18.4584,1.18458418
spx,2015-05-29,0.1712,18.6613,1.18661258
spx,2015-06-01,-0.5983,17.9513,1.17951318
spx,2015-06-02,0.086,18.0527,1.18052738
spx,2015-06-03,-0.5155,17.4442,1.17444219
spx,2015-06-04,0.6045,18.1542,1.18154158
spx,2015-06-05,-0.2575,17.8499,1.17849899
spx,2015-06-08,0.1721,18.0527,1.18052738
spx,2015-06-09,-0.6873,17.2414,1.17241379
spx,2015-06-10,0.346,17.6471,1.17647059
spx,2015-06-11,0.6034,18.357,1.18356998
spx,2015-06-12,0.1714,18.5598,1.18559838
spx,2015-06-15,-1.0265,17.3428,1.17342799
spx,2015-06-16,-0.2593,17.0385,1.1703854
spx,2015-06-17,0.0,17.0385,1.1703854
spx,2015-06-18,0.0867,17.14,1.17139959
spx,2015-06-19,0.3463,17.5456,1.17545639
spx,2015-06-23,0.604,18.2556,1.18255578
spx,2015-06-24,0.3431,18.6613,1.18661258
spx,2015-06-25,-0.5128,18.0527,1.18052738
spx,2015-06-26,-0.4296,17.5456,1.17545639
spx,2015-06-29,0.0,17.5456,1.17545639
spx,2015-06-30,-1.5531,15.7201,1.15720081
spx,2015-07-01,0.2629,16.0243,1.16024341
spx,2015-07-02,0.5245,16.6329,1.1663286
spx,2015-07-03,0.0,16.6329,1.1663286
spx,2015-07-06,-0.3478,16.2272,1.16227181
spx,2015-07-07,-0.2618,15.9229,1.15922921
spx,2015-07-08,-2.0997,13.4888,1.13488844
spx,2015-07-09,-0.0894,13.3874,1.13387424
spx,2015-07-10,0.4472,13.8945,1.13894523
spx,2015-07-13,0.9795,15.0101,1.15010142
spx,2015-07-14,2.0282,17.3428,1.17342799
spx,2015-07-15,0.6914,18.1542,1.18154158
spx,2015-07-16,-0.515,17.5456,1.17545639
spx,2015-07-17,1.0354,18.7627,1.18762677
spx,2015-07-20,0.2562,19.0669,1.19066937
spx,2015-07-21,0.6814,19.8783,1.19878296
spx,2015-07-22,-0.5922,19.1684,1.19168357
spx,2015-07-23,0.4255,19.6755,1.19675456
spx,2015-07-24,-0.1695,19.4726,1.19472617
spx,2015-07-27,-2.292,16.7343,1.1673428
spx,2015-07-28,0.0869,16.8357,1.168357
spx,2015-07-29,1.1285,18.1542,1.18154158
spx,2015-07-30,0.9442,19.2698,1.19269777
spx,2015-07-31,0.085,19.3712,1.19371197
spx,2015-08-03,-0.1699,19.1684,1.19168357
spx,2015-08-04,-0.4255,18.6613,1.18661258
spx,2015-08-05,0.0855,18.7627,1.18762677
spx,2015-08-06,0.3416,19.1684,1.19168357
spx,2015-08-07,-0.766,18.2556,1.18255578
spx,2015-08-10,0.1715,18.4584,1.18458418
spx,2015-08-11,2.7397,21.7039,1.21703854
spx,2015-08-12,0.0,21.7039,1.21703854
spx,2015-08-13,0.9167,22.8195,1.22819473
spx,2015-08-14,0.0,22.8195,1.22819473
spx,2015-08-17,1.1561,24.2394,1.24239351
spx,2015-08-18,0.4898,24.8479,1.2484787
spx,2015-08-19,-0.4062,24.3408,1.24340771
spx,2015-08-20,-0.8157,23.3266,1.23326572
spx,2015-08-21,-2.0559,20.7911,1.20791075
spx,2015-08-24,-5.6255,13.9959,1.13995943
spx,2015-08-25,-1.2456,12.5761,1.12576065
spx,2015-08-26,0.2703,12.8803,1.12880325
spx,2015-08-27,2.6056,15.8215,1.15821501
spx,2015-08-28,1.7513,17.8499,1.17849899
spx,2015-08-31,-0.4303,17.3428,1.17342799
spx,2015-09-01,-1.6422,15.4158,1.15415822
spx,2015-09-02,-0.7909,14.503,1.14503043
spx,2015-09-07,0.0886,14.6045,1.14604462
spx,2015-09-08,0.708,15.4158,1.15415822
spx,2015-09-09,1.2302,16.8357,1.168357
spx,2015-09-10,-1.3021,15.3144,1.15314402
spx,2015-09-11,0.2639,15.6187,1.15618661
spx,2015-09-14,0.614,16.3286,1.163286
spx,2015-09-15,-0.6103,15.6187,1.15618661
spx,2015-09-16,1.1404,16.9371,1.1693712
spx,2015-09-17,0.954,18.0527,1.18052738
spx,2015-09-18,-0.4296,17.5456,1.17545639
spx,2015-09-21,-1.5531,15.7201,1.15720081
spx,2015-09-22,0.6135,16.43,1.1643002
spx,2015-09-23,-1.2195,15.0101,1.15010142
spx,2015-09-24,-0.0882,14.9087,1.14908722
spx,2015-09-25,-0.0883,14.8073,1.14807302
spx,2015-09-28,-0.3534,14.4016,1.14401623
spx,2015-09-29,-2.7482,11.2576,1.11257606
spx,2015-09-30,0.7293,12.069,1.12068966
spx,2015-10-08,4.0724,16.6329,1.1663286
spx,2015-10-09,0.9565,17.7485,1.17748479
spx,2015-10-12,0.4307,18.2556,1.18255578
spx,2015-10-13,-0.2573,17.9513,1.17951318
spx,2015-10-14,-0.4299,17.4442,1.17444219
spx,2015-10-15,0.0864,17.5456,1.17545639
spx,2015-10-16,0.7765,18.4584,1.18458418
spx,2015-10-19,0.4281,18.9655,1.18965517
spx,2015-10-20,0.4263,19.4726,1.19472617
spx,2015-10-21,-0.3396,19.0669,1.19066937
spx,2015-10-22,-0.2555,18.7627,1.18762677
spx,2015-10-23,1.7079,20.7911,1.20791075
spx,2015-10-26,0.6717,21.6024,1.21602434
spx,2015-10-27,0.1668,21.8053,1.21805274
spx,2015-10-28,-0.0833,21.7039,1.21703854
spx,2015-10-29,0.9167,22.8195,1.22819473
spx,2015-10-30,0.0826,22.9209,1.22920892
spx,2015-11-02,-0.5776,22.211,1.22210953
spx,2015-11-03,1.1618,23.6308,1.23630832
spx,2015-11-04,0.1641,23.8337,1.23833671
spx,2015-11-05,-0.0819,23.7323,1.23732252
spx,2015-11-06,-0.1639,23.5294,1.23529412
spx,2015-11-09,0.2463,23.8337,1.23833671
spx,2015-11-10,-0.9828,22.6166,1.22616633
spx,2015-11-11,0.0,22.6166,1.22616633
spx,2015-11-12,0.0827,22.7181,1.22718053
spx,2015-11-13,-1.405,20.9939,1.20993915
spx,2015-11-16,-1.1735,19.574,1.19574037
spx,2015-11-17,1.9508,21.9067,1.21906694
spx,2015-11-18,-0.4992,21.2982,1.21298174
spx,2015-11-19,1.9231,23.6308,1.23630832
spx,2015-11-20,0.3281,24.0365,1.24036511
spx,2015-11-23,0.1635,24.2394,1.24239351
spx,2015-11-24,-0.1633,24.0365,1.24036511
spx,2015-11-25,-0.0818,23.9351,1.23935091
spx,2015-11-26,0.2455,24.2394,1.24239351
spx,2015-11-27,-0.0816,24.1379,1.24137931
spx,2015-11-30,0.4902,24.7464,1.2474645
spx,2015-12-01,-0.1626,24.5436,1.24543611
spx,2015-12-02,0.7329,25.4564,1.25456389
spx,2015-12-03,-0.9701,24.2394,1.24239351
spx,2015-12-04,-1.4694,22.4138,1.22413793
spx,2015-12-07,1.657,24.4422,1.24442191
spx,2015-12-08,-0.489,23.8337,1.23833671
spx,2015-12-09,-0.2457,23.5294,1.23529412
spx,2015-12-10,-0.4926,22.9209,1.22920892
spx,2015-12-11,0.2475,23.2252,1.23225152
spx,2015-12-14,-1.3992,21.501,1.21501014
spx,2015-12-15,0.4174,22.0081,1.22008114
spx,2015-12-16,0.7481,22.9209,1.22920892
spx,2015-12-17,1.2376,24.4422,1.24442191
spx,2015-12-18,-1.304,22.8195,1.22819473
spx,2015-12-21,-0.8258,21.8053,1.21805274
spx,2015-12-22,0.4996,22.4138,1.22413793
spx,2015-12-23,0.3314,22.8195,1.22819473
spx,2015-12-24,1.0735,24.1379,1.24137931
spx,2015-12-25,0.2451,24.4422,1.24442191
spx,2015-12-28,-0.326,24.0365,1.24036511
spx,2015-12-29,0.1635,24.2394,1.24239351
spx,2015-12-30,0.6531,25.0507,1.2505071
spx,2015-12-31,0.0811,25.1521,1.2515213
spx,2016-01-04,-0.5673,24.4422,1.24442191
spx,2016-01-05,-1.304,22.8195,1.22819473
spx,2016-01-06,0.2477,23.1237,1.23123732
spx,2016-01-07,-0.9885,21.9067,1.21906694
spx,2016-01-08,-0.8319,20.8925,1.20892495
spx,2016-01-11,-1.594,18.9655,1.18965517
spx,2016-01-12,0.5115,19.574,1.19574037
spx,2016-01-13,0.0848,19.6755,1.19675456
spx,2016-01-14,-1.3559,18.0527,1.18052738
spx,2016-01-15,0.6014,18.7627,1.18762677
spx,2016-01-18,-0.6832,17.9513,1.17951318
spx,2016-01-19,1.3758,19.574,1.19574037
spx,2016-01-20,-1.7812,17.4442,1.17444219
spx,2016-01-21,-1.0363,16.2272,1.16227181
spx,2016-01-22,2.007,18.5598,1.18559838
spx,2016-01-25,-0.5988,17.8499,1.17849899
spx,2016-01-26,-2.2375,15.213,1.15212982
spx,2016-01-27,1.2324,16.6329,1.1663286
spx,2016-01-28,-0.8696,15.6187,1.15618661
spx,2016-01-29,1.1404,16.9371,1.1693712
spx,2016-02-01,1.1275,18.2556,1.18255578
spx,2016-02-02,0.0858,18.357,1.18356998
spx,2016-02-03,-0.1714,18.1542,1.18154158
spx,2016-02-04,2.8326,21.501,1.21501014
spx,2016-02-05,-0.4174,20.9939,1.20993915
spx,2016-02-15,-1.0059,19.7769,1.19776876
spx,2016-02-16,0.508,20.3854,1.20385396
spx,2016-02-17,-0.674,19.574,1.19574037
spx,2016-02-18,0.0848,19.6755,1.19675456
spx,2016-02-19,-0.2542,19.3712,1.19371197
spx,2016-02-22,-0.1699,19.1684,1.19168357
spx,2016-02-23,0.2553,19.4726,1.19472617
spx,2016-02-24,-0.6791,18.6613,1.18661258
spx,2016-02-25,0.0,18.6613,1.18661258
spx,2016-02-26,1.5385,20.4868,1.20486815
spx,2016-02-29,-0.0842,20.3854,1.20385396
spx,2016-03-01,-0.2527,20.0811,1.20081136
spx,2016-03-02,1.7736,22.211,1.22210953
spx,2016-03-03,-0.083,22.1095,1.22109533
spx,2016-03-04,0.0831,22.211,1.22210953
spx,2016-03-07,0.4979,22.8195,1.22819473
spx,2016-03-08,-0.6606,22.0081,1.22008114
spx,2016-03-09,-0.665,21.1968,1.21196755
spx,2016-03-10,0.0837,21.2982,1.21298174
spx,2016-03-11,0.0,21.2982,1.21298174
spx,2016-03-14,1.3378,22.9209,1.22920892
spx,2016-03-15,-0.4125,22.4138,1.22413793
spx,2016-03-16,0.0,22.4138,1.22413793
spx,2016-03-17,0.4143,22.9209,1.22920892
spx,2016-03-18,0.165,23.1237,1.23123732
spx,2016-03-21,0.7414,24.0365,1.24036511
spx,2016-03-22,-0.2453,23.7323,1.23732252
spx,2016-03-23,0.082,23.8337,1.23833671
spx,2016-03-24,-0.7371,22.9209,1.22920892
spx,2016-03-25,0.165,23.1237,1.23123732
spx,2016-03-28,-0.4119,22.6166,1.22616633
spx,2016-03-29,-0.1654,22.4138,1.22413793
spx,2016-03-30,0.8285,23.428,1.23427992
spx,2016-03-31,0.0,23.428,1.23427992
spx,2016-04-01,-0.1643,23.2252,1.23225152
spx,2016-04-05,0.4115,23.7323,1.23732252
spx,2016-04-06,-0.1639,23.5294,1.23529412
spx,2016-04-07,0.4926,24.1379,1.24137931
spx,2016-04-08,-0.4085,23.6308,1.23630832
spx,2016-04-11,0.4102,24.1379,1.24137931
spx,2016-04-12,-0.2451,23.8337,1.23833671
spx,2016-04-13,0.3276,24.2394,1.24239351
spx,2016-04-14,0.6531,25.0507,1.2505071
spx,2016-04-15,0.0,25.0507,1.2505071
spx,2016-04-18,-0.1622,24.8479,1.2484787
spx,2016-04-19,0.6499,25.6592,1.25659229
spx,2016-04-20,0.1614,25.8621,1.25862069
spx,2016-04-21,0.7252,26.7748,1.26774848
spx,2016-04-22,-0.24,26.4706,1.26470588
spx,2016-04-25,-0.4812,25.8621,1.25862069
spx,2016-04-26,0.5641,26.572,1.26572008
spx,2016-04-27,0.2404,26.8763,1.26876268
spx,2016-04-28,0.3197,27.2819,1.27281947
spx,2016-04-29,-1.2749,25.6592,1.25659229
spx,2016-05-03,0.4843,26.2677,1.26267748
spx,2016-05-04,-1.0442,24.9493,1.2494929
spx,2016-05-05,-0.487,24.3408,1.24340771
spx,2016-05-06,-0.0816,24.2394,1.24239351
spx,2016-05-09,2.0408,26.7748,1.26774848
spx,2016-05-10,-0.32,26.3692,1.26369168
spx,2016-05-11,0.8026,27.3834,1.27383367
spx,2016-05-12,-0.4777,26.7748,1.26774848
spx,2016-05-13,-0.64,25.9635,1.25963489
spx,2016-05-16,-0.5636,25.2536,1.2525355
spx,2016-05-17,0.4858,25.8621,1.25862069
spx,2016-05-18,-0.8058,24.8479,1.2484787
spx,2016-05-19,0.0812,24.9493,1.2494929
spx,2016-05-20,-0.1623,24.7464,1.2474645
spx,2016-05-23,0.4878,25.355,1.2535497
spx,2016-05-24,-0.3236,24.9493,1.2494929
spx,2016-05-25,1.2175,26.4706,1.26470588
spx,2016-05-26,0.5613,27.1805,1.27180527
spx,2016-05-27,0.1595,27.3834,1.27383367
spx,2016-05-30,1.8312,29.716,1.29716024
spx,2016-05-31,0.2346,30.0203,1.30020284
spx,2016-06-01,-0.234,29.716,1.29716024
spx,2016-06-02,-0.1564,29.5132,1.29513185
spx,2016-06-03,-0.2349,29.2089,1.29208925
spx,2016-06-06,-0.6279,28.3976,1.28397566
spx,2016-06-07,0.316,28.8032,1.28803245
spx,2016-06-08,0.2362,29.1075,1.29107505
spx,2016-06-13,-1.1783,27.5862,1.27586207
spx,2016-06-14,0.0795,27.6876,1.27687627
spx,2016-06-15,0.4766,28.2961,1.28296146
spx,2016-06-16,-0.2372,27.9919,1.27991886
spx,2016-06-17,0.2377,28.2961,1.28296146
spx,2016-06-20,0.7905,29.3103,1.29310345
spx,2016-06-21,0.0,29.3103,1.29310345
spx,2016-06-22,-0.4706,28.7018,1.28701826
spx,2016-06-23,0.2364,29.0061,1.29006085
spx,2016-06-24,-1.022,27.6876,1.27687627
spx,2016-06-27,0.0794,27.789,1.27789047
spx,2016-06-28,-0.3175,27.3834,1.27383367
spx,2016-06-29,0.6369,28.1947,1.28194726
spx,2016-06-30,1.6614,30.3245,1.30324544
spx,2016-07-01,0.7004,31.2373,1.31237323
spx,2016-07-04,-0.8501,30.1217,1.30121704
spx,2016-07-05,-0.0779,30.0203,1.30020284
spx,2016-07-06,0.078,30.1217,1.30121704
spx,2016-07-07,0.7794,31.1359,1.31135903
spx,2016-07-08,0.464,31.7444,1.31744422
spx,2016-07-11,1.5396,33.7728,1.33772819
spx,2016-07-12,1.0614,35.1927,1.35192698
spx,2016-07-13,0.6752,36.1055,1.36105477
spx,2016-07-14,-0.3726,35.5984,1.35598377
spx,2016-07-15,1.4959,37.6268,1.37626775
spx,2016-07-18,-0.6632,36.714,1.36713996
spx,2016-07-19,1.2611,38.4381,1.38438134
spx,2016-07-20,-0.293,38.0325,1.38032454
spx,2016-07-21,2.2043,41.0751,1.41075051
spx,2016-07-22,-0.9346,39.7566,1.39756592
spx,2016-07-25,1.3062,41.5822,1.4158215
spx,2016-07-26,0.2865,41.9878,1.4198783
spx,2016-07-27,-0.5714,41.1765,1.41176471
spx,2016-07-28,-0.7902,40.0609,1.40060852
spx,2016-07-29,2.7516,43.9148,1.43914807
spx,2016-08-01,-0.7047,42.9006,1.42900609
spx,2016-08-02,0.7807,44.0162,1.44016227
spx,2016-08-03,-1.7606,41.4807,1.4148073
spx,2016-08-04,-0.3584,40.9736,1.40973631
spx,2016-08-05,-0.2158,40.6694,1.40669371
spx,2016-08-08,1.2257,42.3935,1.42393509
spx,2016-08-09,0.0,42.3935,1.42393509
spx,2016-08-10,-0.2849,41.9878,1.4198783
spx,2016-08-11,-0.4286,41.3793,1.4137931
spx,2016-08-12,-0.4304,40.7708,1.40770791
spx,2016-08-15,0.1441,40.9736,1.40973631
spx,2016-08-16,-0.2878,40.568,1.40567951
spx,2016-08-17,-0.8658,39.3509,1.39350913
spx,2016-08-18,0.1456,39.5538,1.39553753
spx,2016-08-19,0.1453,39.7566,1.39756592
spx,2016-08-22,0.1451,39.9594,1.39959432
spx,2016-08-23,0.0,39.9594,1.39959432
spx,2016-08-24,0.5072,40.6694,1.40669371
spx,2016-08-25,-0.2163,40.3651,1.40365112
spx,2016-08-26,0.0723,40.4665,1.40466531
spx,2016-08-29,-0.2166,40.1623,1.40162272
spx,2016-08-30,1.1577,41.785,1.4178499
spx,2016-08-31,0.5007,42.4949,1.42494929
spx,2016-09-01,-0.2847,42.0892,1.42089249
spx,2016-09-02,0.2141,42.3935,1.42393509
spx,2016-09-05,1.0684,43.9148,1.43914807
spx,2016-09-06,1.8323,46.5517,1.46551724
spx,2016-09-07,0.4152,47.1602,1.47160243
spx,2016-09-08,-0.1378,46.9574,1.46957404
spx,2016-09-09,-0.4141,46.3489,1.46348884
spx,2016-09-12,-2.7027,42.3935,1.42393509
spx,2016-09-13,0.9259,43.712,1.43711968
spx,2016-09-14,-0.1411,43.5091,1.43509128
spx,2016-09-19,0.636,44.4219,1.44421907
spx,2016-09-20,-0.0702,44.3205,1.44320487
spx,2016-09-21,1.2649,46.146,1.46146045
spx,2016-09-22,0.8328,47.3631,1.47363083
spx,2016-09-23,0.8259,48.5801,1.48580122
spx,2016-09-26,-1.2287,46.7546,1.46754564
spx,2016-09-27,-0.0691,46.6531,1.46653144
spx,2016-09-28,-0.0692,46.5517,1.46551724
spx,2016-09-29,-0.692,45.5375,1.45537525
spx,2016-09-30,0.9756,46.9574,1.46957404
spx,2016-10-10,1.0352,48.4787,1.48478702
spx,2016-10-11,0.888,49.7972,1.4979716
spx,2016-10-12,0.0,49.7972,1.4979716
spx,2016-10-13,2.0988,52.9412,1.52941176
spx,2016-10-14,0.8621,54.2596,1.54259635
spx,2016-10-17,-0.9862,52.7383,1.52738337
spx,2016-10-18,0.0664,52.8398,1.52839757
spx,2016-10-19,0.1991,53.144,1.53144016
spx,2016-10-20,0.1325,53.3469,1.53346856
spx,2016-10-21,0.1323,53.5497,1.53549696
spx,2016-10-24,0.1321,53.7525,1.53752535
spx,2016-10-25,0.3298,54.2596,1.54259635
spx,2016-10-26,-0.0657,54.1582,1.54158215
spx,2016-10-27,-0.5921,53.2454,1.53245436
spx,2016-10-28,-0.3309,52.7383,1.52738337
spx,2016-10-31,0.2656,53.144,1.53144016
spx,2016-11-01,0.1987,53.4483,1.53448276
spx,2016-11-02,-0.5288,52.6369,1.52636917
spx,2016-11-03,-0.4651,51.927,1.51926978
spx,2016-11-04,-0.6676,50.9128,1.50912779
spx,2016-11-07,1.1425,52.6369,1.52636917
spx,2016-11-08,0.6645,53.6511,1.53651116
spx,2016-11-09,-2.9043,49.1886,1.49188641
spx,2016-11-10,2.1754,52.4341,1.52434077
spx,2016-11-11,-0.3992,51.8256,1.51825558
spx,2016-11-14,-0.1336,51.6227,1.51622718
spx,2016-11-15,0.2676,52.0284,1.52028398
spx,2016-11-16,2.6684,56.0852,1.56085193
spx,2016-11-17,0.6498,57.0994,1.57099391
spx,2016-11-18,0.7101,58.215,1.5821501
spx,2016-11-21,-0.1282,58.0122,1.5801217
spx,2016-11-22,1.3479,60.142,1.60141988
spx,2016-11-23,1.0133,61.7647,1.61764706
spx,2016-11-24,4.4514,68.9655,1.68965517
spx,2016-11-25,1.8607,72.1095,1.72109533
spx,2016-11-28,-1.8268,68.9655,1.68965517
spx,2016-11-29,-1.3205,66.7343,1.6673428
spx,2016-11-30,1.3382,68.9655,1.68965517
spx,2016-12-01,1.0204,70.6897,1.70689655
spx,2016-12-02,-0.1783,70.3854,1.70385396
spx,2016-12-05,3.2738,75.9635,1.75963489
spx,2016-12-06,2.536,80.426,1.80425963
spx,2016-12-07,2.8668,85.5984,1.85598377
spx,2016-12-08,-1.6393,82.5558,1.82555781
spx,2016-12-09,-2.2222,78.499,1.78498986
spx,2016-12-12,2.1591,82.3529,1.82352941
spx,2016-12-13,4.1157,89.858,1.89858012
spx,2016-12-14,-1.6026,86.8154,1.86815416
spx,2016-12-15,-2.5516,82.0487,1.82048682
spx,2016-12-16,2.6184,86.8154,1.86815416
spx,2016-12-19,1.8458,90.2637,1.90263692
spx,2016-12-20,1.1194,92.3935,1.92393509
spx,2016-12-21,4.4808,101.0142,2.01014199
spx,2016-12-22,-0.6054,99.7972,1.9979716
spx,2016-12-23,-3.3503,93.1034,1.93103448
spx,2016-12-26,0.3676,93.8134,1.93813387
spx,2016-12-27,-3.7153,86.6126,1.86612576
spx,2016-12-28,-8.8587,70.0811,1.70081136
spx,2016-12-29,-3.6971,63.7931,1.63793103
spx,2016-12-30,-2.3529,59.9391,1.59939148
spx,2017-01-03,-7.9899,47.1602,1.47160243
spx,2017-01-04,0.7581,48.2759,1.48275862
spx,2017-01-05,0.0,48.2759,1.48275862
spx,2017-01-06,-0.4788,47.5659,1.47565923
spx,2017-01-09,0.2749,47.9716,1.47971602
spx,2017-01-10,-0.4798,47.2617,1.47261663
spx,2017-01-11,-0.0689,47.1602,1.47160243
spx,2017-01-12,0.1378,47.3631,1.47363083
spx,2017-01-13,0.0688,47.4645,1.47464503
spx,2017-01-16,0.0,47.4645,1.47464503
spx,2017-01-17,-0.8253,46.2475,1.46247465
spx,2017-01-18,0.3467,46.7546,1.46754564
spx,2017-01-19,-0.2764,46.3489,1.46348884
spx,2017-01-20,-0.2772,45.9432,1.45943205
spx,2017-01-23,-0.417,45.3347,1.45334686
spx,2017-01-24,-0.1396,45.1318,1.45131846
spx,2017-01-25,1.0482,46.6531,1.46653144
spx,2017-01-26,0.8299,47.8702,1.47870183
spx,2017-02-03,-0.823,46.6531,1.46653144
spx,2017-02-06,0.899,47.9716,1.47971602
spx,2017-02-07,-0.2056,47.6673,1.47667343
spx,2017-02-08,0.3434,48.1744,1.48174442
spx,2017-02-09,-0.4107,47.5659,1.47565923
spx,2017-02-10,1.1684,49.2901,1.49290061
spx,2017-02-13,0.6114,50.2028,1.5020284
spx,2017-02-14,-0.0675,50.1014,1.5010142
spx,2017-02-15,0.5405,50.9128,1.50912779
spx,2017-02-16,0.0,50.9128,1.50912779
spx,2017-02-17,-0.2016,50.6085,1.50608519
spx,2017-02-20,0.3367,51.1156,1.51115619
spx,2017-02-21,-0.0671,51.0142,1.51014199
spx,2017-02-22,0.9402,52.4341,1.52434077
spx,2017-02-23,0.2661,52.8398,1.52839757
spx,2017-02-24,0.1327,53.0426,1.53042596
spx,2017-02-27,-0.0663,52.9412,1.52941176
spx,2017-02-28,0.7294,54.0568,1.54056795
spx,2017-03-01,1.4483,56.288,1.56288032
spx,2017-03-02,5.3212,64.6045,1.64604462
spx,2017-03-03,0.4313,65.3144,1.65314402
spx,2017-03-06,2.9448,70.1826,1.70182556
spx,2017-03-07,-2.9797,65.1116,1.65111562
spx,2017-03-08,-2.027,61.7647,1.61764706
spx,2017-03-09,-2.4451,57.8093,1.57809331
spx,2017-03-10,2.1851,61.2576,1.61257606
spx,2017-03-13,0.8176,62.5761,1.62576065
spx,2017-03-14,0.8734,63.9959,1.63995943
spx,2017-03-15,-1.4224,61.6633,1.61663286
spx,2017-03-16,1.192,63.5903,1.63590264
spx,2017-03-17,-0.124,63.3874,1.63387424
spx,2017-03-20,0.0621,63.4888,1.63488844
spx,2017-03-21,0.1861,63.7931,1.63793103
spx,2017-03-22,-3.7152,57.7079,1.57707911
spx,2017-03-23,0.0,57.7079,1.57707911
spx,2017-03-24,-0.836,56.3895,1.56389452
spx,2017-03-27,-1.3619,54.2596,1.54259635
spx,2017-03-28,1.1177,55.9838,1.55983773
spx,2017-03-29,0.9753,57.5051,1.57505071
spx,2017-03-30,-0.3863,56.8966,1.56896552
spx,2017-03-31,1.7453,59.6349,1.59634888
spx,2017-04-05,-0.6353,58.6207,1.5862069
spx,2017-04-06,-0.9591,57.0994,1.57099391
spx,2017-04-07,-0.3873,56.4909,1.56490872
spx,2017-04-10,0.1944,56.7951,1.56795132
spx,2017-04-11,-0.3881,56.1866,1.56186613
spx,2017-04-12,-0.3896,55.5781,1.55578093
spx,2017-04-13,-0.3259,55.071,1.55070994
spx,2017-04-14,-0.9156,53.6511,1.53651116
spx,2017-04-17,-0.5281,52.8398,1.52839757
spx,2017-04-18,1.858,55.6795,1.55679513
spx,2017-04-19,-0.8469,54.3611,1.54361055
spx,2017-04-20,-0.3285,53.854,1.53853955
spx,2017-04-21,0.7251,54.9696,1.54969574
spx,2017-04-24,0.5236,55.7809,1.55780933
spx,2017-04-25,1.4974,58.1136,1.5811359
spx,2017-04-26,0.5773,59.0264,1.59026369
spx,2017-04-27,-1.7219,56.288,1.56288032
spx,2017-04-28,0.7787,57.5051,1.57505071
spx,2017-05-02,-0.0644,57.4037,1.57403651
spx,2017-05-03,-0.1289,57.2008,1.57200811
spx,2017-05-04,-0.1935,56.8966,1.56896552
spx,2017-05-05,-0.1939,56.5923,1.56592292
spx,2017-05-08,0.9715,58.1136,1.5811359
spx,2017-05-09,-0.3849,57.5051,1.57505071
spx,2017-05-10,-0.322,56.998,1.56997972
spx,2017-05-11,0.3876,57.6065,1.57606491
spx,2017-05-12,-0.7079,56.4909,1.56490872
spx,2017-05-15,0.0648,56.5923,1.56592292
spx,2017-05-16,0.5181,57.4037,1.57403651
spx,2017-05-17,-1.2242,55.4767,1.55476673
spx,2017-05-18,-1.696,52.8398,1.52839757
spx,2017-05-19,-0.0664,52.7383,1.52738337
spx,2017-05-22,0.9296,54.1582,1.54158215
spx,2017-05-23,0.1974,54.4625,1.54462475
spx,2017-05-24,0.0657,54.5639,1.54563895
spx,2017-05-25,0.5906,55.4767,1.55476673
spx,2017-05-26,0.848,56.7951,1.56795132
spx,2017-05-31,-1.0349,55.1724,1.55172414
spx,2017-06-01,-0.4575,54.4625,1.54462475
spx,2017-06-02,1.2475,56.3895,1.56389452
spx,2017-06-05,-0.3891,55.7809,1.55780933
spx,2017-06-06,-0.1953,55.4767,1.55476673
spx,2017-06-07,-0.2609,55.071,1.55070994
spx,2017-06-08,-0.0654,54.9696,1.54969574
spx,2017-06-09,0.0,54.9696,1.54969574
spx,2017-06-12,-0.2618,54.5639,1.54563895
spx,2017-06-13,0.3281,55.071,1.55070994
spx,2017-06-14,0.0,55.071,1.55070994
spx,2017-06-15,0.1308,55.2738,1.55273834
spx,2017-06-16,0.1306,55.4767,1.55476673
spx,2017-06-19,0.0652,55.5781,1.55578093
spx,2017-06-20,0.8475,56.8966,1.56896552
spx,2017-06-21,-0.7757,55.6795,1.55679513
spx,2017-06-22,0.0,55.6795,1.55679513
spx,2017-06-23,0.1954,55.9838,1.55983773
spx,2017-06-26,-0.065,55.8824,1.55882353
spx,2017-06-27,0.0651,55.9838,1.55983773
spx,2017-06-28,-0.8453,54.6653,1.54665314
spx,2017-06-29,0.3279,55.1724,1.55172414
spx,2017-06-30,-0.5882,54.2596,1.54259635
spx,2017-07-03,-0.0657,54.1582,1.54158215
spx,2017-07-04,0.0658,54.2596,1.54259635
spx,2017-07-05,0.1315,54.4625,1.54462475
spx,2017-07-06,0.0,54.4625,1.54462475
spx,2017-07-07,-0.5253,53.6511,1.53651116
spx,2017-07-10,0.396,54.2596,1.54259635
spx,2017-07-11,0.0657,54.3611,1.54361055
spx,2017-07-12,-0.1314,54.1582,1.54158215
spx,2017-07-13,0.6579,55.1724,1.55172414
spx,2017-07-14,-0.1307,54.9696,1.54969574
spx,2017-07-17,0.3272,55.4767,1.55476673
spx,2017-07-18,0.0652,55.5781,1.55578093
spx,2017-07-19,0.2608,55.9838,1.55983773
spx,2017-07-20,0.4551,56.6937,1.56693712
spx,2017-07-21,-0.2589,56.288,1.56288032
spx,2017-07-24,-0.1947,55.9838,1.55983773
spx,2017-07-25,-0.065,55.8824,1.55882353
spx,2017-07-26,0.1952,56.1866,1.56186613
spx,2017-07-27,-0.2597,55.7809,1.55780933
spx,2017-07-28,-0.0651,55.6795,1.55679513
spx,2017-07-31,0.0651,55.7809,1.55780933
spx,2017-08-01,-0.2604,55.3753,1.55375254
spx,2017-08-02,0.1958,55.6795,1.55679513
spx,2017-08-03,-0.3257,55.1724,1.55172414
spx,2017-08-04,-0.1961,54.8682,1.54868154
spx,2017-08-07,0.7859,56.0852,1.56085193
spx,2017-08-08,0.0,56.0852,1.56085193
spx,2017-08-09,-0.5198,55.2738,1.55273834
spx,2017-08-10,-0.2613,54.8682,1.54868154
spx,2017-08-11,-0.9168,53.4483,1.53448276
spx,2017-08-14,0.3305,53.9554,1.53955375
spx,2017-08-15,0.3294,54.4625,1.54462475
spx,2017-08-16,-0.2626,54.0568,1.54056795
spx,2017-08-17,-0.0658,53.9554,1.53955375
spx,2017-08-18,-0.8564,52.6369,1.52636917
spx,2017-08-21,-0.1329,52.4341,1.52434077
spx,2017-08-22,0.0665,52.5355,1.52535497
spx,2017-08-23,0.3989,53.144,1.53144016
spx,2017-08-24,-0.5298,52.3327,1.52332657
spx,2017-08-25,0.0,52.3327,1.52332657
spx,2017-08-28,0.0,52.3327,1.52332657
spx,2017-08-29,-0.5326,51.5213,1.51521298
spx,2017-08-30,0.0,51.5213,1.51521298
spx,2017-08-31,0.2008,51.8256,1.51825558
spx,2017-09-01,0.4676,52.5355,1.52535497
spx,2017-09-04,-0.0665,52.4341,1.52434077
spx,2017-09-05,-0.1996,52.1298,1.52129817
spx,2017-09-06,-0.2,51.8256,1.51825558
spx,2017-09-07,-0.1336,51.6227,1.51622718
spx,2017-09-08,-0.1338,51.4199,1.51419878
spx,2017-09-11,0.134,51.6227,1.51622718
spx,2017-09-12,0.5351,52.4341,1.52434077
spx,2017-09-13,0.0,52.4341,1.52434077
spx,2017-09-14,0.1331,52.6369,1.52636917
spx,2017-09-15,0.1329,52.8398,1.52839757
spx,2017-09-18,0.3318,53.3469,1.53346856
spx,2017-09-19,0.1984,53.6511,1.53651116
spx,2017-09-20,0.198,53.9554,1.53955375
spx,2017-09-21,0.2635,54.3611,1.54361055
spx,2017-09-22,-0.0657,54.2596,1.54259635
spx,2017-09-25,-0.3287,53.7525,1.53752535
spx,2017-09-26,0.1319,53.9554,1.53955375
spx,2017-09-27,0.1318,54.1582,1.54158215
spx,2017-09-28,0.5921,55.071,1.55070994
spx,2017-09-29,0.654,56.0852,1.56085193
spx,2017-10-09,1.3645,58.215,1.5821501
spx,2017-10-10,-0.0641,58.1136,1.5811359
spx,2017-10-11,0.5131,58.9249,1.58924949
spx,2017-10-12,0.1276,59.1278,1.59127789
spx,2017-10-13,-0.7011,58.0122,1.5801217
spx,2017-10-16,0.0642,58.1136,1.5811359
spx,2017-10-17,0.2566,58.5193,1.5851927
spx,2017-10-18,-0.128,58.3164,1.5831643
spx,2017-10-19,-0.0641,58.215,1.5821501
spx,2017-10-20,0.5128,59.0264,1.59026369
spx,2017-10-23,0.3827,59.6349,1.59634888
spx,2017-10-24,-0.2541,59.2292,1.59229209
spx,2017-10-25,0.4459,59.9391,1.59939148
spx,2017-10-26,-0.5073,59.1278,1.59127789
spx,2017-10-27,0.4461,59.8377,1.59837728
spx,2017-10-30,0.698,60.9533,1.60953347
spx,2017-10-31,-0.126,60.7505,1.60750507
spx,2017-11-01,0.3785,61.359,1.61359026
spx,2017-11-02,0.0,61.359,1.61359026
spx,2017-11-03,0.5657,62.2718,1.62271805
spx,2017-11-06,0.375,62.8803,1.62880325
spx,2017-11-07,-0.6849,61.7647,1.61764706
spx,2017-11-08,-0.2508,61.359,1.61359026
spx,2017-11-09,0.1257,61.5619,1.61561866
spx,2017-11-10,-0.6277,60.5477,1.60547667
spx,2017-11-13,0.0,60.5477,1.60547667
spx,2017-11-14,0.1263,60.7505,1.60750507
spx,2017-11-15,-0.694,59.6349,1.59634888
spx,2017-11-16,-0.1271,59.432,1.59432049
spx,2017-11-17,0.7634,60.6491,1.60649087
spx,2017-11-20,-0.3157,60.142,1.60141988
spx,2017-11-21,0.3167,60.6491,1.60649087
spx,2017-11-22,0.3157,61.1562,1.61156187
spx,2017-11-23,-0.1888,60.8519,1.60851927
spx,2017-11-24,0.0631,60.9533,1.60953347
spx,2017-11-27,0.0,60.9533,1.60953347
spx,2017-11-28,0.126,61.1562,1.61156187
spx,2017-11-29,0.8811,62.5761,1.62576065
spx,2017-11-30,-0.0624,62.4746,1.62474645
spx,2017-12-01,0.8115,63.7931,1.63793103
spx,2017-12-04,2.7245,68.2556,1.68255578
spx,2017-12-05,-1.748,65.3144,1.65314402
spx,2017-12-06,-0.9816,63.6917,1.63691684
spx,2017-12-07,-0.062,63.5903,1.63590264
spx,2017-12-08,0.9299,65.1116,1.65111562
spx,2017-12-11,0.4914,65.9229,1.65922921
spx,2017-12-12,0.3056,66.43,1.6643002
spx,2017-12-13,0.1219,66.6329,1.6663286
spx,2017-12-14,0.0609,66.7343,1.6673428
spx,2017-12-15,-0.8516,65.3144,1.65314402
spx,2017-12-18,0.9202,66.8357,1.668357
spx,2017-12-19,0.8511,68.2556,1.68255578
spx,2017-12-20,-0.4822,67.4442,1.67444219
spx,2017-12-21,-0.424,66.7343,1.6673428
spx,2017-12-22,0.1825,67.0385,1.6703854
spx,2017-12-25,-0.1214,66.8357,1.668357
spx,2017-12-26,0.0,66.8357,1.668357
spx,2017-12-27,-0.0608,66.7343,1.6673428
spx,2017-12-28,-0.6083,65.7201,1.65720081
spx,2017-12-29,0.0,65.7201,1.65720081
spx,2018-01-02,-0.4284,65.0101,1.65010142
spx,2018-01-03,0.4917,65.8215,1.65821501
spx,2018-01-04,0.1835,66.1258,1.66125761
spx,2018-01-05,0.0611,66.2272,1.66227181
spx,2018-01-08,0.7932,67.5456,1.67545639
spx,2018-01-09,0.0,67.5456,1.67545639
spx,2018-01-10,0.3027,68.0527,1.68052738
spx,2018-01-11,0.0,68.0527,1.68052738
spx,2018-01-12,1.0863,69.8783,1.69878296
spx,2018-01-15,0.4179,70.5882,1.70588235
spx,2018-01-16,-0.0595,70.4868,1.70486815
spx,2018-01-17,-0.7139,69.2698,1.69269777
spx,2018-01-18,0.719,70.4868,1.70486815
spx,2018-01-19,-0.7733,69.1684,1.69168357
spx,2018-01-22,0.3597,69.7769,1.69776876
spx,2018-01-23,1.0753,71.6024,1.71602434
spx,2018-01-24,0.0,71.6024,1.71602434
spx,2018-01-25,-0.4728,70.7911,1.70791075
spx,2018-01-26,0.0,70.7911,1.70791075
spx,2018-01-29,0.7126,72.0081,1.72008114
spx,2018-01-30,-0.8255,70.5882,1.70588235
spx,2018-01-31,-0.9512,68.9655,1.68965517
spx,2018-02-01,0.2401,69.3712,1.69371197
spx,2018-02-02,-0.8383,67.9513,1.67951318
spx,2018-02-05,-2.7174,63.3874,1.63387424
spx,2018-02-06,-5.7728,53.9554,1.53955375
spx,2018-02-07,1.6469,56.4909,1.56490872
spx,2018-02-08,1.2314,58.4178,1.5841785
spx,2018-02-09,-3.137,53.4483,1.53448276
spx,2018-02-12,1.3219,55.4767,1.55476673
spx,2018-02-13,1.4351,57.7079,1.57707911
spx,2018-02-14,0.5788,58.6207,1.5862069
spx,2018-02-22,0.8312,59.9391,1.59939148
spx,2018-02-23,0.6975,61.0548,1.61054767
spx,2018-02-26,2.1411,64.503,1.64503043
spx,2018-02-27,0.8015,65.8215,1.65821501
spx,2018-02-28,-0.7339,64.6045,1.64604462
spx,2018-03-01,-1.2939,62.4746,1.62474645
spx,2018-03-02,-1.623,59.8377,1.59837728
spx,2018-03-05,0.1904,60.142,1.60141988
spx,2018-03-06,1.0766,61.8661,1.61866126
spx,2018-03-07,-0.4386,61.1562,1.61156187
spx,2018-03-08,0.6293,62.1704,1.62170385
spx,2018-03-09,0.6879,63.286,1.63286004
spx,2018-03-12,1.8634,66.3286,1.663286
spx,2018-03-13,-0.6098,65.3144,1.65314402
spx,2018-03-14,-0.5521,64.4016,1.64401623
spx,2018-03-15,-0.0617,64.3002,1.64300203
spx,2018-03-16,-0.5556,63.3874,1.63387424
spx,2018-03-19,-0.0621,63.286,1.63286004
spx,2018-03-20,-0.9938,61.6633,1.61663286
spx,2018-03-21,0.2509,62.069,1.62068966
spx,2018-03-22,0.1252,62.2718,1.62271805
spx,2018-03-23,-2.625,58.0122,1.5801217
spx,2018-03-26,-1.0911,56.288,1.56288032
spx,2018-03-27,1.2979,58.3164,1.5831643
spx,2018-03-28,-1.6656,55.6795,1.55679513
spx,2018-03-29,-0.0651,55.5781,1.55578093
spx,2018-03-30,0.2608,55.9838,1.55983773
spx,2018-04-02,0.0,55.9838,1.55983773
spx,2018-04-03,-1.5605,53.5497,1.53549696
spx,2018-04-04,0.3963,54.1582,1.54158215
spx,2018-04-09,0.3947,54.7667,1.54766734
spx,2018-04-10,0.983,56.288,1.56288032
spx,2018-04-11,-0.0649,56.1866,1.56186613
spx,2018-04-12,-0.1299,55.9838,1.55983773
spx,2018-04-13,0.8453,57.3022,1.57302231
spx,2018-04-16,-0.5158,56.4909,1.56490872
spx,2018-04-17,0.9721,58.0122,1.5801217
spx,2018-04-18,0.9628,59.5335,1.59533469
spx,2018-04-19,-0.1907,59.2292,1.59229209
spx,2018-04-20,-0.1911,58.9249,1.58924949
spx,2018-04-23,-0.702,57.8093,1.57809331
spx,2018-04-24,0.5141,58.6207,1.5862069
spx,2018-04-25,-1.2788,56.5923,1.56592292
spx,2018-04-26,-0.0648,56.4909,1.56490872
spx,2018-04-27,1.8146,59.3306,1.59330629
spx,2018-05-02,-0.3819,58.7221,1.5872211
spx,2018-05-03,-0.3195,58.215,1.5821501
spx,2018-05-04,0.0641,58.3164,1.5831643
spx,2018-05-07,0.8969,59.7363,1.59736308
spx,2018-05-08,-0.0635,59.6349,1.59634888
spx,2018-05-09,-0.0635,59.5335,1.59533469
spx,2018-05-10,0.89,60.9533,1.60953347
spx,2018-05-11,0.5671,61.8661,1.61866126
spx,2018-05-14,0.6892,62.9817,1.62981744
spx,2018-05-15,-0.56,62.069,1.62068966
spx,2018-05-16,-0.1877,61.7647,1.61764706
spx,2018-05-17,0.2508,62.1704,1.62170385
spx,2018-05-18,0.0625,62.2718,1.62271805
spx,2018-05-21,1.75,65.1116,1.65111562
spx,2018-05-22,-0.3071,64.6045,1.64604462
spx,2018-05-23,-0.6778,63.4888,1.63488844
spx,2018-05-24,0.4963,64.3002,1.64300203
spx,2018-05-25,0.0617,64.4016,1.64401623
spx,2018-05-28,0.4318,65.1116,1.65111562
spx,2018-05-29,-0.6143,64.0974,1.64097363
spx,2018-05-30,-1.2979,61.9675,1.61967546
spx,2018-05-31,1.0645,63.6917,1.63691684
spx,2018-06-01,-0.4337,62.9817,1.62981744
spx,2018-06-04,1.369,65.213,1.65212982
spx,2018-06-05,0.6139,66.2272,1.66227181
spx,2018-06-06,-0.183,65.9229,1.65922921
spx,2018-06-07,0.7335,67.14,1.67139959
spx,2018-06-08,-0.3034,66.6329,1.6663286
spx,2018-06-11,0.8521,68.0527,1.68052738
spx,2018-06-12,0.6639,69.1684,1.69168357
spx,2018-06-13,0.1799,69.4726,1.69472617
spx,2018-06-14,-0.6583,68.357,1.68356998
spx,2018-06-15,0.7831,69.6755,1.69675456
spx,2018-06-19,-2.0921,66.1258,1.66125761
spx,2018-06-20,0.9768,67.7485,1.67748479
spx,2018-06-21,1.1487,69.6755,1.69675456
spx,2018-06-22,-0.538,68.7627,1.68762677
spx,2018-06-25,0.8413,70.1826,1.70182556
spx,2018-06-26,-1.0131,68.4584,1.68458418
spx,2018-06-27,-0.8429,67.0385,1.6703854
spx,2018-06-28,-0.425,66.3286,1.663286
spx,2018-06-29,1.8293,69.3712,1.69371197
spx,2018-07-02,-0.5988,68.357,1.68356998
spx,2018-07-03,1.747,71.2982,1.71298174
spx,2018-07-04,-1.0657,69.4726,1.69472617
spx,2018-07-05,0.9575,71.0953,1.71095335
spx,2018-07-06,0.8892,72.6166,1.72616633
spx,2018-07-09,0.9401,74.2394,1.74239351
spx,2018-07-10,0.4657,75.0507,1.7505071
spx,2018-07-11,0.1738,75.355,1.7535497
spx,2018-07-12,0.694,76.572,1.76572008
spx,2018-07-13,-0.0574,76.4706,1.76470588
spx,2018-07-16,0.0,76.4706,1.76470588
spx,2018-07-17,-0.5747,75.4564,1.75456389
spx,2018-07-18,1.0405,77.2819,1.77281947
spx,2018-07-19,0.6865,78.499,1.78498986
spx,2018-07-20,0.1136,78.7018,1.78701826
spx,2018-07-23,-0.3973,77.9919,1.77991886
spx,2018-07-24,1.2536,80.2231,1.80223124
spx,2018-07-25,0.0,80.2231,1.80223124
spx,2018-07-26,0.6753,81.4402,1.81440162
spx,2018-07-27,1.2297,83.6714,1.836714
spx,2018-07-30,-1.1596,81.5416,1.81541582
spx,2018-07-31,-1.6201,78.6004,1.78600406
spx,2018-08-01,1.0221,80.426,1.80425963
spx,2018-08-02,-0.3373,79.8174,1.79817444
spx,2018-08-03,1.7484,82.9615,1.8296146
spx,2018-08-06,1.1086,84.9899,1.84989858
spx,2018-08-07,1.7544,88.2353,1.88235294
spx,2018-08-08,-1.4009,85.5984,1.85598377
spx,2018-08-09,-0.9836,83.7728,1.83772819
spx,2018-08-10,0.0552,83.8742,1.83874239
spx,2018-08-13,-0.717,82.5558,1.82555781
spx,2018-08-14,0.2222,82.9615,1.8296146
spx,2018-08-15,1.1641,85.0913,1.85091278
spx,2018-08-16,-1.3699,82.5558,1.82555781
spx,2018-08-17,1.2222,84.787,1.84787018
spx,2018-08-20,-0.0549,84.6856,1.84685598
spx,2018-08-21,-0.2746,84.1785,1.84178499
spx,2018-08-22,-0.1101,83.9757,1.83975659
spx,2018-08-23,0.1654,84.2799,1.84279919
spx,2018-08-24,-0.1651,83.9757,1.83975659
spx,2018-08-27,0.3859,84.6856,1.84685598
spx,2018-08-28,0.8786,86.3083,1.86308316
spx,2018-08-29,0.2722,86.8154,1.86815416
spx,2018-08-30,0.4343,87.6268,1.87626775
spx,2018-08-31,-0.3243,87.0183,1.87018256
spx,2018-09-03,-0.4338,86.2069,1.86206897
spx,2018-09-04,0.2723,86.714,1.86713996
spx,2018-09-05,-0.4345,85.9026,1.85902637
spx,2018-09-06,-0.3819,85.1927,1.85192698
spx,2018-09-07,-0.2738,84.6856,1.84685598
spx,2018-09-10,0.4393,85.497,1.85496957
spx,2018-09-11,0.328,86.1055,1.86105477
spx,2018-09-12,0.4905,87.0183,1.87018256
spx,2018-09-13,-0.2711,86.5112,1.86511156
spx,2018-09-14,0.5982,87.6268,1.87626775
spx,2018-09-17,0.0,87.6268,1.87626775
spx,2018-09-18,-0.7568,86.2069,1.86206897
spx,2018-09-19,0.4902,87.1197,1.87119675
spx,2018-09-20,0.3252,87.7282,1.87728195
spx,2018-09-21,0.7563,89.1481,1.89148073
spx,2018-09-25,-0.3217,88.5396,1.88539554
spx,2018-09-26,0.5379,89.5538,1.89553753
spx,2018-09-27,-0.8026,88.0325,1.88032454
spx,2018-09-28,0.2157,88.4381,1.88438134
spx,2018-10-08,-0.915,86.714,1.86713996
spx,2018-10-09,0.3802,87.4239,1.87423935
spx,2018-10-10,0.2706,87.931,1.87931034
spx,2018-10-11,-4.857,78.8032,1.78803245
spx,2018-10-12,0.6807,80.0203,1.80020284
spx,2018-10-15,-0.9014,78.3976,1.78397566
spx,2018-10-16,0.398,79.1075,1.79107505
spx,2018-10-17,2.0385,82.7586,1.82758621
spx,2018-10-18,-0.4994,81.8458,1.81845842
spx,2018-10-19,-0.6135,80.7302,1.80730223
spx,2018-10-22,-0.0561,80.6288,1.80628803
spx,2018-10-23,-1.4599,77.9919,1.77991886
spx,2018-10-24,0.0,77.9919,1.77991886
spx,2018-10-25,-2.3932,73.7323,1.73732252
spx,2018-10-26,0.2919,74.2394,1.74239351
spx,2018-10-29,-0.5821,73.2252,1.73225152
spx,2018-10-30,0.0585,73.3266,1.73326572
spx,2018-10-31,1.5214,75.9635,1.75963489
spx,2018-11-01,0.5764,76.9777,1.76977688
spx,2018-11-02,1.0315,78.8032,1.78803245
spx,2018-11-05,-1.0777,76.8763,1.76876268
spx,2018-11-06,1.0894,78.8032,1.78803245
spx,2018-11-07,0.5105,79.716,1.79716024
spx,2018-11-08,1.9752,83.2657,1.8326572
spx,2018-11-09,-0.4427,82.4544,1.82454361
spx,2018-11-12,-0.1112,82.2515,1.82251521
spx,2018-11-13,-2.1146,78.3976,1.78397566
spx,2018-11-14,0.0569,78.499,1.78498986
spx,2018-11-15,-0.8523,76.9777,1.76977688
spx,2018-11-16,0.2292,77.3834,1.77383367
spx,2018-11-19,0.2859,77.8905,1.77890467
spx,2018-11-20,-1.4253,75.355,1.7535497
spx,2018-11-21,-1.4459,72.8195,1.72819473
spx,2018-11-22,-0.0587,72.7181,1.72718053
spx,2018-11-23,-0.2349,72.3124,1.72312373
spx,2018-11-26,0.2354,72.7181,1.72718053
spx,2018-11-27,0.7046,73.9351,1.73935091
spx,2018-11-28,0.8163,75.355,1.7535497
spx,2018-11-29,1.3881,77.789,1.77789047
spx,2018-11-30,0.5134,78.7018,1.78701826
spx,2018-12-03,2.1566,82.5558,1.82555781
spx,2018-12-04,-1.7222,79.4118,1.79411765
spx,2018-12-05,-1.9785,75.8621,1.75862069
spx,2018-12-06,-1.4418,73.3266,1.73326572
spx,2018-12-07,0.7022,74.5436,1.74543611
spx,2018-12-10,-2.7891,69.6755,1.69675456
spx,2018-12-11,0.8966,71.1968,1.71196755
spx,2018-12-12,0.4739,72.0081,1.72008114
spx,2018-12-13,0.2358,72.4138,1.72413793
spx,2018-12-14,-1.0,70.6897,1.70689655
spx,2018-12-17,-0.8318,69.2698,1.69269777
spx,2018-12-18,-2.157,65.6187,1.65618661
spx,2018-12-19,-0.2449,65.213,1.65212982
spx,2018-12-20,-2.2099,61.5619,1.61561866
spx,2018-12-21,-0.3139,61.0548,1.61054767
spx,2018-12-24,-2.0781,57.7079,1.57707911
spx,2018-12-25,-3.6013,52.0284,1.52028398
spx,2018-12-26,-0.2001,51.7241,1.51724138
spx,2018-12-27,4.746,58.9249,1.58924949
spx,2018-12-28,0.5743,59.8377,1.59837728
spx,2019-01-02,-0.1904,59.5335,1.59533469
spx,2019-01-03,-0.0636,59.432,1.59432049
spx,2019-01-04,-0.1272,59.2292,1.59229209
spx,2019-01-07,2.3567,62.9817,1.62981744
spx,2019-01-08,1.1201,64.8073,1.64807302
spx,2019-01-09,0.8615,66.2272,1.66227181
spx,2019-01-10,-1.0982,64.4016,1.64401623
spx,2019-01-11,0.8637,65.8215,1.65821501
spx,2019-01-14,-0.8563,64.4016,1.64401623
spx,2019-01-15,0.6169,65.4158,1.65415822
spx,2019-01-16,0.5518,66.3286,1.663286
spx,2019-01-17,-0.4878,65.5172,1.65517241
spx,2019-01-18,1.8995,68.6613,1.68661258
spx,2019-01-21,0.902,70.1826,1.70182556
spx,2019-01-22,-0.3576,69.574,1.69574037
spx,2019-01-23,-0.7775,68.2556,1.68255578
spx,2019-01-24,0.0603,68.357,1.68356998
spx,2019-01-25,0.3012,68.8641,1.68864097
spx,2019-01-28,-0.3604,68.2556,1.68255578
spx,2019-01-29,-0.5425,67.3428,1.67342799
spx,2019-01-30,-0.0606,67.2414,1.67241379
spx,2019-01-31,1.2129,69.2698,1.69269777
spx,2019-02-01,1.3182,71.501,1.71501014
spx,2019-02-11,0.414,72.211,1.72210953
spx,2019-02-12,0.6478,73.3266,1.73326572
spx,2019-02-13,1.0532,75.1521,1.7515213
spx,2019-02-14,0.2316,75.5578,1.75557809
spx,2019-02-15,-0.6355,74.4422,1.74442191
spx,2019-02-18,1.6279,77.2819,1.77281947
spx,2019-02-19,0.0,77.2819,1.77281947
spx,2019-02-20,-0.6293,76.1663,1.76166329
spx,2019-02-21,0.403,76.8763,1.76876268
spx,2019-02-22,-0.2867,76.3692,1.76369168
spx,2019-02-25,0.0575,76.4706,1.76470588
spx,2019-02-26,-0.4023,75.7606,1.75760649
spx,2019-02-27,-0.0577,75.6592,1.75659229
spx,2019-02-28,-0.2309,75.2536,1.7525355
spx,2019-03-01,0.8681,76.7748,1.76774848
spx,2019-03-04,0.4016,77.4848,1.77484787
spx,2019-03-05,-0.7429,76.1663,1.76166329
spx,2019-03-06,-0.1151,75.9635,1.75963489
spx,2019-03-07,-0.8069,74.5436,1.74543611
spx,2019-03-08,-0.6973,73.3266,1.73326572
spx,2019-03-11,0.4096,74.0365,1.74036511
spx,2019-03-12,1.3403,76.3692,1.76369168
spx,2019-03-13,-0.115,76.1663,1.76166329
spx,2019-03-14,0.9211,77.789,1.77789047
spx,2019-03-15,0.1141,77.9919,1.77991886
spx,2019-03-18,0.3419,78.6004,1.78600406
spx,2019-03-19,0.4543,79.4118,1.79411765
spx,2019-03-20,-0.2261,79.0061,1.79006085
spx,2019-03-21,-0.9065,77.3834,1.77383367
spx,2019-03-22,1.7724,80.5274,1.80527383
spx,2019-03-25,-2.2472,76.4706,1.76470588
spx,2019-03-26,0.5747,77.4848,1.77484787
spx,2019-03-27,0.7429,78.8032,1.78803245
spx,2019-03-28,-0.7374,77.4848,1.77484787
spx,2019-03-29,0.6857,78.7018,1.78701826
spx,2019-04-01,0.8513,80.2231,1.80223124
spx,2019-04-02,0.619,81.3387,1.81338742
spx,2019-04-03,0.5593,82.3529,1.82352941
spx,2019-04-04,-0.0556,82.2515,1.82251521
spx,2019-04-08,1.2243,84.4828,1.84482759
spx,2019-04-09,-0.4398,83.6714,1.836714
spx,2019-04-10,-0.7178,82.3529,1.82352941
spx,2019-04-11,0.4449,83.1643,1.831643
spx,2019-04-12,0.1661,83.4686,1.8346856
spx,2019-04-15,0.3317,84.0771,1.84077079
spx,2019-04-16,0.551,85.0913,1.85091278
spx,2019-04-17,-0.274,84.5842,1.84584178
spx,2019-04-18,-0.7692,83.1643,1.831643
spx,2019-04-19,0.5537,84.1785,1.84178499
spx,2019-04-22,0.0,84.1785,1.84178499
spx,2019-04-23,0.2753,84.6856,1.84685598
spx,2019-04-24,0.9336,86.4097,1.86409736
spx,2019-04-25,-0.0544,86.3083,1.86308316
spx,2019-04-26,0.1089,86.5112,1.86511156
spx,2019-04-29,0.7613,87.931,1.87931034
spx,2019-04-30,0.2698,88.4381,1.88438134
spx,2019-05-06,-1.5608,85.497,1.85496957
spx,2019-05-07,1.0935,87.5254,1.87525355
spx,2019-05-08,-1.7847,84.1785,1.84178499
spx,2019-05-09,0.0,84.1785,1.84178499
spx,2019-05-10,0.0551,84.2799,1.84279919
spx,2019-05-13,0.4953,85.1927,1.85192698
spx,2019-05-14,-1.2048,82.9615,1.8296146
spx,2019-05-15,0.8315,84.4828,1.84482759
spx,2019-05-16,0.0,84.4828,1.84482759
spx,2019-05-17,1.2644,86.8154,1.86815416
spx,2019-05-20,-0.0543,86.714,1.86713996
spx,2019-05-21,-0.4345,85.9026,1.85902637
spx,2019-05-22,0.2182,86.3083,1.86308316
spx,2019-05-23,-0.7077,84.9899,1.84989858
spx,2019-05-24,-0.5482,83.9757,1.83975659
spx,2019-05-27,0.0551,84.0771,1.84077079
spx,2019-05-28,0.3306,84.6856,1.84685598
spx,2019-05-29,-1.5925,81.7444,1.81744422
spx,2019-05-30,-0.1674,81.4402,1.81440162
spx,2019-05-31,-0.8385,79.9189,1.79918864
spx,2019-06-03,-0.9583,78.1947,1.78194726
spx,2019-06-04,0.3415,78.8032,1.78803245
spx,2019-06-05,2.2689,82.86,1.82860041
spx,2019-06-06,0.6101,83.9757,1.83975659
spx,2019-06-10,2.3705,88.3367,1.88336714
spx,2019-06-11,0.0539,88.4381,1.88438134
spx,2019-06-12,-0.592,87.3225,1.87322515
spx,2019-06-13,0.0,87.3225,1.87322515
spx,2019-06-14,0.4873,88.2353,1.88235294
spx,2019-06-17,0.1616,88.5396,1.88539554
spx,2019-06-18,-0.1614,88.2353,1.88235294
spx,2019-06-19,0.8621,89.858,1.89858012
spx,2019-06-20,0.5342,90.8722,1.90872211
spx,2019-06-21,-0.0531,90.7708,1.90770791
spx,2019-06-24,0.2658,91.2779,1.9127789
spx,2019-06-25,-0.4242,90.4665,1.90466531
spx,2019-06-26,-0.7987,88.9452,1.88945233
spx,2019-06-27,0.3757,89.6552,1.89655172
spx,2019-06-28,-0.2139,89.2495,1.89249493
spx,2019-07-01,2.4116,93.8134,1.93813387
spx,2019-07-02,-0.4186,93.002,1.93002028
spx,2019-07-03,0.3153,93.6105,1.93610548
spx,2019-07-04,0.8381,95.2333,1.95233266
spx,2019-07-05,-0.1558,94.929,1.94929006
spx,2019-07-08,-0.5723,93.8134,1.93813387
spx,2019-07-09,-0.471,92.9006,1.92900609
spx,2019-07-10,0.3155,93.5091,1.93509128
spx,2019-07-11,0.891,95.2333,1.95233266
spx,2019-07-12,0.4156,96.0446,1.96044625
spx,2019-07-15,0.4656,96.9574,1.96957404
spx,2019-07-16,-0.2575,96.4503,1.96450304
spx,2019-07-17,-0.6195,95.2333,1.95233266
spx,2019-07-18,-0.9351,93.4077,1.93407708
spx,2019-07-19,1.0488,95.4361,1.95436105
spx,2019-07-22,-0.467,94.5233,1.94523327
spx,2019-07-23,0.4171,95.3347,1.95334686
spx,2019-07-24,0.4673,96.2475,1.96247465
spx,2019-07-25,0.5168,97.2617,1.97261663
spx,2019-07-26,-0.3085,96.6531,1.96653144
spx,2019-07-29,0.5157,97.6673,1.97667343
spx,2019-07-30,0.0,97.6673,1.97667343
spx,2019-07-31,-0.1026,97.4645,1.97464503
spx,2019-08-01,-1.0786,95.3347,1.95334686
spx,2019-08-02,-0.2596,94.8276,1.94827586
spx,2019-08-05,-0.0521,94.7262,1.94726166
spx,2019-08-06,-2.0833,90.6694,1.90669371
spx,2019-08-07,0.6383,91.8864,1.9188641
spx,2019-08-08,0.6871,93.2049,1.93204868
spx,2019-08-09,1.2598,95.6389,1.95638945
spx,2019-08-12,0.2074,96.0446,1.96044625
spx,2019-08-13,-1.552,93.002,1.93002028
spx,2019-08-14,0.8408,94.6247,1.94624746
spx,2019-08-15,-2.0323,90.6694,1.90669371
spx,2019-08-16,0.2128,91.0751,1.91075051
spx,2019-08-19,1.6985,94.3205,1.94320487
spx,2019-08-20,0.4697,95.2333,1.95233266
spx,2019-08-21,-0.6753,93.9148,1.93914807
spx,2019-08-22,0.8891,95.6389,1.95638945
spx,2019-08-23,0.4666,96.5517,1.96551724
spx,2019-08-26,-2.0124,92.5963,1.92596349
spx,2019-08-27,1.2638,95.0304,1.95030426
spx,2019-08-28,-0.26,94.5233,1.94523327
spx,2019-08-29,0.4171,95.3347,1.95334686
spx,2019-08-30,0.9865,97.2617,1.97261663
spx,2019-09-02,-0.1028,97.0588,1.97058824
spx,2019-09-03,-0.1544,96.7546,1.96754564
spx,2019-09-04,0.567,97.8702,1.97870183
spx,2019-09-05,0.4613,98.783,1.98782961
spx,2019-09-06,0.6122,100.0,2.0
spx,2019-09-09,0.1521,100.3043,2.0030426
spx,2019-09-10,-0.557,99.1886,1.99188641
spx,2019-09-11,0.2037,99.5943,1.9959432
spx,2019-09-12,0.7622,101.1156,2.01115619
spx,2019-09-16,-0.7564,99.5943,1.9959432
spx,2019-09-17,0.3557,100.3043,2.0030426
spx,2019-09-18,0.2025,100.7099,2.00709939
spx,2019-09-19,0.1011,100.9128,2.00912779
spx,2019-09-20,0.0505,101.0142,2.01014199
spx,2019-09-23,0.0,101.0142,2.01014199
spx,2019-09-24,-0.0505,100.9128,2.00912779
spx,2019-09-25,-0.7572,99.3915,1.99391481
spx,2019-09-26,0.4069,100.2028,2.0020284
spx,2019-09-27,0.0,100.2028,2.0020284
spx,2019-09-30,-0.2026,99.7972,1.9979716
spx,2019-10-08,-0.9645,97.8702,1.97870183
spx,2019-10-09,-1.2301,95.4361,1.95436105
spx,2019-10-10,0.1557,95.7404,1.95740365
spx,2019-10-11,1.0363,97.7688,1.97768763
spx,2019-10-14,0.4615,98.6815,1.98681542
spx,2019-10-15,0.2042,99.0872,1.99087221
spx,2019-10-16,0.5604,100.2028,2.0020284
spx,2019-10-17,-0.3546,99.4929,1.99492901
spx,2019-10-18,0.0508,99.5943,1.9959432
spx,2019-10-21,-0.0508,99.4929,1.99492901
spx,2019-10-22,0.6609,100.8114,2.00811359
spx,2019-10-23,-0.6061,99.5943,1.9959432
spx,2019-10-24,0.4573,100.5071,2.00507099
spx,2019-10-25,0.1012,100.7099,2.00709939
spx,2019-10-28,0.5053,101.7241,2.01724138
spx,2019-10-29,0.4525,102.6369,2.02636917
spx,2019-10-30,-0.0501,102.5355,2.02535497
spx,2019-10-31,0.1002,102.7383,2.02738337
spx,2019-11-01,0.05,102.8398,2.02839757
spx,2019-11-04,0.55,103.9554,2.03955375
spx,2019-11-05,0.1989,104.3611,2.04361055
spx,2019-11-06,-0.6452,103.0426,2.03042596
spx,2019-11-07,0.1998,103.4483,2.03448276
spx,2019-11-08,-0.0997,103.2454,2.03245436
spx,2019-11-11,0.2495,103.7525,2.03752535
spx,2019-11-12,0.3982,104.5639,2.04563895
spx,2019-11-13,-0.0496,104.4625,2.04462475
spx,2019-11-14,0.3472,105.1724,2.05172414
spx,2019-11-15,0.346,105.8824,2.05882353
spx,2019-11-18,1.3793,108.7221,2.0872211
spx,2019-11-19,1.1662,111.1562,2.11156187
spx,2019-11-20,-1.3929,108.215,2.0821501
spx,2019-11-21,-0.8768,106.3895,2.06389452
spx,2019-11-22,0.0983,106.5923,2.06592292
spx,2019-11-25,0.6382,107.9108,2.07910751
spx,2019-11-26,0.7317,109.432,2.09432049
spx,2019-11-27,0.339,110.142,2.10141988
spx,2019-11-28,0.4826,111.1562,2.11156187
spx,2019-11-29,0.0961,111.359,2.11359026
spx,2019-12-02,1.1036,113.6917,2.13691684
spx,2019-12-03,-1.6137,110.2434,2.10243408
spx,2019-12-04,-1.1577,107.8093,2.07809331
spx,2019-12-05,0.0976,108.0122,2.0801217
spx,2019-12-06,0.3413,108.7221,2.0872211
spx,2019-12-09,0.9232,110.6491,2.10649087
spx,2019-12-10,-0.337,109.9391,2.09939148
spx,2019-12-11,-0.0966,109.7363,2.09736308
spx,2019-12-12,0.5803,110.9533,2.10953347
spx,2019-12-13,0.2885,111.5619,2.11561866
spx,2019-12-16,0.1918,111.9675,2.11967546
spx,2019-12-17,0.5742,113.1846,2.13184584
spx,2019-12-18,-0.5233,112.069,2.12068966
spx,2019-12-19,-0.3348,111.359,2.11359026
spx,2019-12-20,0.6238,112.6775,2.12677485
spx,2019-12-23,0.8107,114.4016,2.14401623
spx,2019-12-24,0.0473,114.503,2.14503043
spx,2019-12-25,-0.3783,113.6917,2.13691684
spx,2019-12-26,0.5221,114.8073,2.14807302
spx,2019-12-27,0.5666,116.0243,2.16024341
spx,2019-12-30,-0.2347,115.5172,2.15517241
spx,2019-12-31,-0.6588,114.0974,2.14097363
spx,2020-01-02,0.8527,115.9229,2.15922921
spx,2020-01-03,1.0333,118.1542,2.18154158
spx,2020-01-06,-1.9526,113.8945,2.13894523
spx,2020-01-07,0.4267,114.8073,2.14807302
spx,2020-01-08,-1.2276,112.1704,2.12170385
spx,2020-01-09,1.195,114.7059,2.14705882
spx,2020-01-10,1.0392,116.9371,2.1693712
spx,2020-01-13,-0.2805,116.3286,2.163286
spx,2020-01-14,0.7032,117.8499,2.17849899
spx,2020-01-15,-0.3259,117.14,2.17139959
spx,2020-01-16,-0.5605,115.9229,2.15922921
spx,2020-01-17,0.3288,116.6329,2.1663286
spx,2020-01-20,0.0936,116.8357,2.168357
spx,2020-01-21,0.0,116.8357,2.168357
spx,2020-01-22,0.7951,118.5598,2.18559838
spx,2020-01-23,-0.3248,117.8499,2.17849899
spx,2020-02-03,-1.5363,114.503,2.14503043
spx,2020-02-04,0.6619,115.9229,2.15922921
spx,2020-02-05,0.6106,117.2414,2.17241379
spx,2020-02-06,1.774,121.0953,2.21095335
spx,2020-02-07,0.2294,121.6024,2.21602434
spx,2020-02-10,0.1831,122.0081,2.22008114
spx,2020-02-11,1.3705,125.0507,2.2505071
spx,2020-02-12,1.7575,129.0061,2.29006085
spx,2020-02-13,4.0301,138.2353,2.38235294
spx,2020-02-14,-4.2997,127.9919,2.27991886
spx,2020-02-17,0.6228,129.4118,2.29411765
spx,2020-02-18,-1.4147,126.1663,2.26166329
spx,2020-02-19,-0.3139,125.4564,2.25456389
spx,2020-02-20,0.6748,126.9777,2.26977688
spx,2020-02-21,-0.983,124.7464,2.2474645
spx,2020-02-24,-2.1661,119.8783,2.19878296
spx,2020-02-25,-0.0461,119.7769,2.19776876
spx,2020-02-26,-2.6304,113.9959,2.13995943
spx,2020-02-27,-0.5687,112.7789,2.12778905
spx,2020-02-28,-3.2412,105.8824,2.05882353
spx,2020-03-02,1.9212,109.8377,2.09837728
spx,2020-03-03,-0.4833,108.8235,2.08823529
spx,2020-03-04,-1.2142,106.288,2.06288032
spx,2020-03-05,1.3766,109.1278,2.09127789
spx,2020-03-06,-2.1823,104.5639,2.04563895
spx,2020-03-09,-5.4536,93.4077,1.93407708
spx,2020-03-10,3.0414,99.2901,1.99290061
spx,2020-03-11,-1.8321,95.6389,1.95638945
spx,2020-03-12,-3.577,88.641,1.88640974
spx,2020-03-13,-1.9892,84.8884,1.84888438
spx,2020-03-16,-2.4136,80.426,1.80425963
spx,2020-03-17,-0.8432,78.9047,1.78904665
spx,2020-03-18,-3.3447,72.9209,1.72920892
spx,2020-03-19,-0.2933,72.4138,1.72413793
spx,2020-03-20,3.4118,78.2961,1.78296146
spx,2020-03-23,-6.0296,67.5456,1.67545639
spx,2020-03-24,3.9346,74.1379,1.74137931
spx,2020-03-25,3.9604,81.0345,1.81034483
spx,2020-03-26,-1.1765,78.9047,1.78904665
spx,2020-03-27,0.2268,79.3103,1.79310345
spx,2020-03-30,-1.5837,76.4706,1.76470588
spx,2020-03-31,1.3793,78.9047,1.78904665
spx,2020-04-01,-2.2109,74.9493,1.7494929
spx,2020-04-02,1.0435,76.7748,1.76774848
spx,2020-04-03,-1.0327,74.9493,1.7494929
spx,2020-04-07,4.9275,83.57,1.8356998
spx,2020-04-08,-0.7735,82.1501,1.82150101
spx,2020-04-09,2.951,87.5254,1.87525355
spx,2020-04-10,-0.1082,87.3225,1.87322515
spx,2020-04-13,-0.8663,85.6998,1.85699797
spx,2020-04-14,1.9661,89.3509,1.89350913
spx,2020-04-15,0.8034,90.8722,1.90872211
spx,2020-04-16,-0.5845,89.7566,1.89756592
spx,2020-04-17,2.1913,93.9148,1.93914807
spx,2020-04-20,0.0,93.9148,1.93914807
spx,2020-04-21,-2.0397,89.9594,1.89959432
spx,2020-04-22,-1.1212,87.8296,1.87829615
spx,2020-04-23,1.0259,89.7566,1.89756592
spx,2020-04-24,-0.6414,88.5396,1.88539554
spx,2020-04-27,2.0979,92.4949,1.92494929
spx,2020-04-28,0.9484,94.3205,1.94320487
spx,2020-04-29,0.7829,95.8418,1.95841785
spx,2020-04-30,2.0715,99.8986,1.9989858
spx,2020-05-06,-1.2177,97.4645,1.97464503
spx,2020-05-07,-1.2327,95.0304,1.95030426
spx,2020-05-08,0.936,96.856,1.96855984
spx,2020-05-11,1.0819,98.9858,1.98985801
spx,2020-05-12,-1.4271,96.146,1.96146045
spx,2020-05-13,-1.1375,93.9148,1.93914807
spx,2020-05-14,-1.5167,90.9736,1.90973631
spx,2020-05-15,1.3277,93.5091,1.93509128
spx,2020-05-18,1.4675,96.3489,1.96348884
spx,2020-05-19,2.5826,101.4199,2.01419878
spx,2020-05-20,-1.1581,99.0872,1.99087221
spx,2020-05-21,0.2547,99.5943,1.9959432
spx,2020-05-22,-0.7114,98.1744,1.98174442
spx,2020-05-25,1.6888,101.5213,2.01521298
spx,2020-05-26,1.6105,104.7667,2.04766734
spx,2020-05-27,0.0,104.7667,2.04766734
spx,2020-05-28,1.1887,107.2008,2.07200811
spx,2020-05-29,-0.6853,105.7809,2.05780933
spx,2020-06-01,0.1971,106.1866,2.06186613
spx,2020-06-02,0.1476,106.4909,2.06490872
spx,2020-06-03,1.277,109.1278,2.09127789
spx,2020-06-04,0.388,109.9391,2.09939148
spx,2020-06-05,0.8213,111.6633,2.11663286
spx,2020-06-08,1.4375,114.7059,2.14705882
spx,2020-06-09,1.4171,117.7485,2.17748479
spx,2020-06-10,-0.2329,117.2414,2.17241379
spx,2020-06-11,-2.7077,111.359,2.11359026
spx,2020-06-12,-3.071,104.8682,2.04868154
spx,2020-06-15,-2.9208,98.8844,1.98884381
spx,2020-06-16,4.9465,108.7221,2.0872211
spx,2020-06-17,1.0204,110.8519,2.10851927
spx,2020-06-18,-0.9139,108.9249,2.08924949
spx,2020-06-19,0.5825,110.142,2.10141988
spx,2020-06-22,-1.11,107.8093,2.07809331
spx,2020-06-23,0.8297,109.5335,2.09533469
spx,2020-06-24,0.242,110.0406,2.10040568
spx,2020-06-29,-3.1386,103.4483,2.03448276
spx,2020-06-30,0.349,104.1582,2.04158215
spx,2020-07-01,1.4903,107.2008,2.07200811
spx,2020-07-02,0.7832,108.8235,2.08823529
spx,2020-07-03,0.5828,110.0406,2.10040568
spx,2020-07-06,0.7243,111.5619,2.11561866
spx,2020-07-07,-0.8629,109.7363,2.09736308
spx,2020-07-08,-0.4352,108.8235,2.08823529
spx,2020-07-09,0.1457,109.1278,2.09127789
spx,2020-07-10,-1.2124,106.5923,2.06592292
spx,2020-07-13,2.5037,111.7647,2.11764706
spx,2020-07-14,-0.7663,110.142,2.10141988
spx,2020-07-15,1.4961,113.286,2.13286004
spx,2020-07-16,-0.3804,112.4746,2.12474645
spx,2020-07-17,0.5251,113.5903,2.13590264
spx,2020-07-20,-0.4274,112.6775,2.12677485
spx,2020-07-21,1.6691,116.2272,2.16227181
spx,2020-07-22,-0.2814,115.6187,2.15618661
spx,2020-07-23,1.0348,117.8499,2.17849899
spx,2020-07-24,-1.9088,113.6917,2.13691684
spx,2020-07-27,0.0949,113.8945,2.13894523
spx,2020-07-28,0.569,115.1116,2.15111562
spx,2020-07-29,-0.2357,114.6045,2.14604462
spx,2020-07-30,0.3781,115.4158,2.15415822
spx,2020-07-31,0.4708,116.43,2.1643002
spx,2020-08-03,0.0937,116.6329,2.1663286
spx,2020-08-04,0.8427,118.4584,2.18458418
spx,2020-08-05,0.325,119.1684,2.19168357
spx,2020-08-06,0.6941,120.6897,2.20689655
spx,2020-08-07,1.057,123.0223,2.23022312
spx,2020-08-10,0.6367,124.4422,2.24442191
spx,2020-08-11,-0.3615,123.6308,2.23630832
spx,2020-08-12,-0.8163,121.8053,2.21805274
spx,2020-08-13,1.1431,124.3408,2.24340771
spx,2020-08-14,0.0,124.3408,2.24340771
spx,2020-08-17,0.0,124.3408,2.24340771
spx,2020-08-18,-0.1356,124.0365,2.24036511
spx,2020-08-19,0.5885,125.355,2.2535497
spx,2020-08-20,-1.1701,122.7181,2.22718053
spx,2020-08-21,0.4554,123.7323,2.23732252
spx,2020-08-24,0.9519,125.8621,2.25862069
spx,2020-08-25,2.5595,131.643,2.31643002
spx,2020-08-26,-1.0946,129.1075,2.29107505
spx,2020-08-27,1.328,132.1501,2.32150101
spx,2020-08-28,0.7427,133.8742,2.33874239
spx,2020-08-31,0.8673,135.9026,2.35902637
spx,2020-09-01,-1.3328,132.7586,2.32758621
spx,2020-09-02,1.6993,136.714,2.36713996
spx,2020-09-03,5.6127,150.0,2.5
spx,2020-09-04,-6.0041,134.9899,2.34989858
spx,2020-09-07,-4.618,124.1379,2.24137931
spx,2020-09-08,1.8552,128.2961,2.28296146
spx,2020-09-09,-3.6873,119.8783,2.19878296
spx,2020-09-10,1.2454,122.6166,2.22616633
spx,2020-09-11,-1.0023,120.3854,2.20385396
spx,2020-09-14,0.1381,120.6897,2.20689655
spx,2020-09-15,0.0919,120.8925,2.20892495
spx,2020-09-16,0.5051,122.0081,2.22008114
spx,2020-09-17,-1.9644,117.6471,2.17647059
spx,2020-09-18,0.3728,118.4584,2.18458418
spx,2020-09-21,-1.2999,115.6187,2.15618661
spx,2020-09-22,-1.27,112.8803,2.12880325
spx,2020-09-23,1.0005,115.0101,2.15010142
spx,2020-09-24,-2.2642,110.142,2.10141988
spx,2020-09-25,0.8205,111.8661,2.11866126
spx,2020-09-28,1.6754,115.4158,2.15415822
spx,2020-09-29,1.0829,117.7485,2.17748479
spx,2020-09-30,-1.0713,115.4158,2.15415822
spx,2020-10-09,3.2015,122.3124,2.22312373
spx,2020-10-12,0.6843,123.8337,2.23833671
spx,2020-10-13,1.6312,127.4848,2.27484787
spx,2020-10-14,-0.4012,126.572,2.26572008
spx,2020-10-15,-1.5667,123.0223,2.23022312
spx,2020-10-16,0.5002,124.1379,2.24137931
spx,2020-10-19,0.0905,124.3408,2.24340771
spx,2020-10-20,-1.6275,120.6897,2.20689655
spx,2020-10-21,0.2757,121.2982,2.21298174
spx,2020-10-22,-1.2374,118.5598,2.18559838
spx,2020-10-23,0.8353,120.3854,2.20385396
spx,2020-10-26,-0.5522,119.1684,2.19168357
spx,2020-10-27,-0.2776,118.5598,2.18559838
spx,2020-10-28,-1.3457,115.6187,2.15618661
spx,2020-10-29,-1.7874,111.7647,2.11764706
spx,2020-10-30,-1.9157,107.7079,2.07707911
spx,2020-11-02,0.9766,109.7363,2.09736308
spx,2020-11-03,1.8375,113.5903,2.13590264
spx,2020-11-04,1.6144,117.0385,2.1703854
spx,2020-11-05,1.2617,119.7769,2.19776876
spx,2020-11-06,0.4153,120.6897,2.20689655
spx,2020-11-09,1.5625,124.1379,2.24137931
spx,2020-11-10,-0.4525,123.1237,2.23123732
spx,2020-11-11,0.4545,124.1379,2.24137931
spx,2020-11-12,0.181,124.5436,2.24543611
spx,2020-11-13,-0.0903,124.3408,2.24340771
spx,2020-11-16,1.3562,127.3834,2.27383367
spx,2020-11-17,-0.3568,126.572,2.26572008
spx,2020-11-18,-0.9848,124.3408,2.24340771
spx,2020-11-19,-0.0452,124.2394,2.24239351
spx,2020-11-20,-0.4071,123.3266,2.23326572
spx,2020-11-23,-0.1362,123.0223,2.23022312
spx,2020-11-24,1.5007,126.3692,2.26369168
spx,2020-11-25,0.7616,128.0933,2.28093306
spx,2020-11-26,0.0,128.0933,2.28093306
spx,2020-11-27,-0.2668,127.4848,2.27484787
spx,2020-11-30,-0.4904,126.3692,2.26369168
spx,2020-12-01,1.0753,128.8032,2.28803245
spx,2020-12-02,-0.266,128.1947,2.28194726
spx,2020-12-03,0.4,129.1075,2.29107505
spx,2020-12-04,-0.2656,128.499,2.28498986
spx,2020-12-07,0.3995,129.4118,2.29411765
spx,2020-12-08,-0.221,128.9047,2.28904665
spx,2020-12-09,0.8861,130.9331,2.30933063
spx,2020-12-10,-0.5709,129.6146,2.29614604
spx,2020-12-11,0.0442,129.716,2.29716024
spx,2020-12-14,0.3091,130.426,2.30425963
spx,2020-12-15,-0.8803,128.3976,2.28397566
spx,2020-12-16,0.7993,130.2231,2.30223124
spx,2020-12-17,0.3524,131.0345,2.31034483
spx,2020-12-18,0.3073,131.7444,2.31744422
spx,2020-12-21,-0.2626,131.1359,2.31135903
spx,2020-12-22,-0.9215,129.0061,2.29006085
spx,2020-12-23,0.0886,129.2089,2.29208925
spx,2020-12-24,0.2655,129.8174,2.29817444
spx,2020-12-25,0.2648,130.426,2.30425963
spx,2020-12-28,0.4842,131.5416,2.31541582
spx,2020-12-29,0.9198,133.6714,2.336714
spx,2020-12-30,-0.651,132.1501,2.32150101
spx,2020-12-31,0.1311,132.4544,2.32454361
spx,2021-01-04,-0.5236,131.2373,2.31237323
spx,2021-01-05,-1.5351,127.6876,2.27687627
spx,2021-01-06,0.1782,128.0933,2.28093306
spx,2021-01-07,1.5118,131.5416,2.31541582
spx,2021-01-08,1.5331,135.0913,2.35091278
spx,2021-01-11,-0.4314,134.0771,2.34077079
spx,2021-01-12,0.1733,134.4828,2.34482759
spx,2021-01-13,-0.2595,133.8742,2.33874239
spx,2021-01-14,0.6505,135.3955,2.35395538
spx,2021-01-15,-0.8617,133.3671,2.3336714
spx,2021-01-18,-0.3042,132.6572,2.32657201
spx,2021-01-19,0.7411,134.3813,2.34381339
spx,2021-01-20,-0.1731,133.9757,2.33975659
spx,2021-01-21,1.7339,138.0325,2.38032454
spx,2021-01-22,-0.5113,136.8154,2.36815416
spx,2021-01-25,0.5567,138.1339,2.38133874
spx,2021-01-26,-0.8944,136.0041,2.36004057
spx,2021-01-27,0.4727,137.1197,2.37119675
spx,2021-01-28,-2.6091,130.9331,2.30933063
spx,2021-01-29,0.1757,131.3387,2.31338742
spx,2021-02-01,-0.6138,129.9189,2.29918864
spx,2021-02-02,1.6762,133.7728,2.33772819
spx,2021-02-03,1.128,136.4097,2.36409736
spx,2021-02-04,-0.0429,136.3083,2.36308316
spx,2021-02-05,1.6738,140.2637,2.40263692
spx,2021-02-08,0.0422,140.3651,2.40365112
spx,2021-02-09,0.5907,141.785,2.4178499
spx,2021-02-10,-0.0839,141.5821,2.4158215
spx,2021-02-18,0.1259,141.8864,2.4188641
spx,2021-02-19,-0.2935,141.1765,2.41176471
spx,2021-02-22,-0.3364,140.3651,2.40365112
spx,2021-02-23,0.0,140.3651,2.40365112
spx,2021-02-24,-0.8017,138.4381,2.38438134
spx,2021-02-25,1.6589,142.3935,2.42393509
spx,2021-02-26,-2.6778,135.9026,2.35902637
spx,2021-03-01,0.7309,137.6268,2.37626775
spx,2021-03-02,1.4511,141.0751,2.41075051
spx,2021-03-03,-0.0421,140.9736,2.40973631
spx,2021-03-04,-2.0623,136.0041,2.36004057
spx,2021-03-05,-0.9884,133.6714,2.336714
spx,2021-03-08,2.1267,138.641,2.38640974
spx,2021-03-09,0.935,140.8722,2.40872211
spx,2021-03-10,-0.0842,140.6694,2.40669371
spx,2021-03-11,1.6013,144.5233,2.44523327
spx,2021-03-12,0.083,144.7262,2.44726166
spx,2021-03-15,0.6216,146.2475,2.46247465
spx,2021-03-16,0.6178,147.7688,2.47768763
spx,2021-03-17,-0.4093,146.7546,2.46754564
spx,2021-03-18,0.0822,146.9574,2.46957404
spx,2021-03-19,-1.232,143.9148,2.43914807
spx,2021-03-22,0.0,143.9148,2.43914807
spx,2021-03-23,0.4574,145.0304,2.45030426
spx,2021-03-24,-0.6623,143.4077,2.43407708
spx,2021-03-25,-0.0417,143.3063,2.43306288
spx,2021-03-26,1.1255,146.0446,2.46044625
spx,2021-03-29,0.742,147.8702,2.47870183
spx,2021-03-30,0.6547,149.4929,2.49492901
spx,2021-03-31,-0.4878,148.2759,2.48275862
spx,2021-04-01,1.0212,150.8114,2.50811359
spx,2021-04-02,0.9705,153.2454,2.53245436
spx,2021-04-06,1.3216,156.5923,2.56592292
spx,2021-04-07,-0.1581,156.1866,2.56186613
spx,2021-04-08,0.3959,157.2008,2.57200811
spx,2021-04-09,0.1972,157.7079,2.57707911
spx,2021-04-12,0.669,159.432,2.59432049
spx,2021-04-13,-0.0391,159.3306,2.59330629
spx,2021-04-14,0.4693,160.5477,2.60547667
spx,2021-04-15,-0.1946,160.0406,2.60040568
spx,2021-04-16,0.741,161.9675,2.61967546
spx,2021-04-19,-0.1161,161.6633,2.61663286
spx,2021-04-20,-0.7752,159.6349,2.59634888
spx,2021-04-21,-0.6641,157.9108,2.57910751
spx,2021-04-22,0.5899,159.432,2.59432049
spx,2021-04-23,-0.8991,157.0994,2.57099391
spx,2021-04-26,0.9862,159.6349,2.59634888
spx,2021-04-27,0.5078,160.9533,2.60953347
spx,2021-04-28,-0.1555,160.5477,2.60547667
spx,2021-04-29,0.4282,161.6633,2.61663286
spx,2021-04-30,0.0,161.6633,2.61663286
spx,2021-05-06,-0.5426,160.2434,2.60243408
spx,2021-05-07,0.5066,161.5619,2.61561866
spx,2021-05-10,0.2326,162.1704,2.62170385
spx,2021-05-11,-1.5087,158.215,2.5821501
spx,2021-05-12,-0.7463,156.288,2.56288032
spx,2021-05-13,-1.8599,151.5213,2.51521298
spx,2021-05-14,1.5323,155.3753,2.55375254
spx,2021-05-17,0.7943,157.4037,2.57403651
spx,2021-05-18,0.2758,158.1136,2.5811359
spx,2021-05-19,-1.611,153.9554,2.53955375
spx,2021-05-20,-0.1198,153.6511,2.53651116
spx,2021-05-21,1.2795,156.8966,2.56896552
spx,2021-05-24,0.1579,157.3022,2.57302231
spx,2021-05-25,0.5518,158.7221,2.5872211
spx,2021-05-26,-0.4312,157.6065,2.57606491
spx,2021-05-27,-0.7087,155.7809,2.55780933
spx,2021-05-28,0.5948,157.3022,2.57302231
spx,2021-05-31,-0.1971,156.7951,2.56795132
spx,2021-06-01,0.079,156.998,2.56997972
spx,2021-06-02,-0.0395,156.8966,2.56896552
spx,2021-06-03,0.1579,157.3022,2.57302231
spx,2021-06-04,-0.1577,156.8966,2.56896552
spx,2021-06-07,0.9475,159.3306,2.59330629
spx,2021-06-08,0.0,159.3306,2.59330629
spx,2021-06-09,0.0391,159.432,2.59432049
spx,2021-06-10,-0.3518,158.5193,2.5851927
spx,2021-06-11,0.3138,159.3306,2.59330629
spx,2021-06-15,0.6257,160.9533,2.60953347
spx,2021-06-16,-0.3498,160.0406,2.60040568
spx,2021-06-17,-0.507,158.7221,2.5872211
spx,2021-06-18,0.4704,159.9391,2.59939148
spx,2021-06-21,-1.3266,156.4909,2.56490872
spx,2021-06-22,1.898,161.359,2.61359026
spx,2021-06-23,0.8925,163.6917,2.63691684
spx,2021-06-24,-0.1538,163.286,2.63286004
spx,2021-06-25,0.2696,163.9959,2.63995943
spx,2021-06-28,0.1921,164.503,2.64503043
spx,2021-06-29,0.0383,164.6045,2.64604462
spx,2021-06-30,0.2683,165.3144,2.65314402
spx,2021-07-01,0.2676,166.0243,2.66024341
spx,2021-07-02,0.8387,168.2556,2.68255578
spx,2021-07-05,0.5293,169.6755,2.69675456
spx,2021-07-06,0.188,170.1826,2.70182556
spx,2021-07-07,-0.1502,169.7769,2.69776876
spx,2021-07-08,-0.3008,168.9655,2.68965517
spx,2021-07-09,0.0754,169.1684,2.69168357
spx,2021-07-12,0.8666,171.501,2.71501014
spx,2021-07-13,-0.0747,171.2982,2.71298174
spx,2021-07-14,-0.1495,170.8925,2.70892495
spx,2021-07-15,0.1123,171.1968,2.71196755
spx,2021-07-16,-0.2244,170.5882,2.70588235
spx,2021-07-19,-0.8246,168.357,2.68356998
spx,2021-07-20,-0.3779,167.3428,2.67342799
spx,2021-07-21,0.7208,169.2698,2.69269777
spx,2021-07-22,0.6026,170.8925,2.70892495
spx,2021-07-23,0.0,170.8925,2.70892495
spx,2021-07-26,0.8237,173.1237,2.73123732
spx,2021-07-27,0.4827,174.4422,2.74442191
spx,2021-07-28,-0.1109,174.1379,2.74137931
spx,2021-07-29,-0.222,173.5294,2.73529412
spx,2021-07-30,-0.6303,171.8053,2.71805274
spx,2021-08-02,0.8955,174.2394,2.74239351
spx,2021-08-03,-0.4808,172.9209,2.72920892
spx,2021-08-04,0.3344,173.8337,2.73833671
spx,2021-08-05,-0.2222,173.2252,2.73225152
spx,2021-08-06,0.5197,174.645,2.7464503
spx,2021-08-09,0.2585,175.355,2.7535497
spx,2021-08-10,-0.1105,175.0507,2.7505071
spx,2021-08-11,0.1475,175.4564,2.75456389
spx,2021-08-12,0.0736,175.6592,2.75659229
spx,2021-08-13,0.6623,177.4848,2.77484787
spx,2021-08-16,-0.402,176.3692,2.76369168
spx,2021-08-17,0.2202,176.9777,2.76977688
spx,2021-08-18,-0.0732,176.7748,2.76774848
spx,2021-08-19,-1.6123,172.3124,2.72312373
spx,2021-08-20,0.5587,173.8337,2.73833671
spx,2021-08-23,1.4074,177.6876,2.77687627
spx,2021-08-24,0.5478,179.2089,2.79208925
spx,2021-08-25,-0.3269,178.2961,2.78296146
spx,2021-08-26,0.0729,178.499,2.78498986
spx,2021-08-27,0.0728,178.7018,2.78701826
spx,2021-08-30,0.3639,179.716,2.79716024
spx,2021-08-31,0.7977,181.9473,2.81947262
spx,2021-09-01,-0.036,181.8458,2.81845842
spx,2021-09-02,-0.6117,180.1217,2.80121704
spx,2021-09-03,0.3983,181.2373,2.81237323
spx,2021-09-06,-0.1082,180.9331,2.80933063
spx,2021-09-07,0.0,180.9331,2.80933063
spx,2021-09-08,-0.4693,179.6146,2.79614604
spx,2021-09-09,-0.3264,178.7018,2.78701826
spx,2021-09-10,0.0364,178.8032,2.78803245
spx,2021-09-13,-0.7275,176.7748,2.76774848
spx,2021-09-14,-0.0366,176.6734,2.76673428
spx,2021-09-15,-0.6232,174.9493,2.7494929
spx,2021-09-16,0.3689,175.9635,2.75963489
spx,2021-09-17,0.5513,177.4848,2.77484787
spx,2021-09-22,-2.0468,171.8053,2.71805274
spx,2021-09-23,0.7836,173.9351,2.73935091
spx,2021-09-24,0.6294,175.6592,2.75659229
spx,2021-09-27,0.6255,177.3834,2.77383367
spx,2021-09-28,-0.9506,174.7465,2.7474645
spx,2021-09-29,-1.5135,170.5882,2.70588235
spx,2021-09-30,0.5622,172.1095,2.72109533
spx,2021-10-08,-0.0745,171.9067,2.71906694
spx,2021-10-11,-0.5968,170.284,2.70283976
spx,2021-10-12,-1.0131,167.5456,2.67545639
spx,2021-10-13,0.5307,168.9655,2.68965517
spx,2021-10-14,0.905,171.3996,2.71399594
spx,2021-10-15,1.2706,174.8479,2.7484787
spx,2021-10-18,0.0,174.8479,2.7484787
spx,2021-10-19,0.6642,176.6734,2.76673428
spx,2021-10-20,0.2566,177.3834,2.77383367
spx,2021-10-21,0.0,177.3834,2.77383367
spx,2021-10-22,0.4388,178.6004,2.78600406
spx,2021-10-25,0.0,178.6004,2.78600406
spx,2021-10-26,0.6917,180.5274,2.80527383
spx,2021-10-27,-0.0723,180.3245,2.80324544
spx,2021-10-28,-0.398,179.2089,2.79208925
spx,2021-10-29,0.1816,179.716,2.79716024
spx,2021-11-01,1.2328,183.1643,2.831643
spx,2021-11-02,-0.2149,182.5558,2.82555781
spx,2021-11-03,0.682,184.4828,2.84482759
spx,2021-11-04,0.5348,186.0041,2.86004057
spx,2021-11-05,0.4255,187.2211,2.87221095
spx,2021-11-08,0.1059,187.5254,2.87525355
spx,2021-11-09,-0.0353,187.4239,2.87423935
spx,2021-11-10,-0.4234,186.2069,2.86206897
spx,2021-11-11,-0.2481,185.497,2.85496957
spx,2021-11-12,-0.071,185.2941,2.85294118
spx,2021-11-15,0.6754,187.2211,2.87221095
spx,2021-11-16,-0.2825,186.4097,2.86409736
spx,2021-11-17,0.6728,188.3367,2.88336714
spx,2021-11-18,-0.3517,187.3225,2.87322515
spx,2021-11-19,0.6354,189.1481,2.89148073
spx,2021-11-22,-0.1403,188.7424,2.88742394
spx,2021-11-23,-0.8781,186.2069,2.86206897
spx,2021-11-24,0.3544,187.2211,2.87221095
spx,2021-11-25,0.6709,189.1481,2.89148073
spx,2021-11-26,-1.5082,184.787,2.84787018
spx,2021-11-29,-0.0712,184.5842,2.84584178
spx,2021-11-30,-0.6058,182.86,2.82860041
spx,2021-12-01,-0.3944,181.7444,2.81744422
spx,2021-12-02,-1.3679,177.8905,2.77890467
spx,2021-12-03,0.6569,179.716,2.79716024
spx,2021-12-06,-0.2901,178.9047,2.78904665
spx,2021-12-07,1.2,182.2515,2.82251521
spx,2021-12-08,1.5451,186.6126,2.86612576
spx,2021-12-09,0.0,186.6126,2.86612576
spx,2021-12-10,-0.46,185.2941,2.85294118
spx,2021-12-13,1.1376,188.5396,2.88539554
spx,2021-12-14,-1.1599,185.1927,2.85192698
spx,2021-12-15,-0.5334,183.6714,2.836714
spx,2021-12-16,2.1094,189.6552,2.89655172
spx,2021-12-17,-1.7157,184.6856,2.84685598
spx,2021-12-20,-1.6031,180.1217,2.80121704
spx,2021-12-21,0.5431,181.643,2.81643002
spx,2021-12-22,0.8282,183.9757,2.83975659
spx,2021-12-23,1.0714,187.0183,2.87018256
spx,2021-12-24,0.5654,188.641,2.88640974
spx,2021-12-27,0.1757,189.1481,2.89148073
spx,2021-12-28,1.0873,192.2921,2.92292089
spx,2021-12-29,0.2082,192.9006,2.92900609
spx,2021-12-30,-0.0346,192.7992,2.92799189
spx,2021-12-31,-0.2771,191.9878,2.9198783
spx,2022-01-04,0.6252,193.8134,2.93813387
spx,2022-01-05,-0.3797,192.6978,2.92697769
spx,2022-01-06,-2.3909,185.6998,2.85699797
spx,2022-01-07,0.639,187.5254,2.87525355
spx,2022-01-10,-0.6702,185.5984,2.85598377
spx,2022-01-11,-0.4261,184.3813,2.84381339
spx,2022-01-12,1.1412,187.6268,2.87626775
spx,2022-01-13,-0.2468,186.9168,2.86916836
spx,2022-01-14,-0.9544,184.1785,2.84178499
spx,2022-01-17,-0.2855,183.3671,2.8336714
spx,2022-01-18,-0.3937,182.2515,2.82251521
spx,2022-01-19,-1.581,177.789,2.77789047
spx,2022-01-20,-0.5476,176.2677,2.76267748
spx,2022-01-21,-1.9824,170.7911,2.70791075
spx,2022-01-24,-1.1985,167.5456,2.67545639
spx,2022-01-25,-1.2509,164.1988,2.64198783
spx,2022-01-26,-0.1536,163.7931,2.63793103
spx,2022-01-27,-1.8839,158.8235,2.58823529
spx,2022-01-28,1.7633,163.3874,2.63387424
spx,2022-02-07,3.6966,173.1237,2.73123732
spx,2022-02-08,-0.2228,172.5152,2.72515213
spx,2022-02-09,1.3026,176.0649,2.76064909
spx,2022-02-10,1.1756,179.3103,2.79310345
spx,2022-02-11,-2.7233,171.7039,2.71703854
spx,2022-02-14,-0.8959,169.2698,2.69269777
spx,2022-02-15,-0.6403,167.5456,2.67545639
spx,2022-02-16,1.2509,170.8925,2.70892495
spx,2022-02-17,-0.2621,170.1826,2.70182556
spx,2022-02-18,-1.3514,166.5314,2.6653144
spx,2022-02-21,-0.4186,165.4158,2.65415822
spx,2022-02-22,-2.1399,159.7363,2.59736308
spx,2022-02-23,0.5076,161.0548,2.61054767
spx,2022-02-24,-4.2347,150.0,2.5
spx,2022-02-25,2.7992,156.998,2.56997972
spx,2022-02-28,0.7498,158.9249,2.58924949
spx,2022-03-01,2.0368,164.1988,2.64198783
spx,2022-03-02,-1.4971,160.2434,2.60243408
spx,2022-03-03,1.7927,164.9087,2.64908722
spx,2022-03-04,-0.9188,162.4746,2.62474645
spx,2022-03-07,-1.3138,159.0264,2.59026369
spx,2022-03-08,-3.1715,150.8114,2.50811359
spx,2022-03-09,1.0918,153.5497,2.53549696
spx,2022-03-10,1.8,158.1136,2.5811359
spx,2022-03-11,-0.0393,158.0122,2.5801217
spx,2022-03-14,-0.2752,157.3022,2.57302231
spx,2022-03-15,-1.3402,153.854,2.53853955
spx,2022-03-16,2.6768,160.6491,2.60649087
spx,2022-03-17,1.9455,165.7201,2.65720081
spx,2022-03-18,0.687,167.5456,2.67545639
spx,2022-03-21,1.4026,171.2982,2.71298174
spx,2022-03-22,0.1121,171.6024,2.71602434
spx,2022-03-23,1.643,176.0649,2.76064909
spx,2022-03-24,-1.2491,172.6166,2.72616633
spx,2022-03-25,1.5253,176.7748,2.76774848
spx,2022-03-28,0.2199,177.3834,2.77383367
spx,2022-03-30,-49.1773,40.9736,1.40973631
spx,2022-03-31,-0.2158,40.6694,1.40669371
spx,2022-04-01,-1.1536,39.0467,1.39046653
spx,2022-04-06,0.0,39.0467,1.39046653
spx,2022-04-07,-1.3858,37.1197,1.37119675
spx,2022-04-08,0.9615,38.4381,1.38438134
spx,2022-04-11,-0.8791,37.2211,1.37221095
spx,2022-04-12,-1.9217,34.5842,1.34584178
spx,2022-04-13,0.8289,35.6998,1.35699797
spx,2022-04-14,0.6726,36.6126,1.36612576
spx,2022-04-15,-0.9651,35.2941,1.35294118
spx,2022-04-18,-0.7496,34.2799,1.34279919
spx,2022-04-19,0.7553,35.2941,1.35294118
spx,2022-04-20,1.5742,37.4239,1.37423935
spx,2022-04-21,1.2546,39.1481,1.39148073
spx,2022-04-22,-1.312,37.3225,1.37322515
spx,2022-04-25,-3.2496,32.86,1.32860041
spx,2022-04-26,1.8321,35.2941,1.35294118
spx,2022-04-27,-2.3988,32.0487,1.32048682
spx,2022-04-28,1.3057,33.7728,1.33772819
spx,2022-04-29,1.5921,35.9026,1.35902637
spx,2022-05-05,0.0746,36.0041,1.36004057
spx,2022-05-06,-2.3863,32.7586,1.32758621
spx,2022-05-09,-0.5348,32.0487,1.32048682
spx,2022-05-10,-1.8433,29.6146,1.29614604
spx,2022-05-11,-0.0782,29.5132,1.29513185
spx,2022-05-12,-1.7228,27.2819,1.27281947
spx,2022-05-13,1.5936,29.3103,1.29310345
spx,2022-05-16,0.4706,29.9189,1.29918864
spx,2022-05-17,0.4684,30.5274,1.30527383
spx,2022-05-18,0.9324,31.7444,1.31744422
spx,2022-05-19,-3.6952,26.8763,1.26876268
spx,2022-05-20,-0.6395,26.0649,1.26064909
spx,2022-05-23,0.3218,26.4706,1.26470588
spx,2022-05-24,-0.8019,25.4564,1.25456389
spx,2022-05-25,0.8892,26.572,1.26572008
spx,2022-05-26,0.8814,27.6876,1.27687627
spx,2022-05-27,2.224,30.5274,1.30527383
spx,2022-05-30,1.7094,32.7586,1.32758621
spx,2022-05-31,-0.382,32.2515,1.32251521
spx,2022-06-01,0.2301,32.5558,1.32555781
spx,2022-06-02,-1.1477,31.0345,1.31034483
spx,2022-06-06,0.3096,31.4402,1.31440162
spx,2022-06-07,-0.5401,30.7302,1.30730223
spx,2022-06-08,1.2413,32.3529,1.32352941
spx,2022-06-09,-0.8429,31.2373,1.31237323
spx,2022-06-10,-1.7774,28.9047,1.28904665
spx,2022-06-13,-4.1699,23.5294,1.23529412
spx,2022-06-14,-1.0673,22.211,1.22210953
spx,2022-06-15,-1.0788,20.8925,1.20892495
spx,2022-06-16,-0.3356,20.4868,1.20486815
spx,2022-06-17,-1.5993,18.5598,1.18559838
spx,2022-06-20,-0.1711,18.357,1.18356998
spx,2022-06-21,1.1997,19.7769,1.19776876
spx,2022-06-22,0.0847,19.8783,1.19878296
spx,2022-06-23,0.6768,20.6897,1.20689655
spx,2022-06-24,1.5966,22.6166,1.22616633
spx,2022-06-27,2.1505,25.2536,1.2525355
spx,2022-06-28,0.1619,25.4564,1.25456389
spx,2022-06-29,-2.3444,22.5152,1.22515213
spx,2022-06-30,-1.0762,21.1968,1.21196755
spx,2022-07-01,-0.3347,20.7911,1.20791075
spx,2022-07-04,1.2594,22.3124,1.22312373
spx,2022-07-05,0.8292,23.3266,1.23326572
spx,2022-07-06,-0.4934,22.7181,1.22718053
spx,2022-07-07,0.9091,23.8337,1.23833671
spx,2022-07-08,0.7371,24.7464,1.2474645
spx,2022-07-11,-0.5691,24.0365,1.24036511
spx,2022-07-12,-0.4906,23.428,1.23427992
spx,2022-07-13,0.0,23.428,1.23427992
spx,2022-07-14,-1.0682,22.1095,1.22109533
spx,2022-07-15,0.4153,22.6166,1.22616633
spx,2022-07-18,2.316,25.4564,1.25456389
spx,2022-07-19,-1.2126,23.9351,1.23935091
spx,2022-07-20,3.0278,27.6876,1.27687627
spx,2022-07-21,0.2383,27.9919,1.27991886
spx,2022-07-22,0.7132,28.9047,1.28904665
spx,2022-07-25,-0.8655,27.789,1.27789047
spx,2022-07-26,-0.0794,27.6876,1.27687627
spx,2022-07-27,0.3177,28.0933,1.28093306
spx,2022-07-28,1.1085,29.5132,1.29513185
spx,2022-07-29,2.1143,32.2515,1.32251521
spx,2022-08-01,0.4601,32.86,1.32860041
spx,2022-08-02,-0.3053,32.4544,1.32454361
spx,2022-08-03,0.0,32.4544,1.32454361
spx,2022-08-04,0.9954,33.7728,1.33772819
spx,2022-08-05,0.3791,34.2799,1.34279919
spx,2022-08-08,0.3021,34.6856,1.34685598
spx,2022-08-09,-0.5271,33.9757,1.33975659
spx,2022-08-10,-0.6056,33.1643,1.331643
spx,2022-08-11,2.2087,36.1055,1.36105477
spx,2022-08-12,0.0,36.1055,1.36105477
spx,2022-08-15,1.4158,38.0325,1.38032454
spx,2022-08-16,0.8817,39.2495,1.39249493
spx,2022-08-17,0.0728,39.3509,1.39350913
spx,2022-08-18,-0.655,38.4381,1.38438134
spx,2022-08-19,0.1465,38.641,1.38640974
spx,2022-08-22,-1.0241,37.2211,1.37221095
spx,2022-08-23,-1.3304,35.3955,1.35395538
spx,2022-08-24,0.0,35.3955,1.35395538
spx,2022-08-25,1.1985,37.0183,1.37018256
spx,2022-08-26,0.5181,37.7282,1.37728195
spx,2022-08-29,-3.2401,33.2657,1.3326572
spx,2022-08-30,0.3044,33.6714,1.336714
spx,2022-08-31,-0.9863,32.3529,1.32352941
spx,2022-09-01,-1.7625,30.0203,1.30020284
spx,2022-09-02,1.014,31.3387,1.31338742
spx,2022-09-05,-0.3089,30.9331,1.30933063
spx,2022-09-06,0.0,30.9331,1.30933063
spx,2022-09-07,-0.7746,29.9189,1.29918864
spx,2022-09-08,1.7955,32.2515,1.32251521
spx,2022-09-09,0.6135,33.0629,1.3306288
spx,2022-09-13,2.5152,36.4097,1.36409736
spx,2022-09-14,-4.0892,30.8316,1.30831643
spx,2022-09-15,0.0775,30.9331,1.30933063
spx,2022-09-16,-1.6266,28.8032,1.28803245
spx,2022-09-19,-0.2362,28.499,1.28498986
spx,2022-09-20,1.3418,30.2231,1.30223124
spx,2022-09-21,-1.324,28.499,1.28498986
spx,2022-09-22,-1.7364,26.2677,1.26267748
spx,2022-09-23,-0.5622,25.5578,1.25557809
spx,2022-09-26,-1.7771,23.3266,1.23326572
spx,2022-09-27,1.2336,24.8479,1.2484787
spx,2022-09-28,-1.2185,23.3266,1.23326572
spx,2022-09-29,1.8092,25.5578,1.25557809
spx,2022-09-30,-1.8578,23.2252,1.23225152
spx,2022-10-10,-0.6584,22.4138,1.22413793
spx,2022-10-11,-0.1657,22.211,1.22210953
spx,2022-10-12,0.5809,22.9209,1.22920892
spx,2022-10-13,-0.8251,21.9067,1.21906694
spx,2022-10-14,3.1614,25.7606,1.25760649
spx,2022-10-17,-1.9355,23.3266,1.23326572
spx,2022-10-18,3.2895,27.3834,1.27383367
spx,2022-10-19,-0.2389,27.0791,1.27079108
spx,2022-10-20,-0.8779,25.9635,1.25963489
spx,2022-10-21,-0.8052,24.9493,1.2494929
spx,2022-10-24,2.5974,28.1947,1.28194726
spx,2022-10-25,1.8987,30.6288,1.30628803
spx,2022-10-26,-0.1553,30.426,1.30425963
spx,2022-10-27,0.9331,31.643,1.31643002
spx,2022-10-28,-1.772,29.3103,1.29310345
spx,2022-10-31,3.5294,33.8742,1.33874239
spx,2022-11-01,0.3788,34.3813,1.34381339
spx,2022-11-02,-0.9057,33.1643,1.331643
spx,2022-11-03,-1.904,30.6288,1.30628803
spx,2022-11-04,-1.0093,29.3103,1.29310345
spx,2022-11-07,0.7059,30.2231,1.30223124
spx,2022-11-08,1.0125,31.5416,1.31541582
spx,2022-11-09,0.3855,32.0487,1.32048682
spx,2022-11-10,-1.4593,30.1217,1.30121704
spx,2022-11-11,4.3648,35.8012,1.35801217
spx,2022-11-14,-1.1202,34.2799,1.34279919
spx,2022-11-15,0.1511,34.4828,1.34482759
spx,2022-11-16,0.7541,35.497,1.35496957
spx,2022-11-17,-0.0749,35.3955,1.35395538
spx,2022-11-18,-0.6742,34.4828,1.34482759
spx,2022-11-21,0.7541,35.497,1.35496957
spx,2022-11-22,-0.2246,35.1927,1.35192698
spx,2022-11-23,1.3503,37.0183,1.37018256
spx,2022-11-24,0.7402,38.0325,1.38032454
spx,2022-11-25,0.4409,38.641,1.38640974
spx,2022-11-28,-0.4389,38.0325,1.38032454
spx,2022-11-29,-1.1021,36.5112,1.36511156
spx,2022-11-30,-0.6686,35.5984,1.35598377
spx,2022-12-01,1.9447,38.2353,1.38235294
spx,2022-12-02,-0.3668,37.7282,1.37728195
spx,2022-12-05,-1.5464,35.5984,1.35598377
spx,2022-12-06,-1.5707,33.4686,1.3346856
spx,2022-12-07,-1.3678,31.643,1.31643002
spx,2022-12-08,-0.2311,31.3387,1.31338742
spx,2022-12-09,0.7722,32.3529,1.32352941
spx,2022-12-12,-0.8429,31.2373,1.31237323
spx,2022-12-13,1.5456,33.2657,1.3326572
spx,2022-12-14,0.8371,34.3813,1.34381339
spx,2022-12-15,-0.9057,33.1643,1.331643
spx,2022-12-16,-2.2087,30.2231,1.30223124
spx,2022-12-19,-1.0903,28.8032,1.28803245
spx,2022-12-20,-1.4961,26.8763,1.26876268
spx,2022-12-21,1.199,28.3976,1.28397566
spx,2022-12-22,1.1848,29.9189,1.29918864
spx,2022-12-23,-1.171,28.3976,1.28397566
spx,2022-12-26,0.316,28.8032,1.28803245
spx,2022-12-27,0.315,29.2089,1.29208925
spx,2022-12-28,-1.0989,27.789,1.27789047
spx,2022-12-29,-1.2698,26.1663,1.26166329
spx,2022-12-30,0.8842,27.2819,1.27281947
spx,2023-01-03,-0.3984,26.7748,1.26774848
spx,2023-01-04,-0.4,26.2677,1.26267748
spx,2023-01-05,0.0803,26.3692,1.26369168
spx,2023-01-06,-0.6421,25.5578,1.25557809
spx,2023-01-09,1.2924,27.1805,1.27180527
spx,2023-01-10,-0.4785,26.572,1.26572008
spx,2023-01-11,0.641,27.3834,1.27383367
spx,2023-01-12,0.6369,28.1947,1.28194726
spx,2023-01-13,-0.2373,27.8905,1.27890467
spx,2023-01-16,0.0793,27.9919,1.27991886
spx,2023-01-17,0.3962,28.499,1.28498986
spx,2023-01-18,0.4736,29.1075,1.29107505
spx,2023-01-19,-1.9639,26.572,1.26572008
spx,2023-01-20,0.1603,26.7748,1.26774848
spx,2023-01-30,2.72,30.2231,1.30223124
spx,2023-01-31,-0.8567,29.1075,1.29107505
spx,2023-02-01,1.3354,30.8316,1.30831643
spx,2023-02-02,1.0078,32.1501,1.32150101
spx,2023-02-03,0.8442,33.2657,1.3326572
spx,2023-02-06,-0.3805,32.7586,1.32758621
spx,2023-02-07,0.1528,32.9615,1.3296146
spx,2023-02-08,1.0679,34.3813,1.34381339
spx,2023-02-09,-0.3774,33.8742,1.33874239
spx,2023-02-10,-1.3636,32.0487,1.32048682
spx,2023-02-13,0.5376,32.7586,1.32758621
spx,2023-02-14,1.2987,34.4828,1.34482759
spx,2023-02-15,-0.2262,34.1785,1.34178499
spx,2023-02-16,1.1338,35.6998,1.35699797
spx,2023-02-17,-1.6442,33.4686,1.3346856
spx,2023-02-20,0.076,33.57,1.3356998
spx,2023-02-21,-0.3037,33.1643,1.331643
spx,2023-02-22,-1.1424,31.643,1.31643002
spx,2023-02-23,0.1541,31.8458,1.31845842
spx,2023-02-24,0.5385,32.5558,1.32555781
spx,2023-02-27,-0.4591,31.9473,1.31947262
spx,2023-02-28,0.0,31.9473,1.31947262
spx,2023-03-01,-0.7686,30.9331,1.30933063
spx,2023-03-02,-1.007,29.6146,1.29614604
spx,2023-03-03,1.0955,31.0345,1.31034483
spx,2023-03-06,1.8576,33.4686,1.3346856
spx,2023-03-07,0.304,33.8742,1.33874239
spx,2023-03-08,-1.2121,32.2515,1.32251521
spx,2023-03-09,0.2301,32.5558,1.32555781
spx,2023-03-10,-2.4484,29.3103,1.29310345
spx,2023-03-13,0.1569,29.5132,1.29513185
spx,2023-03-14,-2.036,26.8763,1.26876268
spx,2023-03-15,1.6787,29.0061,1.29006085
spx,2023-03-16,-0.6289,28.1947,1.28194726
spx,2023-03-17,1.3449,29.9189,1.29918864
spx,2023-03-20,-1.7174,27.6876,1.27687627
spx,2023-03-21,1.7474,29.9189,1.29918864
spx,2023-03-22,1.0929,31.3387,1.31338742
spx,2023-03-23,-1.6216,29.2089,1.29208925
spx,2023-03-24,0.157,29.4118,1.29411765
spx,2023-03-27,1.2539,31.0345,1.31034483
spx,2023-03-28,-0.0774,30.9331,1.30933063
spx,2023-03-29,0.3873,31.4402,1.31440162
spx,2023-03-30,0.6944,32.3529,1.32352941
spx,2023-03-31,0.2299,32.6572,1.32657201
spx,2023-04-03,1.3761,34.4828,1.34482759
spx,2023-04-04,0.6033,35.2941,1.35294118
spx,2023-04-06,-0.9745,33.9757,1.33975659
spx,2023-04-07,0.3785,34.4828,1.34482759
spx,2023-04-10,-0.0754,34.3813,1.34381339
spx,2023-04-11,0.5283,35.0913,1.35091278
spx,2023-04-12,-0.1502,34.8884,1.34888438
spx,2023-04-13,-0.3759,34.3813,1.34381339
spx,2023-04-14,0.5283,35.0913,1.35091278
spx,2023-04-17,0.5255,35.8012,1.35801217
spx,2023-04-18,0.1494,36.0041,1.36004057
spx,2023-04-19,0.0,36.0041,1.36004057
spx,2023-04-20,-0.0746,35.9026,1.35902637
spx,2023-04-21,-0.2985,35.497,1.35496957
spx,2023-04-24,-0.1497,35.2941,1.35294118
spx,2023-04-25,0.3748,35.8012,1.35801217
spx,2023-04-26,-0.6721,34.8884,1.34888438
spx,2023-04-27,-0.5263,34.1785,1.34178499
spx,2023-04-28,1.5117,36.2069,1.36206897
spx,2023-05-04,-0.8935,34.9899,1.34989858
spx,2023-05-05,-0.3757,34.4828,1.34482759
spx,2023-05-08,1.3575,36.3083,1.36308316
spx,2023-05-09,0.0744,36.4097,1.36409736
spx,2023-05-10,0.0,36.4097,1.36409736
spx,2023-05-11,0.5204,37.1197,1.37119675
spx,2023-05-12,0.074,37.2211,1.37221095
spx,2023-05-15,0.0,37.2211,1.37221095
spx,2023-05-16,-0.0739,37.1197,1.37119675
spx,2023-05-17,0.2219,37.4239,1.37423935
spx,2023-05-18,1.3284,39.2495,1.39249493
spx,2023-05-19,1.5295,41.3793,1.4137931
spx,2023-05-22,-0.4304,40.7708,1.40770791
spx,2023-05-23,0.4323,41.3793,1.4137931
spx,2023-05-24,-0.9326,40.0609,1.40060852
spx,2023-05-25,-0.0724,39.9594,1.39959432
spx,2023-05-26,-0.0725,39.858,1.39858012
spx,2023-05-29,2.0305,42.6978,1.42697769
spx,2023-05-30,0.4264,43.3063,1.43306288
spx,2023-05-31,-0.7785,42.1907,1.42190669
spx,2023-06-01,0.1427,42.3935,1.42393509
spx,2023-06-02,0.5698,43.2049,1.43204868
spx,2023-06-05,1.8414,45.8418,1.45841785
spx,2023-06-06,-0.3477,45.3347,1.45334686
spx,2023-06-07,0.4885,46.0446,1.46044625
spx,2023-06-08,-0.4861,45.3347,1.45334686
spx,2023-06-09,0.5583,46.146,1.46146045
spx,2023-06-12,0.8328,47.3631,1.47363083
spx,2023-06-13,1.2388,49.1886,1.49188641
spx,2023-06-14,0.3399,49.6957,1.4969574
spx,2023-06-15,-0.271,49.2901,1.49290061
spx,2023-06-16,0.8152,50.5071,1.50507099
spx,2023-06-19,0.0,50.5071,1.50507099
spx,2023-06-20,0.2022,50.8114,1.50811359
spx,2023-06-21,0.0,50.8114,1.50811359
spx,2023-06-26,-0.3362,50.3043,1.5030426
spx,2023-06-27,-0.5398,49.4929,1.49492901
spx,2023-06-28,1.0176,51.0142,1.51014199
spx,2023-06-29,0.4701,51.7241,1.51724138
spx,2023-06-30,0.4679,52.4341,1.52434077
spx,2023-07-03,1.2641,54.3611,1.54361055
spx,2023-07-04,-0.3942,53.7525,1.53752535
spx,2023-07-05,-0.066,53.6511,1.53651116
spx,2023-07-06,-0.198,53.3469,1.53346856
spx,2023-07-07,-0.6614,52.3327,1.52332657
spx,2023-07-10,-0.6658,51.3185,1.51318458
spx,2023-07-11,0.4692,52.0284,1.52028398
spx,2023-07-12,0.467,52.7383,1.52738337
spx,2023-07-13,0.664,53.7525,1.53752535
spx,2023-07-14,-0.1979,53.4483,1.53448276
spx,2023-07-17,0.5288,54.2596,1.54259635
spx,2023-07-18,0.4602,54.9696,1.54969574
spx,2023-07-19,1.5707,57.4037,1.57403651
spx,2023-07-20,-0.7088,56.288,1.56288032
spx,2023-07-21,-0.3245,55.7809,1.55780933
spx,2023-07-24,0.3255,56.288,1.56288032
spx,2023-07-25,-0.1947,55.9838,1.55983773
spx,2023-07-26,0.1951,56.288,1.56288032
spx,2023-07-27,0.2596,56.6937,1.56693712
spx,2023-07-28,-0.712,55.5781,1.55578093
spx,2023-07-31,0.3259,56.0852,1.56085193
spx,2023-08-01,0.6498,57.0994,1.57099391
spx,2023-08-02,-0.7747,55.8824,1.55882353
spx,2023-08-03,-0.9109,54.4625,1.54462475
spx,2023-08-04,0.197,54.7667,1.54766734
spx,2023-08-07,-0.5242,53.9554,1.53955375
spx,2023-08-08,0.7246,55.071,1.55070994
spx,2023-08-09,0.0,55.071,1.55070994
spx,2023-08-10,-0.5232,54.2596,1.54259635
spx,2023-08-11,0.0657,54.3611,1.54361055
spx,2023-08-14,0.1971,54.6653,1.54665314
spx,2023-08-15,1.0492,56.288,1.56288032
spx,2023-08-16,-1.1032,54.5639,1.54563895
spx,2023-08-17,-0.5906,53.6511,1.53651116
spx,2023-08-18,-1.1881,51.8256,1.51825558
spx,2023-08-21,0.4008,52.4341,1.52434077
spx,2023-08-22,0.3992,53.0426,1.53042596
spx,2023-08-23,0.0663,53.144,1.53144016
spx,2023-08-24,1.457,55.3753,1.55375254
spx,2023-08-25,-2.0235,52.2312,1.52231237
spx,2023-08-28,0.9327,53.6511,1.53651116
spx,2023-08-29,0.5941,54.5639,1.54563895
spx,2023-08-30,1.378,56.6937,1.56693712
spx,2023-08-31,0.5178,57.5051,1.57505071
spx,2023-09-01,-0.5795,56.5923,1.56592292
spx,2023-09-04,0.1943,56.8966,1.56896552
spx,2023-09-05,0.0646,56.998,1.56997972
spx,2023-09-06,0.0,56.998,1.56997972
spx,2023-09-07,-0.8398,55.6795,1.55679513
spx,2023-09-08,0.5863,56.5923,1.56592292
spx,2023-09-11,-0.5181,55.7809,1.55780933
spx,2023-09-12,0.3255,56.288,1.56288032
spx,2023-09-13,-0.7138,55.1724,1.55172414
spx,2023-09-14,0.4575,55.8824,1.55882353
spx,2023-09-15,0.7157,56.998,1.56997972
spx,2023-09-18,-1.0982,55.2738,1.55273834
spx,2023-09-19,-0.0653,55.1724,1.55172414
spx,2023-09-20,-0.1307,54.9696,1.54969574
spx,2023-09-21,-1.0471,53.3469,1.53346856
spx,2023-09-22,-1.2566,51.4199,1.51419878
spx,2023-09-25,-0.2009,51.1156,1.51115619
spx,2023-09-26,-0.4698,50.4057,1.5040568
spx,2023-09-27,-0.5394,49.5943,1.4959432
spx,2023-09-28,-0.2712,49.1886,1.49188641
spx,2023-10-09,-0.068,49.0872,1.49087221
spx,2023-10-10,1.3605,51.1156,1.51115619
spx,2023-10-11,0.604,52.0284,1.52028398
spx,2023-10-12,0.7338,53.144,1.53144016
spx,2023-10-13,-0.8609,51.8256,1.51825558
spx,2023-10-16,-0.0668,51.7241,1.51724138
spx,2023-10-17,0.7353,52.8398,1.52839757
spx,2023-10-18,-0.1327,52.6369,1.52636917
spx,2023-10-19,-1.3289,50.6085,1.50608519
spx,2023-10-20,-1.2121,48.783,1.48782961
spx,2023-10-23,-0.6817,47.7688,1.47768763
spx,2023-10-24,-0.1373,47.5659,1.47565923
spx,2023-10-25,0.0687,47.6673,1.47667343
spx,2023-10-26,-1.5797,45.3347,1.45334686
spx,2023-10-27,0.0,45.3347,1.45334686
spx,2023-10-30,-0.4187,44.7262,1.44726166
spx,2023-10-31,0.2803,45.1318,1.45131846
spx,2023-11-01,1.0482,46.6531,1.46653144
spx,2023-11-02,1.1757,48.3773,1.48377282
spx,2023-11-03,1.5721,50.7099,1.50709939
spx,2023-11-06,0.5384,51.5213,1.51521298
spx,2023-11-07,-0.1339,51.3185,1.51318458
spx,2023-11-08,0.3351,51.8256,1.51825558
spx,2023-11-09,0.5344,52.6369,1.52636917
spx,2023-11-10,-0.7973,51.4199,1.51419878
spx,2023-11-13,1.3396,53.4483,1.53448276
spx,2023-11-14,0.3305,53.9554,1.53955375
spx,2023-11-15,1.3834,56.0852,1.56085193
spx,2023-11-16,0.13,56.288,1.56288032
spx,2023-11-17,-0.0649,56.1866,1.56186613
spx,2023-11-20,-1.039,54.5639,1.54563895
spx,2023-11-21,0.3937,55.1724,1.55172414
spx,2023-11-22,-0.1307,54.9696,1.54969574
spx,2023-11-23,0.3272,55.4767,1.55476673
spx,2023-11-24,0.1305,55.6795,1.55679513
spx,2023-11-27,-0.0651,55.5781,1.55578093
spx,2023-11-28,0.0652,55.6795,1.55679513
spx,2023-11-29,-0.1954,55.3753,1.55375254
spx,2023-11-30,-0.0653,55.2738,1.55273834
spx,2023-12-01,0.5225,56.0852,1.56085193
spx,2023-12-04,0.5198,56.8966,1.56896552
spx,2023-12-05,-0.8403,55.5781,1.55578093
spx,2023-12-06,0.7823,56.7951,1.56795132
spx,2023-12-07,-0.8409,55.4767,1.55476673
spx,2023-12-08,0.7828,56.6937,1.56693712
spx,2023-12-11,0.9061,58.1136,1.5811359
spx,2023-12-12,0.5131,58.9249,1.58924949
spx,2023-12-13,0.5743,59.8377,1.59837728
spx,2023-12-14,1.0787,61.5619,1.61561866
spx,2023-12-15,-0.4394,60.8519,1.60851927
spx,2023-12-18,0.4414,61.5619,1.61561866
spx,2023-12-19,0.5022,62.3732,1.62373225
spx,2023-12-20,0.4997,63.1846,1.63184584
spx,2023-12-21,-1.3052,61.0548,1.61054767
spx,2023-12-22,0.5668,61.9675,1.61967546
spx,2023-12-25,0.1879,62.2718,1.62271805
spx,2023-12-26,0.3125,62.7789,1.62778905
spx,2023-12-27,0.1869,63.0832,1.63083164
spx,2023-12-28,-0.1866,62.7789,1.62778905
spx,2023-12-29,-0.1246,62.5761,1.62576065
spx,2024-01-02,0.2495,62.9817,1.62981744
spx,2024-01-03,-0.7467,61.7647,1.61764706
spx,2024-01-04,-0.3762,61.1562,1.61156187
spx,2024-01-05,-0.4405,60.4462,1.60446247
spx,2024-01-08,0.1264,60.6491,1.60649087
spx,2024-01-09,1.7045,63.3874,1.63387424
spx,2024-01-10,-0.0621,63.286,1.63286004
spx,2024-01-11,0.8075,64.6045,1.64604462
spx,2024-01-12,-0.4313,63.8945,1.63894523
spx,2024-01-15,0.495,64.7059,1.64705882
spx,2024-01-16,-0.4926,63.8945,1.63894523
spx,2024-01-17,-0.4332,63.1846,1.63184584
spx,2024-01-18,0.0622,63.286,1.63286004
spx,2024-01-19,0.9938,64.9087,1.64908722
spx,2024-01-22,1.599,67.5456,1.67545639
spx,2024-01-23,0.2421,67.9513,1.67951318
spx,2024-01-24,1.087,69.7769,1.69776876
spx,2024-01-25,-0.4779,68.9655,1.68965517
spx,2024-01-26,-0.7203,67.7485,1.67748479
spx,2024-01-29,0.4232,68.4584,1.68458418
spx,2024-01-30,1.2041,70.4868,1.70486815
spx,2024-01-31,-0.4164,69.7769,1.69776876
spx,2024-02-01,-0.8363,68.357,1.68356998
spx,2024-02-02,1.6867,71.1968,1.71196755
spx,2024-02-05,0.4147,71.9067,1.71906694
spx,2024-02-06,0.0,71.9067,1.71906694
spx,2024-02-07,0.354,72.5152,1.72515213
spx,2024-02-08,2.5867,76.9777,1.76977688
spx,2024-02-19,-0.4585,76.1663,1.76166329
spx,2024-02-20,-0.3454,75.5578,1.75557809
spx,2024-02-21,-0.8088,74.1379,1.74137931
spx,2024-02-22,1.3978,76.572,1.76572008
spx,2024-02-23,1.436,79.1075,1.79107505
spx,2024-02-26,-0.6229,77.9919,1.77991886
spx,2024-02-27,0.3419,78.6004,1.78600406
spx,2024-02-28,1.2493,80.8316,1.80831643
spx,2024-02-29,-0.6169,79.716,1.79716024
spx,2024-03-01,0.5079,80.6288,1.80628803
spx,2024-03-04,0.7299,81.9473,1.81947262
spx,2024-03-05,-0.2787,81.4402,1.81440162
spx,2024-03-06,-0.4472,80.6288,1.80628803
spx,2024-03-07,-0.2807,80.1217,1.80121704
spx,2024-03-08,1.3514,82.5558,1.82555781
spx,2024-03-11,-0.3333,81.9473,1.81947262
spx,2024-03-12,-0.3344,81.3387,1.81338742
spx,2024-03-13,-0.2796,80.8316,1.80831643
spx,2024-03-14,0.0561,80.9331,1.80933063
spx,2024-03-15,-0.5045,80.0203,1.80020284
spx,2024-03-18,0.338,80.6288,1.80628803
spx,2024-03-19,-0.393,79.9189,1.79918864
spx,2024-03-20,0.9019,81.5416,1.81541582
spx,2024-03-21,2.0112,85.1927,1.85192698
spx,2024-03-22,0.6024,86.3083,1.86308316
spx,2024-03-25,-0.6532,85.0913,1.85091278
spx,2024-03-26,0.3836,85.8012,1.85801217
spx,2024-03-27,0.655,87.0183,1.87018256
spx,2024-03-28,1.3015,89.4523,1.89452333
spx,2024-03-29,-0.6424,88.2353,1.88235294
spx,2024-04-01,-0.3772,87.5254,1.87525355
spx,2024-04-02,-0.3786,86.8154,1.86815416
spx,2024-04-03,-2.1716,82.7586,1.82758621
spx,2024-04-08,0.2775,83.2657,1.8326572
spx,2024-04-09,0.332,83.8742,1.83874239
spx,2024-04-10,-0.1655,83.57,1.8356998
spx,2024-04-11,-1.2155,81.3387,1.81338742
spx,2024-04-12,0.783,82.7586,1.82758621
spx,2024-04-15,-1.0544,80.8316,1.80831643
spx,2024-04-16,-2.3556,76.572,1.76572008
spx,2024-04-17,-0.4021,75.8621,1.75862069
spx,2024-04-18,-0.2307,75.4564,1.75456389
spx,2024-04-19,-1.2139,73.3266,1.73326572
spx,2024-04-22,0.4096,74.0365,1.74036511
spx,2024-04-23,0.6993,75.2536,1.7525355
spx,2024-04-24,2.1991,79.1075,1.79107505
spx,2024-04-25,-1.5289,76.3692,1.76369168
spx,2024-04-26,0.4025,77.0791,1.77079108
spx,2024-04-29,0.4582,77.8905,1.77890467
spx,2024-04-30,0.2281,78.2961,1.78296146
spx,2024-05-06,0.0569,78.3976,1.78397566
spx,2024-05-07,1.0233,80.2231,1.80223124
spx,2024-05-08,0.3939,80.9331,1.80933063
spx,2024-05-09,-0.2803,80.426,1.80425963
spx,2024-05-10,1.1242,82.4544,1.82454361
spx,2024-05-13,0.4447,83.2657,1.8326572
spx,2024-05-14,0.0,83.2657,1.8326572
spx,2024-05-15,1.0515,85.1927,1.85192698
spx,2024-05-16,1.3143,87.6268,1.87626775
spx,2024-05-17,-0.3243,87.0183,1.87018256
spx,2024-05-20,-0.5423,86.0041,1.86004057
spx,2024-05-21,0.0545,86.1055,1.86105477
spx,2024-05-22,0.4905,87.0183,1.87018256
spx,2024-05-23,0.2711,87.5254,1.87525355
spx,2024-05-24,-1.6766,84.3813,1.84381339
spx,2024-05-27,0.8801,86.0041,1.86004057
spx,2024-05-28,0.2181,86.4097,1.86409736
spx,2024-05-29,-0.4897,85.497,1.85496957
spx,2024-05-30,-1.2575,83.1643,1.831643
spx,2024-05-31,0.0554,83.2657,1.8326572
spx,2024-06-03,1.5495,86.1055,1.86105477
spx,2024-06-04,0.1635,86.4097,1.86409736
spx,2024-06-05,0.4897,87.3225,1.87322515
spx,2024-06-06,1.4077,89.9594,1.89959432
spx,2024-06-07,0.4805,90.8722,1.90872211
spx,2024-06-11,0.3719,91.5822,1.9158215
spx,2024-06-12,0.1588,91.8864,1.9188641
spx,2024-06-13,0.8985,93.6105,1.93610548
spx,2024-06-14,-0.3143,93.002,1.93002028
spx,2024-06-17,-0.5255,91.9878,1.9198783
spx,2024-06-18,0.4754,92.9006,1.92900609
spx,2024-06-19,0.1052,93.1034,1.93103448
spx,2024-06-20,0.8929,94.8276,1.94827586
spx,2024-06-21,-0.3644,94.1176,1.94117647
spx,2024-06-24,-0.209,93.712,1.93711968
spx,2024-06-25,-0.1571,93.4077,1.93407708
spx,2024-06-26,1.3634,96.0446,1.96044625
spx,2024-06-27,0.776,97.5659,1.97565923
spx,2024-06-28,1.1807,99.8986,1.9989858
spx,2024-07-01,-0.2029,99.4929,1.99492901
spx,2024-07-02,0.2034,99.8986,1.9989858
spx,2024-07-03,1.4206,102.7383,2.02738337
spx,2024-07-04,-1.1006,100.5071,2.00507099
spx,2024-07-05,0.8093,102.1298,2.02129817
spx,2024-07-08,0.3011,102.7383,2.02738337
spx,2024-07-09,-0.1501,102.4341,2.02434077
spx,2024-07-10,-0.5511,101.3185,2.01318458
spx,2024-07-11,0.9572,103.2454,2.03245436
spx,2024-07-12,-1.497,100.2028,2.0020284
spx,2024-07-15,2.5329,105.2738,2.05273834
spx,2024-07-16,0.1976,105.6795,2.05679513
spx,2024-07-17,1.2327,108.215,2.0821501
spx,2024-07-18,-1.2664,105.5781,2.05578093
spx,2024-07-19,-2.368,100.7099,2.00709939
spx,2024-07-22,-1.1622,98.3773,1.98377282
spx,2024-07-23,1.3804,101.1156,2.01115619
spx,2024-07-24,-0.7564,99.5943,1.9959432
spx,2024-07-25,-2.8963,93.8134,1.93813387
spx,2024-07-26,0.8373,95.4361,1.95436105
spx,2024-07-29,2.3352,100.0,2.0
spx,2024-07-30,-0.5071,98.9858,1.98985801
spx,2024-07-31,-0.7136,97.5659,1.97565923
spx,2024-08-01,1.232,100.0,2.0
spx,2024-08-02,-3.0426,93.9148,1.93914807
spx,2024-08-05,-6.6423,81.0345,1.81034483
spx,2024-08-06,1.0644,82.9615,1.8296146
spx,2024-08-07,0.388,83.6714,1.836714
spx,2024-08-08,-0.6626,82.4544,1.82454361
spx,2024-08-09,2.0011,86.1055,1.86105477
spx,2024-08-12,1.3624,88.641,1.88640974
spx,2024-08-13,1.4516,91.3793,1.9137931
spx,2024-08-14,1.8548,94.929,1.94929006
spx,2024-08-15,1.3528,97.5659,1.97565923
spx,2024-08-16,1.386,100.3043,2.0030426
spx,2024-08-19,-1.6709,96.9574,1.96957404
spx,2024-08-20,1.2358,99.3915,1.99391481
spx,2024-08-21,0.0509,99.4929,1.99492901
spx,2024-08-22,0.2034,99.8986,1.9989858
spx,2024-08-23,-0.3551,99.1886,1.99188641
spx,2024-08-26,0.7128,100.6085,2.00608519
spx,2024-08-27,0.0,100.6085,2.00608519
spx,2024-08-28,0.9606,102.5355,2.02535497
spx,2024-08-29,-1.1517,100.2028,2.0020284
spx,2024-08-30,0.2026,100.6085,2.00608519
spx,2024-09-02,1.0617,102.7383,2.02738337
spx,2024-09-03,-0.05,102.6369,2.02636917
spx,2024-09-04,-3.954,94.6247,1.94624746
spx,2024-09-05,0.5211,95.6389,1.95638945
spx,2024-09-06,-0.5184,94.6247,1.94624746
spx,2024-09-09,-0.7295,93.2049,1.93204868
spx,2024-09-10,-0.5249,92.1907,1.92190669
spx,2024-09-11,0.2111,92.5963,1.92596349
spx,2024-09-12,1.6851,95.8418,1.95841785
spx,2024-09-13,0.5179,96.856,1.96855984
spx,2024-09-18,-0.103,96.6531,1.96653144
spx,2024-09-19,1.3409,99.2901,1.99290061
spx,2024-09-20,0.2545,99.7972,1.9979716
spx,2024-09-23,0.203,100.2028,2.0020284
spx,2024-09-24,-0.7092,98.783,1.98782961
spx,2024-09-25,-0.7653,97.2617,1.97261663
spx,2024-09-26,0.1542,97.5659,1.97565923
spx,2024-09-27,-1.4887,94.6247,1.94624746
spx,2024-09-30,-0.5732,93.5091,1.93509128
spx,2024-10-08,-0.7862,91.9878,1.9198783
spx,2024-10-09,1.6904,95.2333,1.95233266
spx,2024-10-10,1.6104,98.3773,1.98377282
spx,2024-10-11,0.5624,99.4929,1.99492901
spx,2024-10-14,1.0676,101.6227,2.01622718
spx,2024-10-15,2.9678,107.6065,2.07606491
spx,2024-10-16,-1.1236,105.2738,2.05273834
spx,2024-10-17,1.0375,107.4037,2.07403651
spx,2024-10-18,-0.8802,105.5781,2.05578093
spx,2024-10-21,-0.444,104.6653,2.04665314
spx,2024-10-22,-0.5946,103.4483,2.03448276
spx,2024-10-23,-0.349,102.7383,2.02738337
spx,2024-10-24,-0.4002,101.927,2.01926978
spx,2024-10-25,0.0,101.927,2.01926978
spx,2024-10-28,1.0547,104.0568,2.04056795
spx,2024-10-29,-0.3479,103.3469,2.03346856
spx,2024-10-30,0.7481,104.8682,2.04868154
spx,2024-10-31,-1.1881,102.4341,2.02434077
spx,2024-11-01,-1.2525,99.8986,1.9989858
spx,2024-11-04,-0.4059,99.0872,1.99087221
spx,2024-11-05,-0.1019,98.8844,1.98884381
spx,2024-11-06,3.4676,105.7809,2.05780933
spx,2024-11-07,0.7886,107.4037,2.07403651
spx,2024-11-08,0.8802,109.2292,2.09229209
spx,2024-11-11,1.2603,111.8661,2.11866126
spx,2024-11-12,1.1489,114.3002,2.14300203
spx,2024-11-13,-0.8519,112.4746,2.12474645
spx,2024-11-14,1.2888,115.213,2.15212982
spx,2024-11-15,-1.6023,111.7647,2.11764706
spx,2024-11-18,0.6705,113.1846,2.13184584
spx,2024-11-19,0.1903,113.5903,2.13590264
spx,2024-11-20,0.2849,114.1988,2.14198783
spx,2024-11-21,-0.2367,113.6917,2.13691684
spx,2024-11-22,0.9967,115.8215,2.15821501
spx,2024-11-25,2.3026,120.7911,2.20791075
spx,2024-11-26,0.1837,121.1968,2.21196755
spx,2024-11-27,-0.0459,121.0953,2.21095335
spx,2024-11-28,-0.0917,120.8925,2.20892495
spx,2024-11-29,0.1837,121.2982,2.21298174
spx,2024-12-02,0.7791,123.0223,2.23022312
spx,2024-12-03,0.8186,124.8479,2.2484787
spx,2024-12-04,0.0,124.8479,2.2484787
spx,2024-12-05,0.7217,126.4706,2.26470588
spx,2024-12-06,-0.2239,125.9635,2.25963489
spx,2024-12-09,-0.0449,125.8621,2.25862069
spx,2024-12-10,-0.8981,123.8337,2.23833671
spx,2024-12-11,0.9062,125.8621,2.25862069
spx,2024-12-12,0.2245,126.3692,2.26369168
spx,2024-12-13,0.5376,127.5862,2.27586207
spx,2024-12-16,1.3369,130.6288,2.30628803
spx,2024-12-17,-0.8795,128.6004,2.28600406
spx,2024-12-18,-1.1091,126.0649,2.26064909
spx,2024-12-19,-3.2301,118.7627,2.18762677
spx,2024-12-20,-0.6027,117.4442,2.17444219
spx,2024-12-23,2.3321,122.5152,2.22515213
spx,2024-12-24,-0.3646,121.7039,2.21703854
spx,2024-12-25,0.5032,122.8195,2.22819473
spx,2024-12-26,0.1365,123.1237,2.23123732
spx,2024-12-27,-0.4091,122.211,2.22210953
spx,2024-12-30,-1.1867,119.574,2.19574037
spx,2024-12-31,-0.1386,119.2698,2.19269777
spx,2025-01-02,0.9713,121.3996,2.21399594
spx,2025-01-03,-0.5955,120.0811,2.20081136
spx,2025-01-06,1.8894,124.2394,2.24239351
spx,2025-01-07,-0.8141,122.4138,2.22413793
spx,2025-01-08,-0.1368,122.1095,2.22109533
spx,2025-01-09,-0.1826,121.7039,2.21703854
spx,2025-01-10,-0.5947,120.3854,2.20385396
spx,2025-01-13,-1.5647,116.9371,2.1693712
spx,2025-01-14,1.0753,119.2698,2.19269777
spx,2025-01-15,-0.185,118.8641,2.18864097
spx,2025-01-16,1.6219,122.4138,2.22413793
spx,2025-01-17,-0.0912,122.211,2.22210953
spx,2025-01-20,0.4564,123.2252,2.23225152
spx,2025-01-21,-0.0454,123.1237,2.23123732
spx,2025-01-22,0.8182,124.9493,2.2494929
spx,2025-01-23,-0.5861,123.6308,2.23630832
spx,2025-01-24,0.4082,124.5436,2.24543611
spx,2025-01-27,-0.813,122.7181,2.22718053
spx,2025-02-05,-0.1821,122.3124,2.22312373
spx,2025-02-06,0.2737,122.9209,2.22920892
spx,2025-02-07,-0.273,122.3124,2.22312373
spx,2025-02-10,-0.2281,121.8053,2.21805274
spx,2025-02-11,-0.1829,121.3996,2.21399594
spx,2025-02-12,-0.3665,120.5882,2.20588235
spx,2025-02-13,-0.1379,120.284,2.20283976
spx,2025-02-14,0.046,120.3854,2.20385396
spx,2025-02-17,-0.1381,120.0811,2.20081136
spx,2025-02-18,0.6912,121.6024,2.21602434
spx,2025-02-19,-0.4119,120.6897,2.20689655
spx,2025-02-20,-0.0919,120.4868,2.20486815
spx,2025-02-21,-0.92,118.4584,2.18458418
spx,2025-02-24,-1.3463,115.5172,2.15517241
spx,2025-02-25,-1.4588,112.3732,2.12373225
spx,2025-02-26,-0.1433,112.069,2.12068966
spx,2025-02-27,-0.3348,111.359,2.11359026
spx,2025-02-28,-2.4952,106.0852,2.06085193
spx,2025-03-03,1.8701,109.9391,2.09939148
spx,2025-03-04,-1.8841,105.9838,2.05983773
spx,2025-03-05,-0.3447,105.2738,2.05273834
spx,2025-03-06,0.0494,105.3753,2.05375254
spx,2025-03-07,-1.1852,102.9412,2.02941176
spx,2025-03-10,-0.1,102.7383,2.02738337
spx,2025-03-11,-2.5013,97.6673,1.97667343
spx,2025-03-12,-0.5644,96.5517,1.96551724
spx,2025-03-13,-0.3096,95.9432,1.95943205
spx,2025-03-14,-0.1035,95.7404,1.95740365
spx,2025-03-17,-0.0518,95.6389,1.95638945
spx,2025-03-18,0.985,97.5659,1.97565923
spx,2025-03-19,-0.77,96.0446,1.96044625
spx,2025-03-20,2.4832,100.9128,2.00912779
spx,2025-03-21,-0.4038,100.1014,2.0010142
spx,2025-03-24,1.3178,102.7383,2.02738337
spx,2025-03-25,0.9005,104.5639,2.04563895
spx,2025-03-26,-0.2975,103.9554,2.03955375
spx,2025-03-27,-1.3923,101.1156,2.01115619
spx,2025-03-28,-1.0086,99.0872,1.99087221
spx,2025-03-31,-2.8528,93.4077,1.93407708
spx,2025-04-01,1.5732,96.4503,1.96450304
spx,2025-04-02,0.0,96.4503,1.96450304
spx,2025-04-03,-2.065,92.3935,1.92393509
spx,2025-04-07,-10.0158,73.1237,1.73123732
spx,2025-04-08,4.0422,80.1217,1.80121704
spx,2025-04-09,-3.0405,74.645,1.7464503
spx,2025-04-10,9.5238,91.2779,1.9127789
spx,2025-04-11,-2.386,86.714,1.86713996
spx,2025-04-14,1.6839,89.858,1.89858012
spx,2025-04-15,-0.3739,89.1481,1.89148073
spx,2025-04-16,-1.2332,86.8154,1.86815416
spx,2025-04-17,-0.38,86.1055,1.86105477
spx,2025-04-18,-0.327,85.497,1.85496957
spx,2025-04-21,-1.2575,83.1643,1.831643
spx,2025-04-22,-0.1661,82.86,1.82860041
spx,2025-04-23,2.8841,88.1339,1.88133874
spx,2025-04-24,-0.4852,87.2211,1.87221095
spx,2025-04-25,2.6544,92.1907,1.92190669
spx,2025-04-28,0.3166,92.7992,1.92799189
spx,2025-04-29,-0.2104,92.3935,1.92393509
spx,2025-04-30,0.1581,92.6978,1.92697769
spx,2025-05-06,0.9474,94.5233,1.94523327
spx,2025-05-07,0.2086,94.929,1.94929006
spx,2025-05-08,0.9365,96.7546,1.96754564
spx,2025-05-09,0.1031,96.9574,1.96957404
spx,2025-05-12,1.0814,99.0872,1.99087221
spx,2025-05-13,0.7132,100.5071,2.00507099
spx,2025-05-14,1.8209,104.1582,2.04158215
spx,2025-05-15,-0.6955,102.7383,2.02738337
spx,2025-05-16,0.6503,104.0568,2.04056795
spx,2025-05-19,-0.2982,103.4483,2.03448276
spx,2025-05-20,0.9472,105.3753,2.05375254
spx,2025-05-21,-0.7407,103.854,2.03853955
spx,2025-05-22,-1.0448,101.7241,2.01724138
spx,2025-05-23,-0.1508,101.4199,2.01419878
spx,2025-05-26,0.2518,101.927,2.01926978
spx,2025-05-27,0.3014,102.5355,2.02535497
spx,2025-05-28,0.7511,104.0568,2.04056795
spx,2025-05-29,0.994,106.0852,2.06085193
spx,2025-05-30,-1.378,103.2454,2.03245436
spx,2025-06-03,0.2994,103.854,2.03853955
spx,2025-06-04,0.9453,105.7809,2.05780933
spx,2025-06-05,-0.1971,105.3753,2.05375254
spx,2025-06-06,-0.0494,105.2738,2.05273834
spx,2025-06-09,0.5435,106.3895,2.06389452
spx,2025-06-10,0.0491,106.4909,2.06490872
spx,2025-06-11,0.4912,107.5051,2.07505071
spx,2025-06-12,-0.2933,106.8966,2.06896552
spx,2025-06-13,-0.8333,105.1724,2.05172414
spx,2025-06-16,0.7415,106.6937,2.06693712
spx,2025-06-17,0.0,106.6937,2.06693712
spx,2025-06-18,-0.1472,106.3895,2.06389452
spx,2025-06-19,-0.4914,105.3753,2.05375254
spx,2025-06-20,0.0988,105.5781,2.05578093
spx,2025-06-23,-0.0987,105.3753,2.05375254
spx,2025-06-24,1.7778,109.0264,2.09026369
spx,2025-06-25,0.1941,109.432,2.09432049
spx,2025-06-26,0.2906,110.0406,2.10040568
spx,2025-06-27,0.9657,112.069,2.12068966
spx,2025-06-30,0.5261,113.1846,2.13184584
spx,2025-07-01,-0.2854,112.5761,2.12576065
spx,2025-07-02,0.6679,113.9959,2.13995943
spx,2025-07-03,0.1896,114.4016,2.14401623
spx,2025-07-04,0.5203,115.5172,2.15517241
spx,2025-07-07,-0.1882,115.1116,2.15111562
spx,2025-07-08,0.0,115.1116,2.15111562
spx,2025-07-09,-0.3772,114.3002,2.14300203
spx,2025-07-10,0.3786,115.1116,2.15111562
spx,2025-07-11,0.1414,115.4158,2.15415822
spx,2025-07-14,-0.8004,113.6917,2.13691684
spx,2025-07-15,1.1391,116.1258,2.16125761
spx,2025-07-16,-0.7508,114.503,2.14503043
spx,2025-07-17,0.7565,116.1258,2.16125761
spx,2025-07-18,0.5631,117.3428,2.17342799
spx,2025-07-21,-0.14,117.0385,2.1703854
spx,2025-07-22,-0.1869,116.6329,2.1663286
spx,2025-07-23,0.3745,117.4442,2.17444219
spx,2025-07-24,0.4198,118.357,2.18356998
spx,2025-07-25,0.5109,119.4726,2.19472617
spx,2025-07-28,0.9704,121.6024,2.21602434
spx,2025-07-29,-0.0458,121.501,2.21501014
spx,2025-07-30,-0.1832,121.0953,2.21095335
spx,2025-07-31,1.0092,123.3266,2.23326572
spx,2025-08-01,-1.3624,120.284,2.20283976
spx,2025-08-04,-1.105,117.8499,2.17849899
spx,2025-08-05,1.8156,121.8053,2.21805274
spx,2025-08-06,-0.5944,120.4868,2.20486815
spx,2025-08-07,0.0,120.4868,2.20486815
spx,2025-08-08,0.0,120.4868,2.20486815
spx,2025-08-11,0.828,122.3124,2.22312373
spx,2025-08-12,-0.2281,121.8053,2.21805274
spx,2025-08-13,0.7773,123.5294,2.23529412
spx,2025-08-14,-0.0454,123.428,2.23427992
spx,2025-08-15,0.6355,124.8479,2.2484787
spx,2025-08-18,-0.6315,123.428,2.23427992
spx,2025-08-19,-0.2724,122.8195,2.22819473
spx,2025-08-20,-0.5462,121.6024,2.21602434
spx,2025-08-21,-0.0915,121.3996,2.21399594
spx,2025-08-22,-0.5955,120.0811,2.20081136
spx,2025-08-25,1.3825,123.1237,2.23123732
spx,2025-08-26,-0.4091,122.211,2.22210953
spx,2025-08-27,0.6846,123.7323,2.23732252
spx,2025-08-28,-0.544,122.5152,2.22515213
spx,2025-08-29,0.0456,122.6166,2.22616633
spx,2025-09-01,-0.4556,121.6024,2.21602434
spx,2025-09-02,0.0915,121.8053,2.21805274
spx,2025-09-03,-0.4572,120.7911,2.20791075
spx,2025-09-04,0.5512,122.0081,2.22008114
spx,2025-09-05,0.6852,123.5294,2.23529412
spx,2025-09-08,-0.4083,122.6166,2.22616633
spx,2025-09-09,0.1367,122.9209,2.22920892
spx,2025-09-10,0.4095,123.8337,2.23833671
spx,2025-09-11,0.1359,124.1379,2.24137931
spx,2025-09-12,0.543,125.355,2.2535497
spx,2025-09-15,0.315,126.0649,2.26064909
spx,2025-09-16,0.4038,126.9777,2.26977688
spx,2025-09-17,-0.3575,126.1663,2.26166329
spx,2025-09-18,0.4933,127.2819,2.27281947
spx,2025-09-19,0.4909,128.3976,2.28397566
spx,2025-09-22,0.7549,130.1217,2.30121704
spx,2025-09-23,0.8374,132.0487,2.32048682
spx,2025-09-24,-0.3497,131.2373,2.31237323
spx,2025-09-25,-0.4386,130.2231,2.30223124
spx,2025-09-26,-0.2203,129.716,2.29716024
spx,2025-09-29,0.7064,131.3387,2.31338742
spx,2025-09-30,0.1315,131.643,2.31643002
spx,2025-10-09,1.6637,135.497,2.35496957
spx,2025-10-10,0.3015,136.2069,2.36206897
spx,2025-10-13,-1.5028,132.6572,2.32657201
spx,2025-10-14,-1.3514,129.5132,2.29513185
spx,2025-10-15,1.1489,132.1501,2.32150101
spx,2025-10-16,-0.1747,131.7444,2.31744422
spx,2025-10-17,-0.9628,129.5132,2.29513185
spx,2025-10-20,2.563,135.3955,2.35395538
spx,2025-10-21,0.2154,135.9026,2.35902637
spx,2025-10-22,0.9458,138.1339,2.38133874
spx,2025-10-23,0.1704,138.5396,2.38539554
spx,2025-10-24,0.3401,139.3509,2.39350913
spx,2025-10-27,2.3305,144.929,2.44929006
spx,2025-10-28,0.2484,145.5375,2.45537525
spx,2025-10-29,1.9413,150.3043,2.5030426
spx,2025-10-30,0.2026,150.8114,2.50811359
spx,2025-10-31,-0.7683,148.8844,2.48884381
spx,2025-11-03,1.0187,151.4199,2.51419878
spx,2025-11-04,-2.5817,144.929,2.44929006
spx,2025-11-05,-1.118,142.1907,2.42190669
spx,2025-11-06,0.0419,142.2921,2.42292089
spx,2025-11-07,-0.2093,141.785,2.4178499
spx,2025-11-10,1.6779,145.8418,2.45841785
spx,2025-11-11,0.2475,146.4503,2.46450304
spx,2025-11-12,1.358,149.7972,2.4979716
spx,2025-11-13,1.015,152.3327,2.52332657
spx,2025-11-14,-1.6077,148.2759,2.48275862
spx,2025-11-17,0.2451,148.8844,2.48884381
spx,2025-11-18,-2.2412,143.3063,2.43306288
spx,2025-11-19,-1.6674,139.2495,2.39249493
spx,2025-11-20,2.2891,144.7262,2.44726166
spx,2025-11-21,-2.4036,138.8438,2.38843813
spx,2025-11-24,1.4862,142.3935,2.42393509
spx,2025-11-25,0.5858,143.8134,2.43813387
spx,2025-11-26,1.7887,148.1744,2.48174442
spx,2025-11-27,-0.5721,146.7546,2.46754564
spx,2025-11-28,1.233,149.7972,2.4979716
spx,2025-12-01,-0.1218,149.4929,2.49492901
spx,2025-12-02,0.0,149.4929,2.49492901
spx,2025-12-03,0.3659,150.4057,2.5040568
spx,2025-12-04,-0.324,149.5943,2.4959432
spx,2025-12-05,-0.4063,148.5801,2.48580122
spx,2025-12-08,-0.2856,147.8702,2.47870183
spx,2025-12-09,-0.982,145.4361,2.45436105
spx,2025-12-10,0.9504,147.7688,2.47768763
spx,2025-12-11,-0.4503,146.6531,2.46653144
spx,2025-12-12,0.8635,148.783,2.48782961
spx,2025-12-15,-0.2446,148.1744,2.48174442
spx,2025-12-16,-1.1034,145.4361,2.45436105
spx,2025-12-17,0.6198,146.9574,2.46957404
spx,2025-12-18,-0.3696,146.0446,2.46044625
spx,2025-12-19,1.0305,148.5801,2.48580122
spx,2025-12-22,0.204,149.0872,2.49087221
spx,2025-12-23,-0.3664,148.1744,2.48174442
spx,2025-12-24,0.3269,148.9858,2.48985801
spx,2025-12-25,0.1222,149.2901,2.49290061
spx,2025-12-26,0.1221,149.5943,2.4959432
spx,2025-12-29,-0.5689,148.1744,2.48174442
spx,2025-12-30,-0.3269,147.3631,2.47363083
spx,2025-12-31,-0.287,146.6531,2.46653144
spx,2026-01-05,1.4803,150.3043,2.5030426
spx,2026-01-06,-0.0405,150.2028,2.5020284
spx,2026-01-07,-0.0811,150.0,2.5
spx,2026-01-08,-0.284,149.2901,2.49290061
spx,2026-01-09,0.0814,149.4929,2.49492901
spx,2026-01-12,-0.0813,149.2901,2.49290061
spx,2026-01-13,0.0814,149.4929,2.49492901
spx,2026-01-14,-0.3252,148.6815,2.48681542
spx,2026-01-15,-0.2855,147.9716,2.47971602
spx,2026-01-16,0.409,148.9858,2.48985801
spx,2026-01-19,-0.5703,147.5659,2.47565923
spx,2026-01-20,-0.3687,146.6531,2.46653144
spx,2026-01-21,-0.2056,146.146,2.46146045
spx,2026-01-22,1.3185,149.3915,2.49391481
spx,2026-01-23,-1.0167,146.856,2.46855984
spx,2026-01-26,-0.9039,144.6247,2.44624746
spx,2026-01-27,0.4975,145.8418,2.45841785
spx,2026-01-28,0.3713,146.7546,2.46754564
spx,2026-01-29,-0.3288,145.9432,2.45943205
spx,2026-01-30,0.5773,147.3631,2.47363083
spx,2026-02-02,-3.075,139.7566,2.39756592
spx,2026-02-03,0.4653,140.8722,2.40872211
spx,2026-02-04,0.0,140.8722,2.40872211
spx,2026-02-05,-0.2947,140.1623,2.40162272
spx,2026-02-06,-1.7736,135.9026,2.35902637
spx,2026-02-09,2.4506,141.6836,2.4168357
spx,2026-02-10,0.4616,142.7992,2.42799189
spx,2026-02-11,0.0418,142.9006,2.42900609
spx,2026-02-12,-0.2505,142.2921,2.42292089
spx,2026-02-13,-0.293,141.5821,2.4158215
spx,2026-02-24,0.1259,141.8864,2.4188641
spx,2026-02-25,-0.1258,141.5821,2.4158215
spx,2026-02-26,0.084,141.785,2.4178499
spx,2026-02-27,0.1258,142.0892,2.42089249
spx,2026-03-02,-1.2149,139.1481,2.39148073
spx,2026-03-03,0.3817,140.0609,2.40060852
spx,2026-03-04,-1.2252,137.1197,2.37119675
spx,2026-03-05,0.9837,139.4523,2.39452333
spx,2026-03-06,-0.4659,138.3367,2.38336714
spx,2026-03-09,-2.383,132.6572,2.32657201
spx,2026-03-10,0.7411,134.3813,2.34381339
spx,2026-03-11,0.0865,134.5842,2.34584178
spx,2026-03-12,0.2162,135.0913,2.35091278
spx,2026-03-13,-1.3805,131.8458,2.31845842
spx,2026-03-16,-0.3062,131.1359,2.31135903
spx,2026-03-17,0.1755,131.5416,2.31541582
spx,2026-03-18,0.0438,131.643,2.31643002
spx,2026-03-19,-1.0946,129.1075,2.29107505
spx,2026-03-20,-0.664,127.5862,2.27586207
spx,2026-03-23,-4.2335,117.9513,2.17951318
spx,2026-03-24,1.9079,122.1095,2.22109533
spx,2026-03-25,1.0502,124.4422,2.24442191
spx,2026-03-26,0.2711,125.0507,2.2505071
spx,2026-03-27,-0.4507,124.0365,2.24036511
spx,2026-03-30,-1.7202,120.1826,2.20182556
spx,2026-03-31,-0.3224,119.4726,2.19472617
spx,2026-04-01,3.4196,126.9777,2.26977688
spx,2026-04-02,-1.4298,123.7323,2.23732252
spx,2026-04-03,0.0,123.7323,2.23732252
spx,2026-04-07,0.0453,123.8337,2.23833671
spx,2026-04-08,3.7608,132.2515,2.32251521
spx,2026-04-09,-0.655,130.7302,2.30730223
spx,2026-04-10,0.8352,132.6572,2.32657201
spx,2026-04-13,-0.5667,131.3387,2.31338742
spx,2026-04-14,1.4029,134.5842,2.34584178
spx,2026-04-15,1.0376,137.0183,2.37018256
spx,2026-04-16,1.1981,139.858,2.39858012
spx,2026-04-17,-0.1691,139.4523,2.39452333
spx,2026-04-20,-0.0424,139.3509,2.39350913
spx,2026-04-21,0.4237,140.3651,2.40365112
spx,2026-04-22,0.1266,140.6694,2.40669371
spx,2026-04-23,-0.1686,140.2637,2.40263692
spx,2026-04-24,-0.1266,139.9594,2.39959432
spx,2026-04-27,0.7608,141.785,2.4178499
spx,2026-04-28,0.9648,144.1176,2.44117647
spx,2026-04-29,0.1662,144.5233,2.44523327
spx,2026-04-30,0.3318,145.3347,2.45334686
spx,2026-05-06,1.4469,148.8844,2.48884381
spx,2026-05-07,1.141,151.7241,2.51724138
spx,2026-05-08,0.0403,151.8256,2.51825558
spx,2026-05-11,0.3625,152.7383,2.52738337
spx,2026-05-12,-0.6019,151.217,2.51217039
spx,2026-05-13,0.4441,152.3327,2.52332657
spx,2026-05-14,0.0402,152.4341,2.52434077
spx,2026-05-15,-0.3616,151.5213,2.51521298
spx,2026-05-18,-1.6129,147.4645,2.47464503
spx,2026-05-19,0.0,147.4645,2.47464503
spx,2026-05-20,-0.3279,146.6531,2.46653144
spx,2026-05-21,0.8224,148.6815,2.48681542
spx,2026-05-22,1.3458,152.0284,2.52028398
spx,2026-05-25,2.4547,158.215,2.5821501
spx,2026-05-26,-0.6677,156.4909,2.56490872
spx,2026-05-27,0.4745,157.7079,2.57707911
spx,2026-05-28,-0.669,155.9838,2.55983773
spx,2026-05-29,1.3074,159.3306,2.59330629
spx,2026-06-01,2.6594,166.2272,2.66227181
spx,2026-06-02,-0.5333,164.8073,2.64807302
spx,2026-06-03,-0.3447,163.8945,2.63894523
spx,2026-06-04,-1.3836,160.2434,2.60243408
spx,2026-06-05,0.0779,160.4462,2.60446247
spx,2026-06-08,-2.0639,155.071,2.55070994
spx,2026-06-09,1.4712,158.8235,2.58823529
spx,2026-06-10,-1.4498,155.071,2.55070994
spx,2026-06-11,-0.6759,153.3469,2.53346856
spx,2026-06-12,0.6805,155.071,2.55070994
spx,2026-06-15,2.3459,161.0548,2.61054767
spx,2026-06-16,0.4662,162.2718,2.62271805
spx,2026-06-17,-0.3094,161.4604,2.61460446
spx,2026-06-18,-0.5431,160.0406,2.60040568
spx,2026-06-22,0.039,160.142,2.60141988
spx,2026-06-23,-2.3392,154.0568,2.54056795
spx,2026-06-24,0.7186,155.8824,2.55882353
spx,2026-06-25,-0.1982,155.3753,2.55375254
spx,2026-06-26,-1.4297,151.7241,2.51724138
spx,2026-06-29,-0.1612,151.3185,2.51318458
spx,2026-06-30,0.2018,151.8256,2.51825558
spx,2026-07-01,0.3222,152.6369,2.52636917
spx,2026-07-02,-0.3212,151.8256,2.51825558
spx,2026-07-03,0.8055,153.854,2.53853955
spx,2026-07-06,0.3196,154.6653,2.54665314
spx,2026-07-07,0.677,156.3895,2.56389452
spx,2026-07-08,-0.9889,153.854,2.53853955
spx,2026-07-09,0.4794,155.071,2.55070994
spx,2026-07-10,0.4771,156.288,2.56288032
spx,2026-07-13,-0.1979,155.7809,2.55780933
spx,2026-07-14,0.7137,157.6065,2.57606491
spx,2026-07-15,0.9449,160.0406,2.60040568
spx,2026-07-16,0.507,161.359,2.61359026
spx,2026-07-17,-2.8716,153.854,2.53853955
spx,2026-07-20,-0.1998,153.3469,2.53346856
spx,2026-07-21,1.1209,156.1866,2.56186613
spx,2026-07-22,-0.1188,155.8824,2.55882353
spx,2026-07-23,0.0396,155.9838,2.55983773
spx,2026-07-24,-0.7132,154.1582,2.54158215
spx,2026-07-27,0.5587,155.5781,2.55578093
spx,2026-07-28,-1.4286,151.927,2.51926978
spx,2026-07-29,1.087,154.6653,2.54665314
spx,2026-07-30,-1.2744,151.4199,2.51419878
spx,2026-07-31,1.2102,154.4625,2.54462475
spx,2026-08-03,0.9566,156.8966,2.56896552
spx,2026-08-04,1.9345,161.8661,2.61866126
spx,2026-08-05,3.3695,170.6897,2.70689655
spx,2026-08-06,0.7868,172.8195,2.72819473
spx,2026-08-07,0.1859,173.3266,2.73326572
spx,2026-08-10,0.0371,173.428,2.73427992
spx,2026-08-11,0.7418,175.4564,2.75456389
spx,2026-08-12,-0.6627,173.6308,2.73630832
spx,2026-08-13,0.4818,174.9493,2.7494929
spx,2026-08-14,2.4714,181.7444,2.81744422
spx,2026-08-17,-1.0799,178.7018,2.78701826
spx,2026-08-18,-2.1834,172.6166,2.72616633
spx,2026-08-19,-1.7113,167.9513,2.67951318
spx,2026-08-20,1.2491,171.2982,2.71298174
spx,2026-08-21,-0.1121,170.9939,2.70993915
spx,2026-08-24,0.0,170.9939,2.70993915
spx,2026-08-25,0.8608,173.3266,2.73326572
spx,2026-08-26,0.4824,174.645,2.7464503
spx,2026-08-27,0.0,174.645,2.7464503
spx,2026-08-28,0.517,176.0649,2.76064909
