asset_key,trade_date,open,high,low,close,pre_close,change,pct_chg,vol,amount
csi300,2012-05-28,2.551,2.607,2.544,2.604,2.574,0.03,1.1655,12775187.69,3285755.32
csi300,2012-05-29,2.602,2.661,2.602,2.644,2.604,0.04,1.5361,7149490.08,1875593.354
csi300,2012-05-30,2.642,2.647,2.633,2.636,2.644,-0.008,-0.3026,2658871.98,701725.789
csi300,2012-05-31,2.621,2.645,2.613,2.63,2.636,-0.006,-0.2276,1781559.84,468193.104
csi300,2012-06-01,2.629,2.66,2.62,2.63,2.63,0.0,0.0,1793500.35,473477.195
csi300,2012-06-04,2.601,2.604,2.555,2.558,2.63,-0.072,-2.7376,5460742.72,1413413.525
csi300,2012-06-05,2.562,2.572,2.556,2.561,2.558,0.003,0.1173,1271674.95,326150.601
csi300,2012-06-06,2.563,2.574,2.548,2.559,2.561,-0.002,-0.0781,1369227.26,350839.411
csi300,2012-06-07,2.578,2.583,2.536,2.543,2.559,-0.016,-0.6252,3364240.17,860028.328
csi300,2012-06-08,2.558,2.56,2.53,2.534,2.543,-0.009,-0.3539,2101822.14,534630.03
csi300,2012-06-11,2.543,2.577,2.536,2.564,2.534,0.03,1.1839,2254555.91,576327.103
csi300,2012-06-12,2.55,2.562,2.538,2.548,2.564,-0.016,-0.624,1577237.25,401878.82
csi300,2012-06-13,2.56,2.588,2.55,2.585,2.548,0.037,1.4521,1881335.67,483872.804
csi300,2012-06-14,2.58,2.598,2.571,2.574,2.585,-0.011,-0.4255,1525546.64,394044.038
csi300,2012-06-15,2.582,2.594,2.557,2.584,2.574,0.01,0.3885,1598352.67,411542.174
csi300,2012-06-18,2.589,2.608,2.588,2.592,2.584,0.008,0.3096,1321265.33,342959.058
csi300,2012-06-19,2.59,2.59,2.572,2.573,2.592,-0.019,-0.733,1050116.86,270933.104
csi300,2012-06-20,2.58,2.587,2.57,2.57,2.573,-0.003,-0.1166,1192773.67,307520.556
csi300,2012-06-21,2.563,2.564,2.517,2.53,2.57,-0.04,-1.5564,1792241.7,453655.58
csi300,2012-06-25,2.527,2.527,2.476,2.48,2.53,-0.05,-1.9763,2314811.08,579443.696
csi300,2012-06-26,2.472,2.485,2.462,2.48,2.48,0.0,0.0,1852289.01,458451.962
csi300,2012-06-27,2.478,2.493,2.47,2.471,2.48,-0.009,-0.3629,1513657.95,375457.752
csi300,2012-06-28,2.48,2.486,2.455,2.457,2.471,-0.014,-0.5666,1695739.5,418670.239
csi300,2012-06-29,2.451,2.488,2.448,2.485,2.457,0.028,1.1396,1972042.11,486289.905
csi300,2012-07-02,2.495,2.495,2.476,2.485,2.485,0.0,0.0,1862222.56,463059.443
csi300,2012-07-03,2.488,2.516,2.482,2.489,2.485,0.004,0.161,1469031.0,367051.138
csi300,2012-07-04,2.494,2.504,2.484,2.489,2.489,0.0,0.0,1103364.05,275036.931
csi300,2012-07-05,2.479,2.479,2.452,2.461,2.489,-0.028,-1.1249,2087739.11,513592.301
csi300,2012-07-06,2.466,2.512,2.452,2.501,2.461,0.04,1.6254,1757978.3,436554.831
csi300,2012-07-09,2.489,2.499,2.448,2.451,2.501,-0.05,-1.9992,1648643.31,408098.778
csi300,2012-07-10,2.449,2.453,2.438,2.441,2.451,-0.01,-0.408,2041959.65,499158.637
csi300,2012-07-11,2.438,2.458,2.435,2.452,2.441,0.011,0.4506,1692976.47,414092.857
csi300,2012-07-12,2.446,2.487,2.437,2.474,2.452,0.022,0.8972,2660444.4,655043.267
csi300,2012-07-13,2.473,2.496,2.471,2.478,2.474,0.004,0.1617,1778904.49,441479.099
csi300,2012-07-16,2.481,2.482,2.437,2.438,2.478,-0.04,-1.6142,2273611.07,556372.742
csi300,2012-07-17,2.437,2.449,2.431,2.443,2.438,0.005,0.2051,2585328.38,630134.24
csi300,2012-07-18,2.441,2.451,2.406,2.443,2.443,0.0,0.0,3152959.3,766719.579
csi300,2012-07-19,2.441,2.473,2.437,2.451,2.443,0.008,0.3275,3380439.84,830268.783
csi300,2012-07-20,2.445,2.451,2.427,2.433,2.451,-0.018,-0.7344,2702978.0,659710.351
csi300,2012-07-23,2.411,2.411,2.392,2.403,2.433,-0.03,-1.233,1856885.42,445845.218
csi300,2012-07-24,2.397,2.423,2.395,2.408,2.403,0.005,0.2081,2304236.65,554385.067
csi300,2012-07-25,2.4,2.414,2.39,2.393,2.408,-0.015,-0.6229,1389067.24,333627.584
csi300,2012-07-26,2.395,2.407,2.38,2.382,2.393,-0.011,-0.4597,2548959.99,610152.261
csi300,2012-07-27,2.389,2.396,2.377,2.385,2.382,0.003,0.1259,3724685.36,888581.778
csi300,2012-07-30,2.389,2.399,2.372,2.377,2.385,-0.008,-0.3354,2303206.19,549167.623
csi300,2012-07-31,2.378,2.385,2.366,2.371,2.377,-0.006,-0.2524,4214983.84,1001090.738
csi300,2012-08-01,2.372,2.401,2.372,2.389,2.371,0.018,0.7592,2615555.91,624664.26
csi300,2012-08-02,2.386,2.389,2.359,2.371,2.389,-0.018,-0.7535,2087258.21,495894.114
csi300,2012-08-03,2.375,2.386,2.368,2.385,2.371,0.014,0.5905,1737366.37,412710.948
csi300,2012-08-06,2.383,2.42,2.382,2.416,2.385,0.031,1.2998,3144257.3,755432.645
csi300,2012-08-07,2.415,2.421,2.412,2.419,2.416,0.003,0.1242,2584403.72,624693.716
csi300,2012-08-08,2.423,2.436,2.416,2.421,2.419,0.002,0.0827,2329502.12,564756.029
csi300,2012-08-09,2.422,2.448,2.412,2.445,2.421,0.024,0.9913,2010003.66,488752.02
csi300,2012-08-10,2.447,2.447,2.433,2.438,2.445,-0.007,-0.2863,1118701.03,273056.082
csi300,2012-08-13,2.431,2.431,2.389,2.392,2.438,-0.046,-1.8868,2959366.36,713474.274
csi300,2012-08-14,2.393,2.396,2.36,2.388,2.392,-0.004,-0.1672,3226022.37,767577.944
csi300,2012-08-15,2.383,2.383,2.364,2.366,2.388,-0.022,-0.9213,1910109.78,453117.708
csi300,2012-08-16,2.367,2.37,2.357,2.359,2.366,-0.007,-0.2959,1228662.66,290402.422
csi300,2012-08-17,2.359,2.36,2.335,2.349,2.359,-0.01,-0.4239,1757265.29,412189.237
csi300,2012-08-20,2.333,2.343,2.242,2.336,2.349,-0.013,-0.5534,1705061.51,396240.929
csi300,2012-08-21,2.336,2.367,2.333,2.345,2.336,0.009,0.3853,2348894.17,552081.888
csi300,2012-08-22,2.347,2.349,2.323,2.328,2.345,-0.017,-0.7249,1298019.74,302900.817
csi300,2012-08-23,2.333,2.348,2.322,2.339,2.328,0.011,0.4725,1670546.37,390070.494
csi300,2012-08-24,2.33,2.332,2.313,2.316,2.339,-0.023,-0.9833,1584418.84,367720.684
csi300,2012-08-27,2.305,2.305,2.267,2.268,2.316,-0.048,-2.0725,3143233.26,716814.677
csi300,2012-08-28,2.265,2.284,2.26,2.268,2.268,0.0,0.0,2176241.27,493740.043
csi300,2012-08-29,2.262,2.274,2.25,2.253,2.268,-0.015,-0.6614,2133281.59,482331.412
csi300,2012-08-30,2.246,2.255,2.226,2.243,2.253,-0.01,-0.4439,2326744.34,521648.616
csi300,2012-08-31,2.24,2.251,2.238,2.243,2.243,0.0,0.0,2031862.43,456087.329
csi300,2012-09-03,2.238,2.27,2.233,2.257,2.243,0.014,0.6242,2388425.76,538901.338
csi300,2012-09-04,2.261,2.267,2.232,2.233,2.257,-0.024,-1.0634,2247647.16,506401.971
csi300,2012-09-05,2.233,2.241,2.223,2.232,2.233,-0.001,-0.0448,2181559.84,486821.063
csi300,2012-09-06,2.235,2.254,2.232,2.254,2.232,0.022,0.9857,1696507.67,380480.259
csi300,2012-09-07,2.267,2.385,2.267,2.357,2.254,0.103,4.5697,5589337.27,1308147.825
csi300,2012-09-10,2.36,2.37,2.353,2.365,2.357,0.008,0.3394,2390915.08,564596.26
csi300,2012-09-11,2.349,2.35,2.331,2.347,2.365,-0.018,-0.7611,2863742.77,670007.779
csi300,2012-09-12,2.365,2.378,2.334,2.359,2.347,0.012,0.5113,2773826.82,652823.793
csi300,2012-09-13,2.352,2.363,2.335,2.336,2.359,-0.023,-0.975,2056526.99,483482.352
csi300,2012-09-14,2.354,2.37,2.335,2.352,2.336,0.016,0.6849,3237676.43,762010.302
csi300,2012-09-17,2.346,2.348,2.295,2.297,2.352,-0.055,-2.3384,2706171.63,628467.027
csi300,2012-09-18,2.282,2.287,2.262,2.269,2.297,-0.028,-1.219,2229305.8,507931.998
csi300,2012-09-19,2.269,2.284,2.262,2.278,2.269,0.009,0.3967,2784850.38,632625.617
csi300,2012-09-20,2.273,2.273,2.226,2.229,2.278,-0.049,-2.151,4082695.01,918380.882
csi300,2012-09-21,2.221,2.25,2.219,2.228,2.229,-0.001,-0.0449,2770521.51,618928.591
csi300,2012-09-24,2.214,2.263,2.204,2.248,2.228,0.02,0.8977,3142901.69,701343.622
csi300,2012-09-25,2.241,2.257,2.235,2.245,2.248,-0.003,-0.1335,1721810.47,386972.275
csi300,2012-09-26,2.243,2.252,2.218,2.221,2.245,-0.024,-1.069,1629607.01,363710.512
csi300,2012-09-27,2.225,2.336,2.224,2.285,2.221,0.064,2.8816,4791727.03,1089681.314
csi300,2012-09-28,2.271,2.339,2.265,2.338,2.285,0.053,2.3195,5021109.76,1158247.609
csi300,2012-10-08,2.335,2.339,2.29,2.303,2.338,-0.035,-1.497,1904078.01,440638.937
csi300,2012-10-09,2.315,2.368,2.315,2.356,2.303,0.053,2.3013,3686399.34,866502.519
csi300,2012-10-10,2.347,2.36,2.339,2.356,2.356,0.0,0.0,1927380.74,453337.654
csi300,2012-10-11,2.348,2.356,2.335,2.34,2.356,-0.016,-0.6791,2362345.61,553800.263
csi300,2012-10-12,2.348,2.368,2.321,2.338,2.34,-0.002,-0.0855,2837152.79,665542.699
csi300,2012-10-15,2.344,2.344,2.315,2.33,2.338,-0.008,-0.3422,1733319.51,403148.815
csi300,2012-10-16,2.329,2.352,2.321,2.331,2.33,0.001,0.0429,3033133.85,709483.994
csi300,2012-10-17,2.343,2.348,2.317,2.34,2.331,0.009,0.3861,2331499.92,544501.175
csi300,2012-10-18,2.345,2.376,2.344,2.369,2.34,0.029,1.2393,2827927.95,667742.679
csi300,2012-10-19,2.366,2.375,2.363,2.369,2.369,0.0,0.0,1633135.51,386981.333
csi300,2012-10-22,2.359,2.384,2.352,2.378,2.369,0.009,0.3799,2331994.89,551873.077
csi300,2012-10-23,2.377,2.379,2.349,2.351,2.378,-0.027,-1.1354,2618563.31,618942.681
csi300,2012-10-24,2.345,2.359,2.342,2.347,2.351,-0.004,-0.1701,2154703.45,505998.006
csi300,2012-10-25,2.347,2.357,2.327,2.328,2.347,-0.019,-0.8095,2435806.91,570138.479
csi300,2012-10-26,2.329,2.332,2.268,2.276,2.328,-0.052,-2.2337,3059710.25,701312.998
csi300,2012-10-29,2.272,2.279,2.258,2.265,2.276,-0.011,-0.4833,2383104.75,540850.432
csi300,2012-10-30,2.268,2.289,2.263,2.27,2.265,0.005,0.2208,3304971.35,750876.413
csi300,2012-10-31,2.272,2.288,2.265,2.286,2.27,0.016,0.7048,2433534.92,554099.08
csi300,2012-11-01,2.291,2.344,2.287,2.334,2.286,0.048,2.0997,3381281.04,785933.186
csi300,2012-11-02,2.334,2.343,2.318,2.339,2.334,0.005,0.2142,2662089.81,620991.736
csi300,2012-11-05,2.337,2.357,2.323,2.333,2.339,-0.006,-0.2565,2417404.72,564524.913
csi300,2012-11-06,2.338,2.34,2.291,2.324,2.333,-0.009,-0.3858,3118478.5,721092.974
csi300,2012-11-07,2.32,2.338,2.309,2.322,2.324,-0.002,-0.0861,3100630.38,719763.291
csi300,2012-11-08,2.307,2.31,2.279,2.28,2.322,-0.042,-1.8088,3506991.11,805645.246
csi300,2012-11-09,2.276,2.285,2.269,2.274,2.28,-0.006,-0.2632,3025110.57,688809.239
csi300,2012-11-12,2.276,2.289,2.264,2.282,2.274,0.008,0.3518,3249623.05,740234.171
csi300,2012-11-13,2.282,2.282,2.242,2.247,2.282,-0.035,-1.5337,3892473.8,878118.527
csi300,2012-11-14,2.25,2.256,2.243,2.253,2.247,0.006,0.267,3216383.45,723166.484
csi300,2012-11-15,2.244,2.255,2.224,2.226,2.253,-0.027,-1.1984,4147741.87,929461.173
csi300,2012-11-16,2.223,2.224,2.196,2.205,2.226,-0.021,-0.9434,4158326.88,917425.292
csi300,2012-11-19,2.204,2.207,2.183,2.205,2.205,0.0,0.0,3386253.02,744459.64
csi300,2012-11-20,2.211,2.215,2.195,2.199,2.205,-0.006,-0.2721,3023697.12,667054.25
csi300,2012-11-21,2.2,2.229,2.186,2.226,2.199,0.027,1.2278,4892438.17,1080560.498
csi300,2012-11-22,2.212,2.217,2.2,2.213,2.226,-0.013,-0.584,2998818.38,662953.42
csi300,2012-11-23,2.217,2.235,2.214,2.225,2.213,0.012,0.5423,4164643.64,925710.016
csi300,2012-11-26,2.221,2.222,2.203,2.211,2.225,-0.014,-0.6292,3380703.84,748807.817
csi300,2012-11-27,2.202,2.206,2.186,2.187,2.211,-0.024,-1.0855,3698311.05,812727.447
csi300,2012-11-28,2.182,2.182,2.16,2.163,2.187,-0.024,-1.0974,3551281.28,770908.119
csi300,2012-11-29,2.168,2.173,2.154,2.155,2.163,-0.008,-0.3699,3790226.47,820276.322
csi300,2012-11-30,2.15,2.172,2.147,2.165,2.155,0.01,0.464,4168374.19,899064.508
csi300,2012-12-03,2.168,2.18,2.143,2.145,2.165,-0.02,-0.9238,3061587.05,663143.487
csi300,2012-12-04,2.14,2.166,2.138,2.162,2.145,0.017,0.7925,3993001.34,857559.413
csi300,2012-12-05,2.161,2.252,2.158,2.238,2.162,0.076,3.5153,6195195.93,1371643.814
csi300,2012-12-06,2.239,2.246,2.226,2.235,2.238,-0.003,-0.134,4236821.2,947438.519
csi300,2012-12-07,2.235,2.287,2.233,2.28,2.235,0.045,2.0134,5774855.63,1305741.576
csi300,2012-12-10,2.293,2.307,2.285,2.301,2.28,0.021,0.9211,4975709.39,1141330.177
csi300,2012-12-11,2.292,2.306,2.288,2.294,2.301,-0.007,-0.3042,3256954.12,747541.519
csi300,2012-12-12,2.296,2.306,2.286,2.299,2.294,0.005,0.218,4694800.11,1076884.26
csi300,2012-12-13,2.29,2.297,2.279,2.281,2.299,-0.018,-0.7829,3332026.96,761751.487
csi300,2012-12-14,2.279,2.4,2.279,2.396,2.281,0.115,5.0416,5740475.53,1348512.304
csi300,2012-12-17,2.398,2.408,2.392,2.403,2.396,0.007,0.2922,4750981.66,1141079.039
csi300,2012-12-18,2.37,2.407,2.35,2.366,2.37,-0.004,-0.1688,4463113.96,1060453.203
csi300,2012-12-19,2.365,2.387,2.36,2.372,2.366,0.006,0.2536,3245530.01,769414.111
csi300,2012-12-20,2.364,2.398,2.352,2.388,2.372,0.016,0.6745,4912790.16,1163009.008
csi300,2012-12-21,2.396,2.413,2.366,2.378,2.388,-0.01,-0.4188,4193594.1,1001019.65
csi300,2012-12-24,2.377,2.398,2.372,2.38,2.378,0.002,0.0841,5083167.71,1211686.278
csi300,2012-12-25,2.372,2.459,2.368,2.446,2.38,0.066,2.7731,4771781.56,1154822.664
csi300,2012-12-26,2.442,2.455,2.441,2.453,2.446,0.007,0.2862,3720029.57,910876.806
csi300,2012-12-27,2.465,2.481,2.447,2.448,2.453,-0.005,-0.2038,4017302.97,986785.752
csi300,2012-12-28,2.455,2.486,2.448,2.484,2.448,0.036,1.4706,5157085.4,1269570.13
csi300,2012-12-31,2.492,2.529,2.492,2.524,2.484,0.04,1.6103,7702944.22,1934472.774
csi300,2013-01-04,2.554,2.56,2.499,2.53,2.524,0.006,0.2377,5364707.95,1358421.981
csi300,2013-01-07,2.522,2.544,2.516,2.534,2.53,0.004,0.1581,4148279.61,1048573.711
csi300,2013-01-08,2.533,2.539,2.503,2.523,2.534,-0.011,-0.4341,4000972.36,1008486.882
csi300,2013-01-09,2.519,2.534,2.504,2.521,2.523,-0.002,-0.0793,4399883.3,1109167.575
csi300,2013-01-10,2.522,2.553,2.51,2.527,2.521,0.006,0.238,4556250.49,1153669.81
csi300,2013-01-11,2.534,2.54,2.478,2.489,2.527,-0.038,-1.5038,5847044.24,1466409.444
csi300,2013-01-14,2.489,2.588,2.482,2.577,2.489,0.088,3.5356,7471833.37,1894441.213
csi300,2013-01-15,2.579,2.603,2.578,2.592,2.577,0.015,0.5821,4902077.23,1268348.566
csi300,2013-01-16,2.591,2.596,2.536,2.573,2.592,-0.019,-0.733,4960657.32,1272410.239
csi300,2013-01-17,2.569,2.574,2.537,2.557,2.573,-0.016,-0.6218,4390935.17,1123009.535
csi300,2013-01-18,2.573,2.61,2.552,2.595,2.557,0.038,1.4861,4614400.12,1191041.031
csi300,2013-01-21,2.6,2.609,2.58,2.604,2.595,0.009,0.3468,4112879.04,1068176.066
csi300,2013-01-22,2.599,2.616,2.577,2.6,2.604,-0.004,-0.1536,7695141.88,2002372.346
csi300,2013-01-23,2.599,2.61,2.58,2.605,2.6,0.005,0.1923,4179259.0,1084472.566
csi300,2013-01-24,2.605,2.666,2.568,2.588,2.605,-0.017,-0.6526,7873514.37,2056159.924
csi300,2013-01-25,2.588,2.591,2.573,2.576,2.588,-0.012,-0.4637,5722447.4,1476636.53
csi300,2013-01-28,2.583,2.647,2.583,2.646,2.576,0.07,2.7174,5635543.56,1476431.209
csi300,2013-01-29,2.649,2.679,2.645,2.666,2.646,0.02,0.7559,7826804.14,2081586.927
csi300,2013-01-30,2.673,2.683,2.661,2.681,2.666,0.015,0.5626,5385049.26,1440600.309
csi300,2013-01-31,2.692,2.697,2.67,2.688,2.681,0.007,0.2611,6927571.02,1856557.77
csi300,2013-02-01,2.679,2.745,2.671,2.74,2.688,0.052,1.9345,5398153.44,1458735.972
csi300,2013-02-04,2.748,2.763,2.732,2.745,2.74,0.005,0.1825,4247564.05,1167276.49
csi300,2013-02-05,2.732,2.78,2.73,2.765,2.745,0.02,0.7286,7356517.14,2027097.937
csi300,2013-02-06,2.767,2.78,2.764,2.773,2.765,0.008,0.2893,4626880.28,1281889.007
csi300,2013-02-07,2.77,2.773,2.725,2.76,2.773,-0.013,-0.4688,6087426.43,1675465.189
csi300,2013-02-08,2.767,2.787,2.749,2.769,2.76,0.009,0.3261,6296267.13,1743742.744
csi300,2013-02-18,2.775,2.778,2.722,2.728,2.769,-0.041,-1.4807,6967875.2,1916816.549
csi300,2013-02-19,2.73,2.735,2.671,2.684,2.728,-0.044,-1.6129,5411521.28,1458203.208
csi300,2013-02-20,2.685,2.697,2.668,2.696,2.684,0.012,0.4471,4610176.94,1236732.016
csi300,2013-02-21,2.67,2.67,2.576,2.6,2.696,-0.096,-3.5608,7321565.14,1916687.191
csi300,2013-02-22,2.603,2.611,2.587,2.592,2.6,-0.008,-0.3077,4107547.19,1069329.85
csi300,2013-02-25,2.599,2.626,2.582,2.596,2.592,0.004,0.1543,5475509.94,1423529.867
csi300,2013-02-26,2.58,2.625,2.553,2.558,2.596,-0.038,-1.4638,7929723.84,2059004.731
csi300,2013-02-27,2.569,2.61,2.565,2.582,2.558,0.024,0.9382,4683230.89,1210049.094
csi300,2013-02-28,2.606,2.673,2.59,2.669,2.582,0.087,3.3695,6133326.22,1613396.37
csi300,2013-03-01,2.669,2.677,2.619,2.666,2.669,-0.003,-0.1124,4276796.52,1133952.013
csi300,2013-03-04,2.632,2.634,2.527,2.54,2.666,-0.126,-4.7262,7400084.08,1910709.787
csi300,2013-03-05,2.545,2.616,2.541,2.613,2.54,0.073,2.874,5414035.34,1393273.915
csi300,2013-03-06,2.631,2.658,2.614,2.641,2.613,0.028,1.0716,5958096.51,1569376.89
csi300,2013-03-07,2.63,2.65,2.584,2.609,2.641,-0.032,-1.2117,7909465.42,2078437.329
csi300,2013-03-08,2.625,2.629,2.598,2.605,2.609,-0.004,-0.1533,5495201.32,1435194.39
csi300,2013-03-11,2.587,2.607,2.567,2.587,2.605,-0.018,-0.691,3553997.32,919683.613
csi300,2013-03-12,2.587,2.615,2.525,2.55,2.587,-0.037,-1.4302,5303135.52,1365783.892
csi300,2013-03-13,2.546,2.549,2.509,2.522,2.55,-0.028,-1.098,4421041.96,1118845.743
csi300,2013-03-14,2.509,2.542,2.505,2.527,2.522,0.005,0.1983,4439762.6,1121465.887
csi300,2013-03-15,2.533,2.604,2.5,2.529,2.527,0.002,0.0791,5027987.88,1278782.973
csi300,2013-03-18,2.522,2.544,2.5,2.502,2.529,-0.027,-1.0676,4252109.09,1069712.559
csi300,2013-03-19,2.506,2.532,2.49,2.524,2.502,0.022,0.8793,4337150.4,1088743.435
csi300,2013-03-20,2.525,2.603,2.525,2.601,2.524,0.077,3.0507,5888569.17,1511969.742
csi300,2013-03-21,2.607,2.622,2.596,2.608,2.601,0.007,0.2691,3606871.43,941534.688
csi300,2013-03-22,2.609,2.624,2.598,2.615,2.608,0.007,0.2684,3630827.91,947921.616
csi300,2013-03-25,2.625,2.638,2.6,2.611,2.615,-0.004,-0.153,3428520.5,896857.829
csi300,2013-03-26,2.598,2.603,2.545,2.568,2.611,-0.043,-1.6469,5746422.46,1475459.04
csi300,2013-03-27,2.57,2.609,2.559,2.574,2.568,0.006,0.2336,4445452.48,1148263.798
csi300,2013-03-28,2.537,2.537,2.49,2.494,2.574,-0.08,-3.108,4066694.45,1018776.723
csi300,2013-03-29,2.502,2.507,2.48,2.487,2.494,-0.007,-0.2807,3232432.12,806035.552
csi300,2013-04-01,2.478,2.505,2.477,2.483,2.487,-0.004,-0.1608,3309090.52,823004.666
csi300,2013-04-02,2.489,2.523,2.47,2.487,2.483,0.004,0.1611,3725639.29,928741.508
csi300,2013-04-03,2.495,2.509,2.472,2.482,2.487,-0.005,-0.201,3168155.48,788828.351
csi300,2013-04-08,2.45,2.474,2.433,2.47,2.482,-0.012,-0.4835,3319435.96,814316.335
csi300,2013-04-09,2.477,2.509,2.477,2.485,2.47,0.015,0.6073,4870228.79,1213062.462
csi300,2013-04-10,2.485,2.491,2.469,2.485,2.485,0.0,0.0,2322471.12,576536.595
csi300,2013-04-11,2.508,2.512,2.473,2.474,2.485,-0.011,-0.4427,2170251.49,540065.913
csi300,2013-04-12,2.476,2.485,2.463,2.466,2.474,-0.008,-0.3234,2090345.36,516829.586
csi300,2013-04-15,2.46,2.465,2.433,2.441,2.466,-0.025,-1.0138,2735599.05,667778.045
csi300,2013-04-16,2.429,2.46,2.421,2.456,2.441,0.015,0.6145,4082437.38,993056.446
csi300,2013-04-17,2.455,2.464,2.439,2.462,2.456,0.006,0.2443,4156771.22,1018533.279
csi300,2013-04-18,2.439,2.486,2.438,2.467,2.462,0.005,0.2031,4113051.94,1012514.426
csi300,2013-04-19,2.471,2.548,2.47,2.537,2.467,0.07,2.8375,5905394.97,1481482.908
csi300,2013-04-22,2.535,2.542,2.52,2.529,2.537,-0.008,-0.3153,2310740.58,584348.88
csi300,2013-04-23,2.529,2.529,2.447,2.452,2.529,-0.077,-3.0447,3106698.39,768642.717
csi300,2013-04-24,2.453,2.514,2.447,2.494,2.452,0.042,1.7129,3133921.43,777134.481
csi300,2013-04-25,2.483,2.509,2.455,2.468,2.494,-0.026,-1.0425,2978324.82,738931.466
csi300,2013-04-26,2.479,2.488,2.434,2.445,2.468,-0.023,-0.9319,1865287.56,459050.667
csi300,2013-05-02,2.427,2.45,2.418,2.447,2.445,0.002,0.0818,2140702.6,521417.056
csi300,2013-05-03,2.458,2.524,2.453,2.491,2.447,0.044,1.7981,3344747.49,834387.244
csi300,2013-05-06,2.5,2.533,2.499,2.52,2.491,0.029,1.1642,2359820.57,594058.097
csi300,2013-05-07,2.518,2.538,2.503,2.526,2.52,0.006,0.2381,2855262.54,719952.425
csi300,2013-05-08,2.543,2.567,2.531,2.542,2.526,0.016,0.6334,2997252.33,763095.484
csi300,2013-05-09,2.538,2.544,2.508,2.529,2.542,-0.013,-0.5114,1895550.32,478844.414
csi300,2013-05-10,2.518,2.547,2.517,2.539,2.529,0.01,0.3954,2832553.25,716622.932
csi300,2013-05-13,2.541,2.549,2.513,2.529,2.539,-0.01,-0.3939,1987403.12,502329.909
csi300,2013-05-14,2.524,2.528,2.473,2.492,2.529,-0.037,-1.463,2646563.18,660115.201
csi300,2013-05-15,2.493,2.505,2.49,2.504,2.492,0.012,0.4815,1927893.45,481307.164
csi300,2013-05-16,2.499,2.556,2.487,2.555,2.504,0.051,2.0367,4129314.52,1042569.861
csi300,2013-05-17,2.555,2.603,2.547,2.599,2.555,0.044,1.7221,4774811.59,1228780.434
csi300,2013-05-20,2.606,2.632,2.596,2.614,2.599,0.015,0.5771,2825607.67,737865.835
csi300,2013-05-21,2.615,2.619,2.599,2.614,2.614,0.0,0.0,2034481.34,530951.399
csi300,2013-05-22,2.617,2.63,2.607,2.617,2.614,0.003,0.1148,1936315.59,507000.634
csi300,2013-05-23,2.601,2.628,2.579,2.589,2.617,-0.028,-1.0699,2900756.94,755195.521
csi300,2013-05-24,2.6,2.618,2.571,2.603,2.589,0.014,0.5407,4073632.66,1057177.195
csi300,2013-05-27,2.597,2.612,2.587,2.597,2.603,-0.006,-0.2305,2916019.92,758056.88
csi300,2013-05-28,2.598,2.652,2.586,2.651,2.597,0.054,2.0793,3491582.63,911112.71
csi300,2013-05-29,2.657,2.667,2.641,2.642,2.651,-0.009,-0.3395,3895438.32,1034408.878
csi300,2013-05-30,2.642,2.647,2.623,2.635,2.642,-0.007,-0.265,5674699.93,1496917.863
csi300,2013-05-31,2.636,2.645,2.6,2.605,2.635,-0.03,-1.1385,5440863.78,1429483.613
csi300,2013-06-03,2.609,2.632,2.602,2.61,2.605,0.005,0.1919,3199071.93,836355.643
csi300,2013-06-04,2.607,2.608,2.564,2.572,2.61,-0.038,-1.4559,4436294.43,1145987.081
csi300,2013-06-05,2.571,2.577,2.556,2.565,2.572,-0.007,-0.2722,2254500.11,578718.159
csi300,2013-06-06,2.557,2.568,2.538,2.54,2.565,-0.025,-0.9747,2638058.72,673739.615
csi300,2013-06-07,2.541,2.548,2.482,2.494,2.54,-0.046,-1.811,3947621.38,989801.063
csi300,2013-06-13,2.457,2.457,2.391,2.417,2.494,-0.077,-3.0874,6174687.48,1488974.523
csi300,2013-06-14,2.424,2.441,2.411,2.434,2.417,0.017,0.7034,3912454.23,950012.5
csi300,2013-06-17,2.443,2.447,2.415,2.419,2.434,-0.015,-0.6163,3077433.23,746798.449
csi300,2013-06-18,2.425,2.442,2.408,2.435,2.419,0.016,0.6614,3738954.25,907946.401
csi300,2013-06-19,2.425,2.425,2.384,2.421,2.435,-0.014,-0.5749,2864449.62,689411.56
csi300,2013-06-20,2.405,2.407,2.34,2.345,2.421,-0.076,-3.1392,3712644.85,883962.883
csi300,2013-06-21,2.306,2.348,2.294,2.334,2.345,-0.011,-0.4691,3579532.42,832415.323
csi300,2013-06-24,2.321,2.323,2.183,2.191,2.334,-0.143,-6.1268,7667555.01,1715836.844
csi300,2013-06-25,2.165,2.194,2.04,2.192,2.191,0.001,0.0456,9678250.02,2076047.521
csi300,2013-06-26,2.192,2.199,2.152,2.187,2.192,-0.005,-0.2281,5090008.96,1106983.861
csi300,2013-06-27,2.202,2.225,2.182,2.188,2.187,0.001,0.0457,4750804.28,1045183.33
csi300,2013-06-28,2.206,2.262,2.17,2.228,2.188,0.04,1.8282,4976379.81,1102861.244
csi300,2013-07-01,2.204,2.242,2.19,2.237,2.228,0.009,0.4039,2225312.38,493576.354
csi300,2013-07-02,2.236,2.25,2.214,2.244,2.237,0.007,0.3129,4514809.48,1008709.304
csi300,2013-07-03,2.238,2.24,2.196,2.239,2.244,-0.005,-0.2228,3017410.94,670289.901
csi300,2013-07-04,2.222,2.28,2.208,2.255,2.239,0.016,0.7146,2991884.92,671172.411
csi300,2013-07-05,2.26,2.286,2.254,2.263,2.255,0.008,0.3548,1874797.16,425156.218
csi300,2013-07-08,2.232,2.242,2.196,2.202,2.263,-0.061,-2.6955,1660162.85,367617.162
csi300,2013-07-09,2.2,2.211,2.189,2.197,2.202,-0.005,-0.2271,4259903.56,937165.031
csi300,2013-07-10,2.197,2.259,2.191,2.258,2.197,0.061,2.7765,2528365.23,564145.262
csi300,2013-07-11,2.28,2.411,2.275,2.371,2.258,0.113,5.0044,4163258.49,977406.622
csi300,2013-07-12,2.368,2.377,2.311,2.312,2.371,-0.059,-2.4884,5941637.96,1400016.785
csi300,2013-07-15,2.327,2.382,2.315,2.345,2.312,0.033,1.4273,4048451.32,949315.634
csi300,2013-07-16,2.336,2.36,2.319,2.359,2.345,0.014,0.597,4723110.09,1103431.711
csi300,2013-07-17,2.352,2.371,2.32,2.324,2.359,-0.035,-1.4837,3068787.36,718581.829
csi300,2013-07-18,2.316,2.323,2.278,2.288,2.324,-0.036,-1.5491,3601863.74,827790.488
csi300,2013-07-19,2.289,2.302,2.224,2.225,2.288,-0.063,-2.7535,4124883.89,935501.475
csi300,2013-07-22,2.2,2.245,2.182,2.239,2.225,0.014,0.6292,3737519.96,831492.752
csi300,2013-07-23,2.247,2.326,2.247,2.309,2.239,0.07,3.1264,3892940.42,893371.627
csi300,2013-07-24,2.305,2.307,2.257,2.292,2.309,-0.017,-0.7362,3726980.16,851700.312
csi300,2013-07-25,2.305,2.32,2.271,2.286,2.292,-0.006,-0.2618,3240231.18,743760.061
csi300,2013-07-26,2.27,2.284,2.251,2.265,2.286,-0.021,-0.9186,2351804.79,533143.734
csi300,2013-07-29,2.245,2.245,2.215,2.221,2.265,-0.044,-1.9426,3077217.72,685757.565
csi300,2013-07-30,2.238,2.271,2.212,2.234,2.221,0.013,0.5853,2436356.03,544952.12
csi300,2013-07-31,2.253,2.286,2.232,2.239,2.234,0.005,0.2238,2474481.36,557573.473
csi300,2013-08-01,2.26,2.299,2.249,2.298,2.239,0.059,2.6351,3144439.7,716302.026
csi300,2013-08-02,2.323,2.329,2.289,2.294,2.298,-0.004,-0.1741,2824115.77,651723.965
csi300,2013-08-05,2.3,2.329,2.287,2.327,2.294,0.033,1.4385,2275330.3,524892.166
csi300,2013-08-06,2.316,2.355,2.3,2.342,2.327,0.015,0.6446,3002480.93,697988.412
csi300,2013-08-07,2.34,2.365,2.321,2.326,2.342,-0.016,-0.6832,2567649.61,602110.172
csi300,2013-08-08,2.327,2.35,2.315,2.327,2.326,0.001,0.043,3007778.91,700958.935
csi300,2013-08-09,2.338,2.353,2.302,2.337,2.327,0.01,0.4297,2875774.98,670552.251
csi300,2013-08-12,2.359,2.409,2.344,2.407,2.337,0.07,2.9953,5206173.24,1235941.966
csi300,2013-08-13,2.406,2.41,2.39,2.407,2.407,0.0,0.0,3349543.86,804325.968
csi300,2013-08-14,2.411,2.44,2.39,2.402,2.407,-0.005,-0.2077,3988343.59,963290.96
csi300,2013-08-15,2.4,2.411,2.369,2.374,2.402,-0.028,-1.1657,2973782.25,712161.45
csi300,2013-08-16,2.367,2.455,2.342,2.357,2.374,-0.017,-0.7161,6019936.27,1438879.737
csi300,2013-08-19,2.348,2.393,2.334,2.377,2.357,0.02,0.8485,3923917.71,925169.374
csi300,2013-08-20,2.375,2.402,2.35,2.36,2.377,-0.017,-0.7152,4416315.8,1048835.093
csi300,2013-08-21,2.37,2.376,2.337,2.36,2.36,0.0,0.0,2680073.73,631195.649
csi300,2013-08-22,2.355,2.382,2.349,2.352,2.36,-0.008,-0.339,3156205.89,746448.009
csi300,2013-08-23,2.365,2.373,2.301,2.337,2.352,-0.015,-0.6378,4276942.98,1004016.906
csi300,2013-08-26,2.342,2.39,2.334,2.389,2.337,0.052,2.2251,4385999.08,1037622.735
csi300,2013-08-27,2.384,2.395,2.369,2.389,2.389,0.0,0.0,4062534.63,967557.818
csi300,2013-08-28,2.372,2.397,2.353,2.378,2.389,-0.011,-0.4604,3317215.15,787662.499
csi300,2013-08-29,2.39,2.394,2.356,2.371,2.378,-0.007,-0.2944,2969749.44,704722.499
csi300,2013-08-30,2.365,2.384,2.35,2.367,2.371,-0.004,-0.1687,3279187.08,776630.63
csi300,2013-09-02,2.372,2.38,2.35,2.369,2.367,0.002,0.0845,3840557.74,908253.353
csi300,2013-09-03,2.375,2.405,2.374,2.405,2.369,0.036,1.5196,3079873.0,736481.136
csi300,2013-09-04,2.401,2.407,2.397,2.404,2.405,-0.001,-0.0416,3695617.52,887658.076
csi300,2013-09-05,2.403,2.403,2.385,2.394,2.404,-0.01,-0.416,2763756.82,661631.491
csi300,2013-09-06,2.389,2.412,2.389,2.408,2.394,0.014,0.5848,3928209.61,942252.862
csi300,2013-09-09,2.419,2.503,2.419,2.497,2.408,0.089,3.696,4642993.49,1141745.072
csi300,2013-09-10,2.497,2.535,2.492,2.53,2.497,0.033,1.3216,3997592.34,1000413.265
csi300,2013-09-11,2.545,2.555,2.53,2.541,2.53,0.011,0.4348,3801874.44,967497.54
csi300,2013-09-12,2.538,2.585,2.529,2.566,2.541,0.025,0.9839,4560582.68,1163333.046
csi300,2013-09-13,2.562,2.57,2.539,2.547,2.566,-0.019,-0.7405,2681877.56,684978.618
csi300,2013-09-16,2.56,2.563,2.524,2.534,2.547,-0.013,-0.5104,3715187.73,943221.801
csi300,2013-09-17,2.533,2.535,2.482,2.484,2.534,-0.05,-1.9732,3053840.91,766213.779
csi300,2013-09-18,2.484,2.491,2.46,2.487,2.484,0.003,0.1208,2512067.63,623254.262
csi300,2013-09-23,2.491,2.529,2.491,2.522,2.487,0.035,1.4073,3926610.39,985237.519
csi300,2013-09-24,2.522,2.522,2.47,2.498,2.522,-0.024,-0.9516,3125181.27,779963.44
csi300,2013-09-25,2.496,2.509,2.48,2.483,2.498,-0.015,-0.6005,2211582.99,552023.971
csi300,2013-09-26,2.474,2.476,2.437,2.442,2.483,-0.041,-1.6512,2794751.32,685861.122
csi300,2013-09-27,2.438,2.455,2.435,2.451,2.442,0.009,0.3686,2248896.82,550046.169
csi300,2013-09-30,2.458,2.487,2.452,2.467,2.451,0.016,0.6528,2088410.82,513976.872
csi300,2013-10-08,2.442,2.504,2.442,2.502,2.467,0.035,1.4187,3137910.93,777114.915
csi300,2013-10-09,2.49,2.505,2.484,2.505,2.502,0.003,0.1199,2725497.54,680222.973
csi300,2013-10-10,2.509,2.51,2.478,2.483,2.505,-0.022,-0.8782,2755380.51,687043.91
csi300,2013-10-11,2.494,2.529,2.492,2.523,2.483,0.04,1.611,3498972.52,879173.069
csi300,2013-10-14,2.528,2.534,2.516,2.524,2.523,0.001,0.0396,3536378.74,892681.757
csi300,2013-10-15,2.528,2.53,2.502,2.521,2.524,-0.003,-0.1189,2412414.28,607784.754
csi300,2013-10-16,2.511,2.514,2.467,2.477,2.521,-0.044,-1.7453,2719204.07,675035.725
csi300,2013-10-17,2.489,2.493,2.463,2.464,2.477,-0.013,-0.5248,1984921.39,491967.771
csi300,2013-10-18,2.465,2.488,2.463,2.476,2.464,0.012,0.487,2550712.42,631434.173
csi300,2013-10-21,2.481,2.532,2.473,2.529,2.476,0.053,2.1405,3419880.34,855379.655
csi300,2013-10-22,2.528,2.528,2.492,2.501,2.529,-0.028,-1.1072,2876840.92,721430.49
csi300,2013-10-23,2.504,2.53,2.466,2.474,2.501,-0.027,-1.0796,3043314.68,758582.949
csi300,2013-10-24,2.471,2.477,2.45,2.454,2.474,-0.02,-0.8084,2305747.92,567791.421
csi300,2013-10-25,2.455,2.464,2.401,2.415,2.454,-0.039,-1.5892,2488843.11,605720.744
csi300,2013-10-28,2.423,2.43,2.405,2.418,2.415,0.003,0.1242,2092769.83,505785.892
csi300,2013-10-29,2.422,2.459,2.382,2.421,2.418,0.003,0.1241,4750693.17,1149568.485
csi300,2013-10-30,2.424,2.457,2.416,2.455,2.421,0.034,1.4044,3245840.73,790962.181
csi300,2013-10-31,2.449,2.449,2.422,2.431,2.455,-0.024,-0.9776,1753139.47,426820.599
csi300,2013-11-01,2.433,2.45,2.421,2.441,2.431,0.01,0.4114,2826247.44,687485.066
csi300,2013-11-04,2.451,2.461,2.428,2.434,2.441,-0.007,-0.2868,2000607.52,488222.544
csi300,2013-11-05,2.425,2.439,2.397,2.434,2.434,0.0,0.0,2825303.63,684486.056
csi300,2013-11-06,2.426,2.435,2.402,2.406,2.434,-0.028,-1.1504,2289483.18,553821.266
csi300,2013-11-07,2.406,2.408,2.383,2.396,2.406,-0.01,-0.4156,2052677.99,491768.807
csi300,2013-11-08,2.389,2.396,2.355,2.36,2.396,-0.036,-1.5025,2656413.54,630850.987
csi300,2013-11-11,2.357,2.372,2.343,2.363,2.36,0.003,0.1271,2122232.64,500440.744
csi300,2013-11-12,2.371,2.393,2.365,2.387,2.363,0.024,1.0157,2565124.97,610545.902
csi300,2013-11-13,2.375,2.375,2.341,2.342,2.387,-0.045,-1.8852,2478247.25,583338.018
csi300,2013-11-14,2.342,2.352,2.332,2.349,2.342,0.007,0.2989,2382375.77,558115.488
csi300,2013-11-15,2.359,2.429,2.357,2.398,2.349,0.049,2.086,5462143.05,1306770.713
csi300,2013-11-18,2.417,2.478,2.408,2.477,2.398,0.079,3.2944,3787733.28,924018.941
csi300,2013-11-19,2.473,2.479,2.461,2.466,2.477,-0.011,-0.4441,2654410.13,655037.63
csi300,2013-11-20,2.484,2.49,2.458,2.477,2.466,0.011,0.4461,3702883.12,913976.58
csi300,2013-11-21,2.466,2.471,2.438,2.465,2.477,-0.012,-0.4845,3391181.33,831607.461
csi300,2013-11-22,2.468,2.475,2.445,2.451,2.465,-0.014,-0.568,3555561.01,874881.401
csi300,2013-11-25,2.438,2.472,2.43,2.438,2.451,-0.013,-0.5304,3914382.06,959349.313
csi300,2013-11-26,2.439,2.45,2.429,2.437,2.438,-0.001,-0.041,2609521.69,637084.155
csi300,2013-11-27,2.436,2.479,2.431,2.465,2.437,0.028,1.149,4380607.57,1075627.197
csi300,2013-11-28,2.472,2.517,2.47,2.491,2.465,0.026,1.0548,4348594.34,1085311.299
csi300,2013-11-29,2.494,2.5,2.485,2.493,2.491,0.002,0.0803,2455758.52,612023.757
csi300,2013-12-02,2.484,2.516,2.449,2.47,2.493,-0.023,-0.9226,5338789.78,1323278.289
csi300,2013-12-03,2.466,2.501,2.462,2.492,2.47,0.022,0.8907,3994628.21,990420.089
csi300,2013-12-04,2.496,2.539,2.49,2.524,2.492,0.032,1.2841,5593421.11,1410762.832
csi300,2013-12-05,2.525,2.531,2.515,2.524,2.524,0.0,0.0,3567310.32,900666.039
csi300,2013-12-06,2.519,2.521,2.499,2.507,2.524,-0.017,-0.6735,4617587.31,1158253.932
csi300,2013-12-09,2.518,2.525,2.5,2.506,2.507,-0.001,-0.0399,3990465.99,1000869.923
csi300,2013-12-10,2.508,2.519,2.499,2.505,2.506,-0.001,-0.0399,3323144.01,833138.972
csi300,2013-12-11,2.493,2.493,2.451,2.466,2.505,-0.039,-1.5569,4144818.42,1025348.385
csi300,2013-12-12,2.465,2.473,2.458,2.461,2.466,-0.005,-0.2028,2974763.27,733177.135
csi300,2013-12-13,2.439,2.471,2.433,2.46,2.461,-0.001,-0.0406,3112769.82,764172.818
csi300,2013-12-16,2.462,2.466,2.417,2.42,2.46,-0.04,-1.626,3608669.36,880155.255
csi300,2013-12-17,2.42,2.422,2.401,2.405,2.42,-0.015,-0.6198,3966720.02,957011.894
csi300,2013-12-18,2.407,2.417,2.403,2.407,2.405,0.002,0.0832,3015111.31,726410.725
csi300,2013-12-19,2.414,2.419,2.383,2.384,2.407,-0.023,-0.9555,4290503.62,1030390.655
csi300,2013-12-20,2.386,2.387,2.327,2.333,2.384,-0.051,-2.1393,4594765.94,1081160.749
csi300,2013-12-23,2.333,2.345,2.307,2.333,2.333,0.0,0.0,2598022.9,605010.435
csi300,2013-12-24,2.341,2.364,2.313,2.336,2.333,0.003,0.1286,2634764.4,616659.414
csi300,2013-12-25,2.34,2.357,2.33,2.348,2.336,0.012,0.5137,3246848.1,760168.631
csi300,2013-12-26,2.345,2.347,2.309,2.316,2.348,-0.032,-1.3629,1922186.28,447136.578
csi300,2013-12-27,2.317,2.366,2.316,2.347,2.316,0.031,1.3385,3564712.24,834400.435
csi300,2013-12-30,2.36,2.36,2.339,2.349,2.347,0.002,0.0852,1999413.02,469649.357
csi300,2013-12-31,2.335,2.379,2.33,2.376,2.349,0.027,1.1494,3527363.61,831355.104
csi300,2014-01-02,2.369,2.375,2.356,2.368,2.376,-0.008,-0.3367,1877797.77,444109.566
csi300,2014-01-03,2.358,2.36,2.326,2.342,2.368,-0.026,-1.098,4404445.3,1030051.292
csi300,2014-01-06,2.335,2.335,2.28,2.286,2.342,-0.056,-2.3911,4834089.48,1106968.668
csi300,2014-01-07,2.27,2.295,2.265,2.287,2.286,0.001,0.0437,1525888.2,348214.907
csi300,2014-01-08,2.287,2.309,2.272,2.285,2.287,-0.002,-0.0875,2050543.29,469652.278
csi300,2014-01-09,2.28,2.306,2.269,2.271,2.285,-0.014,-0.6127,3371288.5,769178.854
csi300,2014-01-10,2.269,2.273,2.249,2.255,2.271,-0.016,-0.7045,3701781.63,834948.901
csi300,2014-01-13,2.255,2.268,2.23,2.239,2.255,-0.016,-0.7095,4884821.18,1095835.588
csi300,2014-01-14,2.239,2.261,2.225,2.254,2.239,0.015,0.6699,2509259.81,562495.465
csi300,2014-01-15,2.253,2.257,2.235,2.254,2.254,0.0,0.0,3339884.42,750456.441
csi300,2014-01-16,2.25,2.271,2.244,2.255,2.254,0.001,0.0444,2001024.4,451540.757
csi300,2014-01-17,2.248,2.252,2.222,2.223,2.255,-0.032,-1.4191,2523919.7,563263.757
csi300,2014-01-20,2.222,2.226,2.201,2.212,2.223,-0.011,-0.4948,2296621.67,508466.678
csi300,2014-01-21,2.17,2.195,2.167,2.182,2.164,0.018,0.8318,2902637.74,633712.02
csi300,2014-01-22,2.185,2.243,2.184,2.242,2.182,0.06,2.7498,3794402.27,843228.384
csi300,2014-01-23,2.239,2.242,2.225,2.23,2.242,-0.012,-0.5352,2536862.3,566386.375
csi300,2014-01-24,2.222,2.255,2.22,2.242,2.23,0.012,0.5381,2700642.48,604352.0
csi300,2014-01-27,2.226,2.228,2.205,2.213,2.242,-0.029,-1.2935,2731127.84,604898.595
csi300,2014-01-28,2.22,2.232,2.202,2.215,2.213,0.002,0.0904,2401396.16,531613.31
csi300,2014-01-29,2.221,2.226,2.215,2.222,2.215,0.007,0.316,1701587.7,377868.54
csi300,2014-01-30,2.218,2.222,2.19,2.191,2.222,-0.031,-1.3951,2744494.6,604906.044
csi300,2014-02-07,2.173,2.206,2.169,2.205,2.191,0.014,0.639,3417277.67,745821.656
csi300,2014-02-10,2.215,2.271,2.215,2.269,2.205,0.064,2.9025,6386221.13,1439529.454
csi300,2014-02-11,2.265,2.29,2.257,2.28,2.269,0.011,0.4848,2883879.39,654990.74
csi300,2014-02-12,2.281,2.29,2.273,2.284,2.28,0.004,0.1754,2525284.72,575696.114
csi300,2014-02-13,2.279,2.298,2.275,2.278,2.284,-0.006,-0.2627,2815558.22,643169.089
csi300,2014-02-14,2.28,2.287,2.273,2.286,2.278,0.008,0.3512,1647132.16,375423.869
csi300,2014-02-17,2.308,2.312,2.289,2.302,2.286,0.016,0.6999,1971993.82,453309.572
csi300,2014-02-18,2.303,2.303,2.269,2.275,2.302,-0.027,-1.1729,2936986.14,670554.64
csi300,2014-02-19,2.273,2.312,2.27,2.305,2.275,0.03,1.3187,3371678.05,772723.56
csi300,2014-02-20,2.31,2.327,2.283,2.285,2.305,-0.02,-0.8677,2017748.62,465146.931
csi300,2014-02-21,2.284,2.289,2.249,2.259,2.285,-0.026,-1.1379,2603374.4,590099.435
csi300,2014-02-24,2.23,2.236,2.188,2.208,2.259,-0.051,-2.2576,2691035.71,594375.666
csi300,2014-02-25,2.209,2.219,2.147,2.151,2.208,-0.057,-2.5815,3435203.02,749344.447
csi300,2014-02-26,2.141,2.156,2.133,2.154,2.151,0.003,0.1395,4173650.0,895412.23
csi300,2014-02-27,2.16,2.17,2.147,2.149,2.154,-0.005,-0.2321,3264826.8,704614.436
csi300,2014-02-28,2.148,2.178,2.124,2.171,2.149,0.022,1.0237,3394211.79,729654.578
csi300,2014-03-03,2.168,2.19,2.159,2.179,2.171,0.008,0.3685,2663613.31,579375.744
csi300,2014-03-04,2.174,2.179,2.158,2.174,2.179,-0.005,-0.2295,1879749.12,407738.094
csi300,2014-03-05,2.18,2.183,2.152,2.155,2.174,-0.019,-0.874,3938169.72,853328.136
csi300,2014-03-06,2.153,2.173,2.129,2.166,2.155,0.011,0.5104,4127699.24,889208.671
csi300,2014-03-07,2.165,2.18,2.155,2.159,2.166,-0.007,-0.3232,2439539.93,528828.362
csi300,2014-03-10,2.139,2.139,2.089,2.092,2.159,-0.067,-3.1033,2703461.68,572028.434
csi300,2014-03-11,2.091,2.118,2.084,2.101,2.092,0.009,0.4302,2862876.72,600469.397
csi300,2014-03-12,2.093,2.122,2.089,2.103,2.101,0.002,0.0952,2646605.12,556321.891
csi300,2014-03-13,2.111,2.141,2.106,2.136,2.103,0.033,1.5692,2247717.51,477755.042
csi300,2014-03-14,2.121,2.131,2.108,2.118,2.136,-0.018,-0.8427,1126162.74,238786.341
csi300,2014-03-17,2.135,2.139,2.115,2.134,2.118,0.016,0.7554,1372904.53,292134.404
csi300,2014-03-18,2.136,2.145,2.13,2.132,2.134,-0.002,-0.0937,946710.05,202272.096
csi300,2014-03-19,2.125,2.125,2.098,2.119,2.132,-0.013,-0.6098,1518427.72,320463.11
csi300,2014-03-20,2.119,2.133,2.081,2.082,2.119,-0.037,-1.7461,2852527.26,601873.113
csi300,2014-03-21,2.08,2.162,2.073,2.159,2.082,0.077,3.6984,4046807.47,857354.353
csi300,2014-03-24,2.156,2.18,2.144,2.169,2.159,0.01,0.4632,3081317.85,665984.65
csi300,2014-03-25,2.162,2.188,2.158,2.166,2.169,-0.003,-0.1383,2641547.49,573663.272
csi300,2014-03-26,2.173,2.178,2.159,2.166,2.166,0.0,0.0,1587732.63,344269.055
csi300,2014-03-27,2.16,2.182,2.14,2.151,2.166,-0.015,-0.6925,3566803.11,769053.407
csi300,2014-03-28,2.151,2.167,2.139,2.15,2.151,-0.001,-0.0465,2004820.17,431701.738
csi300,2014-03-31,2.155,2.163,2.126,2.141,2.15,-0.009,-0.4186,2376535.7,510111.315
csi300,2014-04-01,2.139,2.169,2.135,2.153,2.141,0.012,0.5605,1706956.84,367242.347
csi300,2014-04-02,2.156,2.176,2.154,2.17,2.153,0.017,0.7896,1623971.7,351622.805
csi300,2014-04-03,2.18,2.189,2.154,2.155,2.17,-0.015,-0.6912,3269472.53,711761.592
csi300,2014-04-04,2.152,2.181,2.148,2.181,2.155,0.026,1.2065,1885587.82,408046.057
csi300,2014-04-08,2.175,2.24,2.172,2.233,2.181,0.052,2.3842,3717930.83,822435.035
csi300,2014-04-09,2.237,2.241,2.223,2.229,2.233,-0.004,-0.1791,2688656.65,600207.668
csi300,2014-04-10,2.233,2.287,2.22,2.265,2.229,0.036,1.6151,4754513.04,1067702.271
csi300,2014-04-11,2.268,2.275,2.253,2.264,2.265,-0.001,-0.0442,3067077.36,694358.105
csi300,2014-04-14,2.264,2.27,2.251,2.263,2.264,-0.001,-0.0442,2134907.85,482261.582
csi300,2014-04-15,2.253,2.253,2.218,2.223,2.263,-0.04,-1.7676,2262150.73,505649.912
csi300,2014-04-16,2.223,2.241,2.213,2.223,2.223,0.0,0.0,3070273.37,683803.095
csi300,2014-04-17,2.229,2.235,2.214,2.219,2.223,-0.004,-0.1799,1966073.71,437056.075
csi300,2014-04-18,2.209,2.224,2.191,2.215,2.219,-0.004,-0.1803,3439955.51,758780.422
csi300,2014-04-21,2.2,2.225,2.174,2.175,2.215,-0.04,-1.8059,3798473.13,838967.065
csi300,2014-04-22,2.175,2.192,2.158,2.19,2.175,0.015,0.6897,4551193.65,990477.065
csi300,2014-04-23,2.181,2.194,2.177,2.184,2.19,-0.006,-0.274,3426667.73,748980.706
csi300,2014-04-24,2.184,2.203,2.181,2.188,2.184,0.004,0.1832,3374683.75,739068.784
csi300,2014-04-25,2.193,2.195,2.16,2.161,2.188,-0.027,-1.234,4353856.38,949030.898
csi300,2014-04-28,2.16,2.167,2.129,2.131,2.161,-0.03,-1.3882,5070553.9,1085750.096
csi300,2014-04-29,2.131,2.155,2.128,2.15,2.131,0.019,0.8916,4387669.01,937664.879
csi300,2014-04-30,2.148,2.154,2.143,2.149,2.15,-0.001,-0.0465,2976963.97,639550.468
csi300,2014-05-05,2.142,2.159,2.121,2.15,2.149,0.001,0.0465,4780497.18,1020314.76
csi300,2014-05-06,2.148,2.169,2.14,2.147,2.15,-0.003,-0.1395,4025842.7,866970.238
csi300,2014-05-07,2.142,2.147,2.131,2.133,2.147,-0.014,-0.6521,2808434.81,600756.264
csi300,2014-05-08,2.13,2.167,2.126,2.129,2.133,-0.004,-0.1875,3038288.39,650736.443
csi300,2014-05-09,2.136,2.139,2.117,2.128,2.129,-0.001,-0.047,3148898.46,670368.295
csi300,2014-05-12,2.142,2.178,2.134,2.171,2.128,0.043,2.0207,3896263.28,841487.799
csi300,2014-05-13,2.171,2.176,2.159,2.165,2.171,-0.006,-0.2764,2396768.03,519898.257
csi300,2014-05-14,2.166,2.178,2.163,2.165,2.165,0.0,0.0,2676012.88,580350.98
csi300,2014-05-15,2.164,2.166,2.141,2.141,2.165,-0.024,-1.1085,3704599.93,798054.123
csi300,2014-05-16,2.14,2.149,2.131,2.14,2.141,-0.001,-0.0467,5072993.34,1086209.992
csi300,2014-05-19,2.136,2.136,2.101,2.111,2.14,-0.029,-1.3551,5314496.06,1121742.537
csi300,2014-05-20,2.12,2.128,2.105,2.109,2.111,-0.002,-0.0947,2911718.79,616297.526
csi300,2014-05-21,2.104,2.134,2.092,2.129,2.109,0.02,0.9483,5292158.1,1119750.248
csi300,2014-05-22,2.13,2.16,2.122,2.123,2.129,-0.006,-0.2818,4562228.21,977132.78
csi300,2014-05-23,2.127,2.149,2.125,2.147,2.123,0.024,1.1305,3598523.23,767787.85
csi300,2014-05-26,2.159,2.17,2.142,2.154,2.147,0.007,0.326,4659010.32,1002771.461
csi300,2014-05-27,2.152,2.16,2.144,2.147,2.154,-0.007,-0.325,3877246.04,834619.879
csi300,2014-05-28,2.148,2.17,2.137,2.169,2.147,0.022,1.0247,4454642.69,958595.127
csi300,2014-05-29,2.172,2.177,2.156,2.156,2.169,-0.013,-0.5994,3954068.59,856821.1
csi300,2014-05-30,2.156,2.167,2.146,2.154,2.156,-0.002,-0.0928,4536523.91,978272.647
csi300,2014-06-03,2.157,2.166,2.147,2.147,2.154,-0.007,-0.325,3880030.53,837596.88
csi300,2014-06-04,2.147,2.147,2.118,2.128,2.147,-0.019,-0.885,4080484.26,868859.175
csi300,2014-06-05,2.128,2.154,2.126,2.153,2.128,0.025,1.1748,4302066.82,918605.755
csi300,2014-06-06,2.151,2.152,2.121,2.135,2.153,-0.018,-0.836,4490880.04,959412.772
csi300,2014-06-09,2.129,2.157,2.125,2.133,2.135,-0.002,-0.0937,4674114.95,1000180.783
csi300,2014-06-10,2.142,2.163,2.134,2.162,2.133,0.029,1.3596,6639836.57,1427574.234
csi300,2014-06-11,2.158,2.162,2.15,2.158,2.162,-0.004,-0.185,3218439.89,694289.629
csi300,2014-06-12,2.153,2.163,2.151,2.156,2.158,-0.002,-0.0927,2515414.35,542378.417
csi300,2014-06-13,2.155,2.188,2.153,2.18,2.156,0.024,1.1132,6213266.46,1350450.393
csi300,2014-06-16,2.181,2.203,2.18,2.194,2.18,0.014,0.6422,6881177.2,1506529.02
csi300,2014-06-17,2.189,2.189,2.176,2.176,2.194,-0.018,-0.8204,6756314.58,1473704.89
csi300,2014-06-18,2.176,2.181,2.165,2.166,2.176,-0.01,-0.4596,7097536.94,1542334.926
csi300,2014-06-19,2.167,2.172,2.127,2.135,2.166,-0.031,-1.4312,6884162.4,1481160.057
csi300,2014-06-20,2.136,2.147,2.132,2.143,2.135,0.008,0.3747,6533089.28,1398361.067
csi300,2014-06-23,2.145,2.157,2.139,2.14,2.143,-0.003,-0.14,5523417.47,1185837.339
csi300,2014-06-24,2.14,2.159,2.14,2.158,2.14,0.018,0.8411,4436853.45,953056.804
csi300,2014-06-25,2.156,2.156,2.14,2.151,2.158,-0.007,-0.3244,3202631.7,687503.14
csi300,2014-06-26,2.152,2.167,2.152,2.161,2.151,0.01,0.4649,4077076.55,881282.9
csi300,2014-06-27,2.157,2.179,2.153,2.165,2.161,0.004,0.1851,4702265.08,1016373.189
csi300,2014-06-30,2.171,2.187,2.171,2.179,2.165,0.014,0.6467,5286535.5,1151883.721
csi300,2014-07-01,2.188,2.19,2.172,2.18,2.179,0.001,0.0459,2669586.17,581758.996
csi300,2014-07-02,2.181,2.19,2.172,2.19,2.18,0.01,0.4587,3432223.27,748954.002
csi300,2014-07-03,2.19,2.206,2.185,2.198,2.19,0.008,0.3653,3632747.27,797733.525
csi300,2014-07-04,2.198,2.202,2.191,2.198,2.198,0.0,0.0,3259942.86,716074.745
csi300,2014-07-07,2.196,2.205,2.19,2.196,2.198,-0.002,-0.091,3058048.48,671829.283
csi300,2014-07-08,2.191,2.199,2.184,2.199,2.196,0.003,0.1366,3291169.2,721526.061
csi300,2014-07-09,2.198,2.2,2.169,2.171,2.199,-0.028,-1.2733,3637034.32,795522.848
csi300,2014-07-10,2.172,2.175,2.164,2.169,2.171,-0.002,-0.0921,3337756.99,724524.499
csi300,2014-07-11,2.169,2.185,2.167,2.175,2.169,0.006,0.2766,3890224.06,846748.597
csi300,2014-07-14,2.18,2.206,2.175,2.205,2.175,0.03,1.3793,5707724.08,1248086.866
csi300,2014-07-15,2.201,2.205,2.196,2.202,2.205,-0.003,-0.1361,3536152.98,778543.806
csi300,2014-07-16,2.203,2.213,2.2,2.201,2.202,-0.001,-0.0454,4748280.09,1047415.813
csi300,2014-07-17,2.201,2.202,2.183,2.192,2.201,-0.009,-0.4089,3624173.63,794468.413
csi300,2014-07-18,2.189,2.213,2.187,2.203,2.192,0.011,0.5018,3685581.3,811405.197
csi300,2014-07-21,2.203,2.207,2.195,2.202,2.203,-0.001,-0.0454,3228193.24,710655.357
csi300,2014-07-22,2.2,2.238,2.196,2.228,2.202,0.026,1.1807,6256008.03,1390346.231
csi300,2014-07-23,2.229,2.248,2.226,2.232,2.228,0.004,0.1795,5186599.16,1159109.501
csi300,2014-07-24,2.237,2.281,2.237,2.28,2.232,0.048,2.1505,5738975.37,1299845.135
csi300,2014-07-25,2.285,2.308,2.28,2.306,2.28,0.026,1.1404,4877040.51,1115493.798
csi300,2014-07-28,2.31,2.381,2.31,2.368,2.306,0.062,2.6886,8375148.34,1973371.427
csi300,2014-07-29,2.369,2.388,2.359,2.374,2.368,0.006,0.2534,4265830.82,1011495.433
csi300,2014-07-30,2.364,2.384,2.363,2.366,2.374,-0.008,-0.337,6079403.03,1441953.148
csi300,2014-07-31,2.366,2.399,2.361,2.398,2.366,0.032,1.3525,4861899.77,1154963.095
csi300,2014-08-01,2.392,2.42,2.368,2.369,2.398,-0.029,-1.2093,7790077.79,1866413.153
csi300,2014-08-04,2.38,2.422,2.378,2.42,2.369,0.051,2.1528,6360271.89,1526931.04
csi300,2014-08-05,2.421,2.423,2.397,2.413,2.42,-0.007,-0.2893,6128304.59,1476141.959
csi300,2014-08-06,2.396,2.411,2.375,2.398,2.413,-0.015,-0.6216,6313654.98,1511187.144
csi300,2014-08-07,2.405,2.408,2.369,2.372,2.398,-0.026,-1.0842,5575378.72,1332550.655
csi300,2014-08-08,2.373,2.385,2.365,2.373,2.372,0.001,0.0422,4976759.42,1181841.58
csi300,2014-08-11,2.384,2.412,2.378,2.406,2.373,0.033,1.3906,4944974.32,1185674.748
csi300,2014-08-12,2.4,2.4,2.385,2.396,2.406,-0.01,-0.4156,5253015.61,1256878.742
csi300,2014-08-13,2.402,2.412,2.378,2.403,2.396,0.007,0.2922,5660159.69,1354455.768
csi300,2014-08-14,2.401,2.406,2.374,2.374,2.403,-0.029,-1.2068,5364936.62,1282770.158
csi300,2014-08-15,2.378,2.415,2.376,2.404,2.374,0.03,1.2637,5759061.99,1379086.776
csi300,2014-08-18,2.406,2.422,2.401,2.412,2.404,0.008,0.3328,6385631.51,1538919.579
csi300,2014-08-19,2.416,2.418,2.397,2.414,2.412,0.002,0.0829,4951745.01,1194388.399
csi300,2014-08-20,2.413,2.417,2.402,2.405,2.414,-0.009,-0.3728,5345229.27,1287131.821
csi300,2014-08-21,2.405,2.408,2.381,2.396,2.405,-0.009,-0.3742,5065403.81,1211641.781
csi300,2014-08-22,2.395,2.412,2.393,2.408,2.396,0.012,0.5008,4913119.95,1179554.781
csi300,2014-08-25,2.411,2.412,2.382,2.387,2.408,-0.021,-0.8721,4375767.93,1047611.134
csi300,2014-08-26,2.38,2.393,2.362,2.372,2.387,-0.015,-0.6284,4553470.32,1083990.885
csi300,2014-08-27,2.37,2.379,2.368,2.371,2.372,-0.001,-0.0422,4512459.1,1071312.449
csi300,2014-08-28,2.372,2.376,2.357,2.36,2.371,-0.011,-0.4639,5478509.89,1296932.6
csi300,2014-08-29,2.36,2.385,2.36,2.383,2.36,0.023,0.9746,4426938.21,1048873.434
csi300,2014-09-01,2.383,2.396,2.38,2.394,2.383,0.011,0.4616,5255470.31,1254769.952
csi300,2014-09-02,2.396,2.436,2.39,2.43,2.394,0.036,1.5038,7328855.97,1761457.427
csi300,2014-09-03,2.437,2.461,2.436,2.453,2.43,0.023,0.9465,5170650.8,1267476.863
csi300,2014-09-04,2.456,2.477,2.45,2.476,2.453,0.023,0.9376,4312598.02,1061497.579
csi300,2014-09-05,2.484,2.504,2.477,2.5,2.476,0.024,0.9693,6407412.2,1595146.469
csi300,2014-09-09,2.501,2.502,2.485,2.494,2.5,-0.006,-0.24,3962325.81,988107.843
csi300,2014-09-10,2.477,2.481,2.466,2.478,2.494,-0.016,-0.6415,5310511.4,1314486.433
csi300,2014-09-11,2.478,2.514,2.457,2.464,2.478,-0.014,-0.565,7222657.74,1792262.749
csi300,2014-09-12,2.464,2.484,2.455,2.484,2.464,0.02,0.8117,5116385.97,1262555.864
csi300,2014-09-15,2.47,2.482,2.461,2.477,2.484,-0.007,-0.2818,6564734.17,1622379.514
csi300,2014-09-16,2.486,2.49,2.431,2.434,2.477,-0.043,-1.736,6259853.37,1546780.005
csi300,2014-09-17,2.445,2.449,2.428,2.442,2.434,0.008,0.3287,5165643.7,1260590.974
csi300,2014-09-18,2.44,2.457,2.432,2.452,2.442,0.01,0.4095,8462794.17,2070466.545
csi300,2014-09-19,2.452,2.48,2.449,2.472,2.452,0.02,0.8157,7218656.77,1776588.036
csi300,2014-09-22,2.464,2.464,2.416,2.42,2.472,-0.052,-2.1036,6310351.53,1538269.159
csi300,2014-09-23,2.423,2.449,2.423,2.445,2.42,0.025,1.0331,6642956.14,1618846.701
csi300,2014-09-24,2.435,2.497,2.428,2.492,2.445,0.047,1.9223,10530459.26,2600157.346
csi300,2014-09-25,2.5,2.514,2.472,2.479,2.492,-0.013,-0.5217,11766577.35,2937912.956
csi300,2014-09-26,2.479,2.486,2.462,2.48,2.479,0.001,0.0403,7014042.12,1736331.365
csi300,2014-09-29,2.479,2.493,2.475,2.491,2.48,0.011,0.4435,7302410.15,1814938.049
csi300,2014-09-30,2.49,2.499,2.482,2.491,2.491,0.0,0.0,5853168.7,1458106.791
csi300,2014-10-08,2.498,2.52,2.484,2.518,2.491,0.027,1.0839,8155297.5,2039983.998
csi300,2014-10-09,2.522,2.529,2.505,2.519,2.518,0.001,0.0397,6124161.31,1543374.971
csi300,2014-10-10,2.506,2.521,2.497,2.507,2.519,-0.012,-0.4764,6974427.63,1750510.08
csi300,2014-10-13,2.496,2.499,2.467,2.493,2.507,-0.014,-0.5584,6893526.13,1710794.498
csi300,2014-10-14,2.491,2.505,2.478,2.484,2.493,-0.009,-0.361,7137540.75,1779253.568
csi300,2014-10-15,2.483,2.505,2.471,2.5,2.484,0.016,0.6441,5035690.92,1252644.973
csi300,2014-10-16,2.489,2.519,2.481,2.491,2.5,-0.009,-0.36,5907807.79,1476957.154
csi300,2014-10-17,2.491,2.497,2.456,2.48,2.491,-0.011,-0.4416,7260138.42,1798229.146
csi300,2014-10-20,2.485,2.492,2.479,2.491,2.48,0.011,0.4435,5267683.68,1310533.03
csi300,2014-10-21,2.491,2.498,2.473,2.475,2.491,-0.016,-0.6423,5479022.43,1361900.228
csi300,2014-10-22,2.475,2.486,2.46,2.461,2.475,-0.014,-0.5657,6098876.96,1508038.966
csi300,2014-10-23,2.46,2.465,2.434,2.435,2.461,-0.026,-1.0565,7750311.62,1900925.506
csi300,2014-10-24,2.436,2.444,2.43,2.433,2.435,-0.002,-0.0821,5816379.63,1417553.996
csi300,2014-10-27,2.423,2.423,2.4,2.41,2.433,-0.023,-0.9453,6444636.05,1553008.715
csi300,2014-10-28,2.415,2.459,2.413,2.458,2.41,0.048,1.9917,7081639.31,1721206.307
csi300,2014-10-29,2.463,2.504,2.455,2.489,2.458,0.031,1.2612,9098717.5,2248880.88
csi300,2014-10-30,2.489,2.51,2.484,2.504,2.489,0.015,0.6027,8426431.28,2102347.962
csi300,2014-10-31,2.511,2.557,2.509,2.554,2.504,0.05,1.9968,7323906.73,1854248.065
csi300,2014-11-03,2.555,2.561,2.542,2.549,2.554,-0.005,-0.1958,6135850.78,1567749.185
csi300,2014-11-04,2.543,2.552,2.538,2.547,2.549,-0.002,-0.0785,5776701.18,1470642.854
csi300,2014-11-05,2.554,2.56,2.537,2.544,2.547,-0.003,-0.1178,5502652.29,1400953.468
csi300,2014-11-06,2.547,2.552,2.521,2.545,2.544,0.001,0.0393,7252257.44,1843076.703
csi300,2014-11-07,2.546,2.582,2.527,2.54,2.545,-0.005,-0.1965,8261054.32,2108778.568
csi300,2014-11-10,2.551,2.612,2.55,2.611,2.54,0.071,2.7953,6772235.36,1742567.025
csi300,2014-11-11,2.615,2.638,2.574,2.594,2.611,-0.017,-0.6511,8693650.62,2271677.281
csi300,2014-11-12,2.591,2.633,2.583,2.632,2.594,0.038,1.4649,5575938.15,1450145.046
csi300,2014-11-13,2.631,2.64,2.608,2.617,2.632,-0.015,-0.5699,11701384.49,3068184.439
csi300,2014-11-14,2.61,2.62,2.597,2.62,2.617,0.003,0.1146,5247875.59,1368618.633
csi300,2014-11-17,2.65,2.657,2.609,2.609,2.62,-0.011,-0.4198,6877927.99,1806762.178
csi300,2014-11-18,2.608,2.608,2.575,2.581,2.609,-0.028,-1.0732,5918560.74,1533084.636
csi300,2014-11-19,2.58,2.586,2.567,2.573,2.581,-0.008,-0.31,6915317.49,1782400.743
csi300,2014-11-20,2.566,2.582,2.555,2.577,2.573,0.004,0.1555,5993677.96,1539629.492
csi300,2014-11-21,2.577,2.629,2.568,2.626,2.577,0.049,1.9014,10309707.88,2672090.483
csi300,2014-11-24,2.65,2.72,2.646,2.701,2.626,0.075,2.8561,13277666.67,3558361.667
csi300,2014-11-25,2.697,2.734,2.692,2.729,2.701,0.028,1.0367,12741722.15,3453210.771
csi300,2014-11-26,2.733,2.76,2.733,2.759,2.729,0.03,1.0993,11842240.28,3250517.978
csi300,2014-11-27,2.767,2.786,2.756,2.784,2.759,0.025,0.9061,14180399.63,3926209.673
csi300,2014-11-28,2.775,2.87,2.773,2.85,2.784,0.066,2.3707,13651346.07,3811497.44
csi300,2014-12-01,2.859,2.879,2.845,2.853,2.85,0.003,0.1053,8192861.44,2347291.964
csi300,2014-12-02,2.85,3.0,2.838,2.966,2.853,0.113,3.9607,14079458.94,4100692.041
csi300,2014-12-03,2.974,3.066,2.951,2.998,2.966,0.032,1.0789,18562139.85,5585140.409
csi300,2014-12-04,3.029,3.183,3.008,3.18,2.998,0.182,6.0707,17863904.01,5501004.465
csi300,2014-12-05,3.19,3.24,3.059,3.161,3.18,-0.019,-0.5975,19759233.01,6227736.556
csi300,2014-12-08,3.135,3.323,3.109,3.313,3.161,0.152,4.8086,16625137.64,5362135.332
csi300,2014-12-09,3.261,3.435,3.0,3.13,3.313,-0.183,-5.5237,16196280.64,5348207.091
csi300,2014-12-10,3.196,3.274,3.093,3.243,3.13,0.113,3.6102,23570021.05,7474615.082
csi300,2014-12-11,3.2,3.277,3.175,3.208,3.243,-0.035,-1.0792,19211225.5,6202198.689
csi300,2014-12-12,3.225,3.277,3.195,3.218,3.208,0.01,0.3117,13442354.13,4359288.196
csi300,2014-12-15,3.218,3.268,3.177,3.255,3.218,0.037,1.1498,11291791.78,3626937.57
csi300,2014-12-16,3.253,3.338,3.24,3.331,3.255,0.076,2.3349,16418864.82,5381309.978
csi300,2014-12-17,3.344,3.395,3.309,3.388,3.331,0.057,1.7112,20043030.83,6730894.013
csi300,2014-12-18,3.39,3.434,3.364,3.384,3.388,-0.004,-0.1181,22410690.05,7618953.291
csi300,2014-12-19,3.387,3.443,3.311,3.434,3.384,0.05,1.4775,21429541.35,7257019.606
csi300,2014-12-22,3.434,3.482,3.399,3.41,3.434,-0.024,-0.6989,18691135.98,6434036.851
csi300,2014-12-23,3.385,3.454,3.331,3.341,3.41,-0.069,-2.0235,19073574.39,6475316.799
csi300,2014-12-24,3.341,3.368,3.202,3.248,3.341,-0.093,-2.7836,20900443.54,6880308.771
csi300,2014-12-25,3.268,3.37,3.263,3.366,3.248,0.118,3.633,17610132.2,5812237.741
csi300,2014-12-26,3.368,3.505,3.36,3.497,3.366,0.131,3.8919,17964517.72,6177881.022
csi300,2014-12-29,3.57,3.595,3.427,3.48,3.497,-0.017,-0.4861,24745093.69,8721863.695
csi300,2014-12-30,3.483,3.527,3.45,3.48,3.48,0.0,0.0,13477504.07,4693485.207
csi300,2014-12-31,3.488,3.585,3.484,3.574,3.48,0.094,2.7011,14748614.37,5217474.17
csi300,2015-01-05,3.604,3.735,3.589,3.688,3.574,0.114,3.1897,30758984.38,11300578.265
csi300,2015-01-06,3.665,3.708,3.612,3.663,3.688,-0.025,-0.6779,16023424.11,5869771.044
csi300,2015-01-07,3.645,3.69,3.625,3.662,3.663,-0.001,-0.0273,17043221.77,6243527.347
csi300,2015-01-08,3.672,3.682,3.57,3.582,3.662,-0.08,-2.1846,12361365.69,4461717.117
csi300,2015-01-09,3.572,3.725,3.542,3.556,3.582,-0.026,-0.7259,20780562.81,7508849.872
csi300,2015-01-12,3.557,3.58,3.487,3.545,3.556,-0.011,-0.3093,13826504.88,4895407.726
csi300,2015-01-13,3.542,3.576,3.512,3.538,3.545,-0.007,-0.1975,9697400.91,3440029.383
csi300,2015-01-14,3.545,3.573,3.49,3.53,3.538,-0.008,-0.2261,9631631.12,3410790.326
csi300,2015-01-15,3.53,3.636,3.504,3.63,3.53,0.1,2.8329,13119280.4,4667964.822
csi300,2015-01-16,3.643,3.685,3.633,3.662,3.63,0.032,0.8815,13133958.24,4802719.176
csi300,2015-01-19,3.469,3.499,3.296,3.296,3.662,-0.366,-9.9945,12765272.73,4374566.506
csi300,2015-01-20,3.31,3.414,3.302,3.382,3.261,0.121,3.7105,17005137.29,5718203.368
csi300,2015-01-21,3.394,3.556,3.391,3.537,3.382,0.155,4.5831,13881855.91,4796846.412
csi300,2015-01-22,3.543,3.568,3.501,3.543,3.537,0.006,0.1696,9941913.46,3519047.039
csi300,2015-01-23,3.568,3.613,3.53,3.56,3.543,0.017,0.4798,9745623.36,3483961.889
csi300,2015-01-26,3.58,3.6,3.542,3.594,3.56,0.034,0.9551,8802064.59,3141158.254
csi300,2015-01-27,3.602,3.607,3.486,3.558,3.594,-0.036,-1.0017,12312449.85,4364745.837
csi300,2015-01-28,3.531,3.57,3.489,3.501,3.558,-0.057,-1.602,9584008.96,3377022.678
csi300,2015-01-29,3.455,3.488,3.432,3.464,3.501,-0.037,-1.0568,9530566.47,3303736.479
csi300,2015-01-30,3.484,3.503,3.406,3.421,3.464,-0.043,-1.2413,11179817.43,3856952.113
csi300,2015-02-02,3.36,3.399,3.333,3.344,3.421,-0.077,-2.2508,8583404.07,2885463.709
csi300,2015-02-03,3.383,3.435,3.353,3.423,3.344,0.079,2.3624,8725036.58,2952260.34
csi300,2015-02-04,3.439,3.47,3.38,3.384,3.423,-0.039,-1.1394,10930569.02,3754964.874
csi300,2015-02-05,3.475,3.48,3.34,3.344,3.384,-0.04,-1.182,14647722.22,5016368.644
csi300,2015-02-06,3.344,3.361,3.269,3.294,3.344,-0.05,-1.4952,13323765.92,4433202.593
csi300,2015-02-09,3.294,3.37,3.29,3.332,3.294,0.038,1.1536,12518566.42,4161309.851
csi300,2015-02-10,3.336,3.401,3.333,3.399,3.332,0.067,2.0108,13935345.89,4692324.621
csi300,2015-02-11,3.403,3.435,3.402,3.421,3.399,0.022,0.6472,11911260.06,4072350.319
csi300,2015-02-12,3.421,3.446,3.393,3.435,3.421,0.014,0.4092,7785122.21,2662860.155
csi300,2015-02-13,3.443,3.503,3.443,3.457,3.435,0.022,0.6405,10813775.91,3752357.196
csi300,2015-02-16,3.456,3.495,3.451,3.486,3.457,0.029,0.8389,8421547.7,2922890.507
csi300,2015-02-17,3.501,3.529,3.5,3.517,3.486,0.031,0.8893,8973060.46,3155300.457
csi300,2015-02-25,3.514,3.514,3.444,3.463,3.517,-0.054,-1.5354,13779805.69,4794796.604
csi300,2015-02-26,3.46,3.569,3.445,3.566,3.463,0.103,2.9743,12517040.71,4392817.112
csi300,2015-02-27,3.564,3.585,3.542,3.559,3.566,-0.007,-0.1963,10331788.29,3683288.825
csi300,2015-03-02,3.583,3.598,3.551,3.587,3.559,0.028,0.7867,11512422.68,4115162.821
csi300,2015-03-03,3.563,3.563,3.485,3.489,3.587,-0.098,-2.7321,11965033.11,4216664.812
csi300,2015-03-04,3.501,3.532,3.478,3.518,3.489,0.029,0.8312,8696866.25,3049939.829
csi300,2015-03-05,3.497,3.506,3.451,3.488,3.518,-0.03,-0.8528,10619007.58,3692919.673
csi300,2015-03-06,3.485,3.501,3.457,3.466,3.488,-0.022,-0.6307,9184233.84,3197044.44
csi300,2015-03-09,3.432,3.544,3.401,3.534,3.466,0.068,1.9619,14989497.5,5181077.873
csi300,2015-03-10,3.521,3.537,3.496,3.509,3.534,-0.025,-0.7074,10614478.15,3729284.939
csi300,2015-03-11,3.51,3.565,3.495,3.514,3.509,0.005,0.1425,14136149.37,4990033.278
csi300,2015-03-12,3.538,3.597,3.526,3.578,3.514,0.064,1.8213,14385133.06,5121790.51
csi300,2015-03-13,3.586,3.625,3.573,3.598,3.578,0.02,0.559,9200028.91,3312797.664
csi300,2015-03-16,3.62,3.694,3.601,3.687,3.598,0.089,2.4736,12419541.87,4527500.478
csi300,2015-03-17,3.715,3.742,3.701,3.734,3.687,0.047,1.2747,13772577.26,5121293.799
csi300,2015-03-18,3.742,3.839,3.742,3.833,3.734,0.099,2.6513,13322043.06,5037976.352
csi300,2015-03-19,3.816,3.832,3.793,3.813,3.833,-0.02,-0.5218,13747984.49,5245857.586
csi300,2015-03-20,3.824,3.896,3.81,3.867,3.813,0.054,1.4162,12711220.32,4883603.658
csi300,2015-03-23,3.907,3.98,3.902,3.945,3.867,0.078,2.0171,9506119.87,3736073.657
csi300,2015-03-24,3.951,3.962,3.868,3.941,3.945,-0.004,-0.1014,16266947.01,6375751.76
csi300,2015-03-25,3.926,3.951,3.881,3.917,3.941,-0.024,-0.609,12189714.0,4781120.246
csi300,2015-03-26,3.9,3.966,3.86,3.92,3.917,0.003,0.0766,12752408.88,4992388.132
csi300,2015-03-27,3.927,3.972,3.91,3.95,3.92,0.03,0.7653,8845228.19,3479800.392
csi300,2015-03-30,3.983,4.09,3.975,4.076,3.95,0.126,3.1899,12802761.2,5176868.805
csi300,2015-03-31,4.134,4.15,3.975,4.031,4.076,-0.045,-1.104,27410138.27,11212696.565
csi300,2015-04-01,4.035,4.125,4.028,4.097,4.031,0.066,1.6373,14824100.71,6043660.82
csi300,2015-04-02,4.127,4.139,4.035,4.091,4.097,-0.006,-0.1464,20198227.26,8235441.311
csi300,2015-04-03,4.083,4.162,4.073,4.157,4.091,0.066,1.6133,10549230.88,4336932.434
csi300,2015-04-07,4.183,4.23,4.156,4.23,4.157,0.073,1.7561,12398463.51,5197239.264
csi300,2015-04-08,4.24,4.277,4.185,4.264,4.23,0.034,0.8038,9368158.24,3965108.711
csi300,2015-04-09,4.282,4.298,4.193,4.233,4.264,-0.031,-0.727,11668331.08,4952893.209
csi300,2015-04-10,4.233,4.339,4.213,4.332,4.233,0.099,2.3388,10284434.37,4405115.375
csi300,2015-04-13,4.357,4.423,4.341,4.404,4.332,0.072,1.662,8257742.14,3608508.411
csi300,2015-04-14,4.395,4.458,4.37,4.406,4.404,0.002,0.0454,9848463.84,4330542.209
csi300,2015-04-15,4.406,4.45,4.364,4.369,4.406,-0.037,-0.8398,11917793.69,5249948.1
csi300,2015-04-16,4.369,4.517,4.323,4.512,4.369,0.143,3.2731,10711659.13,4736441.701
csi300,2015-04-17,4.53,4.631,4.529,4.59,4.512,0.078,1.7287,12126834.29,5540718.313
csi300,2015-04-20,4.59,4.649,4.47,4.49,4.59,-0.1,-2.1786,12638763.75,5762100.556
csi300,2015-04-21,4.493,4.588,4.486,4.585,4.49,0.095,2.1158,13299154.39,6030545.029
csi300,2015-04-22,4.6,4.717,4.6,4.71,4.585,0.125,2.7263,12169515.8,5674757.622
csi300,2015-04-23,4.737,4.749,4.666,4.705,4.71,-0.005,-0.1062,9725637.04,4586792.638
csi300,2015-04-24,4.67,4.7,4.592,4.688,4.705,-0.017,-0.3613,8708712.88,4049351.139
csi300,2015-04-27,4.737,4.795,4.702,4.785,4.688,0.097,2.0691,11266967.11,5353433.481
csi300,2015-04-28,4.769,4.804,4.679,4.723,4.785,-0.062,-1.2957,12519068.36,5953969.684
csi300,2015-04-29,4.723,4.775,4.681,4.749,4.723,0.026,0.5505,8027906.16,3794297.628
csi300,2015-04-30,4.76,4.797,4.737,4.739,4.749,-0.01,-0.2106,7658200.11,3652174.922
csi300,2015-05-04,4.739,4.77,4.688,4.765,4.739,0.026,0.5486,7988415.55,3780818.886
csi300,2015-05-05,4.76,4.76,4.553,4.584,4.765,-0.181,-3.7985,9813952.04,4587563.034
csi300,2015-05-06,4.59,4.678,4.497,4.536,4.584,-0.048,-1.0471,18782493.17,8636284.065
csi300,2015-05-07,4.511,4.528,4.442,4.457,4.536,-0.079,-1.7416,25005675.25,11223533.649
csi300,2015-05-08,4.49,4.53,4.42,4.526,4.457,0.069,1.5481,13094727.94,5873287.654
csi300,2015-05-11,4.55,4.68,4.508,4.675,4.526,0.149,3.2921,27020156.29,12360263.655
csi300,2015-05-12,4.674,4.731,4.642,4.729,4.675,0.054,1.1551,7819125.9,3658799.316
csi300,2015-05-13,4.735,4.735,4.656,4.685,4.729,-0.044,-0.9304,6823684.5,3211349.61
csi300,2015-05-14,4.686,4.707,4.653,4.674,4.685,-0.011,-0.2348,6155977.8,2879906.291
csi300,2015-05-15,4.668,4.67,4.567,4.588,4.674,-0.086,-1.84,8241200.11,3802627.676
csi300,2015-05-18,4.573,4.597,4.533,4.554,4.588,-0.034,-0.7411,7372686.14,3374658.938
csi300,2015-05-19,4.554,4.727,4.547,4.711,4.554,0.157,3.4475,15114416.61,7043775.897
csi300,2015-05-20,4.737,4.833,4.697,4.733,4.711,0.022,0.467,20741770.5,9894178.931
csi300,2015-05-21,4.745,4.833,4.732,4.83,4.733,0.097,2.0494,11635718.13,5558786.152
csi300,2015-05-22,4.865,4.938,4.849,4.934,4.83,0.104,2.1532,12159245.65,5944489.223
csi300,2015-05-25,4.928,5.092,4.922,5.09,4.934,0.156,3.1617,11365784.7,5710572.96
csi300,2015-05-26,5.1,5.18,5.039,5.165,5.09,0.075,1.4735,11309206.08,5782825.184
csi300,2015-05-27,5.185,5.21,5.097,5.165,5.165,0.0,0.0,15048546.94,7762775.626
csi300,2015-05-28,5.159,5.18,4.755,4.815,5.165,-0.35,-6.7764,15097912.81,7610282.076
csi300,2015-05-29,4.83,4.896,4.64,4.818,4.815,0.003,0.0623,20550189.87,9838144.077
csi300,2015-06-01,4.818,5.08,4.801,5.07,4.818,0.252,5.2304,17542104.21,8685471.395
csi300,2015-06-02,5.07,5.162,5.002,5.156,5.07,0.086,1.6963,15123215.1,7672665.809
csi300,2015-06-03,5.156,5.166,5.025,5.113,5.156,-0.043,-0.834,14301795.93,7299557.514
csi300,2015-06-04,5.115,5.18,4.709,5.171,5.113,0.058,1.1344,21827335.3,10946362.054
csi300,2015-06-05,5.2,5.25,5.051,5.179,5.171,0.008,0.1547,14405085.15,7453938.491
csi300,2015-06-08,5.195,5.35,5.132,5.306,5.179,0.127,2.4522,25233080.05,13131363.944
csi300,2015-06-09,5.315,5.323,5.196,5.263,5.306,-0.043,-0.8104,17623198.71,9287378.574
csi300,2015-06-10,5.234,5.347,5.196,5.258,5.263,-0.005,-0.095,7031789.92,3702360.692
csi300,2015-06-11,5.258,5.3,5.206,5.259,5.258,0.001,0.019,7340937.14,3854687.482
csi300,2015-06-12,5.281,5.328,5.235,5.298,5.259,0.039,0.7416,8205332.46,4335710.07
csi300,2015-06-15,5.313,5.331,5.158,5.171,5.298,-0.127,-2.3971,8778392.73,4609475.74
csi300,2015-06-16,5.149,5.166,4.98,5.035,5.171,-0.136,-2.6301,9127585.69,4640656.712
csi300,2015-06-17,5.037,5.138,4.935,5.11,5.035,0.075,1.4896,10940242.17,5492839.152
csi300,2015-06-18,5.079,5.09,4.894,4.909,5.11,-0.201,-3.9335,8722978.35,4378607.959
csi300,2015-06-19,4.844,4.889,4.591,4.603,4.909,-0.306,-6.2334,10840079.13,5187811.575
csi300,2015-06-23,4.616,4.784,4.446,4.766,4.603,0.163,3.5412,17606865.59,8199907.823
csi300,2015-06-24,4.79,4.877,4.68,4.871,4.766,0.105,2.2031,13416412.68,6445209.706
csi300,2015-06-25,4.892,4.915,4.662,4.696,4.871,-0.175,-3.5927,6760862.2,3271482.098
csi300,2015-06-26,4.59,4.658,4.229,4.346,4.696,-0.35,-7.4532,9893036.14,4430493.516
csi300,2015-06-29,4.443,4.445,3.96,4.182,4.346,-0.164,-3.7736,17347939.83,7391458.85
csi300,2015-06-30,4.19,4.485,3.996,4.484,4.182,0.302,7.2214,27653175.87,11729333.491
csi300,2015-07-01,4.414,4.532,4.171,4.197,4.484,-0.287,-6.4005,13863663.59,6149233.954
csi300,2015-07-02,4.28,4.322,3.96,4.108,4.197,-0.089,-2.1206,22616373.16,9438253.216
csi300,2015-07-03,4.108,4.185,3.785,3.919,4.108,-0.189,-4.6008,35819537.89,14236856.008
csi300,2015-07-06,4.308,4.308,3.83,4.025,3.919,0.106,2.7048,49183037.0,19912432.421
csi300,2015-07-07,3.92,3.982,3.769,3.848,4.025,-0.177,-4.3975,33833890.46,13128635.187
csi300,2015-07-08,3.55,3.7,3.463,3.463,3.848,-0.385,-10.0052,16586074.47,5895770.507
csi300,2015-07-09,3.42,3.809,3.41,3.809,3.463,0.346,9.9913,13925565.3,5089642.671
csi300,2015-07-10,3.93,4.19,3.862,4.189,3.809,0.38,9.9764,12497600.84,5136731.548
csi300,2015-07-13,4.15,4.316,4.1,4.234,4.189,0.045,1.0742,10322504.28,4339159.945
csi300,2015-07-14,4.165,4.297,4.092,4.154,4.234,-0.08,-1.8895,9097319.09,3809522.965
csi300,2015-07-15,4.092,4.139,3.9,3.945,4.154,-0.209,-5.0313,6006835.45,2404061.461
csi300,2015-07-16,3.93,4.103,3.89,4.036,3.945,0.091,2.3067,6337549.13,2542514.322
csi300,2015-07-17,4.07,4.23,4.023,4.2,4.036,0.164,4.0634,7336477.05,3034018.931
csi300,2015-07-20,4.183,4.254,4.134,4.188,4.2,-0.012,-0.2857,6895961.19,2891973.773
csi300,2015-07-21,4.134,4.244,4.105,4.214,4.188,0.026,0.6208,4712593.79,1976835.746
csi300,2015-07-22,4.2,4.225,4.136,4.194,4.214,-0.02,-0.4746,3665737.57,1537754.927
csi300,2015-07-23,4.199,4.32,4.181,4.308,4.194,0.114,2.7182,5204889.65,2217880.717
csi300,2015-07-24,4.302,4.336,4.192,4.218,4.308,-0.09,-2.0891,4200409.39,1801340.003
csi300,2015-07-27,4.136,4.196,3.796,3.803,4.218,-0.415,-9.8388,5086913.85,2052935.219
csi300,2015-07-28,3.722,3.92,3.666,3.847,3.803,0.044,1.157,7616118.96,2880899.925
csi300,2015-07-29,3.881,3.996,3.81,3.988,3.847,0.141,3.6652,5245456.92,2022710.467
csi300,2015-07-30,3.95,4.011,3.839,3.851,3.988,-0.137,-3.4353,3901715.05,1544667.14
csi300,2015-07-31,3.841,3.91,3.805,3.851,3.851,0.0,0.0,3505091.61,1350562.942
csi300,2015-08-03,3.794,3.86,3.765,3.852,3.851,0.001,0.026,2193440.59,835974.327
csi300,2015-08-04,3.861,4.011,3.839,4.005,3.852,0.153,3.972,2827401.09,1111271.119
csi300,2015-08-05,3.987,3.995,3.877,3.916,4.005,-0.089,-2.2222,3735916.9,1472703.872
csi300,2015-08-06,3.856,3.93,3.838,3.873,3.916,-0.043,-1.0981,2958714.39,1150671.715
csi300,2015-08-07,3.901,3.98,3.9,3.953,3.873,0.08,2.0656,6858932.68,2705637.707
csi300,2015-08-10,3.98,4.164,3.961,4.148,3.953,0.195,4.933,3991595.24,1618145.566
csi300,2015-08-11,4.135,4.148,4.081,4.099,4.148,-0.049,-1.1813,3004252.19,1238087.893
csi300,2015-08-12,4.058,4.128,4.048,4.057,4.099,-0.042,-1.0246,3885215.73,1587147.009
csi300,2015-08-13,4.058,4.117,4.001,4.112,4.057,0.055,1.3557,4652587.59,1892387.093
csi300,2015-08-14,4.127,4.145,4.091,4.102,4.112,-0.01,-0.2432,5458428.57,2250593.513
csi300,2015-08-17,4.08,4.116,4.045,4.109,4.102,0.007,0.1706,3455986.24,1409200.781
csi300,2015-08-18,4.11,4.135,3.82,3.827,4.109,-0.282,-6.863,4606012.02,1844399.267
csi300,2015-08-19,3.795,3.935,3.7,3.915,3.827,0.088,2.2995,5919634.89,2256707.95
csi300,2015-08-20,3.874,3.913,3.801,3.815,3.915,-0.1,-2.5543,2333264.35,901579.322
csi300,2015-08-21,3.8,3.813,3.616,3.625,3.815,-0.19,-4.9803,6931379.87,2581531.245
csi300,2015-08-24,3.51,3.514,3.263,3.263,3.625,-0.362,-9.9862,5422396.36,1823944.953
csi300,2015-08-25,3.105,3.23,2.974,2.983,3.263,-0.28,-8.5811,7105358.41,2219017.29
csi300,2015-08-26,3.07,3.221,2.986,3.067,2.983,0.084,2.816,7356206.62,2287585.04
csi300,2015-08-27,3.123,3.27,3.066,3.257,3.067,0.19,6.195,7086962.14,2222078.411
csi300,2015-08-28,3.277,3.42,3.236,3.402,3.257,0.145,4.4519,5682560.26,1881063.908
csi300,2015-08-31,3.32,3.402,3.245,3.395,3.402,-0.007,-0.2058,3136290.95,1038036.446
csi300,2015-09-01,3.301,3.398,3.218,3.382,3.395,-0.013,-0.3829,2274113.21,757897.777
csi300,2015-09-02,3.279,3.42,3.231,3.372,3.382,-0.01,-0.2957,2444088.93,821052.345
csi300,2015-09-07,3.37,3.472,3.277,3.289,3.372,-0.083,-2.4614,1785874.89,605459.202
csi300,2015-09-08,3.25,3.394,3.19,3.378,3.289,0.089,2.706,2032500.23,667680.121
csi300,2015-09-09,3.398,3.468,3.373,3.442,3.378,0.064,1.8946,1883864.47,644982.528
csi300,2015-09-10,3.397,3.448,3.376,3.381,3.442,-0.061,-1.7722,1016279.81,345908.492
csi300,2015-09-11,3.389,3.442,3.359,3.388,3.381,0.007,0.207,2550799.86,868424.19
csi300,2015-09-14,3.398,3.407,3.2,3.269,3.388,-0.119,-3.5124,1980071.74,650565.772
csi300,2015-09-15,3.238,3.277,3.162,3.173,3.269,-0.096,-2.9367,2166237.73,694110.622
csi300,2015-09-16,3.183,3.395,3.16,3.345,3.173,0.172,5.4207,5723573.66,1856030.502
csi300,2015-09-17,3.303,3.381,3.274,3.28,3.345,-0.065,-1.9432,4197731.3,1400918.77
csi300,2015-09-18,3.3,3.313,3.26,3.279,3.28,-0.001,-0.0305,2581483.81,848541.013
csi300,2015-09-21,3.251,3.36,3.231,3.339,3.279,0.06,1.8298,2525744.46,832870.113
csi300,2015-09-22,3.338,3.413,3.329,3.365,3.339,0.026,0.7787,2116112.62,712112.568
csi300,2015-09-23,3.3,3.35,3.28,3.287,3.365,-0.078,-2.318,873019.95,288875.761
csi300,2015-09-24,3.32,3.333,3.28,3.315,3.287,0.028,0.8518,772058.4,255551.647
csi300,2015-09-25,3.303,3.314,3.223,3.243,3.315,-0.072,-2.1719,1123987.2,366955.037
csi300,2015-09-28,3.249,3.274,3.225,3.262,3.243,0.019,0.5859,1018359.84,331322.71
csi300,2015-09-29,3.224,3.233,3.18,3.199,3.262,-0.063,-1.9313,732166.74,234741.281
csi300,2015-09-30,3.212,3.25,3.21,3.221,3.199,0.022,0.6877,502082.66,161905.22
csi300,2015-10-08,3.355,3.362,3.336,3.337,3.221,0.116,3.6014,1102589.19,369034.636
csi300,2015-10-09,3.33,3.399,3.33,3.379,3.337,0.042,1.2586,972618.64,326881.857
csi300,2015-10-12,3.38,3.545,3.38,3.52,3.379,0.141,4.1728,1969043.76,685890.49
csi300,2015-10-13,3.483,3.505,3.463,3.495,3.52,-0.025,-0.7102,1443107.58,503192.823
csi300,2015-10-14,3.478,3.508,3.455,3.457,3.495,-0.038,-1.0873,1138425.53,396439.496
csi300,2015-10-15,3.448,3.548,3.44,3.546,3.457,0.089,2.5745,1263222.77,443506.439
csi300,2015-10-16,3.56,3.598,3.545,3.595,3.546,0.049,1.3818,2075699.65,742938.878
csi300,2015-10-19,3.597,3.624,3.563,3.589,3.595,-0.006,-0.1669,1203407.75,432133.735
csi300,2015-10-20,3.587,3.64,3.564,3.636,3.589,0.047,1.3096,795328.45,285474.679
csi300,2015-10-21,3.64,3.647,3.472,3.527,3.636,-0.109,-2.9978,1658596.14,592576.963
csi300,2015-10-22,3.5,3.579,3.498,3.572,3.527,0.045,1.2759,973251.09,343982.97
csi300,2015-10-23,3.573,3.641,3.568,3.635,3.572,0.063,1.7637,1197798.81,430869.158
csi300,2015-10-26,3.666,3.672,3.619,3.641,3.635,0.006,0.1651,1803183.24,658806.961
csi300,2015-10-27,3.633,3.659,3.538,3.643,3.641,0.002,0.0549,1322360.99,475940.222
csi300,2015-10-28,3.623,3.646,3.568,3.579,3.643,-0.064,-1.7568,1744483.2,631290.182
csi300,2015-10-29,3.582,3.62,3.558,3.584,3.579,0.005,0.1397,1213244.56,435133.941
csi300,2015-10-30,3.577,3.626,3.545,3.585,3.584,0.001,0.0279,995648.84,356856.861
csi300,2015-11-02,3.554,3.594,3.514,3.525,3.585,-0.06,-1.6736,2680803.33,952078.777
csi300,2015-11-03,3.531,3.54,3.48,3.498,3.525,-0.027,-0.766,2212780.67,778391.91
csi300,2015-11-04,3.507,3.715,3.507,3.708,3.498,0.21,6.0034,2712068.12,977551.741
csi300,2015-11-05,3.696,3.855,3.671,3.767,3.708,0.059,1.5912,2727443.28,1025950.678
csi300,2015-11-06,3.766,3.867,3.755,3.857,3.767,0.09,2.3892,2646076.32,1009144.243
csi300,2015-11-09,3.85,3.94,3.85,3.897,3.857,0.04,1.0371,2517805.19,983571.984
csi300,2015-11-10,3.86,3.923,3.859,3.886,3.897,-0.011,-0.2823,1401064.16,544369.799
csi300,2015-11-11,3.885,3.895,3.83,3.881,3.886,-0.005,-0.1287,1765150.62,681401.999
csi300,2015-11-12,3.885,3.89,3.813,3.841,3.881,-0.04,-1.0307,1444702.83,556205.423
csi300,2015-11-13,3.816,3.841,3.782,3.804,3.841,-0.037,-0.9633,1474506.3,562264.717
csi300,2015-11-16,3.758,3.83,3.74,3.826,3.804,0.022,0.5783,1374760.88,520044.672
csi300,2015-11-17,3.843,3.918,3.8,3.812,3.826,-0.014,-0.3659,1486758.52,573675.494
csi300,2015-11-18,3.814,3.828,3.699,3.779,3.812,-0.033,-0.8657,1370454.72,518943.674
csi300,2015-11-19,3.781,3.838,3.766,3.836,3.779,0.057,1.5083,1001048.58,379709.095
csi300,2015-11-20,3.835,3.849,3.811,3.825,3.836,-0.011,-0.2868,1190018.59,456082.374
csi300,2015-11-23,3.82,3.862,3.8,3.806,3.825,-0.019,-0.4967,877202.56,336171.196
csi300,2015-11-24,3.794,3.81,3.75,3.809,3.806,0.003,0.0788,1253068.48,474458.307
csi300,2015-11-25,3.802,3.836,3.787,3.832,3.809,0.023,0.6038,1485888.94,566591.305
csi300,2015-11-26,3.856,3.857,3.802,3.814,3.832,-0.018,-0.4697,1267994.2,486306.84
csi300,2015-11-27,3.8,3.8,3.586,3.608,3.814,-0.206,-5.4012,1851805.77,684370.608
csi300,2015-11-30,3.615,3.638,3.51,3.609,3.608,0.001,0.0277,2035672.84,728916.223
csi300,2015-12-01,3.604,3.663,3.58,3.637,3.609,0.028,0.7758,2790143.46,1011698.201
csi300,2015-12-02,3.634,3.8,3.618,3.793,3.637,0.156,4.2892,1869803.77,692873.206
csi300,2015-12-03,3.783,3.816,3.749,3.801,3.793,0.008,0.2109,1456643.9,550680.644
csi300,2015-12-04,3.783,3.783,3.714,3.729,3.801,-0.072,-1.8942,1394298.7,522056.076
csi300,2015-12-07,3.732,3.76,3.707,3.735,3.729,0.006,0.1609,785126.44,293026.111
csi300,2015-12-08,3.711,3.717,3.663,3.681,3.735,-0.054,-1.4458,949081.42,350102.623
csi300,2015-12-09,3.679,3.708,3.66,3.686,3.681,0.005,0.1358,942590.41,347389.833
csi300,2015-12-10,3.696,3.734,3.656,3.679,3.686,-0.007,-0.1899,2103556.33,778783.653
csi300,2015-12-11,3.66,3.688,3.635,3.661,3.679,-0.018,-0.4893,1507339.83,550808.869
csi300,2015-12-14,3.639,3.775,3.629,3.773,3.661,0.112,3.0593,1989950.61,735628.586
csi300,2015-12-15,3.77,3.772,3.726,3.737,3.773,-0.036,-0.9541,1409126.82,529036.979
csi300,2015-12-16,3.751,3.768,3.731,3.738,3.737,0.001,0.0268,971984.42,364722.086
csi300,2015-12-17,3.759,3.819,3.759,3.808,3.738,0.07,1.8727,1571513.62,596617.979
csi300,2015-12-18,3.808,3.856,3.797,3.822,3.808,0.014,0.3676,1489845.14,569504.272
csi300,2015-12-21,3.81,3.949,3.8,3.922,3.822,0.1,2.6164,1594825.97,620696.316
csi300,2015-12-22,3.928,3.933,3.883,3.927,3.922,0.005,0.1275,1541484.88,603217.076
csi300,2015-12-23,3.928,3.98,3.912,3.922,3.927,-0.005,-0.1273,2892636.41,1139663.311
csi300,2015-12-24,3.916,3.922,3.843,3.875,3.922,-0.047,-1.1984,1982188.7,768152.157
csi300,2015-12-25,3.885,3.899,3.861,3.895,3.875,0.02,0.5161,1475444.94,572968.428
csi300,2015-12-28,3.884,3.899,3.774,3.778,3.895,-0.117,-3.0039,1661648.93,638347.63
csi300,2015-12-29,3.771,3.814,3.766,3.813,3.778,0.035,0.9264,1529129.18,579206.624
csi300,2015-12-30,3.813,3.818,3.781,3.812,3.813,-0.001,-0.0262,1391575.11,528767.931
csi300,2015-12-31,3.801,3.829,3.776,3.778,3.812,-0.034,-0.8919,1270700.2,482833.516
csi300,2016-01-04,3.776,3.776,3.528,3.535,3.778,-0.243,-6.432,3108539.42,1137173.59
csi300,2016-01-05,3.467,3.578,3.429,3.527,3.535,-0.008,-0.2263,4268877.61,1497174.452
csi300,2016-01-06,3.525,3.592,3.52,3.582,3.527,0.055,1.5594,1752465.65,622444.909
csi300,2016-01-07,3.539,3.539,3.403,3.484,3.582,-0.098,-2.7359,750405.0,260993.448
csi300,2016-01-08,3.485,3.485,3.29,3.408,3.484,-0.076,-2.1814,4083360.21,1387037.113
csi300,2016-01-11,3.345,3.387,3.23,3.233,3.408,-0.175,-5.135,4612187.6,1533396.223
csi300,2016-01-12,3.26,3.295,3.221,3.256,3.233,0.023,0.7114,2766902.07,902582.53
csi300,2016-01-13,3.283,3.301,3.19,3.211,3.256,-0.045,-1.3821,2500409.43,815542.532
csi300,2016-01-14,3.135,3.272,3.128,3.265,3.211,0.054,1.6817,3469088.03,1107232.395
csi300,2016-01-15,3.245,3.259,3.146,3.169,3.265,-0.096,-2.9403,3014651.18,966523.075
csi300,2016-01-18,3.129,3.207,3.12,3.171,3.169,0.002,0.0631,3142912.35,995915.221
csi300,2016-01-19,3.17,3.275,3.158,3.262,3.171,0.091,2.8698,2523184.23,815841.813
csi300,2016-01-20,3.2,3.216,3.145,3.169,3.211,-0.042,-1.308,2565343.66,815923.963
csi300,2016-01-21,3.138,3.199,3.071,3.078,3.169,-0.091,-2.8716,2733316.11,858371.429
csi300,2016-01-22,3.112,3.13,3.05,3.108,3.078,0.03,0.9747,2439672.59,754819.446
csi300,2016-01-25,3.136,3.146,3.092,3.12,3.108,0.012,0.3861,1795483.11,560271.257
csi300,2016-01-26,3.075,3.103,2.93,2.944,3.12,-0.176,-5.641,2987120.99,902898.748
csi300,2016-01-27,2.95,2.98,2.838,2.912,2.944,-0.032,-1.087,5350877.4,1555167.656
csi300,2016-01-28,2.899,2.933,2.835,2.849,2.912,-0.063,-2.1635,2435148.87,704307.095
csi300,2016-01-29,2.85,2.961,2.846,2.93,2.849,0.081,2.8431,3053497.68,887994.285
csi300,2016-02-01,2.928,2.938,2.86,2.898,2.93,-0.032,-1.0922,1669836.59,485387.638
csi300,2016-02-02,2.892,2.966,2.892,2.96,2.898,0.062,2.1394,2210159.84,650514.919
csi300,2016-02-03,2.93,2.952,2.902,2.946,2.96,-0.014,-0.473,2278307.15,665970.636
csi300,2016-02-04,2.955,2.994,2.952,2.985,2.946,0.039,1.3238,4273606.71,1270882.184
csi300,2016-02-05,2.983,2.983,2.948,2.95,2.985,-0.035,-1.1725,4766111.65,1414850.238
csi300,2016-02-15,2.899,2.954,2.885,2.939,2.95,-0.011,-0.3729,2216572.03,645516.477
csi300,2016-02-16,2.951,3.032,2.95,3.022,2.939,0.083,2.8241,2719884.74,817548.445
csi300,2016-02-17,3.023,3.058,3.015,3.053,3.022,0.031,1.0258,2351820.71,714641.656
csi300,2016-02-18,3.075,3.09,3.042,3.049,3.053,-0.004,-0.131,2211639.48,678382.026
csi300,2016-02-19,3.047,3.066,3.025,3.041,3.049,-0.008,-0.2624,2113775.26,643254.118
csi300,2016-02-22,3.088,3.116,3.062,3.104,3.041,0.063,2.0717,7328682.3,2263230.94
csi300,2016-02-23,3.102,3.106,3.052,3.08,3.104,-0.024,-0.7732,2300797.69,709597.975
csi300,2016-02-24,3.072,3.107,3.043,3.103,3.08,0.023,0.7468,2805922.07,862853.078
csi300,2016-02-25,3.098,3.098,2.885,2.905,3.103,-0.198,-6.3809,3757682.15,1125399.586
csi300,2016-02-26,2.926,2.955,2.899,2.933,2.905,0.028,0.9639,4618957.38,1354173.923
csi300,2016-02-29,2.921,2.929,2.811,2.864,2.933,-0.069,-2.3525,3940303.33,1123408.226
csi300,2016-03-01,2.871,2.94,2.81,2.918,2.864,0.054,1.8855,2345625.72,679926.886
csi300,2016-03-02,2.921,3.056,2.921,3.049,2.918,0.131,4.4894,4514134.32,1350518.122
csi300,2016-03-03,3.048,3.086,3.033,3.042,3.049,-0.007,-0.2296,2388758.15,729281.996
csi300,2016-03-04,3.04,3.095,3.021,3.079,3.042,0.037,1.2163,4606083.13,1411889.934
csi300,2016-03-07,3.092,3.178,3.07,3.103,3.079,0.024,0.7795,3423065.58,1062124.021
csi300,2016-03-08,3.086,3.096,2.999,3.092,3.103,-0.011,-0.3545,2890422.8,876806.225
csi300,2016-03-09,3.043,3.053,3.006,3.046,3.092,-0.046,-1.4877,2647694.84,803040.606
csi300,2016-03-10,3.042,3.07,3.001,3.005,3.046,-0.041,-1.346,1373433.06,417118.402
csi300,2016-03-11,2.98,3.018,2.959,2.999,3.005,-0.006,-0.1997,1589932.0,475963.053
csi300,2016-03-14,3.027,3.105,3.027,3.064,2.999,0.065,2.1674,5780534.18,1778753.112
csi300,2016-03-15,3.058,3.065,3.018,3.054,3.064,-0.01,-0.3264,2931010.26,892527.467
csi300,2016-03-16,3.041,3.099,3.041,3.074,3.054,0.02,0.6549,2877220.68,885143.667
csi300,2016-03-17,3.078,3.15,3.063,3.124,3.074,0.05,1.6265,4099649.75,1276388.468
csi300,2016-03-18,3.125,3.198,3.124,3.168,3.124,0.044,1.4085,9687665.2,3073815.207
csi300,2016-03-21,3.191,3.262,3.191,3.238,3.168,0.07,2.2096,3885501.06,1256109.013
csi300,2016-03-22,3.218,3.24,3.211,3.216,3.238,-0.022,-0.6794,1688627.75,544804.992
csi300,2016-03-23,3.213,3.238,3.19,3.222,3.216,0.006,0.1866,2526467.68,812332.861
csi300,2016-03-24,3.201,3.212,3.17,3.172,3.222,-0.05,-1.5518,3537115.08,1128611.604
csi300,2016-03-25,3.174,3.2,3.165,3.185,3.172,0.013,0.4098,2554327.65,812493.93
csi300,2016-03-28,3.197,3.227,3.15,3.155,3.185,-0.03,-0.9419,2537084.6,809289.996
csi300,2016-03-29,3.158,3.168,3.111,3.129,3.155,-0.026,-0.8241,5106344.74,1600486.312
csi300,2016-03-30,3.149,3.218,3.149,3.215,3.129,0.086,2.7485,3213459.97,1023688.965
csi300,2016-03-31,3.225,3.232,3.194,3.209,3.215,-0.006,-0.1866,2677769.52,860786.486
csi300,2016-04-01,3.2,3.22,3.153,3.219,3.209,0.01,0.3116,2554756.94,815859.427
csi300,2016-04-05,3.204,3.269,3.196,3.25,3.219,0.031,0.963,3410879.21,1105926.644
csi300,2016-04-06,3.237,3.256,3.232,3.244,3.25,-0.006,-0.1846,2822235.73,915319.379
csi300,2016-04-07,3.253,3.264,3.196,3.204,3.244,-0.04,-1.233,2359795.4,760739.37
csi300,2016-04-08,3.18,3.204,3.15,3.177,3.204,-0.027,-0.8427,2876953.08,911962.836
csi300,2016-04-11,3.203,3.248,3.203,3.212,3.177,0.035,1.1017,2939344.47,949251.599
csi300,2016-04-12,3.213,3.219,3.188,3.208,3.212,-0.004,-0.1245,4237926.09,1355859.601
csi300,2016-04-13,3.226,3.29,3.226,3.249,3.208,0.041,1.2781,6647237.33,2175119.947
csi300,2016-04-14,3.262,3.275,3.241,3.261,3.249,0.012,0.3693,1963763.88,640055.611
csi300,2016-04-15,3.268,3.274,3.25,3.264,3.261,0.003,0.092,1908464.92,621949.248
csi300,2016-04-18,3.242,3.242,3.21,3.218,3.264,-0.046,-1.4093,2255223.91,726682.573
csi300,2016-04-19,3.229,3.245,3.209,3.222,3.218,0.004,0.1243,2768542.83,891538.328
csi300,2016-04-20,3.235,3.238,3.09,3.166,3.222,-0.056,-1.7381,4679624.19,1477267.984
csi300,2016-04-21,3.147,3.195,3.136,3.151,3.166,-0.015,-0.4738,2547429.19,806651.994
csi300,2016-04-22,3.141,3.169,3.13,3.165,3.151,0.014,0.4443,1534014.99,483590.303
csi300,2016-04-25,3.163,3.163,3.111,3.155,3.165,-0.01,-0.316,1560969.51,490143.68
csi300,2016-04-26,3.153,3.178,3.138,3.173,3.155,0.018,0.5705,1301659.33,411143.884
csi300,2016-04-27,3.173,3.179,3.15,3.158,3.173,-0.015,-0.4727,1447533.86,458068.899
csi300,2016-04-28,3.159,3.166,3.128,3.156,3.158,-0.002,-0.0633,1445679.63,454960.936
csi300,2016-04-29,3.148,3.166,3.142,3.152,3.156,-0.004,-0.1267,1135890.98,358665.715
csi300,2016-05-03,3.157,3.218,3.138,3.213,3.152,0.061,1.9353,2341180.98,748201.333
csi300,2016-05-04,3.198,3.218,3.186,3.201,3.213,-0.012,-0.3735,1844622.7,590306.513
csi300,2016-05-05,3.197,3.209,3.187,3.201,3.201,0.0,0.0,1320283.13,422287.537
csi300,2016-05-06,3.203,3.207,3.126,3.128,3.201,-0.073,-2.2805,2155428.4,684329.077
csi300,2016-05-09,3.12,3.12,3.054,3.064,3.128,-0.064,-2.046,3272033.88,1004431.928
csi300,2016-05-10,3.06,3.076,3.053,3.061,3.064,-0.003,-0.0979,1135479.33,347961.925
csi300,2016-05-11,3.07,3.095,3.059,3.073,3.061,0.012,0.392,994515.09,305936.109
csi300,2016-05-12,3.06,3.089,3.033,3.084,3.073,0.011,0.358,1195078.18,366291.994
csi300,2016-05-13,3.073,3.101,3.059,3.073,3.084,-0.011,-0.3567,908964.27,279919.199
csi300,2016-05-16,3.067,3.088,3.041,3.085,3.073,0.012,0.3905,1102906.61,338736.028
csi300,2016-05-17,3.088,3.098,3.062,3.08,3.085,-0.005,-0.1621,961064.45,295797.362
csi300,2016-05-18,3.072,3.073,3.03,3.06,3.08,-0.02,-0.6494,1192441.45,363787.909
csi300,2016-05-19,3.058,3.085,3.05,3.054,3.06,-0.006,-0.1961,1112604.72,341617.203
csi300,2016-05-20,3.048,3.076,3.038,3.074,3.054,0.02,0.6549,1390692.88,425379.889
csi300,2016-05-23,3.078,3.1,3.068,3.079,3.074,0.005,0.1627,1078091.05,332507.465
csi300,2016-05-24,3.079,3.079,3.048,3.06,3.079,-0.019,-0.6171,967809.22,296006.429
csi300,2016-05-25,3.066,3.086,3.053,3.058,3.06,-0.002,-0.0654,837863.94,257099.787
csi300,2016-05-26,3.058,3.072,3.026,3.058,3.058,0.0,0.0,1424764.37,433670.399
csi300,2016-05-27,3.056,3.068,3.046,3.06,3.058,0.002,0.0654,856851.9,261992.521
csi300,2016-05-30,3.056,3.072,3.027,3.062,3.06,0.002,0.0654,792382.52,241917.771
csi300,2016-05-31,3.063,3.172,3.062,3.169,3.062,0.107,3.4944,4945933.15,1554177.036
csi300,2016-06-01,3.17,3.175,3.152,3.156,3.169,-0.013,-0.4102,1713478.08,541843.489
csi300,2016-06-02,3.158,3.161,3.144,3.159,3.156,0.003,0.0951,923857.56,291409.483
csi300,2016-06-03,3.162,3.206,3.157,3.196,3.159,0.037,1.1713,1777932.22,564204.393
csi300,2016-06-06,3.191,3.204,3.172,3.177,3.196,-0.019,-0.5945,816479.29,259805.697
csi300,2016-06-07,3.181,3.185,3.171,3.177,3.177,0.0,0.0,576210.36,183029.382
csi300,2016-06-08,3.174,3.182,3.152,3.173,3.177,-0.004,-0.1259,726250.43,229820.366
csi300,2016-06-13,3.15,3.15,3.066,3.069,3.173,-0.104,-3.2777,3299624.23,1026673.569
csi300,2016-06-14,3.065,3.083,3.062,3.082,3.069,0.013,0.4236,1750902.26,538000.79
csi300,2016-06-15,3.059,3.152,3.05,3.123,3.082,0.041,1.3303,1945951.17,605204.882
csi300,2016-06-16,3.122,3.122,3.095,3.104,3.123,-0.019,-0.6084,877244.65,272860.069
csi300,2016-06-17,3.106,3.14,3.105,3.117,3.104,0.013,0.4188,2013080.67,628220.777
csi300,2016-06-20,3.12,3.13,3.097,3.118,3.117,0.001,0.0321,821084.94,255483.683
csi300,2016-06-21,3.13,3.168,3.1,3.111,3.118,-0.007,-0.2245,1445445.9,452800.477
csi300,2016-06-22,3.109,3.134,3.097,3.13,3.111,0.019,0.6107,1172913.72,366208.104
csi300,2016-06-23,3.13,3.132,3.101,3.12,3.13,-0.01,-0.3195,993872.93,309928.173
csi300,2016-06-24,3.12,3.137,3.04,3.087,3.12,-0.033,-1.0577,1543955.16,478738.659
csi300,2016-06-27,3.08,3.128,3.077,3.126,3.087,0.039,1.2634,1355577.6,421471.183
csi300,2016-06-28,3.116,3.145,3.101,3.142,3.126,0.016,0.5118,1814889.39,566115.62
csi300,2016-06-29,3.145,3.166,3.144,3.156,3.142,0.014,0.4456,1195419.95,376789.519
csi300,2016-06-30,3.157,3.169,3.152,3.161,3.156,0.005,0.1584,928512.91,293590.84
csi300,2016-07-01,3.161,3.177,3.155,3.158,3.161,-0.003,-0.0949,937666.57,296840.461
csi300,2016-07-04,3.153,3.225,3.143,3.211,3.158,0.053,1.6783,1378107.06,441388.873
csi300,2016-07-05,3.211,3.23,3.207,3.219,3.211,0.008,0.2491,1607143.54,517232.17
csi300,2016-07-06,3.216,3.238,3.206,3.235,3.219,0.016,0.497,2780687.13,896513.394
csi300,2016-07-07,3.231,3.25,3.217,3.239,3.235,0.004,0.1236,1856771.72,600682.507
csi300,2016-07-08,3.234,3.236,3.222,3.227,3.239,-0.012,-0.3705,1680194.56,542424.347
csi300,2016-07-11,3.232,3.275,3.231,3.235,3.227,0.008,0.2479,1079600.88,350916.205
csi300,2016-07-12,3.233,3.319,3.233,3.317,3.235,0.082,2.5348,1723628.81,564574.968
csi300,2016-07-13,3.32,3.349,3.315,3.324,3.317,0.007,0.211,2498416.42,832961.385
csi300,2016-07-14,3.324,3.325,3.306,3.319,3.324,-0.005,-0.1504,1304280.56,432771.845
csi300,2016-07-15,3.326,3.33,3.313,3.323,3.319,0.004,0.1205,916969.66,304596.326
csi300,2016-07-18,3.318,3.325,3.299,3.311,3.323,-0.012,-0.3611,1384781.62,458828.26
csi300,2016-07-19,3.309,3.313,3.277,3.294,3.311,-0.017,-0.5134,1169010.83,384975.531
csi300,2016-07-20,3.29,3.303,3.283,3.287,3.294,-0.007,-0.2125,648020.24,213343.016
csi300,2016-07-21,3.287,3.324,3.287,3.305,3.287,0.018,0.5476,1073903.32,355314.941
csi300,2016-07-22,3.298,3.304,3.273,3.276,3.305,-0.029,-0.8775,1152247.37,378582.872
csi300,2016-07-25,3.273,3.296,3.27,3.275,3.276,-0.001,-0.0305,950112.47,311708.019
csi300,2016-07-26,3.275,3.318,3.275,3.317,3.275,0.042,1.2824,1080209.08,356695.888
csi300,2016-07-27,3.318,3.323,3.206,3.256,3.317,-0.061,-1.839,2287308.97,745666.299
csi300,2016-07-28,3.245,3.284,3.244,3.265,3.256,0.009,0.2764,2122106.96,692839.988
csi300,2016-07-29,3.265,3.274,3.243,3.254,3.265,-0.011,-0.3369,1267244.61,413434.584
csi300,2016-08-01,3.245,3.252,3.211,3.227,3.254,-0.027,-0.8297,1333762.45,430354.683
csi300,2016-08-02,3.226,3.248,3.218,3.235,3.227,0.008,0.2479,1164915.86,376188.247
csi300,2016-08-03,3.23,3.246,3.225,3.239,3.235,0.004,0.1236,2018836.91,653488.041
csi300,2016-08-04,3.238,3.25,3.22,3.249,3.239,0.01,0.3087,930974.89,301068.101
csi300,2016-08-05,3.25,3.277,3.243,3.262,3.249,0.013,0.4001,1014150.33,330558.969
csi300,2016-08-08,3.262,3.29,3.24,3.289,3.262,0.027,0.8277,849697.6,277754.509
csi300,2016-08-09,3.283,3.31,3.28,3.304,3.289,0.015,0.4561,2312882.58,763092.409
csi300,2016-08-10,3.304,3.312,3.291,3.294,3.304,-0.01,-0.3027,1765682.31,582763.539
csi300,2016-08-11,3.292,3.328,3.286,3.29,3.294,-0.004,-0.1214,1265069.62,418084.134
csi300,2016-08-12,3.282,3.353,3.281,3.348,3.29,0.058,1.7629,2173901.63,720561.695
csi300,2016-08-15,3.355,3.484,3.353,3.447,3.348,0.099,2.957,3925780.74,1347967.78
csi300,2016-08-16,3.457,3.476,3.432,3.437,3.447,-0.01,-0.2901,2741304.28,945310.645
csi300,2016-08-17,3.431,3.449,3.416,3.429,3.437,-0.008,-0.2328,1188311.0,407992.203
csi300,2016-08-18,3.435,3.448,3.407,3.424,3.429,-0.005,-0.1458,953905.57,327156.065
csi300,2016-08-19,3.422,3.427,3.393,3.42,3.424,-0.004,-0.1168,1322039.04,450920.918
csi300,2016-08-22,3.42,3.432,3.393,3.396,3.42,-0.024,-0.7018,1053783.09,358992.839
csi300,2016-08-23,3.396,3.416,3.378,3.398,3.396,0.002,0.0589,2416251.41,821466.099
csi300,2016-08-24,3.398,3.402,3.378,3.384,3.398,-0.014,-0.412,1542670.96,523023.613
csi300,2016-08-25,3.367,3.375,3.335,3.366,3.384,-0.018,-0.5319,1262291.8,423460.361
csi300,2016-08-26,3.368,3.393,3.358,3.362,3.366,-0.004,-0.1188,791422.69,267092.367
csi300,2016-08-29,3.357,3.37,3.351,3.361,3.362,-0.001,-0.0297,778727.39,261703.238
csi300,2016-08-30,3.363,3.386,3.358,3.375,3.361,0.014,0.4165,1034445.42,348315.005
csi300,2016-08-31,3.372,3.396,3.359,3.389,3.375,0.014,0.4148,1120571.17,378639.362
csi300,2016-09-01,3.388,3.389,3.35,3.353,3.389,-0.036,-1.0623,923902.42,311604.981
csi300,2016-09-02,3.35,3.377,3.35,3.368,3.353,0.015,0.4474,988755.43,332709.842
csi300,2016-09-05,3.375,3.402,3.37,3.375,3.368,0.007,0.2078,1592257.37,538325.91
csi300,2016-09-06,3.377,3.411,3.352,3.404,3.375,0.029,0.8593,1428755.76,483032.706
csi300,2016-09-07,3.407,3.423,3.401,3.406,3.404,0.002,0.0588,1969668.81,672253.498
csi300,2016-09-08,3.403,3.406,3.393,3.401,3.406,-0.005,-0.1468,748924.56,254578.323
csi300,2016-09-09,3.401,3.407,3.382,3.384,3.401,-0.017,-0.4999,1204615.26,409027.743
csi300,2016-09-12,3.34,3.343,3.298,3.317,3.384,-0.067,-1.9799,2064725.38,685240.743
csi300,2016-09-13,3.319,3.327,3.31,3.317,3.317,0.0,0.0,954381.84,316642.791
csi300,2016-09-14,3.308,3.314,3.293,3.297,3.317,-0.02,-0.603,719668.86,237676.355
csi300,2016-09-19,3.298,3.321,3.296,3.318,3.297,0.021,0.6369,1007976.74,334221.068
csi300,2016-09-20,3.32,3.324,3.309,3.314,3.318,-0.004,-0.1206,706943.57,234298.807
csi300,2016-09-21,3.314,3.332,3.311,3.327,3.314,0.013,0.3923,680127.6,225902.307
csi300,2016-09-22,3.341,3.365,3.335,3.349,3.327,0.022,0.6613,989000.69,331304.621
csi300,2016-09-23,3.35,3.355,3.338,3.341,3.349,-0.008,-0.2389,673587.75,225265.235
csi300,2016-09-26,3.337,3.337,3.283,3.285,3.341,-0.056,-1.6761,1633492.2,540512.627
csi300,2016-09-27,3.285,3.304,3.28,3.302,3.285,0.017,0.5175,1068961.59,351901.55
csi300,2016-09-28,3.302,3.305,3.292,3.297,3.302,-0.005,-0.1514,471316.7,155394.118
csi300,2016-09-29,3.301,3.32,3.301,3.312,3.297,0.015,0.455,1111320.06,368023.39
csi300,2016-09-30,3.305,3.327,3.305,3.322,3.312,0.01,0.3019,1096255.83,363733.274
csi300,2016-10-10,3.33,3.366,3.32,3.36,3.322,0.038,1.1439,1563660.66,523323.072
csi300,2016-10-11,3.362,3.371,3.354,3.368,3.36,0.008,0.2381,1019210.91,342683.149
csi300,2016-10-12,3.359,3.364,3.351,3.36,3.368,-0.008,-0.2375,689821.58,231631.94
csi300,2016-10-13,3.365,3.37,3.353,3.36,3.36,0.0,0.0,950245.82,319338.549
csi300,2016-10-14,3.359,3.372,3.343,3.37,3.36,0.01,0.2976,1169801.75,392571.003
csi300,2016-10-17,3.37,3.373,3.31,3.339,3.37,-0.031,-0.9199,1169468.86,392904.897
csi300,2016-10-18,3.339,3.382,3.335,3.381,3.339,0.042,1.2579,1854193.11,623176.856
csi300,2016-10-19,3.382,3.395,3.372,3.379,3.381,-0.002,-0.0592,1334998.53,451465.644
csi300,2016-10-20,3.377,3.383,3.371,3.374,3.379,-0.005,-0.148,1087664.72,367226.558
csi300,2016-10-21,3.376,3.398,3.367,3.391,3.374,0.017,0.5039,1529253.63,517338.637
csi300,2016-10-24,3.391,3.449,3.388,3.432,3.391,0.041,1.2091,2065991.73,708239.092
csi300,2016-10-25,3.432,3.433,3.415,3.423,3.432,-0.009,-0.2622,1881782.29,643812.663
csi300,2016-10-26,3.422,3.425,3.408,3.413,3.423,-0.01,-0.2921,1426709.85,487518.693
csi300,2016-10-27,3.41,3.413,3.395,3.408,3.413,-0.005,-0.1465,892224.98,303649.117
csi300,2016-10-28,3.406,3.436,3.402,3.403,3.408,-0.005,-0.1467,1492268.31,510243.043
csi300,2016-10-31,3.402,3.402,3.373,3.396,3.403,-0.007,-0.2057,891945.62,302195.855
csi300,2016-11-01,3.394,3.422,3.392,3.417,3.396,0.021,0.6184,866924.29,295386.21
csi300,2016-11-02,3.412,3.412,3.39,3.394,3.417,-0.023,-0.6731,852540.05,289919.434
csi300,2016-11-03,3.382,3.437,3.382,3.42,3.394,0.026,0.7661,2258266.43,771607.69
csi300,2016-11-04,3.418,3.434,3.404,3.409,3.42,-0.011,-0.3216,1114074.8,381040.628
csi300,2016-11-07,3.409,3.42,3.402,3.412,3.409,0.003,0.088,1008059.93,344044.269
csi300,2016-11-08,3.419,3.446,3.417,3.43,3.412,0.018,0.5275,1422438.04,487640.872
csi300,2016-11-09,3.43,3.43,3.374,3.417,3.43,-0.013,-0.379,1960762.29,668832.774
csi300,2016-11-10,3.427,3.461,3.427,3.452,3.417,0.035,1.0243,1448274.2,499217.381
csi300,2016-11-11,3.449,3.486,3.439,3.482,3.452,0.03,0.8691,1734271.81,600639.535
csi300,2016-11-14,3.476,3.51,3.468,3.487,3.482,0.005,0.1436,2619852.06,913221.114
csi300,2016-11-15,3.486,3.491,3.471,3.483,3.487,-0.004,-0.1147,1363919.95,474805.211
csi300,2016-11-16,3.485,3.493,3.475,3.484,3.483,0.001,0.0287,1439264.4,501424.495
csi300,2016-11-17,3.479,3.493,3.468,3.492,3.484,0.008,0.2296,1314599.87,457641.863
csi300,2016-11-18,3.493,3.499,3.475,3.48,3.492,-0.012,-0.3436,1097434.49,382865.958
csi300,2016-11-21,3.475,3.525,3.473,3.496,3.48,0.016,0.4598,1362852.7,477608.881
csi300,2016-11-22,3.499,3.533,3.499,3.531,3.496,0.035,1.0011,1721437.23,606165.664
csi300,2016-11-23,3.536,3.553,3.528,3.537,3.531,0.006,0.1699,911253.59,322725.905
csi300,2016-11-24,3.535,3.568,3.53,3.547,3.537,0.01,0.2827,1755186.91,622021.452
csi300,2016-11-25,3.547,3.588,3.521,3.586,3.547,0.039,1.0995,1347871.11,480069.676
csi300,2016-11-28,3.594,3.62,3.593,3.602,3.586,0.016,0.4462,1483483.31,534775.704
csi300,2016-11-29,3.592,3.648,3.58,3.63,3.602,0.028,0.7773,1591360.67,575802.838
csi300,2016-11-30,3.621,3.632,3.591,3.597,3.63,-0.033,-0.9091,1660676.58,598824.969
csi300,2016-12-01,3.599,3.643,3.599,3.631,3.597,0.034,0.9452,1128864.74,408535.64
csi300,2016-12-02,3.628,3.628,3.582,3.591,3.631,-0.04,-1.1016,938826.35,337964.55
csi300,2016-12-05,3.544,3.559,3.514,3.519,3.591,-0.072,-2.005,2228656.41,788857.097
csi300,2016-12-06,3.522,3.535,3.512,3.513,3.519,-0.006,-0.1705,1268854.1,447422.124
csi300,2016-12-07,3.515,3.533,3.501,3.529,3.513,0.016,0.4555,1113534.37,391741.733
csi300,2016-12-08,3.539,3.55,3.529,3.537,3.529,0.008,0.2267,2079600.6,736364.886
csi300,2016-12-09,3.529,3.568,3.525,3.557,3.537,0.02,0.5655,1113083.44,394957.333
csi300,2016-12-12,3.555,3.555,3.46,3.463,3.557,-0.094,-2.6427,1479028.95,516726.039
csi300,2016-12-13,3.452,3.474,3.43,3.458,3.463,-0.005,-0.1444,1611875.5,556255.408
csi300,2016-12-14,3.45,3.466,3.433,3.434,3.458,-0.024,-0.694,1013558.69,350073.302
csi300,2016-12-15,3.416,3.433,3.381,3.395,3.434,-0.039,-1.1357,2297927.62,783089.346
csi300,2016-12-16,3.391,3.413,3.387,3.395,3.395,0.0,0.0,1422497.04,483458.713
csi300,2016-12-19,3.395,3.398,3.377,3.385,3.395,-0.01,-0.2946,870418.76,294947.468
csi300,2016-12-20,3.38,3.384,3.341,3.36,3.385,-0.025,-0.7386,1674659.93,562356.451
csi300,2016-12-21,3.365,3.398,3.365,3.397,3.36,0.037,1.1012,1291631.26,437133.425
csi300,2016-12-22,3.393,3.395,3.376,3.391,3.397,-0.006,-0.1766,1035923.71,350703.088
csi300,2016-12-23,3.383,3.388,3.355,3.364,3.391,-0.027,-0.7962,802605.29,270285.946
csi300,2016-12-26,3.354,3.379,3.325,3.376,3.364,0.012,0.3567,1452620.59,486226.403
csi300,2016-12-27,3.37,3.384,3.365,3.371,3.376,-0.005,-0.1481,1132960.91,382302.241
csi300,2016-12-28,3.368,3.374,3.342,3.353,3.371,-0.018,-0.534,1049116.15,352092.182
csi300,2016-12-29,3.349,3.368,3.339,3.355,3.353,0.002,0.0596,848783.07,284718.664
csi300,2016-12-30,3.354,3.368,3.35,3.358,3.355,0.003,0.0894,960788.48,322779.315
csi300,2017-01-03,3.362,3.404,3.362,3.396,3.358,0.038,1.1316,1058679.31,359017.999
csi300,2017-01-04,3.394,3.427,3.387,3.426,3.396,0.03,0.8834,1134839.83,386401.18
csi300,2017-01-05,3.425,3.43,3.411,3.419,3.426,-0.007,-0.2043,656748.31,224689.515
csi300,2017-01-06,3.416,3.423,3.403,3.408,3.419,-0.011,-0.3217,778859.78,265624.396
csi300,2017-01-09,3.403,3.424,3.4,3.42,3.408,0.012,0.3521,775128.72,264758.569
csi300,2017-01-10,3.419,3.426,3.407,3.411,3.42,-0.009,-0.2632,697214.35,238188.561
csi300,2017-01-11,3.405,3.422,3.385,3.386,3.411,-0.025,-0.7329,947053.4,322318.168
csi300,2017-01-12,3.386,3.395,3.366,3.369,3.386,-0.017,-0.5021,840009.35,284381.828
csi300,2017-01-13,3.368,3.393,3.362,3.375,3.369,0.006,0.1781,974975.4,329078.585
csi300,2017-01-16,3.368,3.373,3.316,3.371,3.375,-0.004,-0.1185,1469151.24,492412.441
csi300,2017-01-17,3.36,3.383,3.349,3.376,3.371,0.005,0.1483,864949.83,291327.185
csi300,2017-01-18,3.371,3.409,3.37,3.398,3.376,0.022,0.6517,1138662.67,386681.352
csi300,2017-01-19,3.389,3.404,3.38,3.386,3.398,-0.012,-0.3531,1060346.47,359710.681
csi300,2017-01-20,3.38,3.416,3.378,3.415,3.386,0.029,0.8565,2063693.67,703729.07
csi300,2017-01-23,3.36,3.386,3.357,3.361,3.36,0.001,0.0298,1421798.34,478936.401
csi300,2017-01-24,3.361,3.369,3.353,3.363,3.361,0.002,0.0595,842962.75,283122.754
csi300,2017-01-25,3.361,3.375,3.35,3.373,3.363,0.01,0.2974,670239.92,225504.014
csi300,2017-01-26,3.373,3.397,3.373,3.387,3.373,0.014,0.4151,661762.91,224128.556
csi300,2017-02-03,3.387,3.389,3.357,3.367,3.387,-0.02,-0.5905,1120450.05,377377.161
csi300,2017-02-06,3.368,3.376,3.356,3.366,3.367,-0.001,-0.0297,1011688.95,340453.257
csi300,2017-02-07,3.363,3.371,3.35,3.36,3.366,-0.006,-0.1783,919571.05,308980.882
csi300,2017-02-08,3.359,3.389,3.342,3.383,3.36,0.023,0.6845,951701.22,319982.375
csi300,2017-02-09,3.379,3.408,3.378,3.395,3.383,0.012,0.3547,983411.42,334000.23
csi300,2017-02-10,3.398,3.42,3.392,3.413,3.395,0.018,0.5302,1061427.94,361430.904
csi300,2017-02-13,3.412,3.436,3.412,3.431,3.413,0.018,0.5274,1225064.47,419765.182
csi300,2017-02-14,3.431,3.436,3.425,3.435,3.431,0.004,0.1166,774969.5,265836.733
csi300,2017-02-15,3.434,3.446,3.416,3.423,3.435,-0.012,-0.3493,1245321.23,427278.621
csi300,2017-02-16,3.423,3.438,3.416,3.438,3.423,0.015,0.4382,905007.59,310095.292
csi300,2017-02-17,3.438,3.455,3.417,3.418,3.438,-0.02,-0.5817,1253715.32,430590.653
csi300,2017-02-20,3.418,3.485,3.417,3.474,3.418,0.056,1.6384,1382844.17,477381.323
csi300,2017-02-21,3.474,3.487,3.47,3.474,3.474,0.0,0.0,1118515.89,388819.576
csi300,2017-02-22,3.477,3.488,3.47,3.485,3.474,0.011,0.3166,951852.92,331353.653
csi300,2017-02-23,3.482,3.488,3.461,3.47,3.485,-0.015,-0.4304,1028588.94,357287.094
csi300,2017-02-24,3.471,3.471,3.454,3.467,3.47,-0.003,-0.0865,897411.97,310748.415
csi300,2017-02-27,3.468,3.468,3.432,3.44,3.467,-0.027,-0.7788,735681.62,253856.619
csi300,2017-02-28,3.436,3.457,3.435,3.445,3.44,0.005,0.1453,950733.07,327340.268
csi300,2017-03-01,3.447,3.472,3.441,3.449,3.445,0.004,0.1161,1355897.67,468346.597
csi300,2017-03-02,3.455,3.503,3.427,3.437,3.449,-0.012,-0.3479,955485.29,329333.173
csi300,2017-03-03,3.427,3.428,3.407,3.424,3.437,-0.013,-0.3782,778375.16,266094.27
csi300,2017-03-06,3.424,3.444,3.418,3.441,3.424,0.017,0.4965,999939.26,343393.498
csi300,2017-03-07,3.439,3.447,3.434,3.446,3.441,0.005,0.1453,761854.03,262134.06
csi300,2017-03-08,3.444,3.451,3.439,3.45,3.446,0.004,0.1161,1101721.49,379539.858
csi300,2017-03-09,3.444,3.444,3.413,3.419,3.45,-0.031,-0.8986,809001.2,276909.945
csi300,2017-03-10,3.416,3.431,3.416,3.422,3.419,0.003,0.0877,825743.06,282727.138
csi300,2017-03-13,3.416,3.461,3.407,3.459,3.422,0.037,1.0812,1236681.19,425156.076
csi300,2017-03-14,3.456,3.46,3.447,3.451,3.459,-0.008,-0.2313,680534.03,234993.212
csi300,2017-03-15,3.445,3.46,3.442,3.457,3.451,0.006,0.1739,576086.18,198854.471
csi300,2017-03-16,3.465,3.493,3.465,3.478,3.457,0.021,0.6075,934775.88,325318.442
csi300,2017-03-17,3.478,3.483,3.436,3.439,3.478,-0.039,-1.1213,1037742.87,359081.742
csi300,2017-03-20,3.44,3.448,3.427,3.441,3.439,0.002,0.0582,889350.03,305764.003
csi300,2017-03-21,3.441,3.465,3.437,3.465,3.441,0.024,0.6975,1077074.5,371423.613
csi300,2017-03-22,3.451,3.459,3.428,3.447,3.465,-0.018,-0.5195,628258.91,216426.259
csi300,2017-03-23,3.45,3.467,3.432,3.457,3.447,0.01,0.2901,853839.56,294742.45
csi300,2017-03-24,3.458,3.5,3.456,3.49,3.457,0.033,0.9546,1283551.8,446211.837
csi300,2017-03-27,3.489,3.499,3.47,3.474,3.49,-0.016,-0.4585,867856.04,302554.85
csi300,2017-03-28,3.474,3.481,3.46,3.469,3.474,-0.005,-0.1439,669608.38,232236.124
csi300,2017-03-29,3.469,3.478,3.45,3.462,3.469,-0.007,-0.2018,790107.06,273799.428
csi300,2017-03-30,3.455,3.462,3.418,3.429,3.462,-0.033,-0.9532,1197410.74,411529.536
csi300,2017-03-31,3.429,3.455,3.428,3.454,3.429,0.025,0.7291,886199.58,305008.271
csi300,2017-04-05,3.474,3.512,3.472,3.511,3.454,0.057,1.6503,1351355.15,472558.86
csi300,2017-04-06,3.509,3.512,3.49,3.507,3.511,-0.004,-0.1139,960783.34,336535.704
csi300,2017-04-07,3.509,3.526,3.501,3.514,3.507,0.007,0.1996,755353.16,265254.246
csi300,2017-04-10,3.517,3.518,3.503,3.505,3.514,-0.009,-0.2561,821129.08,288180.83
csi300,2017-04-11,3.504,3.518,3.467,3.514,3.505,0.009,0.2568,1057268.27,369694.16
csi300,2017-04-12,3.512,3.518,3.494,3.501,3.514,-0.013,-0.3699,988676.98,346896.362
csi300,2017-04-13,3.497,3.52,3.494,3.514,3.501,0.013,0.3713,784438.51,275414.679
csi300,2017-04-14,3.514,3.515,3.479,3.485,3.514,-0.029,-0.8253,860763.43,300482.671
csi300,2017-04-17,3.478,3.481,3.456,3.473,3.485,-0.012,-0.3443,1357762.83,470981.565
csi300,2017-04-18,3.468,3.484,3.464,3.465,3.473,-0.008,-0.2303,832006.37,288999.06
csi300,2017-04-19,3.458,3.458,3.423,3.438,3.465,-0.027,-0.7792,2120401.04,729202.651
csi300,2017-04-20,3.436,3.462,3.435,3.457,3.438,0.019,0.5526,1158008.96,399723.864
csi300,2017-04-21,3.46,3.47,3.444,3.46,3.457,0.003,0.0868,814365.61,281667.351
csi300,2017-04-24,3.451,3.455,3.406,3.423,3.46,-0.037,-1.0694,1700779.38,582007.611
csi300,2017-04-25,3.43,3.445,3.425,3.434,3.423,0.011,0.3214,983835.98,337966.324
csi300,2017-04-26,3.434,3.462,3.434,3.442,3.434,0.008,0.233,876264.63,302137.649
csi300,2017-04-27,3.438,3.45,3.4,3.444,3.442,0.002,0.0581,2097326.93,717275.57
csi300,2017-04-28,3.441,3.441,3.416,3.431,3.444,-0.013,-0.3775,715289.75,245193.219
csi300,2017-05-02,3.426,3.43,3.414,3.426,3.431,-0.005,-0.1457,920826.52,315153.111
csi300,2017-05-03,3.422,3.43,3.405,3.409,3.426,-0.017,-0.4962,821768.04,280638.583
csi300,2017-05-04,3.406,3.419,3.393,3.396,3.409,-0.013,-0.3813,1043228.42,354995.516
csi300,2017-05-05,3.391,3.393,3.362,3.374,3.396,-0.022,-0.6478,1465209.34,494947.112
csi300,2017-05-08,3.37,3.374,3.337,3.345,3.374,-0.029,-0.8595,1643938.76,551753.639
csi300,2017-05-09,3.34,3.356,3.329,3.348,3.345,0.003,0.0897,1400235.84,467728.686
csi300,2017-05-10,3.349,3.364,3.334,3.336,3.348,-0.012,-0.3584,1670224.19,560475.41
csi300,2017-05-11,3.328,3.361,3.316,3.353,3.336,0.017,0.5096,2181884.37,727387.609
csi300,2017-05-12,3.351,3.385,3.347,3.38,3.353,0.027,0.8052,1451197.42,488589.563
csi300,2017-05-15,3.389,3.405,3.386,3.394,3.38,0.014,0.4142,1024391.93,348045.633
csi300,2017-05-16,3.391,3.435,3.378,3.434,3.394,0.04,1.1786,1033131.51,351932.708
csi300,2017-05-17,3.43,3.432,3.41,3.411,3.434,-0.023,-0.6698,1097918.66,375710.169
csi300,2017-05-18,3.399,3.413,3.39,3.396,3.411,-0.015,-0.4398,974236.4,331211.738
csi300,2017-05-19,3.395,3.407,3.395,3.402,3.396,0.006,0.1767,715944.55,243482.042
csi300,2017-05-22,3.403,3.422,3.39,3.405,3.402,0.003,0.0882,863365.79,294185.619
csi300,2017-05-23,3.404,3.434,3.401,3.42,3.405,0.015,0.4405,1514699.22,517643.732
csi300,2017-05-24,3.415,3.421,3.389,3.42,3.42,0.0,0.0,1404383.33,478014.233
csi300,2017-05-25,3.417,3.497,3.41,3.493,3.42,0.073,2.1345,2489525.01,861101.229
csi300,2017-05-26,3.487,3.503,3.478,3.487,3.493,-0.006,-0.1718,2032029.98,709039.519
csi300,2017-05-31,3.498,3.519,3.473,3.489,3.487,0.002,0.0574,1480334.25,517279.009
csi300,2017-06-01,3.483,3.499,3.48,3.497,3.489,0.008,0.2293,907181.96,316723.298
csi300,2017-06-02,3.495,3.499,3.469,3.488,3.497,-0.009,-0.2574,1315412.98,458835.033
csi300,2017-06-05,3.478,3.49,3.462,3.465,3.488,-0.023,-0.6594,1101787.24,382517.627
csi300,2017-06-06,3.465,3.493,3.462,3.492,3.465,0.027,0.7792,959068.65,333744.289
csi300,2017-06-07,3.496,3.542,3.491,3.54,3.492,0.048,1.3746,1667237.28,588224.31
csi300,2017-06-08,3.538,3.57,3.533,3.565,3.54,0.025,0.7062,1460939.32,518490.291
csi300,2017-06-09,3.564,3.596,3.563,3.587,3.565,0.022,0.6171,1512315.56,541579.944
csi300,2017-06-12,3.58,3.607,3.571,3.58,3.587,-0.007,-0.1951,1240740.38,445107.822
csi300,2017-06-13,3.571,3.595,3.569,3.587,3.58,0.007,0.1955,1316253.86,471603.241
csi300,2017-06-14,3.585,3.585,3.545,3.551,3.587,-0.036,-1.0036,1425761.88,508242.894
csi300,2017-06-15,3.55,3.561,3.525,3.539,3.551,-0.012,-0.3379,1208419.27,427918.147
csi300,2017-06-16,3.539,3.555,3.528,3.533,3.539,-0.006,-0.1695,1023956.62,362702.88
csi300,2017-06-19,3.535,3.576,3.535,3.573,3.533,0.04,1.1322,1413142.49,503221.278
csi300,2017-06-20,3.576,3.583,3.554,3.562,3.573,-0.011,-0.3079,1298320.1,462757.488
csi300,2017-06-21,3.585,3.608,3.562,3.607,3.562,0.045,1.2633,2026660.97,726053.671
csi300,2017-06-22,3.6,3.652,3.598,3.611,3.607,0.004,0.1109,1900073.57,689630.291
csi300,2017-06-23,3.608,3.648,3.592,3.646,3.611,0.035,0.9693,979933.76,354015.578
csi300,2017-06-26,3.646,3.694,3.646,3.691,3.646,0.045,1.2342,1073945.92,395226.721
csi300,2017-06-27,3.689,3.699,3.67,3.693,3.691,0.002,0.0542,806651.11,297031.207
csi300,2017-06-28,3.69,3.69,3.663,3.668,3.693,-0.025,-0.677,792487.9,291471.786
csi300,2017-06-29,3.669,3.695,3.668,3.69,3.668,0.022,0.5998,868377.02,319708.765
csi300,2017-06-30,3.678,3.695,3.666,3.684,3.69,-0.006,-0.1626,824750.91,303289.203
csi300,2017-07-03,3.685,3.688,3.653,3.668,3.684,-0.016,-0.4343,965188.91,354075.693
csi300,2017-07-04,3.667,3.668,3.63,3.638,3.668,-0.03,-0.8179,1352154.96,492446.683
csi300,2017-07-05,3.636,3.692,3.636,3.685,3.638,0.047,1.2919,1333338.06,488489.676
csi300,2017-07-06,3.685,3.69,3.656,3.682,3.685,-0.003,-0.0814,1618320.79,595546.774
csi300,2017-07-07,3.677,3.685,3.661,3.68,3.682,-0.002,-0.0543,826426.95,303788.034
csi300,2017-07-10,3.679,3.7,3.675,3.684,3.68,0.004,0.1087,950921.05,350798.538
csi300,2017-07-11,3.68,3.743,3.679,3.714,3.684,0.03,0.8143,1314196.88,488047.743
csi300,2017-07-12,3.708,3.728,3.676,3.692,3.714,-0.022,-0.5924,1174760.77,435484.089
csi300,2017-07-13,3.693,3.733,3.693,3.73,3.692,0.038,1.0293,1112379.38,413674.31
csi300,2017-07-14,3.731,3.759,3.72,3.755,3.73,0.025,0.6702,855766.53,319746.137
csi300,2017-07-17,3.752,3.761,3.676,3.704,3.755,-0.051,-1.3582,1942105.89,721614.615
csi300,2017-07-18,3.698,3.711,3.672,3.706,3.704,0.002,0.054,1608456.9,594672.822
csi300,2017-07-19,3.705,3.788,3.701,3.783,3.706,0.077,2.0777,1741180.48,651901.9
csi300,2017-07-20,3.78,3.802,3.774,3.801,3.783,0.018,0.4758,976975.79,369859.503
csi300,2017-07-21,3.791,3.804,3.77,3.782,3.801,-0.019,-0.4999,977614.5,370647.639
csi300,2017-07-24,3.778,3.809,3.771,3.801,3.782,0.019,0.5024,642642.58,243903.316
csi300,2017-07-25,3.8,3.802,3.765,3.772,3.801,-0.029,-0.763,969983.98,367104.728
csi300,2017-07-26,3.772,3.789,3.735,3.751,3.772,-0.021,-0.5567,1542540.47,579533.892
csi300,2017-07-27,3.752,3.771,3.726,3.762,3.751,0.011,0.2933,1463574.36,548556.299
csi300,2017-07-28,3.757,3.78,3.75,3.776,3.762,0.014,0.3721,741486.54,279473.445
csi300,2017-07-31,3.776,3.804,3.767,3.79,3.776,0.014,0.3708,1194636.26,452022.175
csi300,2017-08-01,3.79,3.824,3.788,3.82,3.79,0.03,0.7916,1224510.36,466016.813
csi300,2017-08-02,3.822,3.84,3.814,3.82,3.82,0.0,0.0,1180979.68,451860.536
csi300,2017-08-03,3.814,3.823,3.774,3.782,3.82,-0.038,-0.9948,1072928.54,407643.789
csi300,2017-08-04,3.782,3.796,3.758,3.759,3.782,-0.023,-0.6081,1040716.14,393420.957
csi300,2017-08-07,3.752,3.789,3.749,3.782,3.759,0.023,0.6119,1062490.74,400289.016
csi300,2017-08-08,3.784,3.791,3.772,3.783,3.782,0.001,0.0264,1211295.12,458104.572
csi300,2017-08-09,3.78,3.792,3.767,3.78,3.783,-0.003,-0.0793,961916.52,363926.51
csi300,2017-08-10,3.773,3.801,3.744,3.772,3.78,-0.008,-0.2116,1386799.03,523518.863
csi300,2017-08-11,3.748,3.756,3.695,3.7,3.772,-0.072,-1.9088,1816643.45,676532.342
csi300,2017-08-14,3.701,3.753,3.701,3.746,3.7,0.046,1.2432,1489558.83,556588.431
csi300,2017-08-15,3.747,3.771,3.742,3.756,3.746,0.01,0.267,2386280.0,896629.433
csi300,2017-08-16,3.752,3.757,3.729,3.75,3.756,-0.006,-0.1597,881399.28,330127.586
csi300,2017-08-17,3.756,3.78,3.754,3.779,3.75,0.029,0.7733,703318.08,264849.652
csi300,2017-08-18,3.767,3.79,3.755,3.781,3.779,0.002,0.0529,724997.42,273300.464
csi300,2017-08-21,3.791,3.806,3.782,3.797,3.781,0.016,0.4232,490788.14,186243.891
csi300,2017-08-22,3.796,3.811,3.786,3.803,3.797,0.006,0.158,723347.29,274716.419
csi300,2017-08-23,3.803,3.829,3.797,3.813,3.803,0.01,0.263,563945.16,215028.427
csi300,2017-08-24,3.813,3.822,3.788,3.793,3.813,-0.02,-0.5245,764001.5,290507.256
csi300,2017-08-25,3.792,3.86,3.791,3.859,3.793,0.066,1.74,2023895.91,777247.449
csi300,2017-08-28,3.862,3.928,3.862,3.903,3.859,0.044,1.1402,2297449.38,897023.272
csi300,2017-08-29,3.904,3.907,3.888,3.895,3.903,-0.008,-0.205,1218355.33,474880.037
csi300,2017-08-30,3.894,3.912,3.889,3.891,3.895,-0.004,-0.1027,837834.79,326837.1
csi300,2017-08-31,3.891,3.901,3.862,3.884,3.891,-0.007,-0.1799,1166771.03,452601.022
csi300,2017-09-01,3.884,3.902,3.875,3.889,3.884,0.005,0.1287,900118.78,350147.397
csi300,2017-09-04,3.889,3.906,3.87,3.903,3.889,0.014,0.36,1280226.6,498484.877
csi300,2017-09-05,3.903,3.924,3.9,3.917,3.903,0.014,0.3587,703198.88,275197.293
csi300,2017-09-06,3.908,3.918,3.891,3.905,3.917,-0.012,-0.3064,787843.01,307521.821
csi300,2017-09-07,3.908,3.92,3.887,3.888,3.905,-0.017,-0.4353,513055.17,200326.578
csi300,2017-09-08,3.89,3.904,3.868,3.884,3.888,-0.004,-0.1029,586515.66,228110.193
csi300,2017-09-11,3.889,3.917,3.881,3.89,3.884,0.006,0.1545,760060.16,295901.109
csi300,2017-09-12,3.9,3.913,3.884,3.9,3.89,0.01,0.2571,623236.72,242811.422
csi300,2017-09-13,3.902,3.908,3.885,3.903,3.9,0.003,0.0769,593111.79,231145.734
csi300,2017-09-14,3.901,3.915,3.881,3.89,3.903,-0.013,-0.3331,625454.71,243709.475
csi300,2017-09-15,3.888,3.901,3.877,3.896,3.89,0.006,0.1542,926836.28,360429.126
csi300,2017-09-18,3.893,3.93,3.89,3.911,3.896,0.015,0.385,1107037.71,433280.766
csi300,2017-09-19,3.912,3.915,3.872,3.886,3.911,-0.025,-0.6392,887575.81,345678.308
csi300,2017-09-20,3.884,3.909,3.882,3.904,3.886,0.018,0.4632,697777.49,271873.425
csi300,2017-09-21,3.904,3.916,3.891,3.905,3.904,0.001,0.0256,1208402.86,471686.526
csi300,2017-09-22,3.89,3.899,3.876,3.894,3.905,-0.011,-0.2817,747234.87,290348.466
csi300,2017-09-25,3.889,3.891,3.87,3.878,3.894,-0.016,-0.4109,845460.32,327969.28
csi300,2017-09-26,3.873,3.882,3.871,3.88,3.878,0.002,0.0516,605663.07,234783.027
csi300,2017-09-27,3.879,3.894,3.874,3.883,3.88,0.003,0.0773,548811.78,213162.344
csi300,2017-09-28,3.883,3.893,3.873,3.889,3.883,0.006,0.1545,496638.85,192874.07
csi300,2017-09-29,3.889,3.919,3.889,3.902,3.889,0.013,0.3343,887625.89,346351.779
csi300,2017-10-09,3.972,3.985,3.941,3.943,3.902,0.041,1.0507,1653136.91,655239.548
csi300,2017-10-10,3.94,3.957,3.92,3.948,3.943,0.005,0.1268,1417638.45,558063.646
csi300,2017-10-11,3.948,3.969,3.941,3.963,3.948,0.015,0.3799,1082136.09,428214.369
csi300,2017-10-12,3.962,3.981,3.956,3.98,3.963,0.017,0.429,1102176.42,437032.183
csi300,2017-10-13,3.971,3.989,3.971,3.988,3.98,0.008,0.201,548574.03,218430.412
csi300,2017-10-16,3.988,4.003,3.973,3.974,3.988,-0.014,-0.3511,1052853.88,419997.107
csi300,2017-10-17,3.974,3.982,3.963,3.972,3.974,-0.002,-0.0503,734482.62,291842.256
csi300,2017-10-18,3.971,4.001,3.971,3.996,3.972,0.024,0.6042,955523.32,380778.417
csi300,2017-10-19,3.998,3.998,3.98,3.985,3.996,-0.011,-0.2753,956388.56,381387.925
csi300,2017-10-20,3.982,3.987,3.973,3.983,3.985,-0.002,-0.0502,516507.66,205545.192
csi300,2017-10-23,3.987,3.998,3.976,3.995,3.983,0.012,0.3013,884069.36,352641.372
csi300,2017-10-24,3.986,4.022,3.984,4.021,3.995,0.026,0.6508,939317.3,376229.856
csi300,2017-10-25,4.015,4.039,4.011,4.034,4.021,0.013,0.3233,640827.99,258041.081
csi300,2017-10-26,4.035,4.077,4.027,4.063,4.034,0.029,0.7189,1403180.02,569599.034
csi300,2017-10-27,4.058,4.084,4.056,4.083,4.063,0.02,0.4922,699861.93,284877.59
csi300,2017-10-30,4.086,4.09,4.019,4.065,4.083,-0.018,-0.4409,1557691.68,631582.012
csi300,2017-10-31,4.052,4.067,4.042,4.062,4.065,-0.003,-0.0738,676835.93,274321.225
csi300,2017-11-01,4.061,4.088,4.044,4.048,4.062,-0.014,-0.3447,1298294.02,528341.303
csi300,2017-11-02,4.048,4.056,4.031,4.055,4.048,0.007,0.1729,982106.5,396901.127
csi300,2017-11-03,4.051,4.06,4.018,4.044,4.055,-0.011,-0.2713,1125905.77,454646.222
csi300,2017-11-06,4.038,4.082,4.031,4.08,4.044,0.036,0.8902,608521.36,246647.548
csi300,2017-11-07,4.079,4.13,4.077,4.12,4.08,0.04,0.9804,1032092.15,423893.334
csi300,2017-11-08,4.116,4.155,4.103,4.111,4.12,-0.009,-0.2184,994467.5,410490.252
csi300,2017-11-09,4.107,4.143,4.102,4.142,4.111,0.031,0.7541,1217573.5,501131.323
csi300,2017-11-10,4.134,4.185,4.126,4.179,4.142,0.037,0.8933,1260335.3,524278.19
csi300,2017-11-13,4.18,4.2,4.177,4.188,4.179,0.009,0.2154,889665.35,372765.992
csi300,2017-11-14,4.19,4.193,4.152,4.156,4.188,-0.032,-0.7641,1327241.0,552965.529
csi300,2017-11-15,4.149,4.159,4.119,4.126,4.156,-0.03,-0.7218,2554123.0,1056078.422
csi300,2017-11-16,4.125,4.169,4.121,4.165,4.126,0.039,0.9452,1933054.51,800920.002
csi300,2017-11-17,4.158,4.175,4.142,4.17,4.165,0.005,0.12,1888910.42,785716.57
csi300,2017-11-20,4.158,4.204,4.124,4.203,4.17,0.033,0.7914,1403474.63,582537.825
csi300,2017-11-21,4.197,4.288,4.19,4.286,4.203,0.083,1.9748,1728882.21,735785.939
csi300,2017-11-22,4.287,4.325,4.25,4.285,4.286,-0.001,-0.0233,1549476.59,665099.896
csi300,2017-11-23,4.279,4.279,4.139,4.149,4.285,-0.136,-3.1739,2992733.63,1263614.871
csi300,2017-11-24,4.139,4.172,4.116,4.153,4.149,0.004,0.0964,2160149.69,895477.111
csi300,2017-11-27,4.14,4.147,4.083,4.086,4.153,-0.067,-1.6133,2731052.0,1119758.002
csi300,2017-11-28,4.081,4.11,4.07,4.105,4.086,0.019,0.465,1048320.4,429268.915
csi300,2017-11-29,4.109,4.12,4.051,4.101,4.105,-0.004,-0.0974,1191682.19,487608.676
csi300,2017-11-30,4.097,4.106,4.044,4.054,4.101,-0.047,-1.1461,1176151.15,479533.342
csi300,2017-12-01,4.053,4.085,4.04,4.057,4.054,0.003,0.074,847132.68,343851.087
csi300,2017-12-04,4.053,4.091,4.036,4.074,4.057,0.017,0.419,778886.2,317184.942
csi300,2017-12-05,4.064,4.106,4.063,4.099,4.074,0.025,0.6136,818564.93,335054.29
csi300,2017-12-06,4.09,4.09,4.026,4.068,4.099,-0.031,-0.7563,908335.42,369190.696
csi300,2017-12-07,4.063,4.076,4.008,4.022,4.068,-0.046,-1.1308,897478.69,362413.81
csi300,2017-12-08,4.022,4.072,4.017,4.061,4.022,0.039,0.9697,941707.7,381443.852
csi300,2017-12-11,4.06,4.13,4.06,4.128,4.061,0.067,1.6498,921277.9,377600.248
csi300,2017-12-12,4.124,4.124,4.061,4.063,4.128,-0.065,-1.5746,1094854.56,448726.51
csi300,2017-12-13,4.063,4.101,4.056,4.092,4.063,0.029,0.7138,1159791.05,472838.973
csi300,2017-12-14,4.093,4.104,4.063,4.079,4.092,-0.013,-0.3177,1559101.58,636128.736
csi300,2017-12-15,4.068,4.07,4.021,4.025,4.079,-0.054,-1.3239,925487.43,374175.03
csi300,2017-12-18,4.028,4.057,4.013,4.026,4.025,0.001,0.0248,1028030.98,414628.236
csi300,2017-12-19,4.03,4.081,4.03,4.079,4.026,0.053,1.3164,1052969.44,427717.906
csi300,2017-12-20,4.076,4.088,4.061,4.07,4.079,-0.009,-0.2206,930046.98,378936.961
csi300,2017-12-21,4.062,4.134,4.06,4.12,4.07,0.05,1.2285,2415533.29,993428.001
csi300,2017-12-22,4.118,4.123,4.097,4.101,4.12,-0.019,-0.4612,1297648.67,533563.762
csi300,2017-12-25,4.104,4.136,4.072,4.082,4.101,-0.019,-0.4633,1702341.08,698948.632
csi300,2017-12-26,4.085,4.104,4.065,4.094,4.082,0.012,0.294,2089951.98,854166.367
csi300,2017-12-27,4.095,4.098,4.022,4.026,4.094,-0.068,-1.661,2084858.56,845669.698
csi300,2017-12-28,4.031,4.078,4.021,4.063,4.026,0.037,0.919,1939509.65,786210.867
csi300,2017-12-29,4.066,4.083,4.054,4.076,4.063,0.013,0.32,1083159.43,440609.295
csi300,2018-01-02,4.086,4.138,4.084,4.136,4.076,0.06,1.472,1688765.61,695160.731
csi300,2018-01-03,4.136,4.186,4.132,4.158,4.136,0.022,0.5319,1267933.28,527466.33
csi300,2018-01-04,4.158,4.18,4.15,4.171,4.158,0.013,0.3127,922207.09,384082.441
csi300,2018-01-05,4.179,4.197,4.165,4.187,4.171,0.016,0.3836,1271316.73,531271.769
csi300,2018-01-08,4.186,4.214,4.173,4.204,4.187,0.017,0.406,1056967.05,443371.348
csi300,2018-01-09,4.204,4.241,4.197,4.238,4.204,0.034,0.8088,1079460.72,455234.072
csi300,2018-01-10,4.234,4.26,4.221,4.256,4.238,0.018,0.4247,1449656.98,614504.154
csi300,2018-01-11,4.249,4.256,4.232,4.25,4.256,-0.006,-0.141,984750.59,417892.59
csi300,2018-01-12,4.25,4.277,4.245,4.273,4.25,0.023,0.5412,1035749.19,441244.227
csi300,2018-01-15,4.273,4.31,4.261,4.265,4.273,-0.008,-0.1872,1573647.26,674167.931
csi300,2018-01-16,4.265,4.311,4.26,4.308,4.265,0.043,1.0082,1231839.54,528244.298
csi300,2018-01-17,4.309,4.327,4.281,4.295,4.308,-0.013,-0.3018,1589397.22,684342.13
csi300,2018-01-18,4.301,4.336,4.298,4.323,4.295,0.028,0.6519,1250863.1,540068.089
csi300,2018-01-19,4.325,4.365,4.322,4.335,4.323,0.012,0.2776,2185064.6,948695.895
csi300,2018-01-22,4.322,4.393,4.322,4.39,4.335,0.055,1.2687,1398733.65,609570.931
csi300,2018-01-23,4.353,4.389,4.35,4.388,4.344,0.044,1.0129,1584662.66,692085.166
csi300,2018-01-24,4.388,4.4,4.356,4.391,4.388,0.003,0.0684,1613457.25,707011.909
csi300,2018-01-25,4.388,4.39,4.341,4.363,4.391,-0.028,-0.6377,1548719.83,675877.088
csi300,2018-01-26,4.35,4.414,4.345,4.385,4.363,0.022,0.5042,984131.54,431465.307
csi300,2018-01-29,4.395,4.4,4.291,4.302,4.385,-0.083,-1.8928,2140531.87,928592.912
csi300,2018-01-30,4.292,4.31,4.255,4.258,4.302,-0.044,-1.0228,1616871.4,692033.502
csi300,2018-01-31,4.246,4.286,4.24,4.271,4.258,0.013,0.3053,1667368.54,710282.987
csi300,2018-02-01,4.27,4.288,4.216,4.241,4.271,-0.03,-0.7024,4390735.9,1861964.695
csi300,2018-02-02,4.21,4.273,4.188,4.267,4.241,0.026,0.6131,2127961.41,900347.625
csi300,2018-02-05,4.229,4.268,4.21,4.263,4.267,-0.004,-0.0937,2308395.13,979154.068
csi300,2018-02-06,4.2,4.213,4.136,4.143,4.263,-0.12,-2.8149,3131731.33,1306561.662
csi300,2018-02-07,4.2,4.209,4.039,4.045,4.143,-0.098,-2.3654,3395178.12,1400842.66
csi300,2018-02-08,4.04,4.072,3.981,4.012,4.045,-0.033,-0.8158,3123485.62,1257459.01
csi300,2018-02-09,3.905,3.921,3.764,3.827,4.012,-0.185,-4.6112,4168371.79,1597192.107
csi300,2018-02-12,3.836,3.905,3.824,3.882,3.827,0.055,1.4372,1935588.68,749100.613
csi300,2018-02-13,3.917,3.981,3.917,3.929,3.882,0.047,1.2107,1624624.68,641207.46
csi300,2018-02-14,3.941,3.971,3.927,3.964,3.929,0.035,0.8908,930356.24,367327.722
csi300,2018-02-22,4.016,4.053,4.002,4.046,3.964,0.082,2.0686,1890640.57,762189.665
csi300,2018-02-23,4.054,4.078,4.033,4.068,4.046,0.022,0.5437,1576572.47,639724.875
csi300,2018-02-26,4.098,4.133,4.05,4.12,4.068,0.052,1.2783,2027722.59,830732.992
csi300,2018-02-27,4.128,4.129,4.055,4.061,4.12,-0.059,-1.432,2118232.91,865489.044
csi300,2018-02-28,4.028,4.055,3.995,4.02,4.061,-0.041,-1.0096,2392245.66,962934.464
csi300,2018-03-01,4.0,4.067,3.993,4.049,4.02,0.029,0.7214,1186369.49,479103.432
csi300,2018-03-02,4.02,4.043,4.008,4.022,4.049,-0.027,-0.6668,906146.82,364642.458
csi300,2018-03-05,4.025,4.049,3.99,4.013,4.022,-0.009,-0.2238,960124.7,385767.882
csi300,2018-03-06,4.042,4.074,3.997,4.073,4.013,0.06,1.4951,1335938.23,539875.126
csi300,2018-03-07,4.07,4.093,4.031,4.04,4.073,-0.033,-0.8102,1397285.41,568031.944
csi300,2018-03-08,4.042,4.083,4.031,4.081,4.04,0.041,1.0149,932075.22,378638.988
csi300,2018-03-09,4.088,4.117,4.074,4.111,4.081,0.03,0.7351,1116871.1,457659.735
csi300,2018-03-12,4.131,4.148,4.117,4.123,4.111,0.012,0.2919,2949891.63,1217400.451
csi300,2018-03-13,4.12,4.127,4.077,4.079,4.123,-0.044,-1.0672,1435127.66,588518.518
csi300,2018-03-14,4.07,4.085,4.061,4.065,4.079,-0.014,-0.3432,1209033.64,492145.66
csi300,2018-03-15,4.06,4.098,4.052,4.095,4.065,0.03,0.738,1000794.31,408458.352
csi300,2018-03-16,4.09,4.105,4.049,4.05,4.095,-0.045,-1.0989,883232.64,360428.554
csi300,2018-03-19,4.049,4.075,4.029,4.072,4.05,0.022,0.5432,809020.13,328421.749
csi300,2018-03-20,4.059,4.082,4.034,4.07,4.072,-0.002,-0.0491,754936.0,306450.965
csi300,2018-03-21,4.086,4.114,4.04,4.049,4.07,-0.021,-0.516,1291002.72,527036.026
csi300,2018-03-22,4.056,4.069,4.003,4.013,4.049,-0.036,-0.8891,984440.17,396821.608
csi300,2018-03-23,3.9,3.923,3.825,3.894,4.013,-0.119,-2.9654,2789760.65,1086361.137
csi300,2018-03-26,3.863,3.886,3.827,3.876,3.894,-0.018,-0.4622,2339575.5,902528.341
csi300,2018-03-27,3.921,3.93,3.885,3.911,3.876,0.035,0.903,1437933.79,562269.231
csi300,2018-03-28,3.874,3.904,3.829,3.832,3.911,-0.079,-2.0199,1350991.39,521665.681
csi300,2018-03-29,3.847,3.919,3.793,3.902,3.832,0.07,1.8267,1934539.72,746819.665
csi300,2018-03-30,3.903,3.915,3.878,3.896,3.902,-0.006,-0.1538,923031.3,359636.705
csi300,2018-04-02,3.897,3.936,3.88,3.883,3.896,-0.013,-0.3337,1775059.95,693287.261
csi300,2018-04-03,3.859,3.878,3.837,3.858,3.883,-0.025,-0.6438,1409852.82,543351.694
csi300,2018-04-04,3.867,3.896,3.843,3.848,3.858,-0.01,-0.2592,1028784.09,398759.731
csi300,2018-04-09,3.852,3.875,3.828,3.853,3.848,0.005,0.1299,1191991.09,459331.572
csi300,2018-04-10,3.857,3.929,3.853,3.928,3.853,0.075,1.9465,1590734.09,618424.472
csi300,2018-04-11,3.938,3.957,3.926,3.933,3.928,0.005,0.1273,1364955.0,537937.545
csi300,2018-04-12,3.932,3.938,3.891,3.892,3.933,-0.041,-1.0425,967303.12,378606.246
csi300,2018-04-13,3.915,3.927,3.858,3.865,3.892,-0.027,-0.6937,1212467.76,470493.231
csi300,2018-04-16,3.858,3.87,3.791,3.804,3.865,-0.061,-1.5783,1141596.39,436296.437
csi300,2018-04-17,3.815,3.82,3.745,3.748,3.804,-0.056,-1.4721,1382998.0,523630.373
csi300,2018-04-18,3.781,3.795,3.71,3.756,3.748,0.008,0.2134,2125676.6,796578.445
csi300,2018-04-19,3.765,3.819,3.764,3.809,3.756,0.053,1.4111,1714951.53,651728.801
csi300,2018-04-20,3.797,3.81,3.743,3.75,3.809,-0.059,-1.549,1631785.79,615887.355
csi300,2018-04-23,3.743,3.789,3.731,3.766,3.75,0.016,0.4267,1064099.75,399919.034
csi300,2018-04-24,3.774,3.855,3.774,3.845,3.766,0.079,2.0977,1794867.23,687344.861
csi300,2018-04-25,3.829,3.837,3.813,3.822,3.845,-0.023,-0.5982,1072139.04,410074.478
csi300,2018-04-26,3.827,3.834,3.74,3.746,3.822,-0.076,-1.9885,1279568.77,482929.627
csi300,2018-04-27,3.766,3.769,3.712,3.754,3.746,0.008,0.2136,1178761.95,441623.03
csi300,2018-05-02,3.77,3.789,3.741,3.766,3.754,0.012,0.3197,1130980.0,425241.655
csi300,2018-05-03,3.756,3.802,3.731,3.788,3.766,0.022,0.5842,1500874.41,565842.658
csi300,2018-05-04,3.786,3.799,3.764,3.77,3.788,-0.018,-0.4752,1112293.69,420677.781
csi300,2018-05-07,3.776,3.835,3.77,3.831,3.77,0.061,1.618,1519752.83,579308.584
csi300,2018-05-08,3.835,3.891,3.83,3.881,3.831,0.05,1.3051,1882643.93,728175.015
csi300,2018-05-09,3.88,3.881,3.853,3.87,3.881,-0.011,-0.2834,872673.25,337422.352
csi300,2018-05-10,3.881,3.898,3.862,3.896,3.87,0.026,0.6718,994891.12,386259.701
csi300,2018-05-11,3.903,3.91,3.869,3.873,3.896,-0.023,-0.5903,850967.64,330549.504
csi300,2018-05-14,3.881,3.916,3.881,3.907,3.873,0.034,0.8779,1809287.13,706411.152
csi300,2018-05-15,3.915,3.922,3.884,3.922,3.907,0.015,0.3839,1444888.09,563948.809
csi300,2018-05-16,3.908,3.917,3.882,3.89,3.922,-0.032,-0.8159,878034.78,342418.772
csi300,2018-05-17,3.892,3.897,3.856,3.857,3.89,-0.033,-0.8483,835910.34,323714.465
csi300,2018-05-18,3.862,3.904,3.844,3.899,3.857,0.042,1.0889,1916792.13,742237.81
csi300,2018-05-21,3.925,3.942,3.906,3.918,3.899,0.019,0.4873,1582573.9,620802.68
csi300,2018-05-22,3.918,3.918,3.878,3.902,3.918,-0.016,-0.4084,846887.76,330057.427
csi300,2018-05-23,3.892,3.893,3.85,3.851,3.902,-0.051,-1.307,1100044.73,425876.946
csi300,2018-05-24,3.85,3.86,3.816,3.82,3.851,-0.031,-0.805,1216399.95,466989.765
csi300,2018-05-25,3.819,3.839,3.801,3.811,3.82,-0.009,-0.2356,1031684.28,394358.879
csi300,2018-05-28,3.819,3.85,3.801,3.835,3.811,0.024,0.6298,916134.09,350526.73
csi300,2018-05-29,3.83,3.84,3.797,3.799,3.835,-0.036,-0.9387,1263855.6,482554.985
csi300,2018-05-30,3.762,3.767,3.726,3.727,3.799,-0.072,-1.8952,1440322.81,539595.347
csi300,2018-05-31,3.748,3.806,3.742,3.803,3.727,0.076,2.0392,1701936.23,641624.946
csi300,2018-06-01,3.786,3.799,3.76,3.777,3.803,-0.026,-0.6837,1210254.7,457363.166
csi300,2018-06-04,3.797,3.818,3.784,3.814,3.777,0.037,0.9796,1260796.81,479680.888
csi300,2018-06-05,3.81,3.85,3.803,3.846,3.814,0.032,0.839,1048859.97,401237.873
csi300,2018-06-06,3.841,3.849,3.831,3.839,3.846,-0.007,-0.182,835028.2,320637.99
csi300,2018-06-07,3.853,3.869,3.831,3.838,3.839,-0.001,-0.026,1098143.21,422900.7
csi300,2018-06-08,3.83,3.83,3.768,3.787,3.838,-0.051,-1.3288,1353332.85,513530.04
csi300,2018-06-11,3.771,3.805,3.77,3.797,3.787,0.01,0.2641,768349.34,291013.492
csi300,2018-06-12,3.798,3.848,3.779,3.835,3.797,0.038,1.0008,1221683.66,467011.537
csi300,2018-06-13,3.822,3.827,3.79,3.796,3.835,-0.039,-1.0169,1148816.61,437627.116
csi300,2018-06-14,3.785,3.821,3.776,3.786,3.796,-0.01,-0.2634,1372525.56,520482.488
csi300,2018-06-15,3.78,3.802,3.76,3.78,3.786,-0.006,-0.1585,1303403.0,492809.287
csi300,2018-06-19,3.755,3.755,3.611,3.65,3.78,-0.13,-3.4392,3515761.08,1292738.873
csi300,2018-06-20,3.637,3.667,3.605,3.65,3.65,0.0,0.0,2490302.85,904915.505
csi300,2018-06-21,3.652,3.696,3.614,3.62,3.65,-0.03,-0.8219,3337199.59,1221213.656
csi300,2018-06-22,3.61,3.637,3.572,3.636,3.62,0.016,0.442,1542609.56,556599.13
csi300,2018-06-25,3.648,3.654,3.584,3.585,3.636,-0.051,-1.4026,1154244.51,417813.386
csi300,2018-06-26,3.551,3.571,3.507,3.55,3.585,-0.035,-0.9763,2023401.88,716286.616
csi300,2018-06-27,3.553,3.56,3.457,3.466,3.55,-0.084,-2.3662,2008945.24,702852.611
csi300,2018-06-28,3.45,3.499,3.44,3.446,3.466,-0.02,-0.577,1625310.44,564116.635
csi300,2018-06-29,3.449,3.543,3.449,3.537,3.446,0.091,2.6407,1706049.55,597021.733
csi300,2018-07-02,3.531,3.535,3.405,3.443,3.537,-0.094,-2.6576,2121981.17,735873.21
csi300,2018-07-03,3.442,3.453,3.349,3.43,3.443,-0.013,-0.3776,3615524.34,1233354.152
csi300,2018-07-04,3.423,3.44,3.389,3.394,3.43,-0.036,-1.0496,1268908.78,433275.639
csi300,2018-07-05,3.395,3.427,3.36,3.366,3.394,-0.028,-0.825,1726212.49,584959.041
csi300,2018-07-06,3.372,3.431,3.33,3.395,3.366,0.029,0.8616,2354378.39,795708.989
csi300,2018-07-09,3.41,3.497,3.41,3.494,3.395,0.099,2.9161,2299572.47,795175.061
csi300,2018-07-10,3.5,3.507,3.469,3.503,3.494,0.009,0.2576,1457344.81,508628.683
csi300,2018-07-11,3.44,3.46,3.399,3.445,3.503,-0.058,-1.6557,1954317.57,670565.34
csi300,2018-07-12,3.443,3.546,3.441,3.528,3.445,0.083,2.4093,2089339.58,731987.742
csi300,2018-07-13,3.529,3.543,3.517,3.534,3.528,0.006,0.1701,1327475.63,468721.618
csi300,2018-07-16,3.531,3.559,3.506,3.519,3.534,-0.015,-0.4244,1265179.0,445644.461
csi300,2018-07-17,3.515,3.519,3.47,3.497,3.519,-0.022,-0.6252,1215373.72,424438.862
csi300,2018-07-18,3.502,3.535,3.48,3.481,3.497,-0.016,-0.4575,1276136.56,447725.445
csi300,2018-07-19,3.499,3.522,3.468,3.483,3.481,0.002,0.0575,1419531.0,496040.524
csi300,2018-07-20,3.481,3.565,3.454,3.55,3.483,0.067,1.9236,1934021.66,678380.244
csi300,2018-07-23,3.53,3.582,3.52,3.573,3.55,0.023,0.6479,1737761.24,617794.895
csi300,2018-07-24,3.581,3.657,3.581,3.639,3.573,0.066,1.8472,2602805.3,946219.416
csi300,2018-07-25,3.64,3.645,3.621,3.638,3.639,-0.001,-0.0275,2022573.08,734740.073
csi300,2018-07-26,3.635,3.649,3.582,3.591,3.638,-0.047,-1.2919,1554862.34,560786.022
csi300,2018-07-27,3.586,3.604,3.57,3.582,3.591,-0.009,-0.2506,876624.56,314271.002
csi300,2018-07-30,3.581,3.607,3.544,3.562,3.582,-0.02,-0.5583,1599820.13,571061.222
csi300,2018-07-31,3.557,3.594,3.553,3.575,3.562,0.013,0.365,1057737.14,377612.133
csi300,2018-08-01,3.595,3.609,3.494,3.495,3.575,-0.08,-2.2378,2696107.53,955861.968
csi300,2018-08-02,3.484,3.487,3.378,3.417,3.495,-0.078,-2.2318,2706062.39,928219.556
csi300,2018-08-03,3.416,3.43,3.368,3.369,3.417,-0.048,-1.4047,1675735.65,570042.885
csi300,2018-08-06,3.369,3.4,3.313,3.334,3.369,-0.035,-1.0389,2222049.99,745138.907
csi300,2018-08-07,3.34,3.429,3.323,3.427,3.334,0.093,2.7894,2250980.6,760035.075
csi300,2018-08-08,3.421,3.422,3.363,3.377,3.427,-0.05,-1.459,1975636.83,671015.987
csi300,2018-08-09,3.375,3.469,3.363,3.458,3.377,0.081,2.3986,2292219.96,786909.755
csi300,2018-08-10,3.453,3.482,3.436,3.464,3.458,0.006,0.1735,1376743.58,476328.436
csi300,2018-08-13,3.43,3.458,3.392,3.449,3.464,-0.015,-0.433,1707540.1,585048.476
csi300,2018-08-14,3.446,3.451,3.412,3.434,3.449,-0.015,-0.4349,971810.92,333235.953
csi300,2018-08-15,3.432,3.434,3.345,3.352,3.434,-0.082,-2.3879,1514897.0,511733.358
csi300,2018-08-16,3.33,3.377,3.292,3.338,3.352,-0.014,-0.4177,2077489.96,693606.301
csi300,2018-08-17,3.362,3.366,3.278,3.287,3.338,-0.051,-1.5279,1801104.13,599148.758
csi300,2018-08-20,3.295,3.325,3.27,3.322,3.287,0.035,1.0648,2046795.25,675291.675
csi300,2018-08-21,3.321,3.396,3.321,3.379,3.322,0.057,1.7158,2322492.06,782217.697
csi300,2018-08-22,3.385,3.385,3.356,3.373,3.379,-0.006,-0.1776,1165533.37,392672.642
csi300,2018-08-23,3.375,3.403,3.345,3.383,3.373,0.01,0.2965,2450655.34,828514.161
csi300,2018-08-24,3.377,3.416,3.349,3.388,3.383,0.005,0.1478,2031330.54,686112.193
csi300,2018-08-27,3.395,3.474,3.395,3.473,3.388,0.085,2.5089,2241291.05,771738.584
csi300,2018-08-28,3.474,3.484,3.453,3.463,3.473,-0.01,-0.2879,1432062.81,496834.087
csi300,2018-08-29,3.459,3.463,3.441,3.45,3.463,-0.013,-0.3754,1323573.16,456314.437
csi300,2018-08-30,3.45,3.468,3.41,3.416,3.45,-0.034,-0.9855,1629236.99,559016.733
csi300,2018-08-31,3.402,3.424,3.372,3.39,3.416,-0.026,-0.7611,1491240.71,506223.122
csi300,2018-09-03,3.386,3.395,3.351,3.383,3.39,-0.007,-0.2065,1405627.75,474050.719
csi300,2018-09-04,3.382,3.438,3.37,3.423,3.383,0.04,1.1824,1749978.37,596721.022
csi300,2018-09-05,3.41,3.416,3.352,3.353,3.423,-0.07,-2.045,1952639.63,661947.227
csi300,2018-09-06,3.351,3.378,3.314,3.324,3.353,-0.029,-0.8649,2133340.39,713999.17
csi300,2018-09-07,3.334,3.384,3.313,3.346,3.324,0.022,0.6619,1850577.98,620163.732
csi300,2018-09-10,3.333,3.343,3.294,3.298,3.346,-0.048,-1.4345,1603305.84,530067.963
csi300,2018-09-11,3.299,3.314,3.274,3.286,3.298,-0.012,-0.3639,2253782.1,741946.471
csi300,2018-09-12,3.285,3.291,3.259,3.263,3.286,-0.023,-0.6999,2061822.0,675164.145
csi300,2018-09-13,3.296,3.315,3.257,3.298,3.263,0.035,1.0726,2597714.23,853411.395
csi300,2018-09-14,3.302,3.315,3.288,3.303,3.298,0.005,0.1516,1756240.21,579892.804
csi300,2018-09-17,3.285,3.291,3.264,3.272,3.303,-0.031,-0.9385,1156508.2,378852.956
csi300,2018-09-18,3.261,3.339,3.26,3.335,3.272,0.063,1.9254,2367468.41,781592.572
csi300,2018-09-19,3.33,3.407,3.323,3.38,3.335,0.045,1.3493,4463292.46,1506129.693
csi300,2018-09-20,3.38,3.413,3.371,3.378,3.38,-0.002,-0.0592,2440904.49,825539.581
csi300,2018-09-21,3.388,3.486,3.377,3.484,3.378,0.106,3.138,4773660.17,1638859.067
csi300,2018-09-25,3.447,3.458,3.43,3.449,3.484,-0.035,-1.0046,2089806.17,720037.973
csi300,2018-09-26,3.45,3.516,3.448,3.487,3.449,0.038,1.1018,3015784.28,1051659.669
csi300,2018-09-27,3.475,3.487,3.46,3.472,3.487,-0.015,-0.4302,2312028.83,802583.651
csi300,2018-09-28,3.477,3.512,3.473,3.508,3.472,0.036,1.0369,3022668.15,1056783.601
csi300,2018-10-08,3.431,3.434,3.34,3.341,3.508,-0.167,-4.7605,4299047.46,1455777.086
csi300,2018-10-09,3.348,3.371,3.336,3.348,3.341,0.007,0.2095,1965700.44,659150.601
csi300,2018-10-10,3.351,3.378,3.314,3.346,3.348,-0.002,-0.0597,2636640.79,882335.127
csi300,2018-10-11,3.25,3.272,3.15,3.174,3.346,-0.172,-5.1405,6675568.37,2150656.828
csi300,2018-10-12,3.178,3.249,3.161,3.233,3.174,0.059,1.8589,5007325.47,1602829.892
csi300,2018-10-15,3.239,3.242,3.183,3.186,3.233,-0.047,-1.4538,2926292.44,939523.911
csi300,2018-10-16,3.19,3.228,3.153,3.165,3.186,-0.021,-0.6591,4938840.19,1573220.157
csi300,2018-10-17,3.205,3.215,3.125,3.176,3.165,0.011,0.3476,6437365.26,2044127.833
csi300,2018-10-18,3.155,3.165,3.105,3.106,3.176,-0.07,-2.204,5932914.4,1856470.334
csi300,2018-10-19,3.09,3.2,3.073,3.185,3.106,0.079,2.5435,6731053.15,2107742.152
csi300,2018-10-22,3.25,3.37,3.2,3.353,3.185,0.168,5.2747,9341863.88,3089534.7
csi300,2018-10-23,3.35,3.352,3.222,3.24,3.353,-0.113,-3.3701,8599759.98,2826511.885
csi300,2018-10-24,3.236,3.309,3.229,3.245,3.24,0.005,0.1543,5306689.97,1729656.791
csi300,2018-10-25,3.17,3.266,3.161,3.261,3.245,0.016,0.4931,5283845.52,1694329.466
csi300,2018-10-26,3.268,3.285,3.203,3.228,3.261,-0.033,-1.012,4499657.91,1458792.282
csi300,2018-10-29,3.219,3.226,3.11,3.131,3.228,-0.097,-3.005,4083248.67,1289984.523
csi300,2018-10-30,3.121,3.202,3.108,3.168,3.131,0.037,1.1817,5465880.34,1725356.929
csi300,2018-10-31,3.175,3.233,3.164,3.205,3.168,0.037,1.1679,3798124.49,1215577.185
csi300,2018-11-01,3.241,3.28,3.222,3.228,3.205,0.023,0.7176,5178410.18,1684628.651
csi300,2018-11-02,3.35,3.378,3.283,3.363,3.228,0.135,4.1822,8571833.05,2850227.373
csi300,2018-11-05,3.34,3.344,3.286,3.32,3.363,-0.043,-1.2786,4511809.0,1498256.838
csi300,2018-11-06,3.308,3.315,3.267,3.299,3.32,-0.021,-0.6325,3370718.14,1109603.464
csi300,2018-11-07,3.302,3.336,3.269,3.272,3.299,-0.027,-0.8184,3920487.42,1293442.439
csi300,2018-11-08,3.304,3.312,3.265,3.269,3.272,-0.003,-0.0917,3121866.07,1026631.712
csi300,2018-11-09,3.251,3.253,3.226,3.228,3.269,-0.041,-1.2542,3006413.09,974269.058
csi300,2018-11-12,3.22,3.269,3.215,3.264,3.228,0.036,1.1152,3474718.91,1126558.732
csi300,2018-11-13,3.228,3.317,3.223,3.298,3.264,0.034,1.0417,4499381.6,1469919.911
csi300,2018-11-14,3.288,3.297,3.25,3.258,3.298,-0.04,-1.2129,3412692.17,1117143.888
csi300,2018-11-15,3.258,3.302,3.255,3.301,3.258,0.043,1.3198,3344245.52,1098160.73
csi300,2018-11-16,3.306,3.344,3.278,3.311,3.301,0.01,0.3029,4153067.33,1376601.906
csi300,2018-11-19,3.31,3.349,3.303,3.348,3.311,0.037,1.1175,3650422.87,1215420.373
csi300,2018-11-20,3.326,3.334,3.264,3.275,3.348,-0.073,-2.1804,3825191.18,1261365.697
csi300,2018-11-21,3.245,3.286,3.243,3.278,3.275,0.003,0.0916,2891170.4,945423.662
csi300,2018-11-22,3.285,3.287,3.246,3.269,3.278,-0.009,-0.2746,3222327.16,1052449.859
csi300,2018-11-23,3.263,3.266,3.18,3.184,3.269,-0.085,-2.6002,3672487.38,1182063.37
csi300,2018-11-26,3.193,3.22,3.174,3.189,3.184,0.005,0.157,4260560.68,1361422.638
csi300,2018-11-27,3.201,3.213,3.176,3.186,3.189,-0.003,-0.0941,2798289.03,894557.364
csi300,2018-11-28,3.187,3.238,3.18,3.234,3.186,0.048,1.5066,2517277.44,809476.316
csi300,2018-11-29,3.251,3.26,3.2,3.202,3.234,-0.032,-0.9895,2037879.98,659013.72
csi300,2018-11-30,3.2,3.236,3.191,3.235,3.202,0.033,1.0306,2691270.77,865231.833
csi300,2018-12-03,3.327,3.339,3.292,3.319,3.235,0.084,2.5966,5925490.35,1967884.137
csi300,2018-12-04,3.314,3.329,3.302,3.324,3.319,0.005,0.1506,2204018.03,730675.74
csi300,2018-12-05,3.288,3.328,3.284,3.309,3.324,-0.015,-0.4513,2694282.73,890764.781
csi300,2018-12-06,3.281,3.281,3.237,3.242,3.309,-0.067,-2.0248,4354709.72,1417004.889
csi300,2018-12-07,3.244,3.251,3.234,3.235,3.242,-0.007,-0.2159,1924266.45,624489.237
csi300,2018-12-10,3.213,3.23,3.192,3.205,3.235,-0.03,-0.9274,2601286.23,835086.526
csi300,2018-12-11,3.213,3.221,3.2,3.218,3.205,0.013,0.4056,1518318.88,487594.88
csi300,2018-12-12,3.235,3.246,3.217,3.229,3.218,0.011,0.3418,2090476.39,675103.349
csi300,2018-12-13,3.235,3.299,3.23,3.284,3.229,0.055,1.7033,4177232.3,1369000.784
csi300,2018-12-14,3.273,3.274,3.224,3.227,3.284,-0.057,-1.7357,3001484.18,974869.577
csi300,2018-12-17,3.221,3.233,3.197,3.223,3.227,-0.004,-0.124,3507314.6,1128489.162
csi300,2018-12-18,3.207,3.23,3.17,3.183,3.223,-0.04,-1.2411,3278632.54,1047493.725
csi300,2018-12-19,3.186,3.193,3.143,3.15,3.183,-0.033,-1.0368,2910277.68,922374.195
csi300,2018-12-20,3.143,3.156,3.103,3.127,3.15,-0.023,-0.7302,3465180.81,1083554.506
csi300,2018-12-21,3.119,3.121,3.068,3.088,3.127,-0.039,-1.2472,3864981.26,1192539.194
csi300,2018-12-24,3.077,3.098,3.066,3.095,3.088,0.007,0.2267,2414407.1,745420.761
csi300,2018-12-25,3.067,3.09,3.026,3.076,3.095,-0.019,-0.6139,4031315.69,1230561.366
csi300,2018-12-26,3.067,3.085,3.051,3.059,3.076,-0.017,-0.5527,2164598.17,663819.224
csi300,2018-12-27,3.097,3.102,3.046,3.052,3.059,-0.007,-0.2288,2353475.82,724428.293
csi300,2018-12-28,3.058,3.087,3.046,3.059,3.052,0.007,0.2294,3892666.56,1192574.438
csi300,2019-01-02,3.07,3.07,3.009,3.017,3.059,-0.042,-1.373,3509348.63,1062967.158
csi300,2019-01-03,3.016,3.061,3.01,3.017,3.017,0.0,0.0,2681762.41,811656.819
csi300,2019-01-04,3.001,3.096,2.997,3.094,3.017,0.077,2.5522,4798477.43,1465170.852
csi300,2019-01-07,3.109,3.118,3.091,3.107,3.094,0.013,0.4202,4168316.08,1293817.436
csi300,2019-01-08,3.107,3.11,3.094,3.107,3.107,0.0,0.0,1970848.42,611718.745
csi300,2019-01-09,3.119,3.179,3.118,3.13,3.107,0.023,0.7403,4396881.93,1385615.363
csi300,2019-01-10,3.129,3.154,3.114,3.133,3.13,0.003,0.0958,2476923.17,776376.036
csi300,2019-01-11,3.131,3.165,3.129,3.156,3.133,0.023,0.7341,2513682.41,791053.147
csi300,2019-01-14,3.155,3.155,3.122,3.129,3.156,-0.027,-0.8555,2039120.53,638696.708
csi300,2019-01-15,3.133,3.19,3.126,3.188,3.129,0.059,1.8856,3518301.19,1112566.271
csi300,2019-01-16,3.131,3.132,3.114,3.129,3.129,0.0,0.0,1877281.0,586525.234
csi300,2019-01-17,3.129,3.145,3.11,3.112,3.129,-0.017,-0.5433,2381766.91,744200.059
csi300,2019-01-18,3.121,3.175,3.121,3.166,3.112,0.054,1.7352,3889859.26,1226138.122
csi300,2019-01-21,3.166,3.2,3.163,3.183,3.166,0.017,0.537,2851848.99,908445.491
csi300,2019-01-22,3.177,3.177,3.135,3.143,3.183,-0.04,-1.2567,2543107.04,801998.52
csi300,2019-01-23,3.135,3.162,3.127,3.135,3.143,-0.008,-0.2545,2255126.23,708959.829
csi300,2019-01-24,3.139,3.167,3.118,3.159,3.135,0.024,0.7656,2543769.76,800011.755
csi300,2019-01-25,3.162,3.203,3.162,3.183,3.159,0.024,0.7597,2722859.16,867447.674
csi300,2019-01-28,3.197,3.229,3.171,3.179,3.183,-0.004,-0.1257,2966955.11,950568.916
csi300,2019-01-29,3.172,3.203,3.15,3.193,3.179,0.014,0.4404,3587900.06,1139850.227
csi300,2019-01-30,3.178,3.203,3.169,3.172,3.193,-0.021,-0.6577,2129268.33,677812.07
csi300,2019-01-31,3.184,3.216,3.178,3.202,3.172,0.03,0.9458,3342948.02,1068335.725
csi300,2019-02-01,3.219,3.257,3.202,3.255,3.202,0.053,1.6552,3512648.83,1134007.54
csi300,2019-02-11,3.245,3.305,3.232,3.3,3.255,0.045,1.3825,3872537.35,1267715.658
csi300,2019-02-12,3.299,3.331,3.294,3.324,3.3,0.024,0.7273,3728810.2,1235580.87
csi300,2019-02-13,3.329,3.41,3.323,3.393,3.324,0.069,2.0758,4278016.46,1439016.76
csi300,2019-02-14,3.389,3.414,3.38,3.397,3.393,0.004,0.1179,3797560.65,1288823.469
csi300,2019-02-15,3.381,3.395,3.336,3.341,3.397,-0.056,-1.6485,4479468.54,1507132.013
csi300,2019-02-18,3.363,3.44,3.363,3.438,3.341,0.097,2.9033,4711063.63,1605204.751
csi300,2019-02-19,3.445,3.471,3.411,3.429,3.438,-0.009,-0.2618,6782305.31,2336311.876
csi300,2019-02-20,3.437,3.453,3.415,3.438,3.429,0.009,0.2625,6116144.99,2102498.557
csi300,2019-02-21,3.439,3.488,3.418,3.434,3.438,-0.004,-0.1163,6352929.22,2191410.162
csi300,2019-02-22,3.429,3.528,3.41,3.526,3.434,0.092,2.6791,5921217.1,2046074.09
csi300,2019-02-25,3.58,3.78,3.56,3.775,3.526,0.249,7.0618,11513198.43,4191233.265
csi300,2019-02-26,3.744,3.758,3.673,3.69,3.775,-0.085,-2.2517,7820035.78,2911479.206
csi300,2019-02-27,3.689,3.723,3.63,3.67,3.69,-0.02,-0.542,5994358.62,2212624.245
csi300,2019-02-28,3.669,3.687,3.643,3.663,3.67,-0.007,-0.1907,4628979.08,1697133.454
csi300,2019-03-01,3.69,3.749,3.657,3.738,3.663,0.075,2.0475,6527375.27,2409031.109
csi300,2019-03-04,3.77,3.878,3.75,3.777,3.738,0.039,1.0433,6603305.4,2509089.921
csi300,2019-03-05,3.774,3.814,3.761,3.809,3.777,0.032,0.8472,4431034.96,1677260.193
csi300,2019-03-06,3.809,3.85,3.774,3.835,3.809,0.026,0.6826,5804959.17,2208529.318
csi300,2019-03-07,3.83,3.835,3.763,3.793,3.835,-0.042,-1.0952,6184209.99,2349302.237
csi300,2019-03-08,3.714,3.76,3.651,3.661,3.793,-0.132,-3.4801,5360776.31,1984438.722
csi300,2019-03-11,3.661,3.722,3.647,3.71,3.661,0.049,1.3384,4523059.71,1666485.417
csi300,2019-03-12,3.738,3.793,3.708,3.735,3.71,0.025,0.6739,5307450.16,1992691.91
csi300,2019-03-13,3.738,3.748,3.693,3.713,3.735,-0.022,-0.589,4832336.18,1796583.884
csi300,2019-03-14,3.705,3.731,3.668,3.686,3.713,-0.027,-0.7272,3621079.24,1340665.788
csi300,2019-03-15,3.696,3.779,3.696,3.735,3.686,0.049,1.3294,3870055.65,1445462.172
csi300,2019-03-18,3.736,3.852,3.725,3.85,3.735,0.115,3.079,5714156.55,2172220.321
csi300,2019-03-19,3.852,3.862,3.805,3.822,3.85,-0.028,-0.7273,3970864.76,1523709.159
csi300,2019-03-20,3.818,3.846,3.78,3.822,3.822,0.0,0.0,3278933.21,1250007.722
csi300,2019-03-21,3.826,3.854,3.81,3.824,3.822,0.002,0.0523,3800127.07,1456872.033
csi300,2019-03-22,3.823,3.837,3.772,3.829,3.824,0.005,0.1308,3023844.37,1152049.537
csi300,2019-03-25,3.768,3.796,3.727,3.734,3.829,-0.095,-2.4811,4359508.96,1639701.92
csi300,2019-03-26,3.748,3.758,3.678,3.695,3.734,-0.039,-1.0445,3201400.31,1190190.24
csi300,2019-03-27,3.709,3.738,3.701,3.727,3.695,0.032,0.866,3507393.41,1304048.305
csi300,2019-03-28,3.714,3.744,3.698,3.717,3.727,-0.01,-0.2683,2568844.36,955866.28
csi300,2019-03-29,3.725,3.878,3.725,3.869,3.717,0.152,4.0893,6344016.38,2426004.332
csi300,2019-04-01,3.894,3.973,3.894,3.969,3.869,0.1,2.5846,6910356.84,2731589.887
csi300,2019-04-02,3.971,3.988,3.946,3.962,3.969,-0.007,-0.1764,3839400.43,1522890.283
csi300,2019-04-03,3.94,4.029,3.935,4.015,3.962,0.053,1.3377,5420179.44,2161151.18
csi300,2019-04-04,4.027,4.072,4.007,4.062,4.015,0.047,1.1706,5213701.08,2110326.811
csi300,2019-04-08,4.098,4.128,4.001,4.036,4.062,-0.026,-0.6401,7639483.28,3102817.036
csi300,2019-04-09,4.042,4.076,4.021,4.06,4.036,0.024,0.5946,3712237.65,1502839.356
csi300,2019-04-10,4.042,4.106,4.016,4.066,4.06,0.006,0.1478,3859946.27,1562381.805
csi300,2019-04-11,4.066,4.084,3.973,3.996,4.066,-0.07,-1.7216,5021041.28,2018585.322
csi300,2019-04-12,3.983,3.998,3.953,3.982,3.996,-0.014,-0.3504,2823988.82,1122866.512
csi300,2019-04-15,4.044,4.074,3.956,3.957,3.982,-0.025,-0.6278,7225803.18,2903101.545
csi300,2019-04-16,3.938,4.079,3.934,4.077,3.957,0.12,3.0326,6690852.02,2686061.416
csi300,2019-04-17,4.076,4.097,4.042,4.067,4.077,-0.01,-0.2453,4181515.17,1701577.295
csi300,2019-04-18,4.067,4.081,4.046,4.06,4.067,-0.007,-0.1721,3569518.47,1451119.731
csi300,2019-04-19,4.063,4.12,4.029,4.12,4.06,0.06,1.4778,4578385.76,1866441.12
csi300,2019-04-22,4.12,4.12,4.0,4.017,4.12,-0.103,-2.5,5775086.53,2339510.346
csi300,2019-04-23,4.005,4.051,3.994,4.01,4.017,-0.007,-0.1743,3532000.67,1418835.091
csi300,2019-04-24,4.019,4.032,3.953,4.016,4.01,0.006,0.1496,4631226.49,1854784.689
csi300,2019-04-25,4.0,4.01,3.931,3.933,4.016,-0.083,-2.0667,3785555.56,1504043.079
csi300,2019-04-26,3.919,3.938,3.871,3.879,3.933,-0.054,-1.373,6288098.44,2457759.245
csi300,2019-04-29,3.888,3.945,3.871,3.894,3.879,0.015,0.3867,5593755.77,2184244.009
csi300,2019-04-30,3.888,3.911,3.878,3.896,3.894,0.002,0.0514,3992608.16,1554463.815
csi300,2019-05-06,3.778,3.79,3.64,3.673,3.896,-0.223,-5.7238,12145227.45,4499823.765
csi300,2019-05-07,3.688,3.731,3.667,3.707,3.673,0.034,0.9257,4835996.88,1790820.38
csi300,2019-05-08,3.657,3.717,3.643,3.659,3.707,-0.048,-1.2948,4753727.8,1745381.56
csi300,2019-05-09,3.635,3.652,3.569,3.607,3.659,-0.052,-1.4212,5540530.21,2001315.076
csi300,2019-05-10,3.635,3.728,3.573,3.72,3.607,0.113,3.1328,6719964.8,2468212.416
csi300,2019-05-13,3.685,3.688,3.642,3.652,3.72,-0.068,-1.828,4257770.21,1560795.956
csi300,2019-05-14,3.63,3.677,3.623,3.634,3.652,-0.018,-0.4929,2900685.55,1060006.491
csi300,2019-05-15,3.662,3.74,3.662,3.712,3.634,0.078,2.1464,3575137.59,1320562.727
csi300,2019-05-16,3.707,3.735,3.691,3.73,3.712,0.018,0.4849,2474374.08,919412.28
csi300,2019-05-17,3.73,3.734,3.63,3.646,3.73,-0.084,-2.252,3153907.66,1158993.573
csi300,2019-05-20,3.634,3.644,3.576,3.606,3.646,-0.04,-1.0971,3882247.53,1400009.998
csi300,2019-05-21,3.605,3.685,3.604,3.651,3.606,0.045,1.2479,3503829.27,1278867.495
csi300,2019-05-22,3.654,3.663,3.62,3.642,3.651,-0.009,-0.2465,2835080.32,1032358.159
csi300,2019-05-23,3.625,3.632,3.578,3.584,3.642,-0.058,-1.5925,3106083.03,1116377.298
csi300,2019-05-24,3.586,3.623,3.573,3.59,3.584,0.006,0.1674,2994092.08,1076879.362
csi300,2019-05-27,3.591,3.649,3.554,3.633,3.59,0.043,1.1978,4351010.77,1566298.427
csi300,2019-05-28,3.628,3.678,3.625,3.65,3.633,0.017,0.4679,3850672.56,1405784.02
csi300,2019-05-29,3.64,3.69,3.632,3.652,3.65,0.002,0.0548,2928526.24,1070983.408
csi300,2019-05-30,3.646,3.654,3.607,3.65,3.652,-0.002,-0.0548,3054263.73,1107801.233
csi300,2019-05-31,3.642,3.675,3.629,3.632,3.65,-0.018,-0.4932,2760300.98,1007992.259
csi300,2019-06-03,3.645,3.682,3.613,3.64,3.632,0.008,0.2203,3308130.6,1205594.361
csi300,2019-06-04,3.637,3.645,3.592,3.607,3.64,-0.033,-0.9066,3263229.03,1177428.523
csi300,2019-06-05,3.632,3.64,3.596,3.599,3.607,-0.008,-0.2218,3285644.51,1189233.603
csi300,2019-06-06,3.599,3.608,3.567,3.568,3.599,-0.031,-0.8614,3660674.03,1312429.002
csi300,2019-06-10,3.58,3.635,3.577,3.614,3.568,0.046,1.2892,3354975.45,1210624.406
csi300,2019-06-11,3.62,3.736,3.62,3.727,3.614,0.113,3.1267,4667963.39,1721944.27
csi300,2019-06-12,3.722,3.722,3.691,3.699,3.727,-0.028,-0.7513,2597249.0,961944.225
csi300,2019-06-13,3.695,3.711,3.66,3.692,3.699,-0.007,-0.1892,3012291.73,1109255.185
csi300,2019-06-14,3.694,3.717,3.658,3.67,3.692,-0.022,-0.5959,3445139.47,1270771.66
csi300,2019-06-17,3.664,3.699,3.66,3.673,3.67,0.003,0.0817,2352061.48,865085.583
csi300,2019-06-18,3.678,3.692,3.647,3.681,3.673,0.008,0.2178,2653705.85,975436.69
csi300,2019-06-19,3.772,3.807,3.732,3.735,3.681,0.054,1.467,6289014.79,2366152.485
csi300,2019-06-20,3.734,3.875,3.732,3.843,3.735,0.108,2.8916,6609284.46,2522649.388
csi300,2019-06-21,3.855,3.88,3.833,3.85,3.843,0.007,0.1821,4219551.72,1626602.097
csi300,2019-06-24,3.855,3.869,3.832,3.856,3.85,0.006,0.1558,3074540.39,1184601.126
csi300,2019-06-25,3.855,3.855,3.77,3.817,3.856,-0.039,-1.0114,5057034.29,1926078.217
csi300,2019-06-26,3.795,3.83,3.79,3.818,3.817,0.001,0.0262,2402084.06,915875.695
csi300,2019-06-27,3.82,3.88,3.82,3.86,3.818,0.042,1.1001,4730768.03,1825070.981
csi300,2019-06-28,3.86,3.86,3.829,3.859,3.86,-0.001,-0.0259,3862690.26,1485096.138
csi300,2019-07-01,3.922,3.965,3.91,3.954,3.859,0.095,2.4618,5102660.04,2012117.16
csi300,2019-07-02,3.954,3.966,3.937,3.96,3.954,0.006,0.1517,3338435.77,1319955.759
csi300,2019-07-03,3.951,3.951,3.912,3.927,3.96,-0.033,-0.8333,2518385.0,989488.521
csi300,2019-07-04,3.92,3.939,3.877,3.901,3.927,-0.026,-0.6621,3860217.27,1509568.953
csi300,2019-07-05,3.9,3.929,3.888,3.921,3.901,0.02,0.5127,2362039.23,924064.389
csi300,2019-07-08,3.903,3.903,3.8,3.831,3.921,-0.09,-2.2953,4225313.1,1625813.687
csi300,2019-07-09,3.836,3.844,3.806,3.822,3.831,-0.009,-0.2349,2183460.83,835183.233
csi300,2019-07-10,3.835,3.848,3.81,3.823,3.822,0.001,0.0262,1744793.15,667520.298
csi300,2019-07-11,3.838,3.872,3.81,3.824,3.823,0.001,0.0262,2345244.37,900919.956
csi300,2019-07-12,3.821,3.87,3.819,3.855,3.824,0.031,0.8107,2460107.7,947469.654
csi300,2019-07-15,3.841,3.901,3.79,3.869,3.855,0.014,0.3632,4484611.0,1725285.115
csi300,2019-07-16,3.863,3.876,3.845,3.853,3.869,-0.016,-0.4135,1828874.0,705319.206
csi300,2019-07-17,3.842,3.866,3.828,3.847,3.853,-0.006,-0.1557,2199668.0,847318.549
csi300,2019-07-18,3.834,3.839,3.82,3.822,3.847,-0.025,-0.6499,2305494.11,882753.326
csi300,2019-07-19,3.832,3.883,3.832,3.862,3.822,0.04,1.0466,3199381.27,1235677.325
csi300,2019-07-22,3.862,3.872,3.81,3.832,3.862,-0.03,-0.7768,3088632.38,1186817.43
csi300,2019-07-23,3.836,3.845,3.822,3.841,3.832,0.009,0.2349,1670290.18,640637.075
csi300,2019-07-24,3.854,3.9,3.852,3.872,3.841,0.031,0.8071,2974453.89,1154191.782
csi300,2019-07-25,3.871,3.908,3.866,3.907,3.872,0.035,0.9039,2336295.86,908142.115
csi300,2019-07-26,3.89,3.921,3.887,3.912,3.907,0.005,0.128,2857908.92,1115742.69
csi300,2019-07-29,3.91,3.914,3.892,3.906,3.912,-0.006,-0.1534,2471021.62,964260.317
csi300,2019-07-30,3.91,3.949,3.909,3.924,3.906,0.018,0.4608,2396548.55,941746.113
csi300,2019-07-31,3.911,3.914,3.887,3.896,3.924,-0.028,-0.7136,2164228.52,843556.613
csi300,2019-08-01,3.879,3.888,3.845,3.86,3.896,-0.036,-0.924,3124656.62,1206953.804
csi300,2019-08-02,3.79,3.81,3.773,3.801,3.86,-0.059,-1.5285,4906139.29,1859709.599
csi300,2019-08-05,3.785,3.791,3.73,3.735,3.801,-0.066,-1.7364,3542146.62,1331928.152
csi300,2019-08-06,3.676,3.704,3.637,3.696,3.735,-0.039,-1.0442,5837026.95,2140168.125
csi300,2019-08-07,3.705,3.711,3.668,3.672,3.696,-0.024,-0.6494,2785811.69,1029304.079
csi300,2019-08-08,3.696,3.73,3.696,3.726,3.672,0.054,1.4706,2809849.5,1042883.478
csi300,2019-08-09,3.739,3.745,3.689,3.697,3.726,-0.029,-0.7783,2109639.17,783418.416
csi300,2019-08-12,3.708,3.758,3.701,3.756,3.697,0.059,1.5959,1801155.77,670864.658
csi300,2019-08-13,3.727,3.74,3.712,3.724,3.756,-0.032,-0.852,1553489.99,578461.083
csi300,2019-08-14,3.769,3.774,3.737,3.738,3.724,0.014,0.3759,1937005.5,727773.776
csi300,2019-08-15,3.68,3.759,3.676,3.753,3.738,0.015,0.4013,2443061.52,907979.338
csi300,2019-08-16,3.751,3.795,3.741,3.769,3.753,0.016,0.4263,2574125.33,971656.245
csi300,2019-08-19,3.798,3.86,3.78,3.859,3.769,0.09,2.3879,3279432.05,1254127.715
csi300,2019-08-20,3.851,3.865,3.841,3.843,3.859,-0.016,-0.4146,2069120.94,796970.858
csi300,2019-08-21,3.841,3.852,3.836,3.842,3.843,-0.001,-0.026,2422452.07,931096.029
csi300,2019-08-22,3.852,3.855,3.83,3.85,3.842,0.008,0.2082,2647785.0,1017422.996
csi300,2019-08-23,3.853,3.892,3.843,3.877,3.85,0.027,0.7013,2856820.76,1106705.439
csi300,2019-08-26,3.823,3.846,3.816,3.834,3.877,-0.043,-1.1091,2674902.25,1024561.34
csi300,2019-08-27,3.849,3.914,3.847,3.874,3.834,0.04,1.0433,3661760.08,1423007.683
csi300,2019-08-28,3.873,3.883,3.853,3.862,3.874,-0.012,-0.3098,1739579.85,672483.876
csi300,2019-08-29,3.867,3.869,3.828,3.851,3.862,-0.011,-0.2848,2339282.53,899467.51
csi300,2019-08-30,3.876,3.897,3.836,3.861,3.851,0.01,0.2597,2762817.65,1068497.906
csi300,2019-09-02,3.859,3.923,3.858,3.904,3.861,0.043,1.1137,3019441.94,1177245.792
csi300,2019-09-03,3.91,3.914,3.893,3.908,3.904,0.004,0.1025,2313452.88,903328.007
csi300,2019-09-04,3.909,3.959,3.908,3.957,3.908,0.049,1.2538,2937605.44,1154462.918
csi300,2019-09-05,3.971,4.048,3.971,3.994,3.957,0.037,0.9351,5274016.98,2116380.664
csi300,2019-09-06,4.007,4.023,3.992,4.021,3.994,0.027,0.676,2640293.81,1057696.4
csi300,2019-09-09,4.048,4.057,4.017,4.037,4.021,0.016,0.3979,2828454.01,1140490.057
csi300,2019-09-10,4.034,4.04,4.005,4.026,4.037,-0.011,-0.2725,1686928.5,678146.853
csi300,2019-09-11,4.038,4.04,3.994,3.997,4.026,-0.029,-0.7203,3041955.43,1218851.128
csi300,2019-09-12,4.01,4.048,4.004,4.038,3.997,0.041,1.0258,2172055.16,873683.978
csi300,2019-09-16,4.046,4.047,4.004,4.024,4.038,-0.014,-0.3467,1818498.01,731512.753
csi300,2019-09-17,4.018,4.019,3.939,3.951,4.024,-0.073,-1.8141,3810790.11,1515230.656
csi300,2019-09-18,3.966,3.985,3.959,3.968,3.951,0.017,0.4303,2010310.97,798496.633
csi300,2019-09-19,3.984,3.988,3.956,3.987,3.968,0.019,0.4788,2421778.03,962786.617
csi300,2019-09-20,3.994,4.004,3.985,3.993,3.987,0.006,0.1505,2325043.13,928123.393
csi300,2019-09-23,3.982,3.983,3.936,3.958,3.993,-0.035,-0.8765,2898921.28,1144938.516
csi300,2019-09-24,3.96,3.997,3.954,3.961,3.958,0.003,0.0758,2114820.34,840079.465
csi300,2019-09-25,3.954,3.958,3.932,3.934,3.961,-0.027,-0.6816,2349764.31,927174.175
csi300,2019-09-26,3.949,3.958,3.904,3.907,3.934,-0.027,-0.6863,3170949.17,1245839.973
csi300,2019-09-27,3.913,3.923,3.9,3.916,3.907,0.009,0.2304,2677340.88,1047443.01
csi300,2019-09-30,3.91,3.919,3.864,3.869,3.916,-0.047,-1.2002,2632883.81,1025545.904
csi300,2019-10-08,3.874,3.921,3.874,3.894,3.869,0.025,0.6462,3234238.73,1261877.855
csi300,2019-10-09,3.885,3.907,3.863,3.905,3.894,0.011,0.2825,2507896.59,975532.606
csi300,2019-10-10,3.903,3.94,3.889,3.933,3.905,0.028,0.717,2363352.48,925785.531
csi300,2019-10-11,3.941,3.993,3.927,3.981,3.933,0.048,1.2204,3060200.73,1211436.364
csi300,2019-10-14,4.002,4.05,3.998,4.01,3.981,0.029,0.7285,3956546.17,1591550.456
csi300,2019-10-15,4.009,4.014,3.995,3.997,4.01,-0.013,-0.3242,2950005.13,1180542.819
csi300,2019-10-16,4.002,4.031,3.98,3.983,3.997,-0.014,-0.3503,3143663.43,1257411.22
csi300,2019-10-17,3.987,4.002,3.977,3.989,3.983,0.006,0.1506,1936427.84,772383.216
csi300,2019-10-18,3.991,4.006,3.921,3.931,3.989,-0.058,-1.454,3081430.71,1219432.835
csi300,2019-10-21,3.922,3.943,3.917,3.94,3.931,0.009,0.2289,1849392.66,727143.485
csi300,2019-10-22,3.948,3.964,3.93,3.955,3.94,0.015,0.3807,1641342.29,647323.688
csi300,2019-10-23,3.956,3.961,3.922,3.934,3.955,-0.021,-0.531,1478262.0,582892.945
csi300,2019-10-24,3.935,3.954,3.913,3.939,3.934,0.005,0.1271,2021671.06,795479.683
csi300,2019-10-25,3.933,3.968,3.909,3.963,3.939,0.024,0.6093,2502907.67,985865.186
csi300,2019-10-28,3.97,3.992,3.962,3.986,3.963,0.023,0.5804,2674342.87,1063994.683
csi300,2019-10-29,3.989,3.989,3.969,3.973,3.986,-0.013,-0.3261,2095535.85,833722.137
csi300,2019-10-30,3.966,3.97,3.939,3.947,3.973,-0.026,-0.6544,2628461.0,1038323.004
csi300,2019-10-31,3.956,3.965,3.936,3.945,3.947,-0.002,-0.0507,1927827.65,762011.573
csi300,2019-11-01,3.94,4.027,3.934,4.026,3.945,0.081,2.0532,3206513.63,1281238.312
csi300,2019-11-04,4.025,4.047,4.023,4.039,4.026,0.013,0.3229,2359682.62,952642.394
csi300,2019-11-05,4.039,4.101,4.032,4.062,4.039,0.023,0.5694,3529356.88,1435062.389
csi300,2019-11-06,4.06,4.066,4.033,4.045,4.062,-0.017,-0.4185,2059389.45,835011.38
csi300,2019-11-07,4.045,4.074,4.033,4.05,4.045,0.005,0.1236,2377225.0,963751.239
csi300,2019-11-08,4.08,4.084,4.03,4.034,4.05,-0.016,-0.3951,2972162.99,1205845.626
csi300,2019-11-11,4.013,4.013,3.96,3.967,4.034,-0.067,-1.6609,3470689.34,1383687.075
csi300,2019-11-12,3.962,3.979,3.938,3.962,3.967,-0.005,-0.126,3300546.6,1306746.07
csi300,2019-11-13,3.957,3.965,3.942,3.959,3.962,-0.003,-0.0757,2020165.01,798607.025
csi300,2019-11-14,3.959,3.976,3.952,3.962,3.959,0.003,0.0758,2385877.13,945812.675
csi300,2019-11-15,3.963,3.979,3.94,3.943,3.962,-0.019,-0.4796,1877914.94,742722.417
csi300,2019-11-18,3.941,3.978,3.932,3.971,3.943,0.028,0.7101,2408752.74,953614.222
csi300,2019-11-19,3.969,4.013,3.963,4.011,3.971,0.04,1.0073,2378889.88,950390.311
csi300,2019-11-20,4.01,4.01,3.959,3.97,4.011,-0.041,-1.0222,2166102.92,863321.146
csi300,2019-11-21,3.96,3.967,3.937,3.95,3.97,-0.02,-0.5038,2448406.85,967498.735
csi300,2019-11-22,3.959,3.986,3.894,3.908,3.95,-0.042,-1.0633,3547071.68,1395855.015
csi300,2019-11-25,3.915,3.937,3.903,3.936,3.908,0.028,0.7165,2524576.34,990424.084
csi300,2019-11-26,3.947,3.956,3.924,3.942,3.936,0.006,0.1524,2858215.18,1126251.532
csi300,2019-11-27,3.94,3.954,3.921,3.936,3.942,-0.006,-0.1522,2112391.68,831877.049
csi300,2019-11-28,3.936,3.952,3.917,3.93,3.936,-0.006,-0.1524,1694809.5,666322.581
csi300,2019-11-29,3.922,3.928,3.868,3.887,3.93,-0.043,-1.0941,3029171.0,1180162.224
csi300,2019-12-02,3.891,3.911,3.887,3.895,3.887,0.008,0.2058,1743557.01,680076.866
csi300,2019-12-03,3.886,3.913,3.87,3.911,3.895,0.016,0.4108,1985519.0,772475.07
csi300,2019-12-04,3.9,3.914,3.888,3.913,3.911,0.002,0.0511,1589396.1,620313.854
csi300,2019-12-05,3.921,3.949,3.92,3.942,3.913,0.029,0.7411,2192064.01,862802.159
csi300,2019-12-06,3.944,3.967,3.939,3.966,3.942,0.024,0.6088,2130769.53,841690.001
csi300,2019-12-09,3.966,3.975,3.942,3.953,3.966,-0.013,-0.3278,2322208.16,918540.389
csi300,2019-12-10,3.946,3.961,3.941,3.956,3.953,0.003,0.0759,1869954.51,738991.639
csi300,2019-12-11,3.902,3.904,3.883,3.9,3.894,0.006,0.1541,1704989.12,663923.736
csi300,2019-12-12,3.901,3.904,3.885,3.889,3.9,-0.011,-0.2821,1371519.0,533964.092
csi300,2019-12-13,3.924,3.975,3.923,3.968,3.889,0.079,2.0314,4360829.3,1721558.479
csi300,2019-12-16,3.967,3.988,3.951,3.98,3.968,0.012,0.3024,3028483.03,1201480.497
csi300,2019-12-17,3.978,4.068,3.974,4.042,3.98,0.062,1.5578,5256304.59,2117785.566
csi300,2019-12-18,4.043,4.057,4.022,4.027,4.042,-0.015,-0.3711,3631176.84,1467298.741
csi300,2019-12-19,4.03,4.033,4.012,4.02,4.027,-0.007,-0.1738,2641920.0,1062562.557
csi300,2019-12-20,4.019,4.046,4.014,4.016,4.02,-0.004,-0.0995,3287798.36,1323871.265
csi300,2019-12-23,4.015,4.032,3.962,3.964,4.016,-0.052,-1.2948,4471447.6,1788105.548
csi300,2019-12-24,3.965,3.993,3.964,3.985,3.964,0.021,0.5298,3127921.0,1244533.039
csi300,2019-12-25,3.985,3.997,3.973,3.992,3.985,0.007,0.1757,3105784.26,1237399.739
csi300,2019-12-26,3.989,4.026,3.987,4.021,3.992,0.029,0.7265,3322559.4,1331523.237
csi300,2019-12-27,4.025,4.068,4.016,4.017,4.021,-0.004,-0.0995,4368130.14,1766178.612
csi300,2019-12-30,4.006,4.088,4.0,4.075,4.017,0.058,1.4439,5423814.49,2198624.414
csi300,2019-12-31,4.069,4.099,4.062,4.096,4.075,0.021,0.5153,3521859.05,1437559.663
csi300,2020-01-02,4.12,4.174,4.118,4.149,4.096,0.053,1.2939,6276236.14,2603983.236
csi300,2020-01-03,4.156,4.162,4.133,4.139,4.149,-0.01,-0.241,4696737.76,1948030.083
csi300,2020-01-06,4.126,4.171,4.094,4.123,4.139,-0.016,-0.3866,6665047.83,2760524.448
csi300,2020-01-07,4.134,4.16,4.128,4.155,4.123,0.032,0.7761,4649595.14,1927362.283
csi300,2020-01-08,4.135,4.149,4.097,4.114,4.155,-0.041,-0.9868,5628520.67,2321782.204
csi300,2020-01-09,4.138,4.165,4.134,4.158,4.114,0.044,1.0695,3944317.22,1636905.845
csi300,2020-01-10,4.165,4.176,4.144,4.157,4.158,-0.001,-0.0241,3795550.0,1576677.929
csi300,2020-01-13,4.156,4.205,4.141,4.202,4.157,0.045,1.0825,3736391.85,1558366.39
csi300,2020-01-14,4.202,4.222,4.18,4.184,4.202,-0.018,-0.4284,4099628.42,1723090.045
csi300,2020-01-15,4.184,4.19,4.145,4.152,4.184,-0.032,-0.7648,3196074.09,1330016.015
csi300,2020-01-16,4.159,4.163,4.135,4.146,4.152,-0.006,-0.1445,4162978.01,1726422.321
csi300,2020-01-17,4.152,4.175,4.137,4.151,4.146,0.005,0.1206,3216273.84,1335598.763
csi300,2020-01-20,4.156,4.183,4.142,4.181,4.151,0.03,0.7227,3534882.49,1472153.087
csi300,2020-01-21,4.163,4.163,4.1,4.105,4.181,-0.076,-1.8177,6182946.0,2548564.521
csi300,2020-01-22,4.089,4.133,4.034,4.119,4.105,0.014,0.341,9073932.61,3709564.742
csi300,2020-01-23,4.081,4.09,3.956,3.996,4.119,-0.123,-2.9862,7535834.0,3042046.038
csi300,2020-02-03,3.73,3.736,3.636,3.659,3.996,-0.337,-8.4334,14710757.72,5431562.76
csi300,2020-02-04,3.65,3.776,3.649,3.77,3.659,0.111,3.0336,7358437.05,2749866.008
csi300,2020-02-05,3.784,3.855,3.768,3.807,3.77,0.037,0.9814,5532874.88,2109910.834
csi300,2020-02-06,3.823,3.913,3.797,3.897,3.807,0.09,2.3641,5279652.12,2038967.051
csi300,2020-02-07,3.87,3.892,3.844,3.888,3.897,-0.009,-0.2309,3469890.51,1340754.089
csi300,2020-02-10,3.868,3.91,3.851,3.901,3.888,0.013,0.3344,3985191.47,1549146.625
csi300,2020-02-11,3.909,3.96,3.907,3.943,3.901,0.042,1.0766,4222588.01,1663318.182
csi300,2020-02-12,3.939,3.977,3.93,3.971,3.943,0.028,0.7101,2907834.51,1150842.638
csi300,2020-02-13,3.97,3.985,3.938,3.95,3.971,-0.021,-0.5288,3259610.46,1290560.943
csi300,2020-02-14,3.945,3.995,3.943,3.977,3.95,0.027,0.6835,3139793.47,1247221.633
csi300,2020-02-17,3.986,4.07,3.986,4.064,3.977,0.087,2.1876,5811400.84,2345003.457
csi300,2020-02-18,4.057,4.062,4.012,4.039,4.064,-0.025,-0.6152,7099509.82,2867046.795
csi300,2020-02-19,4.036,4.069,4.029,4.04,4.039,0.001,0.0248,4403772.38,1783390.983
csi300,2020-02-20,4.055,4.144,4.039,4.131,4.04,0.091,2.2525,6052410.99,2472181.763
csi300,2020-02-21,4.123,4.178,4.117,4.145,4.131,0.014,0.3389,4444701.53,1839049.777
csi300,2020-02-24,4.123,4.136,4.082,4.112,4.145,-0.033,-0.7961,3727272.89,1532512.765
csi300,2020-02-25,4.051,4.116,4.012,4.104,4.112,-0.008,-0.1946,6038307.62,2459159.333
csi300,2020-02-26,4.064,4.118,4.048,4.07,4.104,-0.034,-0.8285,6417933.91,2617010.934
csi300,2020-02-27,4.083,4.097,4.061,4.071,4.07,0.001,0.0246,4753305.32,1938047.426
csi300,2020-02-28,4.01,4.019,3.924,3.933,4.071,-0.138,-3.3898,5600710.42,2224760.713
csi300,2020-03-02,3.948,4.09,3.948,4.076,3.933,0.143,3.6359,4266837.08,1721101.323
csi300,2020-03-03,4.117,4.139,4.055,4.073,4.076,-0.003,-0.0736,4087760.61,1677225.022
csi300,2020-03-04,4.065,4.104,4.048,4.102,4.073,0.029,0.712,2954532.97,1204615.735
csi300,2020-03-05,4.151,4.208,4.111,4.2,4.102,0.098,2.3891,5478312.92,2282136.998
csi300,2020-03-06,4.167,4.169,4.117,4.121,4.2,-0.079,-1.881,2499877.3,1035853.463
csi300,2020-03-09,4.068,4.068,3.981,3.99,4.121,-0.131,-3.1788,4236423.54,1701717.889
csi300,2020-03-10,3.992,4.088,3.943,4.078,3.99,0.088,2.2055,8596481.56,3457073.174
csi300,2020-03-11,4.078,4.078,4.009,4.011,4.078,-0.067,-1.643,7032693.81,2845979.722
csi300,2020-03-12,3.973,3.975,3.919,3.948,4.011,-0.063,-1.5707,3881192.18,1531041.364
csi300,2020-03-13,3.833,3.93,3.75,3.889,3.948,-0.059,-1.4944,7178928.99,2753021.876
csi300,2020-03-16,3.885,3.885,3.716,3.726,3.889,-0.163,-4.1913,5710800.84,2168080.979
csi300,2020-03-17,3.759,3.788,3.615,3.693,3.726,-0.033,-0.8857,9852558.49,3645999.364
csi300,2020-03-18,3.706,3.763,3.626,3.631,3.693,-0.062,-1.6789,7833047.67,2903199.19
csi300,2020-03-19,3.634,3.647,3.492,3.596,3.631,-0.035,-0.9639,12481638.33,4456146.356
csi300,2020-03-20,3.612,3.657,3.582,3.644,3.596,0.048,1.3348,6786895.18,2456318.768
csi300,2020-03-23,3.54,3.582,3.513,3.526,3.644,-0.118,-3.2382,8072780.71,2858519.649
csi300,2020-03-24,3.589,3.623,3.536,3.611,3.526,0.085,2.4107,8328985.39,2993488.749
csi300,2020-03-25,3.693,3.721,3.67,3.706,3.611,0.095,2.6309,10100836.0,3732548.148
csi300,2020-03-26,3.683,3.722,3.67,3.683,3.706,-0.023,-0.6206,3556541.8,1314493.551
csi300,2020-03-27,3.729,3.754,3.698,3.7,3.683,0.017,0.4616,4915442.93,1829774.379
csi300,2020-03-30,3.659,3.685,3.63,3.666,3.7,-0.034,-0.9189,4971344.29,1817215.4
csi300,2020-03-31,3.703,3.706,3.66,3.669,3.666,0.003,0.0818,3740030.32,1377646.905
csi300,2020-04-01,3.664,3.723,3.654,3.673,3.669,0.004,0.109,3554388.84,1309936.605
csi300,2020-04-02,3.658,3.728,3.641,3.723,3.673,0.05,1.3613,4630489.32,1702317.215
csi300,2020-04-03,3.71,3.724,3.683,3.697,3.723,-0.026,-0.6984,3247170.0,1202415.071
csi300,2020-04-07,3.76,3.793,3.758,3.78,3.697,0.083,2.2451,5467405.21,2064202.708
csi300,2020-04-08,3.766,3.779,3.752,3.765,3.78,-0.015,-0.3968,2219174.9,835369.077
csi300,2020-04-09,3.781,3.788,3.77,3.776,3.765,0.011,0.2922,3285436.24,1241868.021
csi300,2020-04-10,3.776,3.812,3.746,3.764,3.776,-0.012,-0.3178,4642471.86,1752635.038
csi300,2020-04-13,3.75,3.758,3.732,3.743,3.764,-0.021,-0.5579,2466969.32,923357.829
csi300,2020-04-14,3.76,3.808,3.755,3.805,3.743,0.062,1.6564,3761247.77,1423412.717
csi300,2020-04-15,3.805,3.814,3.781,3.783,3.805,-0.022,-0.5782,2392008.04,907994.642
csi300,2020-04-16,3.77,3.797,3.766,3.785,3.783,0.002,0.0529,2273172.49,859202.032
csi300,2020-04-17,3.814,3.845,3.81,3.819,3.785,0.034,0.8983,5704808.87,2183824.47
csi300,2020-04-20,3.826,3.836,3.813,3.835,3.819,0.016,0.419,3822960.46,1463235.135
csi300,2020-04-21,3.82,3.825,3.77,3.795,3.835,-0.04,-1.043,2927571.73,1110170.605
csi300,2020-04-22,3.779,3.83,3.772,3.829,3.795,0.034,0.8959,3456710.32,1313936.907
csi300,2020-04-23,3.832,3.842,3.812,3.822,3.829,-0.007,-0.1828,2015207.38,771450.45
csi300,2020-04-24,3.807,3.812,3.778,3.79,3.822,-0.032,-0.8373,3058294.99,1159836.79
csi300,2020-04-27,3.792,3.833,3.787,3.807,3.79,0.017,0.4485,3094609.42,1180911.446
csi300,2020-04-28,3.82,3.844,3.756,3.831,3.807,0.024,0.6304,4228655.48,1614577.806
csi300,2020-04-29,3.826,3.865,3.823,3.851,3.831,0.02,0.5221,2778349.08,1069637.523
csi300,2020-04-30,3.865,3.916,3.863,3.908,3.851,0.057,1.4801,5279980.51,2059990.937
csi300,2020-05-06,3.865,3.926,3.86,3.918,3.908,0.01,0.2559,3834534.63,1490004.472
csi300,2020-05-07,3.918,3.925,3.899,3.911,3.918,-0.007,-0.1787,2746388.33,1073971.198
csi300,2020-05-08,3.929,3.972,3.927,3.953,3.911,0.042,1.0739,3706742.88,1464209.061
csi300,2020-05-11,3.959,3.992,3.935,3.946,3.953,-0.007,-0.1771,4123096.47,1634097.108
csi300,2020-05-12,3.947,3.96,3.917,3.945,3.946,-0.001,-0.0253,5866051.93,2310845.675
csi300,2020-05-13,3.933,3.96,3.92,3.954,3.945,0.009,0.2281,2783969.42,1096626.96
csi300,2020-05-14,3.94,3.94,3.917,3.921,3.954,-0.033,-0.8346,3001796.39,1178568.299
csi300,2020-05-15,3.928,3.94,3.901,3.902,3.921,-0.019,-0.4846,5435703.46,2129155.229
csi300,2020-05-18,3.901,3.938,3.892,3.914,3.902,0.012,0.3075,3020529.54,1184460.537
csi300,2020-05-19,3.95,3.957,3.932,3.943,3.914,0.029,0.7409,2781211.0,1096942.157
csi300,2020-05-20,3.94,3.944,3.92,3.927,3.943,-0.016,-0.4058,1975618.43,777073.054
csi300,2020-05-21,3.933,3.94,3.899,3.901,3.927,-0.026,-0.6621,2365233.66,926829.389
csi300,2020-05-22,3.898,3.898,3.813,3.815,3.901,-0.086,-2.2046,5328616.29,2048425.731
csi300,2020-05-25,3.812,3.829,3.797,3.817,3.815,0.002,0.0524,2505596.75,955690.447
csi300,2020-05-26,3.834,3.866,3.834,3.863,3.817,0.046,1.2051,4751108.38,1829472.41
csi300,2020-05-27,3.863,3.864,3.833,3.845,3.863,-0.018,-0.466,2311996.08,889357.448
csi300,2020-05-28,3.847,3.884,3.815,3.85,3.845,0.005,0.13,2840731.16,1093611.518
csi300,2020-05-29,3.83,3.869,3.823,3.866,3.85,0.016,0.4156,2509198.2,966708.845
csi300,2020-06-01,3.898,3.976,3.895,3.968,3.866,0.102,2.6384,3509289.02,1385589.758
csi300,2020-06-02,3.968,3.989,3.96,3.979,3.968,0.011,0.2772,1628381.85,647069.165
csi300,2020-06-03,3.998,4.02,3.976,3.978,3.979,-0.001,-0.0251,3657524.69,1461404.414
csi300,2020-06-04,3.991,3.995,3.965,3.98,3.978,0.002,0.0503,2813844.24,1119665.735
csi300,2020-06-05,3.979,4.004,3.965,4.003,3.98,0.023,0.5779,2013596.32,801832.963
csi300,2020-06-08,4.02,4.047,4.012,4.022,4.003,0.019,0.4746,2856036.62,1149881.973
csi300,2020-06-09,4.024,4.05,4.013,4.049,4.022,0.027,0.6713,2944924.89,1189397.524
csi300,2020-06-10,4.045,4.046,4.027,4.04,4.049,-0.009,-0.2223,3183571.57,1285096.27
csi300,2020-06-11,4.033,4.05,3.984,4.003,4.04,-0.037,-0.9158,3051932.98,1226496.439
csi300,2020-06-12,3.962,4.023,3.942,4.013,4.003,0.01,0.2498,3090733.35,1230613.931
csi300,2020-06-15,3.982,4.009,3.955,3.956,4.013,-0.057,-1.4204,2805261.0,1117257.834
csi300,2020-06-16,3.995,4.019,3.991,4.018,3.956,0.062,1.5672,2476952.73,992947.047
csi300,2020-06-17,4.02,4.023,3.996,4.022,4.018,0.004,0.0996,2790255.95,1118948.762
csi300,2020-06-18,4.013,4.055,4.005,4.053,4.022,0.031,0.7708,3430027.05,1385004.401
csi300,2020-06-19,4.05,4.125,4.05,4.105,4.053,0.052,1.283,3695636.43,1514130.382
csi300,2020-06-22,4.105,4.14,4.097,4.109,4.105,0.004,0.0974,5212442.0,2146227.183
csi300,2020-06-23,4.1,4.133,4.086,4.128,4.109,0.019,0.4624,3981678.3,1638145.515
csi300,2020-06-24,4.138,4.167,4.136,4.164,4.128,0.036,0.8721,4579421.98,1899221.459
csi300,2020-06-29,4.15,4.16,4.106,4.128,4.164,-0.036,-0.8646,2126549.64,876863.744
csi300,2020-06-30,4.148,4.192,4.146,4.178,4.128,0.05,1.2112,5424684.94,2264019.132
csi300,2020-07-01,4.187,4.276,4.183,4.272,4.178,0.094,2.2499,5740641.13,2425293.927
csi300,2020-07-02,4.27,4.375,4.263,4.37,4.272,0.098,2.294,5504377.87,2380221.137
csi300,2020-07-03,4.386,4.464,4.369,4.457,4.37,0.087,1.9908,5867687.14,2583513.174
csi300,2020-07-06,4.527,4.799,4.508,4.784,4.457,0.327,7.3368,9293174.89,4319345.422
csi300,2020-07-07,4.821,4.85,4.724,4.736,4.784,-0.048,-1.0033,10745018.97,5140703.744
csi300,2020-07-08,4.734,4.838,4.708,4.798,4.736,0.062,1.3091,9034868.59,4300342.496
csi300,2020-07-09,4.796,4.884,4.76,4.872,4.798,0.074,1.5423,6424341.79,3104867.386
csi300,2020-07-10,4.838,4.857,4.763,4.785,4.872,-0.087,-1.7857,5644167.7,2719824.198
csi300,2020-07-13,4.782,4.927,4.777,4.885,4.785,0.1,2.0899,8243782.59,4008141.929
csi300,2020-07-14,4.877,4.899,4.765,4.842,4.885,-0.043,-0.8802,7376414.16,3569719.096
csi300,2020-07-15,4.86,4.895,4.765,4.784,4.842,-0.058,-1.1979,6624029.42,3200591.192
csi300,2020-07-16,4.79,4.828,4.55,4.556,4.784,-0.228,-4.7659,12899180.63,6024138.887
csi300,2020-07-17,4.57,4.654,4.541,4.605,4.556,0.049,1.0755,9042923.49,4154619.226
csi300,2020-07-20,4.647,4.74,4.585,4.727,4.605,0.122,2.6493,7249762.02,3384863.206
csi300,2020-07-21,4.749,4.764,4.711,4.739,4.727,0.012,0.2539,4653506.52,2204859.169
csi300,2020-07-22,4.732,4.856,4.728,4.792,4.739,0.053,1.1184,7054372.07,3385495.85
csi300,2020-07-23,4.742,4.789,4.662,4.766,4.792,-0.026,-0.5426,4305770.55,2037385.932
csi300,2020-07-24,4.726,4.742,4.527,4.554,4.766,-0.212,-4.4482,6482820.22,3002698.17
csi300,2020-07-27,4.583,4.616,4.537,4.582,4.554,0.028,0.6148,3111014.01,1424772.722
csi300,2020-07-28,4.615,4.641,4.587,4.617,4.582,0.035,0.7639,3742572.89,1726997.386
csi300,2020-07-29,4.605,4.753,4.599,4.749,4.617,0.132,2.859,4883854.16,2295204.61
csi300,2020-07-30,4.75,4.757,4.709,4.714,4.749,-0.035,-0.737,2974744.33,1407409.977
csi300,2020-07-31,4.71,4.809,4.672,4.75,4.714,0.036,0.7637,5185246.84,2461206.603
csi300,2020-08-03,4.79,4.829,4.772,4.825,4.75,0.075,1.5789,4343933.04,2085189.584
csi300,2020-08-04,4.849,4.863,4.804,4.829,4.825,0.004,0.0829,3114025.01,1504562.149
csi300,2020-08-05,4.822,4.845,4.761,4.831,4.829,0.002,0.0414,3006974.44,1444229.4
csi300,2020-08-06,4.831,4.852,4.747,4.813,4.831,-0.018,-0.3726,2246669.76,1078135.87
csi300,2020-08-07,4.803,4.805,4.7,4.765,4.813,-0.048,-0.9973,3430551.0,1633338.71
csi300,2020-08-10,4.733,4.818,4.695,4.781,4.765,0.016,0.3358,2404258.12,1145210.281
csi300,2020-08-11,4.785,4.851,4.726,4.734,4.781,-0.047,-0.9831,2480529.45,1192172.419
csi300,2020-08-12,4.725,4.74,4.622,4.702,4.734,-0.032,-0.676,4240605.38,1982239.077
csi300,2020-08-13,4.715,4.724,4.678,4.687,4.702,-0.015,-0.319,1978057.92,929510.04
csi300,2020-08-14,4.688,4.78,4.67,4.778,4.687,0.091,1.9415,4221856.08,2003224.522
csi300,2020-08-17,4.798,4.91,4.783,4.877,4.778,0.099,2.072,5634749.86,2736783.499
csi300,2020-08-18,4.882,4.892,4.844,4.87,4.877,-0.007,-0.1435,3493117.64,1701347.304
csi300,2020-08-19,4.867,4.871,4.791,4.794,4.87,-0.076,-1.5606,4058190.93,1960455.849
csi300,2020-08-20,4.77,4.781,4.723,4.743,4.794,-0.051,-1.0638,3442807.92,1635643.695
csi300,2020-08-21,4.767,4.807,4.744,4.783,4.743,0.04,0.8433,2893290.87,1383398.799
csi300,2020-08-24,4.805,4.831,4.778,4.813,4.783,0.03,0.6272,4159345.0,2001903.982
csi300,2020-08-25,4.826,4.87,4.803,4.822,4.813,0.009,0.187,2161332.55,1045169.798
csi300,2020-08-26,4.819,4.849,4.747,4.763,4.822,-0.059,-1.2236,3349817.0,1602850.783
csi300,2020-08-27,4.769,4.801,4.74,4.799,4.763,0.036,0.7558,2074314.86,990307.792
csi300,2020-08-28,4.793,4.925,4.778,4.917,4.799,0.118,2.4588,5549964.85,2700358.154
csi300,2020-08-31,4.945,4.968,4.87,4.874,4.917,-0.043,-0.8745,4886971.61,2411052.931
csi300,2020-09-01,4.866,4.91,4.86,4.908,4.874,0.034,0.6976,2405330.25,1174549.25
csi300,2020-09-02,4.919,4.925,4.854,4.904,4.908,-0.004,-0.0815,3859047.0,1888805.896
csi300,2020-09-03,4.898,4.94,4.861,4.884,4.904,-0.02,-0.4078,2298302.8,1126381.241
csi300,2020-09-04,4.81,4.847,4.791,4.829,4.884,-0.055,-1.1261,3751024.67,1805338.853
csi300,2020-09-07,4.82,4.855,4.71,4.732,4.829,-0.097,-2.0087,4457466.42,2132974.128
csi300,2020-09-08,4.74,4.77,4.704,4.756,4.732,0.024,0.5072,4858203.0,2301096.971
csi300,2020-09-09,4.7,4.71,4.615,4.645,4.756,-0.111,-2.3339,5154946.51,2407141.145
csi300,2020-09-10,4.684,4.706,4.634,4.649,4.645,0.004,0.0861,4235368.64,1982854.311
csi300,2020-09-11,4.63,4.693,4.627,4.685,4.649,0.036,0.7744,2799462.74,1305435.223
csi300,2020-09-14,4.707,4.724,4.685,4.712,4.685,0.027,0.5763,2635946.72,1240126.3
csi300,2020-09-15,4.705,4.755,4.694,4.747,4.712,0.035,0.7428,2928606.03,1384217.308
csi300,2020-09-16,4.745,4.749,4.702,4.719,4.747,-0.028,-0.5898,1889126.54,893325.908
csi300,2020-09-17,4.703,4.735,4.667,4.69,4.719,-0.029,-0.6145,4081453.61,1916736.898
csi300,2020-09-18,4.695,4.813,4.693,4.811,4.69,0.121,2.58,8735178.31,4159028.072
csi300,2020-09-21,4.815,4.85,4.75,4.756,4.811,-0.055,-1.1432,3816204.13,1825584.796
csi300,2020-09-22,4.725,4.776,4.679,4.699,4.756,-0.057,-1.1985,5785134.27,2730884.257
csi300,2020-09-23,4.703,4.729,4.684,4.713,4.699,0.014,0.2979,4660062.28,2194437.868
csi300,2020-09-24,4.685,4.696,4.625,4.636,4.713,-0.077,-1.6338,3445023.2,1602695.301
csi300,2020-09-25,4.643,4.666,4.621,4.639,4.636,0.003,0.0647,3253692.01,1509949.944
csi300,2020-09-28,4.642,4.681,4.635,4.649,4.639,0.01,0.2156,3046796.0,1418157.832
csi300,2020-09-29,4.67,4.687,4.652,4.66,4.649,0.011,0.2366,3158810.12,1474785.387
csi300,2020-09-30,4.673,4.695,4.62,4.646,4.66,-0.014,-0.3004,4549101.91,2117459.4
csi300,2020-10-09,4.721,4.765,4.72,4.739,4.646,0.093,2.0017,3596667.38,1703741.732
csi300,2020-10-12,4.765,4.893,4.763,4.887,4.739,0.148,3.123,3609527.74,1747762.574
csi300,2020-10-13,4.888,4.914,4.86,4.903,4.887,0.016,0.3274,3200439.29,1562011.927
csi300,2020-10-14,4.89,4.897,4.863,4.879,4.903,-0.024,-0.4895,2789482.96,1360025.596
csi300,2020-10-15,4.874,4.901,4.858,4.867,4.879,-0.012,-0.246,3305283.22,1611849.494
csi300,2020-10-16,4.864,4.892,4.824,4.853,4.867,-0.014,-0.2877,2835706.93,1379059.69
csi300,2020-10-19,4.88,4.92,4.804,4.822,4.853,-0.031,-0.6388,6019252.22,2924978.826
csi300,2020-10-20,4.811,4.854,4.807,4.852,4.822,0.03,0.6221,2739130.0,1322702.077
csi300,2020-10-21,4.855,4.864,4.818,4.858,4.852,0.006,0.1237,3488947.0,1690610.422
csi300,2020-10-22,4.844,4.859,4.792,4.842,4.858,-0.016,-0.3294,2571483.47,1239996.905
csi300,2020-10-23,4.832,4.867,4.781,4.786,4.842,-0.056,-1.1565,7768057.15,3742156.538
csi300,2020-10-26,4.757,4.776,4.706,4.75,4.786,-0.036,-0.7522,5071473.75,2405937.65
csi300,2020-10-27,4.737,4.77,4.733,4.764,4.75,0.014,0.2947,2993488.13,1423170.547
csi300,2020-10-28,4.762,4.818,4.747,4.804,4.764,0.04,0.8396,4828291.43,2308480.718
csi300,2020-10-29,4.759,4.871,4.752,4.848,4.804,0.044,0.9159,3710247.66,1788027.264
csi300,2020-10-30,4.838,4.847,4.748,4.757,4.848,-0.091,-1.8771,3845878.45,1841396.295
csi300,2020-11-02,4.759,4.804,4.759,4.785,4.757,0.028,0.5886,2001660.29,957490.285
csi300,2020-11-03,4.8,4.863,4.8,4.836,4.785,0.051,1.0658,3561129.35,1720609.438
csi300,2020-11-04,4.845,4.895,4.83,4.873,4.836,0.037,0.7651,3447388.45,1675789.715
csi300,2020-11-05,4.92,4.953,4.9,4.949,4.873,0.076,1.5596,3758943.91,1854962.369
csi300,2020-11-06,4.958,4.962,4.908,4.951,4.949,0.002,0.0404,3541236.79,1747900.635
csi300,2020-11-09,4.98,5.074,4.98,5.048,4.951,0.097,1.9592,5979879.5,3010717.306
csi300,2020-11-10,5.06,5.063,4.992,5.021,5.048,-0.027,-0.5349,3847846.87,1934778.678
csi300,2020-11-11,5.008,5.028,4.969,4.974,5.021,-0.047,-0.9361,3940726.0,1969353.182
csi300,2020-11-12,4.98,4.994,4.956,4.971,4.974,-0.003,-0.0603,2580328.75,1283521.965
csi300,2020-11-13,4.951,4.953,4.887,4.92,4.971,-0.051,-1.026,4329278.85,2124647.713
csi300,2020-11-16,4.945,4.975,4.911,4.973,4.92,0.053,1.0772,2851086.6,1409715.394
csi300,2020-11-17,4.967,4.97,4.934,4.964,4.973,-0.009,-0.181,2987696.17,1479905.275
csi300,2020-11-18,4.96,4.982,4.934,4.957,4.964,-0.007,-0.141,3606986.87,1790609.652
csi300,2020-11-19,4.946,5.012,4.938,4.999,4.957,0.042,0.8473,2700795.01,1345193.263
csi300,2020-11-20,5.0,5.02,4.986,5.014,4.999,0.015,0.3001,2845033.46,1423546.31
csi300,2020-11-23,5.03,5.105,5.009,5.072,5.014,0.058,1.1568,5211470.87,2636959.456
csi300,2020-11-24,5.069,5.075,5.031,5.04,5.072,-0.032,-0.6309,3461421.09,1747429.494
csi300,2020-11-25,5.055,5.077,4.976,4.978,5.04,-0.062,-1.2302,4251960.1,2134951.326
csi300,2020-11-26,4.976,4.99,4.937,4.985,4.978,0.007,0.1406,3958386.15,1966293.317
csi300,2020-11-27,4.985,5.06,4.977,5.056,4.985,0.071,1.4243,3787807.59,1897536.955
csi300,2020-11-30,5.069,5.13,5.028,5.031,5.056,-0.025,-0.4945,5351157.37,2720233.205
csi300,2020-12-01,5.027,5.15,5.026,5.142,5.031,0.111,2.2063,4752836.5,2427406.342
csi300,2020-12-02,5.145,5.165,5.108,5.131,5.142,-0.011,-0.2139,2929468.78,1504583.763
csi300,2020-12-03,5.126,5.147,5.103,5.129,5.131,-0.002,-0.039,2489868.42,1276108.539
csi300,2020-12-04,5.12,5.147,5.08,5.14,5.129,0.011,0.2145,3301547.6,1690672.152
csi300,2020-12-07,5.14,5.142,5.077,5.096,5.14,-0.044,-0.856,3593753.3,1833454.989
csi300,2020-12-08,5.096,5.12,5.072,5.08,5.096,-0.016,-0.314,3612518.73,1839851.218
csi300,2020-12-09,5.095,5.107,5.011,5.02,5.08,-0.06,-1.1811,5685506.3,2876485.547
csi300,2020-12-10,5.01,5.032,4.992,5.01,5.02,-0.01,-0.1992,3189473.9,1598596.517
csi300,2020-12-11,5.02,5.035,4.918,4.954,5.01,-0.056,-1.1178,4030119.5,2000650.455
csi300,2020-12-14,4.959,5.002,4.948,4.998,4.954,0.044,0.8882,2518877.31,1254112.959
csi300,2020-12-15,4.998,5.02,4.966,5.013,4.998,0.015,0.3001,2844126.98,1419141.948
csi300,2020-12-16,5.02,5.03,5.004,5.023,5.013,0.01,0.1995,2840815.0,1425691.988
csi300,2020-12-17,5.022,5.098,5.014,5.094,5.023,0.071,1.4135,4662308.9,2356909.28
csi300,2020-12-18,5.09,5.095,5.043,5.065,5.094,-0.029,-0.5693,4607113.0,2334924.963
csi300,2020-12-21,5.062,5.121,5.035,5.11,5.065,0.045,0.8885,4458961.44,2272522.629
csi300,2020-12-22,5.099,5.117,5.026,5.033,5.11,-0.077,-1.5068,5153970.33,2620513.199
csi300,2020-12-23,5.04,5.098,5.037,5.074,5.033,0.041,0.8146,3386872.08,1715172.081
csi300,2020-12-24,5.074,5.097,5.05,5.074,5.074,0.0,0.0,3833767.49,1946157.074
csi300,2020-12-25,5.054,5.119,5.043,5.116,5.074,0.042,0.8277,4033561.29,2053182.584
csi300,2020-12-28,5.112,5.16,5.103,5.13,5.116,0.014,0.2737,4471300.14,2291869.85
csi300,2020-12-29,5.138,5.152,5.106,5.114,5.13,-0.016,-0.3119,3427179.0,1756155.512
csi300,2020-12-30,5.11,5.18,5.107,5.178,5.114,0.064,1.2515,3406715.18,1756760.313
csi300,2020-12-31,5.188,5.293,5.186,5.287,5.178,0.109,2.1051,8617991.57,4531294.876
csi300,2021-01-04,5.28,5.366,5.26,5.334,5.287,0.047,0.889,5067056.39,2697192.786
csi300,2021-01-05,5.321,5.445,5.305,5.433,5.334,0.099,1.856,6228307.94,3349890.567
csi300,2021-01-06,5.447,5.514,5.417,5.482,5.433,0.049,0.9019,3749451.07,2048972.312
csi300,2021-01-07,5.49,5.6,5.483,5.599,5.482,0.117,2.1343,4706592.27,2604546.537
csi300,2021-01-08,5.608,5.631,5.519,5.571,5.599,-0.028,-0.5001,6975647.67,3884322.786
csi300,2021-01-11,5.572,5.62,5.477,5.508,5.571,-0.063,-1.1309,6359651.63,3536919.284
csi300,2021-01-12,5.496,5.672,5.492,5.668,5.508,0.16,2.9049,5962807.82,3327361.996
csi300,2021-01-13,5.684,5.715,5.61,5.646,5.668,-0.022,-0.3881,5524343.98,3129878.571
csi300,2021-01-14,5.646,5.646,5.538,5.543,5.646,-0.103,-1.8243,6960479.94,3885747.946
csi300,2021-01-15,5.543,5.576,5.46,5.526,5.543,-0.017,-0.3067,7090491.77,3916989.378
csi300,2021-01-18,5.451,5.547,5.415,5.513,5.454,0.059,1.0818,3967685.53,2176480.901
csi300,2021-01-19,5.518,5.53,5.416,5.438,5.513,-0.075,-1.3604,4170096.72,2282323.327
csi300,2021-01-20,5.436,5.495,5.43,5.468,5.438,0.03,0.5517,4223857.51,2307751.582
csi300,2021-01-21,5.483,5.588,5.483,5.562,5.468,0.094,1.7191,5116203.15,2833318.057
csi300,2021-01-22,5.557,5.57,5.506,5.565,5.562,0.003,0.0539,5543093.26,3074483.608
csi300,2021-01-25,5.564,5.649,5.531,5.631,5.565,0.066,1.186,4501771.53,2518875.353
csi300,2021-01-26,5.607,5.61,5.503,5.511,5.631,-0.12,-2.1311,3927449.95,2175771.665
csi300,2021-01-27,5.505,5.532,5.45,5.521,5.511,0.01,0.1815,5915415.91,3252544.454
csi300,2021-01-28,5.46,5.46,5.364,5.385,5.521,-0.136,-2.4633,4699518.45,2541914.763
csi300,2021-01-29,5.407,5.423,5.282,5.348,5.385,-0.037,-0.6871,6221138.74,3343269.149
csi300,2021-02-01,5.348,5.414,5.346,5.411,5.348,0.063,1.178,4362880.63,2352426.025
csi300,2021-02-02,5.42,5.494,5.411,5.491,5.411,0.08,1.4785,5731569.21,3133181.944
csi300,2021-02-03,5.491,5.525,5.464,5.485,5.491,-0.006,-0.1093,2819694.88,1549207.312
csi300,2021-02-04,5.46,5.51,5.416,5.474,5.485,-0.011,-0.2005,3000841.5,1639395.452
csi300,2021-02-05,5.486,5.547,5.476,5.482,5.474,0.008,0.1461,5600004.91,3085296.672
csi300,2021-02-08,5.52,5.573,5.482,5.554,5.482,0.072,1.3134,4750134.28,2628084.266
csi300,2021-02-09,5.575,5.694,5.55,5.692,5.554,0.138,2.4847,4182998.45,2349537.935
csi300,2021-02-10,5.706,5.833,5.697,5.807,5.692,0.115,2.0204,3419098.57,1973984.357
csi300,2021-02-18,5.923,5.933,5.748,5.764,5.807,-0.043,-0.7405,4707657.36,2747359.954
csi300,2021-02-19,5.742,5.801,5.671,5.796,5.764,0.032,0.5552,7090646.5,4060011.755
csi300,2021-02-22,5.785,5.786,5.584,5.589,5.796,-0.207,-3.5714,7760759.91,4399449.17
csi300,2021-02-23,5.55,5.637,5.547,5.574,5.589,-0.015,-0.2684,5912503.64,3308715.193
csi300,2021-02-24,5.588,5.6,5.371,5.427,5.574,-0.147,-2.6372,10112690.33,5539235.696
csi300,2021-02-25,5.481,5.523,5.442,5.478,5.427,0.051,0.9397,6693054.38,3670095.572
csi300,2021-02-26,5.389,5.42,5.321,5.329,5.478,-0.149,-2.72,8370703.36,4486159.733
csi300,2021-03-01,5.381,5.42,5.348,5.418,5.329,0.089,1.6701,5582085.4,3007992.81
csi300,2021-03-02,5.446,5.451,5.307,5.349,5.418,-0.069,-1.2735,4338597.54,2338148.827
csi300,2021-03-03,5.333,5.458,5.316,5.454,5.349,0.105,1.963,3611545.93,1950248.2
csi300,2021-03-04,5.4,5.4,5.258,5.287,5.454,-0.167,-3.062,6449816.48,3428246.55
csi300,2021-03-05,5.202,5.311,5.179,5.266,5.287,-0.021,-0.3972,5936328.5,3111411.979
csi300,2021-03-08,5.3,5.325,5.07,5.08,5.266,-0.186,-3.5321,5637220.05,2929014.217
csi300,2021-03-09,5.077,5.095,4.926,4.979,5.08,-0.101,-1.9882,9317190.68,4677125.84
csi300,2021-03-10,5.037,5.061,4.983,5.0,4.979,0.021,0.4218,6365357.6,3197285.817
csi300,2021-03-11,5.024,5.132,5.015,5.129,5.0,0.129,2.58,6206768.84,3161968.866
csi300,2021-03-12,5.145,5.152,5.08,5.142,5.129,0.013,0.2535,4482014.93,2295113.622
csi300,2021-03-15,5.118,5.119,4.993,5.04,5.142,-0.102,-1.9837,3865724.05,1952657.088
csi300,2021-03-16,5.042,5.086,5.012,5.073,5.04,0.033,0.6548,3232360.64,1635219.63
csi300,2021-03-17,5.059,5.121,5.013,5.096,5.073,0.023,0.4534,3062945.97,1554332.781
csi300,2021-03-18,5.108,5.159,5.106,5.136,5.096,0.04,0.7849,3196101.3,1639545.016
csi300,2021-03-19,5.072,5.088,4.983,4.997,5.136,-0.139,-2.7064,4921956.05,2478004.771
csi300,2021-03-22,4.995,5.072,4.99,5.054,4.997,0.057,1.1407,4234867.62,2132916.087
csi300,2021-03-23,5.049,5.058,4.967,5.009,5.054,-0.045,-0.8904,4916387.73,2459560.323
csi300,2021-03-24,4.988,5.03,4.912,4.933,5.009,-0.076,-1.5173,7550528.62,3741109.719
csi300,2021-03-25,4.906,4.951,4.888,4.929,4.933,-0.004,-0.0811,2849086.49,1402397.542
csi300,2021-03-26,4.95,5.056,4.946,5.033,4.929,0.104,2.11,5565349.5,2790146.481
csi300,2021-03-29,5.045,5.08,5.005,5.043,5.033,0.01,0.1987,6392567.72,3229920.086
csi300,2021-03-30,5.04,5.104,5.03,5.087,5.043,0.044,0.8725,2682838.9,1361536.031
csi300,2021-03-31,5.083,5.084,5.013,5.05,5.087,-0.037,-0.7273,2308126.76,1163103.563
csi300,2021-04-01,5.056,5.12,5.052,5.112,5.05,0.062,1.2277,3229964.35,1641836.115
csi300,2021-04-02,5.13,5.166,5.109,5.161,5.112,0.049,0.9585,2803346.45,1440678.165
csi300,2021-04-06,5.173,5.177,5.12,5.133,5.161,-0.028,-0.5425,2346355.44,1206265.186
csi300,2021-04-07,5.138,5.14,5.067,5.098,5.133,-0.035,-0.6819,1752172.73,891976.442
csi300,2021-04-08,5.081,5.13,5.057,5.109,5.098,0.011,0.2158,1407559.21,718026.031
csi300,2021-04-09,5.095,5.095,5.025,5.038,5.109,-0.071,-1.3897,2223298.0,1122455.291
csi300,2021-04-12,5.026,5.049,4.937,4.954,5.038,-0.084,-1.6673,6639382.34,3300299.232
csi300,2021-04-13,4.946,4.994,4.929,4.947,4.954,-0.007,-0.1413,4535452.45,2247446.204
csi300,2021-04-14,4.952,4.989,4.943,4.975,4.947,0.028,0.566,5271842.0,2620909.273
csi300,2021-04-15,4.96,4.965,4.894,4.947,4.975,-0.028,-0.5628,4935407.0,2431754.041
csi300,2021-04-16,4.959,4.975,4.918,4.963,4.947,0.016,0.3234,4998940.3,2476638.366
csi300,2021-04-19,4.959,5.097,4.936,5.089,4.963,0.126,2.5388,5673692.26,2864077.168
csi300,2021-04-20,5.071,5.116,5.062,5.081,5.089,-0.008,-0.1572,3698515.57,1882537.197
csi300,2021-04-21,5.049,5.108,5.047,5.093,5.081,0.012,0.2362,4143213.61,2104768.796
csi300,2021-04-22,5.101,5.118,5.065,5.089,5.093,-0.004,-0.0785,4483991.6,2279984.129
csi300,2021-04-23,5.081,5.15,5.081,5.14,5.089,0.051,1.0022,3229926.3,1656258.287
csi300,2021-04-26,5.151,5.191,5.071,5.076,5.14,-0.064,-1.2451,5380616.34,2762169.537
csi300,2021-04-27,5.08,5.098,5.053,5.089,5.076,0.013,0.2561,3177926.09,1612968.576
csi300,2021-04-28,5.071,5.13,5.056,5.127,5.089,0.038,0.7467,3012459.72,1535175.286
csi300,2021-04-29,5.128,5.18,5.12,5.173,5.127,0.046,0.8972,3809844.8,1964024.088
csi300,2021-04-30,5.161,5.172,5.094,5.128,5.173,-0.045,-0.8699,4042413.0,2075946.585
csi300,2021-05-06,5.109,5.142,5.035,5.061,5.128,-0.067,-1.3066,4075745.66,2073197.356
csi300,2021-05-07,5.073,5.097,4.996,5.0,5.061,-0.061,-1.2053,3382892.45,1705351.377
csi300,2021-05-10,5.004,5.025,4.955,4.999,5.0,-0.001,-0.02,3691991.48,1843018.242
csi300,2021-05-11,4.967,5.044,4.932,5.025,4.999,0.026,0.5201,3979265.3,1985720.798
csi300,2021-05-12,5.014,5.063,4.996,5.056,5.025,0.031,0.6169,2539712.32,1277881.517
csi300,2021-05-13,5.016,5.027,4.976,5.001,5.056,-0.055,-1.0878,4725439.35,2363024.82
csi300,2021-05-14,5.02,5.129,4.992,5.127,5.001,0.126,2.5195,8489630.43,4316323.603
csi300,2021-05-17,5.123,5.215,5.117,5.188,5.127,0.061,1.1898,6672555.21,3464215.782
csi300,2021-05-18,5.199,5.212,5.167,5.19,5.188,0.002,0.0386,2834588.26,1469848.173
csi300,2021-05-19,5.18,5.196,5.153,5.176,5.19,-0.014,-0.2697,3933594.67,2034732.842
csi300,2021-05-20,5.172,5.206,5.152,5.19,5.176,0.014,0.2705,2701391.03,1400149.094
csi300,2021-05-21,5.197,5.227,5.123,5.135,5.19,-0.055,-1.0597,5410635.11,2791300.042
csi300,2021-05-24,5.135,5.164,5.096,5.163,5.135,0.028,0.5453,3496127.89,1796637.071
csi300,2021-05-25,5.163,5.338,5.163,5.327,5.163,0.164,3.1764,15361601.49,8133780.76
csi300,2021-05-26,5.331,5.353,5.316,5.328,5.327,0.001,0.0188,4868611.22,2596720.927
csi300,2021-05-27,5.32,5.394,5.296,5.347,5.328,0.019,0.3566,5307535.0,2835202.994
csi300,2021-05-28,5.346,5.373,5.3,5.332,5.347,-0.015,-0.2805,3456218.58,1843452.031
csi300,2021-05-31,5.329,5.339,5.29,5.338,5.332,0.006,0.1125,3286030.31,1745986.74
csi300,2021-06-01,5.333,5.35,5.271,5.346,5.338,0.008,0.1499,4544228.25,2415673.323
csi300,2021-06-02,5.351,5.357,5.276,5.303,5.346,-0.043,-0.8043,5776070.87,3069526.94
csi300,2021-06-03,5.3,5.323,5.26,5.262,5.303,-0.041,-0.7731,4432763.99,2344157.011
csi300,2021-06-04,5.25,5.352,5.233,5.295,5.262,0.033,0.6271,5581177.57,2951205.182
csi300,2021-06-07,5.295,5.298,5.251,5.289,5.295,-0.006,-0.1133,2652774.3,1399803.061
csi300,2021-06-08,5.289,5.34,5.213,5.247,5.289,-0.042,-0.7941,4542037.06,2392039.783
csi300,2021-06-09,5.233,5.266,5.231,5.255,5.247,0.008,0.1525,2595131.56,1362104.027
csi300,2021-06-10,5.249,5.324,5.248,5.289,5.255,0.034,0.647,4041125.79,2139819.984
csi300,2021-06-11,5.293,5.307,5.236,5.24,5.289,-0.049,-0.9265,3375558.0,1774141.747
csi300,2021-06-15,5.24,5.25,5.154,5.181,5.24,-0.059,-1.126,4312365.97,2237735.909
csi300,2021-06-16,5.175,5.183,5.094,5.11,5.181,-0.071,-1.3704,5573016.99,2861614.501
csi300,2021-06-17,5.1,5.144,5.097,5.121,5.11,0.011,0.2153,3422104.55,1752532.813
csi300,2021-06-18,5.12,5.155,5.089,5.126,5.121,0.005,0.0976,5237656.6,2681620.828
csi300,2021-06-21,5.108,5.155,5.087,5.119,5.126,-0.007,-0.1366,4492630.5,2297972.209
csi300,2021-06-22,5.14,5.151,5.111,5.145,5.119,0.026,0.5079,6783141.91,3481237.67
csi300,2021-06-23,5.152,5.203,5.136,5.176,5.145,0.031,0.6025,5864652.23,3034353.444
csi300,2021-06-24,5.18,5.19,5.155,5.189,5.176,0.013,0.2512,2175097.08,1125515.428
csi300,2021-06-25,5.193,5.289,5.191,5.27,5.189,0.081,1.561,6192586.62,3253306.021
csi300,2021-06-28,5.278,5.29,5.257,5.279,5.27,0.009,0.1708,4454964.81,2349760.661
csi300,2021-06-29,5.279,5.279,5.215,5.225,5.279,-0.054,-1.0229,2901856.47,1520211.071
csi300,2021-06-30,5.226,5.267,5.225,5.256,5.225,0.031,0.5933,3711709.76,1948238.474
csi300,2021-07-01,5.273,5.284,5.222,5.254,5.256,-0.002,-0.0381,5643738.63,2964560.981
csi300,2021-07-02,5.22,5.222,5.111,5.113,5.254,-0.141,-2.6837,4422359.89,2278045.477
csi300,2021-07-05,5.113,5.132,5.09,5.12,5.113,0.007,0.1369,2575703.13,1316062.245
csi300,2021-07-06,5.12,5.13,5.071,5.127,5.12,0.007,0.1367,3816887.34,1946038.944
csi300,2021-07-07,5.105,5.202,5.097,5.18,5.127,0.053,1.0337,3494651.34,1802156.519
csi300,2021-07-08,5.189,5.196,5.121,5.136,5.18,-0.044,-0.8494,3280350.47,1689688.924
csi300,2021-07-09,5.12,5.128,5.056,5.112,5.136,-0.024,-0.4673,4262319.21,2174685.021
csi300,2021-07-12,5.15,5.209,5.122,5.18,5.112,0.068,1.3302,5966928.94,3088418.555
csi300,2021-07-13,5.179,5.214,5.168,5.196,5.18,0.016,0.3089,3464403.64,1798359.498
csi300,2021-07-14,5.191,5.191,5.128,5.139,5.196,-0.057,-1.097,3824693.18,1970051.836
csi300,2021-07-15,5.131,5.214,5.124,5.207,5.139,0.068,1.3232,3552866.95,1839020.775
csi300,2021-07-16,5.2,5.205,5.152,5.156,5.207,-0.051,-0.9795,3702351.45,1916254.592
csi300,2021-07-19,5.147,5.188,5.106,5.178,5.156,0.022,0.4267,3320461.58,1709347.745
csi300,2021-07-20,5.14,5.179,5.131,5.165,5.178,-0.013,-0.2511,3066793.27,1581145.2
csi300,2021-07-21,5.18,5.225,5.172,5.204,5.165,0.039,0.7551,5784302.57,3011038.37
csi300,2021-07-22,5.205,5.233,5.198,5.209,5.204,0.005,0.0961,2696840.73,1405906.247
csi300,2021-07-23,5.21,5.211,5.145,5.157,5.209,-0.052,-0.9983,2681441.35,1384583.057
csi300,2021-07-26,5.137,5.138,4.923,4.982,5.157,-0.175,-3.3934,9152733.74,4590557.872
csi300,2021-07-27,4.979,5.0,4.803,4.809,4.982,-0.173,-3.4725,8072052.16,3972490.92
csi300,2021-07-28,4.803,4.843,4.735,4.819,4.809,0.01,0.2079,9133473.42,4378815.46
csi300,2021-07-29,4.899,4.917,4.858,4.906,4.819,0.087,1.8054,6402063.55,3130337.228
csi300,2021-07-30,4.883,4.884,4.821,4.872,4.906,-0.034,-0.693,2258702.35,1097220.227
csi300,2021-08-02,4.856,5.004,4.824,4.993,4.872,0.121,2.4836,3752039.41,1853444.876
csi300,2021-08-03,4.971,5.019,4.955,4.995,4.993,0.002,0.0401,2330097.64,1161609.447
csi300,2021-08-04,4.984,5.04,4.982,5.039,4.995,0.044,0.8809,2486452.87,1248682.987
csi300,2021-08-05,5.004,5.058,4.981,5.009,5.039,-0.03,-0.5954,2098716.49,1053873.944
csi300,2021-08-06,5.0,5.005,4.962,4.993,5.009,-0.016,-0.3194,1126992.04,561475.942
csi300,2021-08-09,4.97,5.067,4.952,5.048,4.993,0.055,1.1015,2290906.28,1151898.657
csi300,2021-08-10,5.036,5.108,5.002,5.105,5.048,0.057,1.1292,3241223.81,1635519.3
csi300,2021-08-11,5.098,5.124,5.075,5.078,5.105,-0.027,-0.5289,2391296.0,1219614.186
csi300,2021-08-12,5.06,5.081,5.036,5.046,5.078,-0.032,-0.6302,1339716.95,677135.203
csi300,2021-08-13,5.033,5.066,4.99,5.019,5.046,-0.027,-0.5351,2025664.01,1017354.166
csi300,2021-08-16,5.013,5.044,5.001,5.016,5.019,-0.003,-0.0598,1862036.29,934436.575
csi300,2021-08-17,5.01,5.042,4.895,4.904,5.016,-0.112,-2.2329,3523008.96,1751144.106
csi300,2021-08-18,4.904,4.986,4.892,4.957,4.904,0.053,1.0808,3847710.32,1901295.854
csi300,2021-08-19,4.94,4.957,4.901,4.923,4.957,-0.034,-0.6859,2403110.0,1185219.027
csi300,2021-08-20,4.912,4.913,4.788,4.833,4.923,-0.09,-1.8282,4184413.4,2023086.385
csi300,2021-08-23,4.843,4.911,4.84,4.905,4.833,0.072,1.4898,3529612.61,1724629.446
csi300,2021-08-24,4.91,4.978,4.91,4.957,4.905,0.052,1.0601,3177054.13,1571638.429
csi300,2021-08-25,4.965,4.973,4.938,4.971,4.957,0.014,0.2824,2076564.06,1029752.682
csi300,2021-08-26,4.968,4.969,4.87,4.886,4.971,-0.085,-1.7099,1948402.59,956302.469
csi300,2021-08-27,4.879,4.944,4.876,4.899,4.886,0.013,0.2661,2322364.14,1140911.545
csi300,2021-08-30,4.911,4.922,4.859,4.881,4.899,-0.018,-0.3674,2155322.11,1052155.091
csi300,2021-08-31,4.882,4.897,4.81,4.879,4.881,-0.002,-0.041,2450326.07,1190430.817
csi300,2021-09-01,4.88,4.988,4.84,4.949,4.879,0.07,1.4347,3865182.69,1903964.598
csi300,2021-09-02,4.96,4.968,4.92,4.945,4.949,-0.004,-0.0808,2240048.34,1107121.906
csi300,2021-09-03,4.945,4.969,4.909,4.918,4.945,-0.027,-0.546,3483672.64,1718509.769
csi300,2021-09-06,4.918,5.016,4.914,5.002,4.918,0.084,1.708,4945358.66,2468976.363
csi300,2021-09-07,5.0,5.089,4.986,5.065,5.002,0.063,1.2595,4574956.03,2304933.623
csi300,2021-09-08,5.069,5.093,5.028,5.044,5.065,-0.021,-0.4146,2369430.77,1198609.525
csi300,2021-09-09,5.031,5.043,5.002,5.042,5.044,-0.002,-0.0397,1825451.89,917262.214
csi300,2021-09-10,5.037,5.127,5.034,5.091,5.042,0.049,0.9718,3893349.75,1982110.598
csi300,2021-09-13,5.085,5.109,5.035,5.064,5.091,-0.027,-0.5303,3200157.33,1620670.961
csi300,2021-09-14,5.065,5.082,4.977,4.998,5.064,-0.066,-1.3033,3277119.94,1645687.915
csi300,2021-09-15,4.99,4.991,4.917,4.945,4.998,-0.053,-1.0604,2707358.74,1340902.838
csi300,2021-09-16,4.945,4.955,4.881,4.889,4.945,-0.056,-1.1325,4293484.25,2106848.912
csi300,2021-09-17,4.888,4.934,4.868,4.928,4.889,0.039,0.7977,5139926.94,2520613.348
csi300,2021-09-22,4.86,4.912,4.852,4.895,4.928,-0.033,-0.6696,4916296.0,2399574.657
csi300,2021-09-23,4.917,4.955,4.906,4.924,4.895,0.029,0.5924,2869732.55,1413518.503
csi300,2021-09-24,4.928,4.975,4.918,4.931,4.924,0.007,0.1422,4647711.9,2299464.435
csi300,2021-09-27,4.945,4.998,4.921,4.963,4.931,0.032,0.649,3598935.78,1786172.115
csi300,2021-09-28,4.955,4.98,4.926,4.954,4.963,-0.009,-0.1813,2636352.57,1306079.041
csi300,2021-09-29,4.922,4.949,4.878,4.921,4.954,-0.033,-0.6661,5922610.73,2909490.209
csi300,2021-09-30,4.923,4.953,4.921,4.935,4.921,0.014,0.2845,3129596.71,1544835.059
csi300,2021-10-08,4.978,5.015,4.971,5.006,4.935,0.071,1.4387,2446241.2,1222701.431
csi300,2021-10-11,5.014,5.06,5.001,5.005,5.006,-0.001,-0.02,2603223.71,1309512.481
csi300,2021-10-12,4.987,4.998,4.913,4.953,5.005,-0.052,-1.039,3306068.24,1639579.407
csi300,2021-10-13,4.945,5.025,4.943,5.009,4.953,0.056,1.1306,2535736.66,1264333.991
csi300,2021-10-14,5.003,5.028,4.971,4.982,5.009,-0.027,-0.539,1998086.58,998317.197
csi300,2021-10-15,4.979,5.017,4.96,5.006,4.982,0.024,0.4817,2179700.95,1089703.6
csi300,2021-10-18,5.003,5.004,4.916,4.948,5.006,-0.058,-1.1586,2512604.74,1241208.468
csi300,2021-10-19,4.94,5.0,4.937,4.995,4.948,0.047,0.9499,2884697.96,1436191.679
csi300,2021-10-20,5.0,5.022,4.971,4.981,4.995,-0.014,-0.2803,1566963.0,782001.177
csi300,2021-10-21,4.98,5.027,4.962,5.003,4.981,0.022,0.4417,2240855.16,1119219.633
csi300,2021-10-22,5.01,5.072,5.01,5.036,5.003,0.033,0.6596,3345973.4,1686635.695
csi300,2021-10-25,5.022,5.061,5.011,5.053,5.036,0.017,0.3376,2653745.04,1336929.143
csi300,2021-10-26,5.055,5.088,5.023,5.036,5.053,-0.017,-0.3364,2479095.32,1251852.282
csi300,2021-10-27,5.024,5.024,4.958,4.97,5.036,-0.066,-1.3106,2781043.0,1385676.615
csi300,2021-10-28,4.96,4.977,4.926,4.949,4.97,-0.021,-0.4225,4413412.0,2185194.5
csi300,2021-10-29,4.946,4.982,4.934,4.981,4.949,0.032,0.6466,4264846.99,2114092.671
csi300,2021-11-01,4.957,4.988,4.939,4.965,4.981,-0.016,-0.3212,1950023.45,967955.364
csi300,2021-11-02,4.962,4.995,4.874,4.913,4.965,-0.052,-1.0473,4294135.13,2119278.887
csi300,2021-11-03,4.91,4.936,4.879,4.893,4.913,-0.02,-0.4071,3406351.07,1671068.454
csi300,2021-11-04,4.913,4.951,4.912,4.94,4.893,0.047,0.9606,2844233.0,1403738.125
csi300,2021-11-05,4.93,4.967,4.922,4.923,4.94,-0.017,-0.3441,2656007.9,1312374.545
csi300,2021-11-08,4.92,4.948,4.902,4.919,4.923,-0.004,-0.0813,3124852.0,1539084.826
csi300,2021-11-09,4.935,4.952,4.892,4.917,4.919,-0.002,-0.0407,2628400.0,1292760.723
csi300,2021-11-10,4.913,4.913,4.826,4.892,4.917,-0.025,-0.5084,4894263.83,2379856.064
csi300,2021-11-11,4.882,4.975,4.88,4.972,4.892,0.08,1.6353,3523649.95,1740182.227
csi300,2021-11-12,4.976,4.991,4.954,4.97,4.972,-0.002,-0.0402,2729067.04,1355972.393
csi300,2021-11-15,4.974,4.991,4.943,4.964,4.97,-0.006,-0.1207,3359153.81,1667408.825
csi300,2021-11-16,4.966,4.996,4.95,4.96,4.964,-0.004,-0.0806,3518703.07,1750476.662
csi300,2021-11-17,4.953,4.974,4.941,4.959,4.96,-0.001,-0.0202,2269817.57,1125215.664
csi300,2021-11-18,4.947,4.952,4.902,4.915,4.959,-0.044,-0.8873,3606012.0,1774308.236
csi300,2021-11-19,4.91,4.976,4.905,4.97,4.915,0.055,1.119,2759205.89,1365616.714
csi300,2021-11-22,4.974,4.995,4.967,4.983,4.97,0.013,0.2616,3536474.89,1761554.915
csi300,2021-11-23,4.976,5.0,4.966,4.986,4.983,0.003,0.0602,3172672.46,1582334.509
csi300,2021-11-24,4.986,5.016,4.974,4.997,4.986,0.011,0.2206,1785947.06,891904.463
csi300,2021-11-25,4.998,4.999,4.97,4.978,4.997,-0.019,-0.3802,1372599.7,683495.479
csi300,2021-11-26,4.965,4.966,4.927,4.936,4.978,-0.042,-0.8437,2046378.0,1011650.37
csi300,2021-11-29,4.9,4.938,4.9,4.929,4.936,-0.007,-0.1418,2338560.0,1151391.533
csi300,2021-11-30,4.932,4.949,4.888,4.911,4.929,-0.018,-0.3652,1836800.0,903625.434
csi300,2021-12-01,4.911,4.929,4.907,4.924,4.911,0.013,0.2647,2116261.58,1040600.306
csi300,2021-12-02,4.92,4.945,4.903,4.934,4.924,0.01,0.2031,1610351.47,794007.121
csi300,2021-12-03,4.934,4.98,4.926,4.979,4.934,0.045,0.912,2196321.43,1087954.879
csi300,2021-12-06,4.982,5.016,4.969,4.974,4.979,-0.005,-0.1004,3328991.17,1663482.019
csi300,2021-12-07,4.995,5.009,4.978,5.002,4.974,0.028,0.5629,2124267.58,1060624.162
csi300,2021-12-08,5.007,5.079,4.989,5.074,5.002,0.072,1.4394,3411917.1,1721655.416
csi300,2021-12-09,5.078,5.204,5.076,5.158,5.074,0.084,1.6555,6332211.75,3267970.66
csi300,2021-12-10,5.143,5.15,5.123,5.143,5.158,-0.015,-0.2908,3961260.46,2035800.619
csi300,2021-12-13,5.167,5.227,5.149,5.156,5.143,0.013,0.2528,4290337.71,2227870.765
csi300,2021-12-14,5.137,5.155,5.115,5.125,5.156,-0.031,-0.6012,3626877.81,1860581.41
csi300,2021-12-15,5.12,5.136,5.075,5.079,5.125,-0.046,-0.8976,2035831.99,1038757.245
csi300,2021-12-16,5.082,5.107,5.065,5.106,5.079,0.027,0.5316,3773043.28,1919332.421
csi300,2021-12-17,5.098,5.101,5.031,5.033,5.106,-0.073,-1.4297,6226189.0,3145885.077
csi300,2021-12-20,5.019,5.05,4.947,4.958,5.033,-0.075,-1.4902,8518253.0,4250322.969
csi300,2021-12-21,4.953,4.992,4.949,4.979,4.958,0.021,0.4236,5171335.15,2572582.597
csi300,2021-12-22,4.992,5.004,4.97,4.982,4.979,0.003,0.0603,6660461.88,3320651.9
csi300,2021-12-23,4.993,5.026,4.978,5.02,4.982,0.038,0.7627,3023052.6,1512949.495
csi300,2021-12-24,5.026,5.032,4.978,4.997,5.02,-0.023,-0.4582,2603961.01,1301806.385
csi300,2021-12-27,4.997,5.018,4.97,5.001,4.997,0.004,0.08,5044913.26,2520394.801
csi300,2021-12-28,5.001,5.037,4.992,5.027,5.001,0.026,0.5199,6399141.74,3209575.435
csi300,2021-12-29,5.025,5.031,4.959,4.96,5.027,-0.067,-1.3328,4038655.56,2011288.44
csi300,2021-12-30,4.96,5.017,4.955,4.996,4.96,0.036,0.7258,4744980.19,2369943.644
csi300,2021-12-31,5.01,5.029,4.994,5.008,4.996,0.012,0.2402,3514165.95,1760912.797
csi300,2022-01-04,5.025,5.027,4.942,4.99,5.008,-0.018,-0.3594,4863552.76,2417587.49
csi300,2022-01-05,4.979,4.992,4.925,4.943,4.99,-0.047,-0.9419,4640731.06,2300116.66
csi300,2022-01-06,4.923,4.933,4.857,4.887,4.943,-0.056,-1.1329,5172728.0,2530768.429
csi300,2022-01-07,4.9,4.93,4.893,4.899,4.887,0.012,0.2455,4785197.0,2349400.429
csi300,2022-01-10,4.888,4.923,4.859,4.912,4.899,0.013,0.2654,4911223.07,2406258.642
csi300,2022-01-11,4.912,4.924,4.864,4.867,4.912,-0.045,-0.9161,4122188.98,2014962.361
csi300,2022-01-12,4.884,4.933,4.884,4.919,4.867,0.052,1.0684,5113325.82,2511098.388
csi300,2022-01-13,4.93,4.932,4.836,4.838,4.919,-0.081,-1.6467,4882722.97,2379000.209
csi300,2022-01-14,4.825,4.84,4.791,4.794,4.838,-0.044,-0.9095,4100290.0,1972987.305
csi300,2022-01-17,4.798,4.851,4.797,4.835,4.794,0.041,0.8552,4983490.57,2407274.463
csi300,2022-01-18,4.832,4.897,4.815,4.881,4.835,0.046,0.9514,6241670.62,3038466.592
csi300,2022-01-19,4.815,4.839,4.756,4.78,4.806,-0.026,-0.541,5224392.6,2501399.275
csi300,2022-01-20,4.775,4.847,4.774,4.818,4.78,0.038,0.795,5412784.88,2608626.685
csi300,2022-01-21,4.81,4.815,4.764,4.784,4.818,-0.034,-0.7057,7814369.8,3739337.873
csi300,2022-01-24,4.76,4.799,4.748,4.786,4.784,0.002,0.0418,4605740.13,2197609.279
csi300,2022-01-25,4.762,4.777,4.676,4.68,4.786,-0.106,-2.2148,5952708.65,2814468.229
csi300,2022-01-26,4.695,4.711,4.65,4.706,4.68,0.026,0.5556,5218421.0,2449571.754
csi300,2022-01-27,4.693,4.699,4.616,4.625,4.706,-0.081,-1.7212,6076216.74,2827030.197
csi300,2022-01-28,4.637,4.659,4.55,4.554,4.625,-0.071,-1.5351,8583917.02,3950302.957
csi300,2022-02-07,4.625,4.663,4.606,4.626,4.554,0.072,1.581,4845867.6,2243165.816
csi300,2022-02-08,4.626,4.626,4.515,4.604,4.626,-0.022,-0.4756,4481413.06,2050015.387
csi300,2022-02-09,4.606,4.653,4.59,4.643,4.604,0.039,0.8471,4589380.95,2124086.971
csi300,2022-02-10,4.65,4.653,4.606,4.632,4.643,-0.011,-0.2369,4953830.95,2291737.788
csi300,2022-02-11,4.614,4.658,4.593,4.596,4.632,-0.036,-0.7772,4617436.08,2134586.5
csi300,2022-02-14,4.58,4.594,4.526,4.547,4.596,-0.049,-1.0661,3299679.08,1503834.184
csi300,2022-02-15,4.548,4.593,4.546,4.589,4.547,0.042,0.9237,6043144.4,2765515.057
csi300,2022-02-16,4.61,4.634,4.598,4.61,4.589,0.021,0.4576,4498005.48,2076275.356
csi300,2022-02-17,4.605,4.644,4.599,4.62,4.61,0.01,0.2169,6290406.92,2909007.334
csi300,2022-02-18,4.6,4.645,4.595,4.644,4.62,0.024,0.5195,3041052.15,1405440.367
csi300,2022-02-21,4.636,4.637,4.605,4.627,4.644,-0.017,-0.3661,3241950.53,1497429.121
csi300,2022-02-22,4.59,4.597,4.549,4.567,4.627,-0.06,-1.2967,3153167.69,1438664.973
csi300,2022-02-23,4.58,4.618,4.571,4.615,4.567,0.048,1.051,4469039.32,2054646.295
csi300,2022-02-24,4.59,4.602,4.489,4.53,4.615,-0.085,-1.8418,5912365.42,2683234.005
csi300,2022-02-25,4.553,4.611,4.553,4.565,4.53,0.035,0.7726,3844660.69,1760979.832
csi300,2022-02-28,4.562,4.573,4.522,4.571,4.565,0.006,0.1314,2693170.76,1225032.615
csi300,2022-03-01,4.588,4.617,4.573,4.609,4.571,0.038,0.8313,3261629.03,1499507.431
csi300,2022-03-02,4.589,4.59,4.552,4.574,4.609,-0.035,-0.7594,1946012.92,889476.591
csi300,2022-03-03,4.59,4.6,4.535,4.545,4.574,-0.029,-0.634,2006899.2,914647.557
csi300,2022-03-04,4.505,4.534,4.48,4.494,4.545,-0.051,-1.1221,4053766.26,1823719.304
csi300,2022-03-07,4.459,4.459,4.328,4.346,4.494,-0.148,-3.2933,5831129.9,2553534.379
csi300,2022-03-08,4.347,4.371,4.248,4.264,4.346,-0.082,-1.8868,6917080.74,2976687.582
csi300,2022-03-09,4.272,4.294,4.07,4.224,4.264,-0.04,-0.9381,7867488.12,3301655.736
csi300,2022-03-10,4.3,4.326,4.282,4.284,4.224,0.06,1.4205,5528465.28,2377355.398
csi300,2022-03-11,4.228,4.318,4.175,4.312,4.284,0.028,0.6536,3973422.08,1687296.407
csi300,2022-03-14,4.25,4.274,4.171,4.172,4.312,-0.14,-3.2468,4331004.28,1828943.108
csi300,2022-03-15,4.135,4.164,3.968,3.973,4.172,-0.199,-4.7699,10444778.02,4244938.233
csi300,2022-03-16,4.035,4.17,3.942,4.146,3.973,0.173,4.3544,13251385.41,5383854.367
csi300,2022-03-17,4.223,4.294,4.205,4.23,4.146,0.084,2.026,11475616.26,4866876.953
csi300,2022-03-18,4.21,4.276,4.189,4.258,4.23,0.028,0.6619,4030217.32,1703858.645
csi300,2022-03-21,4.263,4.28,4.212,4.252,4.258,-0.006,-0.1409,3720163.91,1581985.311
csi300,2022-03-22,4.232,4.282,4.231,4.248,4.252,-0.004,-0.0941,2504224.76,1064168.279
csi300,2022-03-23,4.258,4.286,4.24,4.273,4.248,0.025,0.5885,3082446.71,1314097.169
csi300,2022-03-24,4.25,4.27,4.213,4.246,4.273,-0.027,-0.6319,2206417.62,935511.944
csi300,2022-03-25,4.245,4.254,4.167,4.169,4.246,-0.077,-1.8135,3568083.07,1499894.627
csi300,2022-03-28,4.134,4.174,4.083,4.144,4.169,-0.025,-0.5997,4155938.46,1715993.645
csi300,2022-03-29,4.155,4.173,4.119,4.126,4.144,-0.018,-0.4344,2310331.17,957679.748
csi300,2022-03-30,4.154,4.252,4.154,4.249,4.126,0.123,2.9811,5002575.3,2107747.773
csi300,2022-03-31,4.239,4.244,4.21,4.218,4.249,-0.031,-0.7296,4242789.96,1791950.308
csi300,2022-04-01,4.187,4.289,4.185,4.269,4.218,0.051,1.2091,3752472.41,1594296.08
csi300,2022-04-06,4.243,4.269,4.228,4.257,4.269,-0.012,-0.2811,3398937.7,1443714.218
csi300,2022-04-07,4.237,4.268,4.202,4.205,4.257,-0.052,-1.2215,2783983.51,1177384.174
csi300,2022-04-08,4.208,4.236,4.175,4.233,4.205,0.028,0.6659,3202712.97,1349449.555
csi300,2022-04-11,4.205,4.206,4.088,4.101,4.233,-0.132,-3.1184,5800584.97,2391596.005
csi300,2022-04-12,4.103,4.176,4.076,4.171,4.101,0.07,1.7069,8064759.0,3334403.949
csi300,2022-04-13,4.151,4.187,4.135,4.139,4.171,-0.032,-0.7672,3872602.08,1609161.765
csi300,2022-04-14,4.176,4.212,4.153,4.183,4.139,0.044,1.0631,5736892.43,2400662.554
csi300,2022-04-15,4.16,4.206,4.15,4.181,4.183,-0.002,-0.0478,5322379.66,2224422.362
csi300,2022-04-18,4.145,4.164,4.117,4.161,4.181,-0.02,-0.4784,2797092.72,1159501.389
csi300,2022-04-19,4.16,4.186,4.11,4.134,4.161,-0.027,-0.6489,3139962.4,1301465.627
csi300,2022-04-20,4.132,4.138,4.058,4.064,4.134,-0.07,-1.6933,3903434.38,1596762.869
csi300,2022-04-21,4.052,4.081,3.975,3.996,4.064,-0.068,-1.6732,7925084.56,3193817.666
csi300,2022-04-22,3.965,4.037,3.952,4.006,3.996,0.01,0.2503,6173783.97,2469379.279
csi300,2022-04-25,3.945,3.959,3.807,3.813,4.006,-0.193,-4.8178,16542843.44,6447291.622
csi300,2022-04-26,3.816,3.873,3.774,3.783,3.813,-0.03,-0.7868,15437597.38,5888627.373
csi300,2022-04-27,3.771,3.891,3.76,3.889,3.783,0.106,2.802,13725838.56,5260465.092
csi300,2022-04-28,3.872,3.935,3.869,3.915,3.889,0.026,0.6686,10729261.29,4183266.934
csi300,2022-04-29,3.929,4.019,3.893,4.015,3.915,0.1,2.5543,7631211.89,3024738.24
csi300,2022-05-05,3.98,4.031,3.97,4.0,4.015,-0.015,-0.3736,7360953.93,2950065.279
csi300,2022-05-06,3.925,3.943,3.9,3.903,4.0,-0.097,-2.425,5206697.18,2042557.049
csi300,2022-05-09,3.878,3.906,3.85,3.871,3.903,-0.032,-0.8199,3187006.33,1234844.482
csi300,2022-05-10,3.833,3.933,3.808,3.916,3.871,0.045,1.1625,5474671.62,2129935.211
csi300,2022-05-11,3.909,4.026,3.909,3.971,3.916,0.055,1.4045,6290115.61,2502148.839
csi300,2022-05-12,3.955,3.979,3.933,3.951,3.971,-0.02,-0.5037,3071057.83,1215316.563
csi300,2022-05-13,3.988,3.999,3.952,3.982,3.951,0.031,0.7846,2799732.47,1113468.054
csi300,2022-05-16,4.0,4.014,3.94,3.951,3.982,-0.031,-0.7785,4425843.42,1755248.937
csi300,2022-05-17,3.96,4.001,3.949,4.0,3.951,0.049,1.2402,3008495.64,1197703.803
csi300,2022-05-18,4.007,4.017,3.96,3.986,4.0,-0.014,-0.35,2640173.24,1052734.331
csi300,2022-05-19,3.947,3.997,3.936,3.995,3.986,0.009,0.2258,3249620.36,1289180.789
csi300,2022-05-20,4.02,4.08,4.01,4.079,3.995,0.084,2.1026,6004614.24,2434115.747
csi300,2022-05-23,4.079,4.079,4.021,4.047,4.079,-0.032,-0.7845,5120912.73,2070370.273
csi300,2022-05-24,4.046,4.049,3.96,3.965,4.047,-0.082,-2.0262,4156645.0,1664349.497
csi300,2022-05-25,3.96,3.984,3.948,3.982,3.965,0.017,0.4288,4576840.97,1814584.625
csi300,2022-05-26,3.983,4.02,3.932,3.992,3.982,0.01,0.2511,4816140.68,1914318.71
csi300,2022-05-27,4.022,4.057,3.985,4.002,3.992,0.01,0.2505,5532972.11,2228537.581
csi300,2022-05-30,4.02,4.043,4.007,4.025,4.002,0.023,0.5747,4505319.2,1813277.775
csi300,2022-05-31,4.025,4.103,4.016,4.089,4.025,0.064,1.5901,4522581.18,1836840.908
csi300,2022-06-01,4.089,4.096,4.06,4.083,4.089,-0.006,-0.1467,3774345.08,1540652.77
csi300,2022-06-02,4.066,4.098,4.058,4.094,4.083,0.011,0.2694,2901326.08,1183803.267
csi300,2022-06-06,4.092,4.177,4.065,4.176,4.094,0.082,2.0029,4238359.04,1751273.369
csi300,2022-06-07,4.161,4.202,4.155,4.182,4.176,0.006,0.1437,3808641.88,1592929.72
csi300,2022-06-08,4.185,4.23,4.165,4.224,4.182,0.042,1.0043,4272910.52,1796493.323
csi300,2022-06-09,4.215,4.234,4.173,4.19,4.224,-0.034,-0.8049,2916148.28,1226358.662
csi300,2022-06-10,4.159,4.26,4.158,4.248,4.19,0.058,1.3842,6480691.42,2738650.04
csi300,2022-06-13,4.21,4.223,4.17,4.196,4.248,-0.052,-1.2241,5799002.48,2431783.718
csi300,2022-06-14,4.165,4.24,4.115,4.236,4.196,0.04,0.9533,6249025.5,2613833.382
csi300,2022-06-15,4.233,4.364,4.233,4.285,4.236,0.049,1.1568,11218852.05,4834544.988
csi300,2022-06-16,4.298,4.317,4.249,4.258,4.285,-0.027,-0.6301,5075120.36,2175195.322
csi300,2022-06-17,4.241,4.337,4.235,4.321,4.258,0.063,1.4796,7156474.04,3070562.903
csi300,2022-06-20,4.331,4.388,4.308,4.342,4.321,0.021,0.486,7324344.57,3177526.646
csi300,2022-06-21,4.342,4.378,4.305,4.34,4.342,-0.002,-0.0461,4224015.46,1833860.937
csi300,2022-06-22,4.34,4.347,4.282,4.29,4.34,-0.05,-1.1521,3619642.72,1560986.297
csi300,2022-06-23,4.291,4.367,4.284,4.365,4.29,0.075,1.7483,4056939.24,1755177.553
csi300,2022-06-24,4.375,4.426,4.363,4.413,4.365,0.048,1.0997,4148338.49,1823076.991
csi300,2022-06-27,4.429,4.499,4.429,4.461,4.413,0.048,1.0877,4559810.5,2036731.655
csi300,2022-06-28,4.46,4.526,4.433,4.513,4.461,0.052,1.1657,3748823.78,1678987.256
csi300,2022-06-29,4.498,4.527,4.443,4.458,4.513,-0.055,-1.2187,5448356.04,2437464.367
csi300,2022-06-30,4.454,4.545,4.453,4.508,4.458,0.05,1.1216,5680515.61,2558737.77
csi300,2022-07-01,4.52,4.525,4.474,4.493,4.508,-0.015,-0.3327,4455712.44,2004084.502
csi300,2022-07-04,4.478,4.523,4.449,4.521,4.493,0.028,0.6232,3874217.25,1742756.113
csi300,2022-07-05,4.526,4.565,4.462,4.511,4.521,-0.01,-0.2212,3921158.2,1764375.389
csi300,2022-07-06,4.5,4.51,4.423,4.452,4.511,-0.059,-1.3079,3189627.17,1422718.113
csi300,2022-07-07,4.445,4.488,4.422,4.468,4.452,0.016,0.3594,4030459.46,1799540.021
csi300,2022-07-08,4.491,4.513,4.457,4.464,4.468,-0.004,-0.0895,2082490.3,933514.536
csi300,2022-07-11,4.446,4.446,4.37,4.388,4.464,-0.076,-1.7025,4522074.98,1985923.671
csi300,2022-07-12,4.382,4.407,4.338,4.352,4.388,-0.036,-0.8204,3435392.0,1500811.278
csi300,2022-07-13,4.355,4.379,4.328,4.359,4.352,0.007,0.1608,2956003.01,1286893.961
csi300,2022-07-14,4.355,4.389,4.336,4.36,4.359,0.001,0.0229,3264142.69,1423957.223
csi300,2022-07-15,4.35,4.4,4.293,4.295,4.36,-0.065,-1.4908,7373071.08,3198511.731
csi300,2022-07-18,4.312,4.359,4.274,4.341,4.295,0.046,1.071,3891151.08,1680718.462
csi300,2022-07-19,4.337,4.337,4.285,4.319,4.341,-0.022,-0.5068,3535270.01,1526690.226
csi300,2022-07-20,4.34,4.36,4.318,4.331,4.319,0.012,0.2778,2998383.73,1301780.82
csi300,2022-07-21,4.315,4.338,4.285,4.286,4.331,-0.045,-1.039,3104926.43,1336941.254
csi300,2022-07-22,4.301,4.335,4.259,4.289,4.286,0.003,0.07,3147688.01,1353688.808
csi300,2022-07-25,4.285,4.288,4.253,4.271,4.289,-0.018,-0.4197,2516760.78,1074518.097
csi300,2022-07-26,4.277,4.32,4.274,4.3,4.271,0.029,0.679,3762545.37,1616765.933
csi300,2022-07-27,4.29,4.297,4.268,4.276,4.3,-0.024,-0.5581,2571786.19,1100930.34
csi300,2022-07-28,4.292,4.33,4.275,4.279,4.276,0.003,0.0702,3695810.28,1591342.846
csi300,2022-07-29,4.283,4.305,4.211,4.22,4.279,-0.059,-1.3788,4712653.53,2000643.545
csi300,2022-08-01,4.206,4.248,4.181,4.238,4.22,0.018,0.4265,2983914.83,1259938.955
csi300,2022-08-02,4.21,4.21,4.132,4.167,4.238,-0.071,-1.6753,5439732.56,2264729.834
csi300,2022-08-03,4.18,4.209,4.111,4.122,4.167,-0.045,-1.0799,3766628.23,1569163.066
csi300,2022-08-04,4.139,4.162,4.122,4.153,4.122,0.031,0.7521,2617508.72,1084601.677
csi300,2022-08-05,4.156,4.224,4.153,4.218,4.153,0.065,1.5651,3933852.48,1643679.832
csi300,2022-08-08,4.201,4.219,4.193,4.204,4.218,-0.014,-0.3319,1572823.57,661606.877
csi300,2022-08-09,4.202,4.219,4.19,4.211,4.204,0.007,0.1665,2418243.56,1017515.521
csi300,2022-08-10,4.202,4.216,4.148,4.166,4.211,-0.045,-1.0686,2037631.74,851095.724
csi300,2022-08-11,4.183,4.26,4.176,4.254,4.166,0.088,2.1123,3480502.52,1469915.003
csi300,2022-08-12,4.252,4.266,4.238,4.255,4.254,0.001,0.0235,2055897.52,874286.49
csi300,2022-08-15,4.242,4.286,4.238,4.245,4.255,-0.01,-0.235,2328228.0,991661.294
csi300,2022-08-16,4.25,4.272,4.227,4.235,4.245,-0.01,-0.2356,1684833.56,715599.992
csi300,2022-08-17,4.236,4.287,4.211,4.276,4.235,0.041,0.9681,2810227.66,1196207.108
csi300,2022-08-18,4.27,4.274,4.234,4.239,4.276,-0.037,-0.8653,1999681.1,849821.038
csi300,2022-08-19,4.235,4.251,4.207,4.209,4.239,-0.03,-0.7077,2894410.65,1223343.184
csi300,2022-08-22,4.2,4.248,4.196,4.236,4.209,0.027,0.6415,3109323.7,1316161.171
csi300,2022-08-23,4.233,4.25,4.203,4.222,4.236,-0.014,-0.3305,2758775.95,1164226.234
csi300,2022-08-24,4.234,4.238,4.136,4.145,4.222,-0.077,-1.8238,4031611.0,1683776.031
csi300,2022-08-25,4.153,4.186,4.124,4.181,4.145,0.036,0.8685,3325106.91,1381245.566
csi300,2022-08-26,4.179,4.201,4.168,4.175,4.181,-0.006,-0.1435,2268554.32,949304.012
csi300,2022-08-29,4.141,4.161,4.125,4.15,4.175,-0.025,-0.5988,2345945.02,972243.824
csi300,2022-08-30,4.154,4.156,4.106,4.141,4.15,-0.009,-0.2169,2320947.92,958534.782
csi300,2022-08-31,4.124,4.182,4.113,4.141,4.141,0.0,0.0,5552796.34,2299526.279
csi300,2022-09-01,4.13,4.153,4.098,4.107,4.141,-0.034,-0.8211,3202516.0,1320917.293
csi300,2022-09-02,4.11,4.119,4.064,4.084,4.107,-0.023,-0.56,2637374.45,1078568.286
csi300,2022-09-05,4.075,4.083,4.04,4.082,4.084,-0.002,-0.049,2158650.1,876596.965
csi300,2022-09-06,4.095,4.116,4.074,4.111,4.082,0.029,0.7104,2641015.08,1081646.065
csi300,2022-09-07,4.097,4.131,4.094,4.119,4.111,0.008,0.1946,1835727.95,755009.708
csi300,2022-09-08,4.123,4.131,4.1,4.101,4.119,-0.018,-0.437,1716321.83,705978.922
csi300,2022-09-09,4.107,4.167,4.106,4.159,4.101,0.058,1.4143,3929759.47,1630730.745
csi300,2022-09-13,4.166,4.195,4.162,4.173,4.159,0.014,0.3366,3274311.9,1368323.051
csi300,2022-09-14,4.134,4.155,4.114,4.127,4.173,-0.046,-1.1023,4299138.63,1777685.334
csi300,2022-09-15,4.134,4.147,4.065,4.09,4.127,-0.037,-0.8965,5888444.46,2414072.683
csi300,2022-09-16,4.077,4.087,3.996,4.0,4.09,-0.09,-2.2005,7257809.0,2929005.272
csi300,2022-09-19,3.994,4.015,3.975,3.989,4.0,-0.011,-0.275,3977904.49,1588020.723
csi300,2022-09-20,4.006,4.023,3.98,3.991,3.989,0.002,0.0501,3015149.95,1206397.489
csi300,2022-09-21,3.98,3.99,3.943,3.961,3.991,-0.03,-0.7517,3634886.22,1441702.412
csi300,2022-09-22,3.945,3.964,3.92,3.932,3.961,-0.029,-0.7321,2798468.0,1101764.633
csi300,2022-09-23,3.932,3.951,3.892,3.924,3.932,-0.008,-0.2035,5202490.45,2042024.441
csi300,2022-09-26,3.9,3.958,3.894,3.899,3.924,-0.025,-0.6371,7560335.83,2966154.628
csi300,2022-09-27,3.91,3.957,3.892,3.949,3.899,0.05,1.2824,5191603.41,2035835.677
csi300,2022-09-28,3.935,3.938,3.89,3.893,3.949,-0.056,-1.4181,5300816.06,2073607.923
csi300,2022-09-29,3.916,3.937,3.873,3.894,3.893,0.001,0.0257,5060836.27,1977736.758
csi300,2022-09-30,3.895,3.915,3.865,3.868,3.894,-0.026,-0.6677,6383788.01,2480624.616
csi300,2022-10-10,3.867,3.87,3.777,3.789,3.868,-0.079,-2.0424,6841092.48,2614912.261
csi300,2022-10-11,3.791,3.804,3.77,3.786,3.789,-0.003,-0.0792,4913806.91,1861116.628
csi300,2022-10-12,3.787,3.851,3.719,3.848,3.786,0.062,1.6376,7315129.83,2765038.458
csi300,2022-10-13,3.816,3.847,3.806,3.815,3.848,-0.033,-0.8576,3451402.76,1318777.601
csi300,2022-10-14,3.852,3.923,3.843,3.903,3.815,0.088,2.3067,7496291.33,2913802.969
csi300,2022-10-17,3.895,3.906,3.869,3.902,3.903,-0.001,-0.0256,3887600.9,1512958.472
csi300,2022-10-18,3.924,3.93,3.887,3.895,3.902,-0.007,-0.1794,4311343.8,1683477.555
csi300,2022-10-19,3.89,3.902,3.834,3.836,3.895,-0.059,-1.5148,2881622.83,1112398.864
csi300,2022-10-20,3.82,3.876,3.791,3.824,3.836,-0.012,-0.3128,3723050.13,1422560.648
csi300,2022-10-21,3.837,3.839,3.784,3.802,3.824,-0.022,-0.5753,3275721.1,1248398.834
csi300,2022-10-24,3.799,3.833,3.686,3.704,3.802,-0.098,-2.5776,6297939.7,2356237.577
csi300,2022-10-25,3.692,3.739,3.661,3.688,3.704,-0.016,-0.432,8235169.71,3041126.027
csi300,2022-10-26,3.69,3.768,3.689,3.716,3.688,0.028,0.7592,6862870.21,2555494.776
csi300,2022-10-27,3.739,3.75,3.689,3.69,3.716,-0.026,-0.6997,5123970.5,1906381.171
csi300,2022-10-28,3.677,3.683,3.595,3.604,3.69,-0.086,-2.3306,7381371.51,2686507.817
csi300,2022-10-31,3.58,3.616,3.552,3.565,3.604,-0.039,-1.0821,5976563.87,2139122.276
csi300,2022-11-01,3.585,3.705,3.58,3.703,3.565,0.138,3.871,10691572.04,3904744.293
csi300,2022-11-02,3.685,3.767,3.678,3.737,3.703,0.034,0.9182,7516463.03,2800488.062
csi300,2022-11-03,3.717,3.732,3.689,3.707,3.737,-0.03,-0.8028,4881107.1,1811025.929
csi300,2022-11-04,3.705,3.851,3.704,3.834,3.707,0.127,3.426,11292457.26,4301093.449
csi300,2022-11-07,3.81,3.855,3.809,3.834,3.834,0.0,0.0,5340733.73,2046292.254
csi300,2022-11-08,3.834,3.843,3.787,3.811,3.834,-0.023,-0.5999,8012578.95,3048899.191
csi300,2022-11-09,3.811,3.824,3.767,3.771,3.811,-0.04,-1.0496,5209239.83,1973017.696
csi300,2022-11-10,3.75,3.766,3.727,3.75,3.771,-0.021,-0.5569,5064963.68,1895277.956
csi300,2022-11-11,3.842,3.898,3.81,3.848,3.75,0.098,2.6133,13767022.67,5298752.15
csi300,2022-11-14,3.898,3.919,3.84,3.85,3.848,0.002,0.052,8509668.66,3301268.208
csi300,2022-11-15,3.842,3.934,3.835,3.925,3.85,0.075,1.9481,7671834.69,2991368.782
csi300,2022-11-16,3.918,3.938,3.891,3.896,3.925,-0.029,-0.7389,5377972.13,2102969.877
csi300,2022-11-17,3.886,3.886,3.835,3.879,3.896,-0.017,-0.4363,7916228.15,3054875.919
csi300,2022-11-18,3.882,3.902,3.859,3.866,3.879,-0.013,-0.3351,6491949.23,2516386.318
csi300,2022-11-21,3.837,3.837,3.79,3.833,3.866,-0.033,-0.8536,5182489.08,1975747.61
csi300,2022-11-22,3.827,3.871,3.805,3.831,3.833,-0.002,-0.0522,6490256.38,2485266.857
csi300,2022-11-23,3.82,3.856,3.814,3.834,3.831,0.003,0.0783,5487915.95,2103792.365
csi300,2022-11-24,3.85,3.868,3.81,3.816,3.834,-0.018,-0.4695,4821489.26,1848016.848
csi300,2022-11-25,3.819,3.854,3.805,3.837,3.816,0.021,0.5503,5492157.73,2105975.532
csi300,2022-11-28,3.772,3.799,3.73,3.792,3.837,-0.045,-1.1728,6260914.49,2355441.434
csi300,2022-11-29,3.814,3.917,3.814,3.908,3.792,0.116,3.0591,7207068.45,2792262.749
csi300,2022-11-30,3.898,3.927,3.895,3.911,3.908,0.003,0.0768,4594858.0,1796654.8
csi300,2022-12-01,3.98,4.01,3.955,3.956,3.911,0.045,1.1506,6354125.83,2528610.659
csi300,2022-12-02,3.955,3.964,3.931,3.933,3.956,-0.023,-0.5814,10304210.29,4066062.11
csi300,2022-12-05,3.974,4.007,3.957,4.004,3.933,0.071,1.8052,8761770.74,3492977.853
csi300,2022-12-06,3.992,4.05,3.988,4.027,4.004,0.023,0.5744,7658072.6,3081714.196
csi300,2022-12-07,4.02,4.066,4.0,4.015,4.027,-0.012,-0.298,6820750.53,2745026.152
csi300,2022-12-08,4.015,4.033,4.003,4.024,4.015,0.009,0.2242,5094094.92,2047176.131
csi300,2022-12-09,4.023,4.069,4.008,4.058,4.024,0.034,0.8449,6474551.86,2613255.569
csi300,2022-12-12,4.045,4.045,4.012,4.016,4.058,-0.042,-1.035,4668575.24,1880206.885
csi300,2022-12-13,4.018,4.028,4.0,4.005,4.016,-0.011,-0.2739,3636743.33,1459236.5
csi300,2022-12-14,4.01,4.033,3.995,4.015,4.005,0.01,0.2497,6219073.53,2495651.006
csi300,2022-12-15,4.016,4.025,3.988,4.013,4.015,-0.002,-0.0498,5307512.98,2126027.806
csi300,2022-12-16,4.011,4.026,3.992,4.017,4.013,0.004,0.0997,9083686.92,3639862.008
csi300,2022-12-19,4.022,4.033,3.942,3.959,4.017,-0.058,-1.4439,7451964.91,2965759.177
csi300,2022-12-20,3.945,3.948,3.873,3.896,3.959,-0.063,-1.5913,8155654.96,3188456.65
csi300,2022-12-21,3.901,3.911,3.882,3.893,3.896,-0.003,-0.077,5230558.0,2038360.701
csi300,2022-12-22,3.916,3.944,3.881,3.901,3.893,0.008,0.2055,6878209.77,2690306.339
csi300,2022-12-23,3.884,3.912,3.872,3.891,3.901,-0.01,-0.2563,10847910.27,4222061.974
csi300,2022-12-26,3.89,3.92,3.888,3.9,3.891,0.009,0.2313,6511936.84,2542745.278
csi300,2022-12-27,3.94,3.953,3.919,3.947,3.9,0.047,1.2051,5820487.97,2292894.562
csi300,2022-12-28,3.939,3.945,3.917,3.934,3.947,-0.013,-0.3294,6492689.83,2553573.421
csi300,2022-12-29,3.919,3.933,3.896,3.922,3.934,-0.012,-0.305,7212710.03,2825957.366
csi300,2022-12-30,3.937,3.951,3.934,3.938,3.922,0.016,0.408,6302285.76,2485143.924
csi300,2023-01-03,3.937,3.961,3.89,3.949,3.938,0.011,0.2793,6563107.82,2576087.718
csi300,2023-01-04,3.948,3.965,3.931,3.954,3.949,0.005,0.1266,9807997.21,3874438.389
csi300,2023-01-05,3.975,4.035,3.972,4.029,3.954,0.075,1.8968,7745022.93,3108571.448
csi300,2023-01-06,4.03,4.062,4.026,4.045,4.029,0.016,0.3971,5410808.25,2187353.311
csi300,2023-01-09,4.065,4.086,4.052,4.07,4.045,0.025,0.618,7809599.41,3178181.433
csi300,2023-01-10,4.068,4.092,4.062,4.076,4.07,0.006,0.1474,7442622.24,3033001.135
csi300,2023-01-11,4.077,4.105,4.069,4.076,4.076,0.0,0.0,5715114.39,2334923.33
csi300,2023-01-12,4.083,4.095,4.068,4.082,4.076,0.006,0.1472,3255872.08,1328948.654
csi300,2023-01-13,4.089,4.148,4.089,4.144,4.082,0.062,1.5189,6559089.97,2702284.069
csi300,2023-01-16,4.085,4.184,4.083,4.143,4.08,0.063,1.5441,17163759.27,7109168.359
csi300,2023-01-17,4.143,4.152,4.122,4.139,4.143,-0.004,-0.0965,6015131.27,2488168.863
csi300,2023-01-18,4.146,4.152,4.126,4.13,4.139,-0.009,-0.2174,4456900.58,1843406.132
csi300,2023-01-19,4.121,4.16,4.103,4.158,4.13,0.028,0.678,6074324.04,2513066.753
csi300,2023-01-20,4.173,4.194,4.165,4.181,4.158,0.023,0.5532,5700821.96,2382114.372
csi300,2023-01-30,4.26,4.267,4.198,4.205,4.181,0.024,0.574,8013470.8,3386449.597
csi300,2023-01-31,4.208,4.217,4.152,4.159,4.205,-0.046,-1.0939,11392222.31,4761842.944
csi300,2023-02-01,4.164,4.192,4.133,4.19,4.159,0.031,0.7454,7156519.62,2981748.341
csi300,2023-02-02,4.202,4.205,4.163,4.18,4.19,-0.01,-0.2387,10018528.33,4188623.374
csi300,2023-02-03,4.154,4.157,4.101,4.137,4.18,-0.043,-1.0287,9600521.04,3961301.299
csi300,2023-02-06,4.103,4.104,4.058,4.08,4.137,-0.057,-1.3778,7314597.03,2982940.562
csi300,2023-02-07,4.086,4.101,4.07,4.09,4.08,0.01,0.2451,5539881.04,2263547.38
csi300,2023-02-08,4.092,4.109,4.065,4.073,4.09,-0.017,-0.4156,4628713.01,1889787.994
csi300,2023-02-09,4.067,4.131,4.063,4.127,4.073,0.054,1.3258,5958885.82,2450554.135
csi300,2023-02-10,4.128,4.128,4.086,4.103,4.127,-0.024,-0.5815,5205224.36,2135893.097
csi300,2023-02-13,4.09,4.141,4.083,4.135,4.103,0.032,0.7799,8280101.37,3415190.764
csi300,2023-02-14,4.141,4.147,4.119,4.144,4.135,0.009,0.2177,3326323.66,1374345.788
csi300,2023-02-15,4.141,4.154,4.108,4.116,4.144,-0.028,-0.6757,6455067.58,2658512.888
csi300,2023-02-16,4.12,4.168,4.062,4.087,4.116,-0.029,-0.7046,7925100.51,3275079.466
csi300,2023-02-17,4.085,4.101,4.025,4.029,4.087,-0.058,-1.4191,7433949.22,3025278.809
csi300,2023-02-20,4.034,4.137,4.028,4.134,4.029,0.105,2.6061,10495254.86,4282521.265
csi300,2023-02-21,4.134,4.15,4.114,4.139,4.134,0.005,0.1209,5609024.94,2318009.475
csi300,2023-02-22,4.123,4.134,4.092,4.099,4.139,-0.04,-0.9664,4529454.39,1861371.777
csi300,2023-02-23,4.103,4.125,4.081,4.099,4.099,0.0,0.0,4655595.33,1908740.957
csi300,2023-02-24,4.098,4.098,4.04,4.06,4.099,-0.039,-0.9515,8087761.54,3282777.177
csi300,2023-02-27,4.04,4.063,4.028,4.045,4.06,-0.015,-0.3695,4569575.03,1848791.379
csi300,2023-02-28,4.057,4.076,4.02,4.071,4.045,0.026,0.6428,4845454.31,1963458.643
csi300,2023-03-01,4.067,4.136,4.06,4.12,4.071,0.049,1.2036,11804809.52,4856375.177
csi300,2023-03-02,4.11,4.134,4.107,4.115,4.12,-0.005,-0.1214,4391328.6,1808866.225
csi300,2023-03-03,4.126,4.136,4.094,4.124,4.115,0.009,0.2187,4201757.27,1730990.673
csi300,2023-03-06,4.125,4.127,4.08,4.099,4.124,-0.025,-0.6062,9293024.52,3808515.076
csi300,2023-03-07,4.095,4.118,4.039,4.042,4.099,-0.057,-1.3906,6746494.18,2756431.261
csi300,2023-03-08,4.03,4.035,4.01,4.026,4.042,-0.016,-0.3958,4313153.62,1735039.806
csi300,2023-03-09,4.032,4.036,3.992,4.016,4.026,-0.01,-0.2484,4079364.91,1639051.249
csi300,2023-03-10,3.99,4.004,3.959,3.961,4.016,-0.055,-1.3695,4981129.25,1982846.713
csi300,2023-03-13,3.961,4.008,3.961,4.005,3.961,0.044,1.1108,4674529.24,1865984.62
csi300,2023-03-14,4.0,4.0,3.945,3.98,4.005,-0.025,-0.6242,4635415.7,1842611.053
csi300,2023-03-15,4.006,4.016,3.978,3.979,3.98,-0.001,-0.0251,3933010.56,1571377.024
csi300,2023-03-16,3.96,3.979,3.93,3.933,3.979,-0.046,-1.1561,4331438.17,1713141.943
csi300,2023-03-17,3.96,4.004,3.935,3.954,3.933,0.021,0.5339,11235011.96,4453754.362
csi300,2023-03-20,3.954,3.976,3.926,3.932,3.954,-0.022,-0.5564,5709547.57,2258210.593
csi300,2023-03-21,3.943,3.979,3.941,3.975,3.932,0.043,1.0936,5567436.61,2206195.773
csi300,2023-03-22,3.985,4.009,3.979,3.993,3.975,0.018,0.4528,5817561.57,2323803.781
csi300,2023-03-23,3.98,4.032,3.978,4.031,3.993,0.038,0.9517,5344729.29,2143951.55
csi300,2023-03-24,4.023,4.034,4.014,4.026,4.031,-0.005,-0.124,2548952.54,1025007.603
csi300,2023-03-27,4.025,4.025,3.984,4.005,4.026,-0.021,-0.5216,4912546.74,1966086.521
csi300,2023-03-28,4.006,4.018,3.99,3.997,4.005,-0.008,-0.1998,5072061.25,2029086.627
csi300,2023-03-29,4.018,4.019,3.991,3.997,3.997,0.0,0.0,6163363.08,2467227.537
csi300,2023-03-30,3.998,4.041,3.981,4.04,3.997,0.043,1.0758,5572069.77,2238129.589
csi300,2023-03-31,4.045,4.063,4.039,4.05,4.04,0.01,0.2475,6711624.79,2718176.592
csi300,2023-04-03,4.05,4.091,4.045,4.08,4.05,0.03,0.7407,5513396.98,2243377.317
csi300,2023-04-04,4.08,4.102,4.072,4.1,4.08,0.02,0.4902,4803087.24,1960368.642
csi300,2023-04-06,4.085,4.093,4.073,4.088,4.1,-0.012,-0.2927,3782868.41,1544679.079
csi300,2023-04-07,4.088,4.129,4.086,4.117,4.088,0.029,0.7094,3295856.83,1355999.026
csi300,2023-04-10,4.128,4.129,4.098,4.102,4.117,-0.015,-0.3643,4743615.79,1948356.331
csi300,2023-04-11,4.105,4.112,4.078,4.092,4.102,-0.01,-0.2438,5359549.87,2195224.021
csi300,2023-04-12,4.093,4.098,4.08,4.088,4.092,-0.004,-0.0978,3358336.87,1373120.38
csi300,2023-04-13,4.079,4.085,4.057,4.063,4.088,-0.025,-0.6115,4021907.38,1635782.613
csi300,2023-04-14,4.075,4.094,4.071,4.084,4.063,0.021,0.5169,4560326.44,1860596.353
csi300,2023-04-17,4.081,4.147,4.08,4.145,4.084,0.061,1.4936,6325479.99,2605868.198
csi300,2023-04-18,4.144,4.163,4.136,4.152,4.145,0.007,0.1689,4160542.95,1726660.643
csi300,2023-04-19,4.154,4.154,4.115,4.119,4.152,-0.033,-0.7948,4085730.24,1688498.846
csi300,2023-04-20,4.118,4.122,4.09,4.103,4.119,-0.016,-0.3884,6073086.36,2491260.807
csi300,2023-04-21,4.103,4.106,4.024,4.03,4.103,-0.073,-1.7792,6836486.27,2776624.903
csi300,2023-04-24,4.029,4.032,3.963,3.979,4.03,-0.051,-1.2655,5940936.64,2372492.823
csi300,2023-04-25,3.98,3.988,3.924,3.96,3.979,-0.019,-0.4775,9664267.71,3820424.644
csi300,2023-04-26,3.958,3.97,3.934,3.951,3.96,-0.009,-0.2273,9034653.26,3570141.037
csi300,2023-04-27,3.948,4.0,3.94,3.986,3.951,0.035,0.8859,4677696.71,1857891.159
csi300,2023-04-28,3.997,4.03,3.991,4.025,3.986,0.039,0.9784,4518062.34,1813115.078
csi300,2023-05-04,4.013,4.027,3.996,4.025,4.025,0.0,0.0,3378611.24,1356998.397
csi300,2023-05-05,4.026,4.038,3.989,4.009,4.025,-0.016,-0.3975,3379499.05,1355979.468
csi300,2023-05-08,4.016,4.064,4.011,4.054,4.009,0.045,1.1225,6848151.56,2769137.971
csi300,2023-05-09,4.059,4.085,4.019,4.019,4.054,-0.035,-0.8633,5668906.88,2299963.548
csi300,2023-05-10,4.017,4.019,3.98,3.988,4.019,-0.031,-0.7713,9165933.16,3663507.046
csi300,2023-05-11,3.998,4.008,3.98,3.983,3.988,-0.005,-0.1254,3216150.29,1284651.681
csi300,2023-05-12,3.982,3.996,3.93,3.932,3.983,-0.051,-1.2804,5187745.22,2053102.56
csi300,2023-05-15,3.934,3.996,3.923,3.995,3.932,0.063,1.6022,8107573.96,3203031.252
csi300,2023-05-16,3.994,4.0,3.962,3.978,3.995,-0.017,-0.4255,4068203.1,1620578.488
csi300,2023-05-17,3.971,3.982,3.941,3.951,3.978,-0.027,-0.6787,6405805.08,2535368.771
csi300,2023-05-18,3.958,3.978,3.931,3.95,3.951,-0.001,-0.0253,7006002.19,2770097.587
csi300,2023-05-19,3.94,3.966,3.922,3.944,3.95,-0.006,-0.1519,3417125.85,1347166.083
csi300,2023-05-22,3.943,3.985,3.93,3.964,3.944,0.02,0.5071,5003757.23,1981482.735
csi300,2023-05-23,3.967,3.971,3.906,3.907,3.964,-0.057,-1.4379,6117573.37,2405349.012
csi300,2023-05-24,3.902,3.903,3.852,3.854,3.907,-0.053,-1.3565,7672776.16,2973586.313
csi300,2023-05-25,3.848,3.858,3.812,3.845,3.854,-0.009,-0.2335,4918567.45,1888723.116
csi300,2023-05-26,3.843,3.861,3.813,3.85,3.845,0.005,0.13,4462036.6,1713952.91
csi300,2023-05-29,3.858,3.87,3.819,3.834,3.85,-0.016,-0.4156,4030135.49,1546653.526
csi300,2023-05-30,3.826,3.847,3.79,3.838,3.834,0.004,0.1043,5720979.44,2186287.405
csi300,2023-05-31,3.828,3.828,3.785,3.802,3.838,-0.036,-0.938,7338757.12,2792006.056
csi300,2023-06-01,3.799,3.84,3.794,3.81,3.802,0.008,0.2104,6749756.97,2579669.883
csi300,2023-06-02,3.83,3.873,3.83,3.863,3.81,0.053,1.3911,6929780.97,2672332.967
csi300,2023-06-05,3.857,3.861,3.835,3.845,3.863,-0.018,-0.466,3611549.26,1389909.743
csi300,2023-06-06,3.846,3.874,3.804,3.808,3.845,-0.037,-0.9623,4115697.03,1579493.947
csi300,2023-06-07,3.82,3.827,3.783,3.796,3.808,-0.012,-0.3151,3721766.73,1416641.429
csi300,2023-06-08,3.796,3.843,3.783,3.828,3.796,0.032,0.843,3834888.93,1462204.388
csi300,2023-06-09,3.829,3.847,3.822,3.844,3.828,0.016,0.418,5270688.56,2021624.139
csi300,2023-06-12,3.84,3.87,3.825,3.848,3.844,0.004,0.1041,4596593.36,1768357.7
csi300,2023-06-13,3.84,3.88,3.837,3.877,3.848,0.029,0.7536,3503880.28,1353181.342
csi300,2023-06-14,3.879,3.904,3.875,3.877,3.877,0.0,0.0,4441136.22,1727523.754
csi300,2023-06-15,3.886,3.943,3.88,3.942,3.877,0.065,1.6766,5084305.49,1990297.387
csi300,2023-06-16,3.949,3.988,3.949,3.979,3.942,0.037,0.9386,6021488.04,2389873.017
csi300,2023-06-19,3.979,3.979,3.944,3.949,3.979,-0.03,-0.754,4003073.79,1583693.179
csi300,2023-06-20,3.941,3.959,3.936,3.942,3.949,-0.007,-0.1773,3538923.42,1396571.289
csi300,2023-06-21,3.935,3.939,3.885,3.887,3.942,-0.055,-1.3952,4893537.0,1915610.962
csi300,2023-06-26,3.866,3.87,3.831,3.843,3.887,-0.044,-1.132,6404956.0,2462685.974
csi300,2023-06-27,3.842,3.879,3.835,3.869,3.843,0.026,0.6766,3971020.74,1532293.882
csi300,2023-06-28,3.863,3.878,3.837,3.877,3.869,0.008,0.2068,4627456.13,1786039.957
csi300,2023-06-29,3.877,3.879,3.847,3.859,3.877,-0.018,-0.4643,3002626.47,1159259.69
csi300,2023-06-30,3.858,3.9,3.853,3.882,3.859,0.023,0.596,5299182.5,2058017.0
csi300,2023-07-03,3.89,3.939,3.888,3.927,3.882,0.045,1.1592,4739097.07,1857984.547
csi300,2023-07-04,3.925,3.936,3.919,3.934,3.927,0.007,0.1783,2521212.89,990312.869
csi300,2023-07-05,3.928,3.934,3.901,3.907,3.934,-0.027,-0.6863,2712152.41,1061461.518
csi300,2023-07-06,3.9,3.92,3.874,3.879,3.907,-0.028,-0.7167,3467438.84,1349288.878
csi300,2023-07-07,3.875,3.884,3.859,3.868,3.879,-0.011,-0.2836,3022776.7,1170006.594
csi300,2023-07-10,3.886,3.91,3.872,3.884,3.868,0.016,0.4137,4284868.11,1668025.659
csi300,2023-07-11,3.897,3.915,3.887,3.91,3.884,0.026,0.6694,5874389.34,2292218.456
csi300,2023-07-12,3.914,3.92,3.881,3.891,3.91,-0.019,-0.4859,3894107.68,1520311.053
csi300,2023-07-13,3.91,3.957,3.91,3.954,3.891,0.063,1.6191,5722865.52,2254997.24
csi300,2023-07-14,3.96,3.964,3.95,3.952,3.954,-0.002,-0.0506,3632621.03,1437431.006
csi300,2023-07-17,3.946,3.946,3.908,3.924,3.952,-0.028,-0.7085,4486125.66,1757874.089
csi300,2023-07-18,3.925,3.932,3.905,3.918,3.924,-0.006,-0.1529,2666707.16,1044528.809
csi300,2023-07-19,3.91,3.924,3.895,3.916,3.918,-0.002,-0.051,5012406.59,1958620.837
csi300,2023-07-20,3.923,3.942,3.881,3.888,3.916,-0.028,-0.715,8715070.69,3409059.171
csi300,2023-07-21,3.888,3.917,3.875,3.89,3.888,0.002,0.0514,7272501.49,2831069.309
csi300,2023-07-24,3.87,3.897,3.864,3.873,3.89,-0.017,-0.437,4549819.86,1762582.929
csi300,2023-07-25,3.92,3.986,3.92,3.985,3.873,0.112,2.8918,11409823.93,4516702.93
csi300,2023-07-26,3.98,3.982,3.961,3.976,3.985,-0.009,-0.2258,5880385.74,2336248.742
csi300,2023-07-27,3.985,3.998,3.96,3.972,3.976,-0.004,-0.1006,6024657.65,2399970.524
csi300,2023-07-28,3.953,4.075,3.953,4.068,3.972,0.096,2.4169,14964884.03,6045486.97
csi300,2023-07-31,4.1,4.141,4.074,4.084,4.068,0.016,0.3933,17906349.98,7347223.022
csi300,2023-08-01,4.08,4.105,4.055,4.066,4.084,-0.018,-0.4407,11359815.81,4628166.309
csi300,2023-08-02,4.059,4.08,4.026,4.037,4.066,-0.029,-0.7132,7894398.31,3195405.068
csi300,2023-08-03,4.031,4.075,4.031,4.073,4.037,0.036,0.8918,7379311.12,2990984.772
csi300,2023-08-04,4.115,4.132,4.08,4.094,4.073,0.021,0.5156,14223574.58,5844695.555
csi300,2023-08-07,4.076,4.076,4.049,4.063,4.094,-0.031,-0.7572,12814224.08,5203107.906
csi300,2023-08-08,4.048,4.075,4.035,4.048,4.063,-0.015,-0.3692,11165790.62,4524172.048
csi300,2023-08-09,4.038,4.055,4.034,4.04,4.048,-0.008,-0.1976,13325079.01,5388159.549
csi300,2023-08-10,4.038,4.05,4.014,4.045,4.04,0.005,0.1238,9382509.08,3788454.446
csi300,2023-08-11,4.045,4.048,3.948,3.95,4.045,-0.095,-2.3486,12885598.13,5137860.063
csi300,2023-08-14,3.919,3.932,3.884,3.923,3.95,-0.027,-0.6835,10386003.3,4062406.138
csi300,2023-08-15,3.927,3.935,3.881,3.919,3.923,-0.004,-0.102,8165194.1,3193418.408
csi300,2023-08-16,3.902,3.922,3.887,3.889,3.919,-0.03,-0.7655,8558494.76,3338499.228
csi300,2023-08-17,3.871,3.909,3.855,3.902,3.889,0.013,0.3343,11561183.39,4488757.418
csi300,2023-08-18,3.904,3.914,3.851,3.852,3.902,-0.05,-1.2814,12755465.46,4949895.035
csi300,2023-08-21,3.843,3.854,3.797,3.8,3.852,-0.052,-1.3499,11009243.57,4211773.045
csi300,2023-08-22,3.818,3.841,3.772,3.823,3.8,0.023,0.6053,13315288.73,5068251.898
csi300,2023-08-23,3.81,3.821,3.759,3.768,3.823,-0.055,-1.4387,10824197.22,4103294.099
csi300,2023-08-24,3.775,3.82,3.772,3.791,3.768,0.023,0.6104,9526547.79,3613485.225
csi300,2023-08-25,3.776,3.809,3.768,3.784,3.791,-0.007,-0.1846,11745354.68,4441349.667
csi300,2023-08-28,4.011,4.011,3.81,3.837,3.784,0.053,1.4006,28220117.65,10967426.433
csi300,2023-08-29,3.82,3.888,3.818,3.859,3.837,0.022,0.5734,21940525.31,8447914.072
csi300,2023-08-30,3.864,3.884,3.85,3.858,3.859,-0.001,-0.0259,10361322.86,4005949.852
csi300,2023-08-31,3.858,3.865,3.83,3.839,3.858,-0.019,-0.4925,8384688.26,3223625.329
csi300,2023-09-01,3.857,3.88,3.85,3.862,3.839,0.023,0.5991,7926924.88,3061777.815
csi300,2023-09-04,3.89,3.93,3.874,3.92,3.862,0.058,1.5018,11855232.74,4631839.161
csi300,2023-09-05,3.91,3.912,3.885,3.893,3.92,-0.027,-0.6888,6297700.96,2454185.74
csi300,2023-09-06,3.88,3.893,3.866,3.883,3.893,-0.01,-0.2569,7151761.27,2772119.111
csi300,2023-09-07,3.875,3.876,3.826,3.83,3.883,-0.053,-1.3649,9410349.63,3620025.67
csi300,2023-09-08,3.815,3.828,3.796,3.809,3.83,-0.021,-0.5483,8186358.34,3117927.088
csi300,2023-09-11,3.81,3.861,3.803,3.837,3.809,0.028,0.7351,8166507.88,3130054.721
csi300,2023-09-12,3.834,3.846,3.825,3.832,3.837,-0.005,-0.1303,5949369.1,2280742.953
csi300,2023-09-13,3.831,3.842,3.787,3.807,3.832,-0.025,-0.6524,10321331.23,3927790.358
csi300,2023-09-14,3.806,3.818,3.785,3.804,3.807,-0.003,-0.0788,9282830.35,3527433.204
csi300,2023-09-15,3.811,3.818,3.769,3.787,3.804,-0.017,-0.4469,11906221.12,4515384.978
csi300,2023-09-18,3.778,3.811,3.764,3.8,3.787,0.013,0.3433,9859263.93,3740921.119
csi300,2023-09-19,3.796,3.798,3.772,3.795,3.8,-0.005,-0.1316,7270062.69,2752539.515
csi300,2023-09-20,3.785,3.793,3.777,3.777,3.795,-0.018,-0.4743,6341354.98,2399486.875
csi300,2023-09-21,3.769,3.783,3.741,3.742,3.777,-0.035,-0.9267,8991970.17,3378417.954
csi300,2023-09-22,3.736,3.818,3.735,3.817,3.742,0.075,2.0043,12471165.54,4719058.01
csi300,2023-09-25,3.806,3.809,3.782,3.789,3.817,-0.028,-0.7336,7009056.51,2656946.227
csi300,2023-09-26,3.786,3.797,3.766,3.768,3.789,-0.021,-0.5542,8629084.81,3257834.057
csi300,2023-09-27,3.767,3.805,3.766,3.778,3.768,0.01,0.2654,10780539.58,4074752.971
csi300,2023-09-28,3.785,3.791,3.756,3.764,3.778,-0.014,-0.3706,11206123.53,4221645.459
csi300,2023-10-09,3.757,3.768,3.713,3.754,3.764,-0.01,-0.2657,8752130.72,3273783.14
csi300,2023-10-10,3.766,3.778,3.724,3.727,3.754,-0.027,-0.7192,9279323.76,3475885.457
csi300,2023-10-11,3.745,3.762,3.727,3.735,3.727,0.008,0.2146,8934987.08,3346389.864
csi300,2023-10-12,3.77,3.785,3.752,3.771,3.735,0.036,0.9639,9335215.69,3516113.484
csi300,2023-10-13,3.75,3.751,3.724,3.736,3.771,-0.035,-0.9281,11350953.39,4239502.34
csi300,2023-10-16,3.736,3.738,3.682,3.693,3.736,-0.043,-1.151,11389805.84,4217878.506
csi300,2023-10-17,3.7,3.713,3.687,3.705,3.693,0.012,0.3249,8880603.0,3286594.496
csi300,2023-10-18,3.699,3.703,3.675,3.677,3.705,-0.028,-0.7557,8102705.94,2986654.336
csi300,2023-10-19,3.66,3.66,3.595,3.6,3.677,-0.077,-2.0941,16903687.77,6128588.638
csi300,2023-10-20,3.583,3.6,3.565,3.582,3.6,-0.018,-0.5,17404461.64,6233727.376
csi300,2023-10-23,3.568,3.57,3.512,3.544,3.582,-0.038,-1.0609,27102417.09,9591980.2
csi300,2023-10-24,3.553,3.563,3.52,3.549,3.544,0.005,0.1411,15350129.75,5440874.384
csi300,2023-10-25,3.588,3.603,3.567,3.569,3.549,0.02,0.5635,13833515.68,4957392.955
csi300,2023-10-26,3.555,3.586,3.548,3.582,3.569,0.013,0.3642,11436094.97,4074940.755
csi300,2023-10-27,3.574,3.649,3.565,3.636,3.582,0.054,1.5075,16476623.97,5952697.55
csi300,2023-10-30,3.622,3.663,3.62,3.652,3.636,0.016,0.44,9614013.73,3503763.582
csi300,2023-10-31,3.645,3.65,3.622,3.644,3.652,-0.008,-0.2191,8396600.29,3053046.237
csi300,2023-11-01,3.68,3.68,3.632,3.642,3.644,-0.002,-0.0549,8119834.0,2960433.483
csi300,2023-11-02,3.648,3.669,3.624,3.625,3.642,-0.017,-0.4668,10753815.83,3915900.772
csi300,2023-11-03,3.631,3.668,3.63,3.653,3.625,0.028,0.7724,10578226.83,3863396.873
csi300,2023-11-06,3.675,3.705,3.674,3.701,3.653,0.048,1.314,11766495.62,4344615.629
csi300,2023-11-07,3.692,3.701,3.676,3.69,3.701,-0.011,-0.2972,6575290.91,2424393.951
csi300,2023-11-08,3.683,3.696,3.658,3.679,3.69,-0.011,-0.2981,11353212.2,4175672.872
csi300,2023-11-09,3.671,3.695,3.669,3.682,3.679,0.003,0.0815,8185694.45,3012831.353
csi300,2023-11-10,3.668,3.668,3.643,3.655,3.682,-0.027,-0.7333,7841767.92,2864208.754
csi300,2023-11-13,3.659,3.666,3.63,3.65,3.655,-0.005,-0.1368,6744633.35,2456900.62
csi300,2023-11-14,3.654,3.67,3.635,3.65,3.65,0.0,0.0,7533172.17,2750944.509
csi300,2023-11-15,3.68,3.691,3.663,3.675,3.65,0.025,0.6849,9940631.3,3654308.894
csi300,2023-11-16,3.67,3.673,3.637,3.639,3.675,-0.036,-0.9796,8815566.65,3216526.669
csi300,2023-11-17,3.63,3.638,3.612,3.634,3.639,-0.005,-0.1374,11984508.72,4344183.851
csi300,2023-11-20,3.637,3.657,3.61,3.645,3.634,0.011,0.3027,8584303.6,3119864.711
csi300,2023-11-21,3.655,3.686,3.64,3.65,3.645,0.005,0.1372,9316054.85,3414862.52
csi300,2023-11-22,3.641,3.646,3.61,3.611,3.65,-0.039,-1.0685,7622027.06,2765607.794
csi300,2023-11-23,3.609,3.632,3.595,3.63,3.611,0.019,0.5262,7749718.08,2800813.039
csi300,2023-11-24,3.626,3.627,3.598,3.605,3.63,-0.025,-0.6887,7434532.94,2684275.512
csi300,2023-11-27,3.604,3.604,3.557,3.581,3.605,-0.024,-0.6657,7762956.48,2773819.65
csi300,2023-11-28,3.575,3.59,3.566,3.585,3.581,0.004,0.1117,7274837.41,2603222.024
csi300,2023-11-29,3.586,3.589,3.545,3.558,3.585,-0.027,-0.7531,7590569.98,2702123.586
csi300,2023-11-30,3.554,3.572,3.547,3.562,3.558,0.004,0.1124,6678100.76,2377329.01
csi300,2023-12-01,3.561,3.567,3.519,3.548,3.562,-0.014,-0.393,8604681.31,3046328.676
csi300,2023-12-04,3.551,3.554,3.523,3.524,3.548,-0.024,-0.6764,6925229.52,2448340.185
csi300,2023-12-05,3.519,3.519,3.457,3.458,3.524,-0.066,-1.8729,10087895.71,3519764.103
csi300,2023-12-06,3.454,3.483,3.444,3.463,3.458,0.005,0.1446,10019448.65,3471511.576
csi300,2023-12-07,3.461,3.468,3.431,3.454,3.463,-0.009,-0.2599,9345058.26,3222732.043
csi300,2023-12-08,3.455,3.473,3.45,3.461,3.454,0.007,0.2027,7091985.92,2456531.937
csi300,2023-12-11,3.44,3.497,3.415,3.485,3.461,0.024,0.6934,9982478.34,3440612.626
csi300,2023-12-12,3.476,3.495,3.473,3.493,3.485,0.008,0.2296,6407242.15,2232549.949
csi300,2023-12-13,3.482,3.486,3.432,3.435,3.493,-0.058,-1.6605,7088152.11,2449237.49
csi300,2023-12-14,3.451,3.465,3.414,3.419,3.435,-0.016,-0.4658,7415331.23,2548257.393
csi300,2023-12-15,3.43,3.454,3.405,3.412,3.419,-0.007,-0.2047,8999767.85,3083345.817
csi300,2023-12-18,3.398,3.419,3.38,3.398,3.412,-0.014,-0.4103,8473037.52,2880805.451
csi300,2023-12-19,3.397,3.414,3.38,3.4,3.398,0.002,0.0589,10985366.29,3728059.629
csi300,2023-12-20,3.404,3.409,3.365,3.369,3.4,-0.031,-0.9118,10347176.1,3505163.478
csi300,2023-12-21,3.355,3.411,3.352,3.4,3.369,0.031,0.9202,15924480.74,5392955.427
csi300,2023-12-22,3.397,3.43,3.382,3.406,3.4,0.006,0.1765,20765265.41,7076759.645
csi300,2023-12-25,3.405,3.42,3.401,3.415,3.406,0.009,0.2642,10041465.45,3425066.434
csi300,2023-12-26,3.413,3.413,3.385,3.395,3.415,-0.02,-0.5857,7771693.2,2637394.901
csi300,2023-12-27,3.396,3.411,3.378,3.405,3.395,0.01,0.2946,8361724.65,2840693.989
csi300,2023-12-28,3.401,3.498,3.4,3.489,3.405,0.084,2.467,23832991.92,8259924.175
csi300,2023-12-29,3.488,3.505,3.482,3.499,3.489,0.01,0.2866,25188734.84,8806298.908
csi300,2024-01-02,3.502,3.502,3.451,3.453,3.499,-0.046,-1.3147,9429305.78,3269676.679
csi300,2024-01-03,3.446,3.46,3.428,3.443,3.453,-0.01,-0.2896,10617502.73,3654757.871
csi300,2024-01-04,3.442,3.442,3.387,3.413,3.443,-0.03,-0.8713,16661524.81,5674869.534
csi300,2024-01-05,3.404,3.439,3.377,3.396,3.413,-0.017,-0.4981,16996696.66,5796964.474
csi300,2024-01-08,3.389,3.403,3.346,3.349,3.396,-0.047,-1.384,17304243.86,5816612.453
csi300,2024-01-09,3.351,3.371,3.339,3.357,3.349,0.008,0.2389,11312178.13,3794394.933
csi300,2024-01-10,3.35,3.381,3.332,3.341,3.357,-0.016,-0.4766,9582540.57,3211385.597
csi300,2024-01-11,3.341,3.38,3.334,3.36,3.341,0.019,0.5687,12662371.58,4254642.486
csi300,2024-01-12,3.351,3.377,3.346,3.349,3.36,-0.011,-0.3274,8413272.73,2826380.699
csi300,2024-01-15,3.33,3.375,3.324,3.345,3.349,-0.004,-0.1194,9055706.2,3030920.178
csi300,2024-01-16,3.34,3.368,3.326,3.367,3.345,0.022,0.6577,17689523.52,5925099.758
csi300,2024-01-17,3.357,3.357,3.29,3.292,3.367,-0.075,-2.2275,12862151.82,4278633.103
csi300,2024-01-18,3.218,3.275,3.166,3.268,3.223,0.045,1.3962,47543511.34,15257021.704
csi300,2024-01-19,3.249,3.285,3.242,3.275,3.268,0.007,0.2142,36944521.24,12079016.731
csi300,2024-01-22,3.265,3.275,3.193,3.206,3.275,-0.069,-2.1069,46470564.67,15113081.733
csi300,2024-01-23,3.199,3.247,3.186,3.228,3.206,0.022,0.6862,13924803.72,4481443.569
csi300,2024-01-24,3.239,3.28,3.188,3.279,3.228,0.051,1.5799,22789368.53,7373901.841
csi300,2024-01-25,3.27,3.34,3.261,3.335,3.279,0.056,1.7078,16487014.09,5449682.868
csi300,2024-01-26,3.328,3.35,3.312,3.329,3.335,-0.006,-0.1799,21833051.24,7273329.362
csi300,2024-01-29,3.331,3.345,3.298,3.299,3.329,-0.03,-0.9012,10113930.3,3358335.864
csi300,2024-01-30,3.281,3.298,3.241,3.243,3.299,-0.056,-1.6975,18892623.38,6186331.951
csi300,2024-01-31,3.233,3.249,3.197,3.222,3.243,-0.021,-0.6475,19090997.0,6157214.385
csi300,2024-02-01,3.2,3.248,3.19,3.218,3.222,-0.004,-0.1241,18909975.81,6091552.415
csi300,2024-02-02,3.218,3.232,3.102,3.188,3.218,-0.03,-0.9323,25386942.15,8074716.502
csi300,2024-02-05,3.158,3.234,3.111,3.208,3.188,0.02,0.6274,26601787.39,8439536.816
csi300,2024-02-06,3.185,3.314,3.182,3.311,3.208,0.103,3.2107,20089181.68,6562526.022
csi300,2024-02-07,3.31,3.342,3.287,3.34,3.311,0.029,0.8759,34658146.7,11514587.248
csi300,2024-02-08,3.352,3.366,3.333,3.362,3.34,0.022,0.6587,23942619.79,8019665.628
csi300,2024-02-19,3.374,3.392,3.355,3.389,3.362,0.027,0.8031,14861876.42,5016056.179
csi300,2024-02-20,3.383,3.405,3.372,3.401,3.389,0.012,0.3541,9801668.18,3322077.448
csi300,2024-02-21,3.388,3.496,3.382,3.449,3.401,0.048,1.4113,16009580.5,5528334.98
csi300,2024-02-22,3.447,3.477,3.441,3.475,3.449,0.026,0.7538,9446351.29,3270537.309
csi300,2024-02-23,3.475,3.497,3.464,3.478,3.475,0.003,0.0863,10908773.84,3794512.188
csi300,2024-02-26,3.476,3.482,3.437,3.443,3.478,-0.035,-1.0063,11172368.48,3865703.825
csi300,2024-02-27,3.435,3.486,3.433,3.484,3.443,0.041,1.1908,10468849.14,3620336.718
csi300,2024-02-28,3.487,3.514,3.446,3.448,3.484,-0.036,-1.0333,28549978.84,9926190.298
csi300,2024-02-29,3.44,3.507,3.437,3.503,3.448,0.055,1.5951,14835850.3,5163736.038
csi300,2024-03-01,3.501,3.54,3.495,3.53,3.503,0.027,0.7708,12256393.13,4311480.716
csi300,2024-03-04,3.526,3.537,3.508,3.527,3.53,-0.003,-0.085,10146549.93,3576642.516
csi300,2024-03-05,3.515,3.566,3.508,3.556,3.527,0.029,0.8222,27991018.7,9924986.737
csi300,2024-03-06,3.551,3.572,3.538,3.542,3.556,-0.014,-0.3937,12995274.25,4612496.593
csi300,2024-03-07,3.541,3.56,3.515,3.523,3.542,-0.019,-0.5364,10589480.04,3740550.493
csi300,2024-03-08,3.525,3.54,3.504,3.533,3.523,0.01,0.2838,8621876.98,3038389.403
csi300,2024-03-11,3.531,3.584,3.53,3.581,3.533,0.048,1.3586,11207615.15,3980306.236
csi300,2024-03-12,3.583,3.599,3.568,3.586,3.581,0.005,0.1396,11058395.72,3962320.648
csi300,2024-03-13,3.585,3.585,3.555,3.565,3.586,-0.021,-0.5856,6858705.58,2448621.615
csi300,2024-03-14,3.56,3.587,3.535,3.552,3.565,-0.013,-0.3647,7018811.48,2499760.281
csi300,2024-03-15,3.542,3.566,3.522,3.561,3.552,0.009,0.2534,8490237.9,3005272.035
csi300,2024-03-18,3.561,3.593,3.561,3.592,3.561,0.031,0.8705,7873329.32,2817049.387
csi300,2024-03-19,3.586,3.6,3.565,3.569,3.592,-0.023,-0.6403,6548752.08,2344663.833
csi300,2024-03-20,3.561,3.582,3.558,3.572,3.569,0.003,0.0841,5379620.49,1920793.104
csi300,2024-03-21,3.58,3.594,3.565,3.57,3.572,-0.002,-0.056,6197332.07,2218906.08
csi300,2024-03-22,3.567,3.568,3.512,3.539,3.57,-0.031,-0.8683,14506377.54,5127448.694
csi300,2024-03-25,3.53,3.555,3.517,3.52,3.539,-0.019,-0.5369,6305426.64,2227919.111
csi300,2024-03-26,3.52,3.538,3.512,3.531,3.52,0.011,0.3125,8791032.83,3098650.769
csi300,2024-03-27,3.526,3.532,3.492,3.493,3.531,-0.038,-1.0762,8746474.52,3074186.8
csi300,2024-03-28,3.491,3.544,3.481,3.51,3.493,0.017,0.4867,10319250.94,3626832.966
csi300,2024-03-29,3.507,3.53,3.505,3.526,3.51,0.016,0.4558,6511958.99,2290152.714
csi300,2024-04-01,3.54,3.594,3.539,3.584,3.526,0.058,1.6449,10932625.35,3911633.845
csi300,2024-04-02,3.583,3.587,3.561,3.572,3.584,-0.012,-0.3348,5831913.82,2083908.476
csi300,2024-04-03,3.57,3.572,3.548,3.558,3.572,-0.014,-0.3919,5983464.1,2129802.753
csi300,2024-04-08,3.55,3.556,3.524,3.529,3.558,-0.029,-0.8151,7099486.68,2511699.15
csi300,2024-04-09,3.527,3.534,3.512,3.523,3.529,-0.006,-0.17,5345371.35,1882130.476
csi300,2024-04-10,3.524,3.524,3.48,3.497,3.523,-0.026,-0.738,6816711.42,2385834.189
csi300,2024-04-11,3.481,3.513,3.475,3.494,3.497,-0.003,-0.0858,5391158.71,1884073.688
csi300,2024-04-12,3.494,3.505,3.457,3.466,3.494,-0.028,-0.8014,7405129.12,2575786.145
csi300,2024-04-15,3.466,3.545,3.464,3.539,3.466,0.073,2.1062,10999537.3,3869936.517
csi300,2024-04-16,3.524,3.535,3.491,3.507,3.539,-0.032,-0.9042,9132298.47,3210005.558
csi300,2024-04-17,3.507,3.557,3.491,3.553,3.507,0.046,1.3117,9964664.34,3514407.052
csi300,2024-04-18,3.544,3.594,3.541,3.559,3.553,0.006,0.1689,9302192.67,3319194.193
csi300,2024-04-19,3.545,3.554,3.518,3.531,3.559,-0.028,-0.7867,6442757.41,2277856.492
csi300,2024-04-22,3.53,3.552,3.518,3.524,3.531,-0.007,-0.1982,7251823.62,2562064.527
csi300,2024-04-23,3.524,3.53,3.493,3.499,3.524,-0.025,-0.7094,9428474.3,3302843.911
csi300,2024-04-24,3.505,3.517,3.489,3.513,3.499,0.014,0.4001,5942319.08,2081789.894
csi300,2024-04-25,3.503,3.537,3.495,3.523,3.513,0.01,0.2847,6647552.14,2337486.533
csi300,2024-04-26,3.524,3.581,3.524,3.573,3.523,0.05,1.4192,13743139.59,4889467.155
csi300,2024-04-29,3.577,3.638,3.572,3.616,3.573,0.043,1.2035,15303224.26,5523568.416
csi300,2024-04-30,3.615,3.624,3.596,3.598,3.616,-0.018,-0.4978,8231090.14,2971763.282
csi300,2024-05-06,3.64,3.664,3.635,3.648,3.598,0.05,1.3897,13090610.67,4778963.455
csi300,2024-05-07,3.645,3.656,3.637,3.65,3.648,0.002,0.0548,6860183.59,2503006.857
csi300,2024-05-08,3.643,3.644,3.618,3.621,3.65,-0.029,-0.7945,6387758.58,2318202.807
csi300,2024-05-09,3.62,3.662,3.619,3.656,3.621,0.035,0.9666,6502023.24,2372500.248
csi300,2024-05-10,3.663,3.67,3.631,3.658,3.656,0.002,0.0547,8650954.0,3157134.93
csi300,2024-05-13,3.637,3.666,3.619,3.655,3.658,-0.003,-0.082,7411594.42,2701728.525
csi300,2024-05-14,3.655,3.67,3.638,3.649,3.655,-0.006,-0.1642,5876668.0,2144402.883
csi300,2024-05-15,3.647,3.651,3.617,3.623,3.649,-0.026,-0.7125,8559462.84,3109209.781
csi300,2024-05-16,3.63,3.651,3.621,3.635,3.623,0.012,0.3312,10511975.27,3822598.483
csi300,2024-05-17,3.635,3.679,3.623,3.676,3.635,0.041,1.1279,9320469.31,3401620.1
csi300,2024-05-20,3.682,3.7,3.67,3.684,3.676,0.008,0.2176,9365358.96,3450627.455
csi300,2024-05-21,3.679,3.683,3.66,3.672,3.684,-0.012,-0.3257,4969838.82,1824951.018
csi300,2024-05-22,3.67,3.689,3.663,3.68,3.672,0.008,0.2179,6766845.56,2488949.571
csi300,2024-05-23,3.671,3.674,3.631,3.643,3.68,-0.037,-1.0054,6988060.53,2548466.424
csi300,2024-05-24,3.632,3.65,3.598,3.602,3.643,-0.041,-1.1254,8412742.0,3048259.226
csi300,2024-05-27,3.605,3.634,3.601,3.632,3.602,0.03,0.8329,6696224.87,2421614.804
csi300,2024-05-28,3.631,3.633,3.602,3.609,3.632,-0.023,-0.6333,5317531.98,1923959.394
csi300,2024-05-29,3.608,3.633,3.601,3.61,3.609,0.001,0.0277,6152450.82,2225724.205
csi300,2024-05-30,3.603,3.625,3.588,3.596,3.61,-0.014,-0.3878,7779253.03,2801007.806
csi300,2024-05-31,3.602,3.616,3.58,3.582,3.596,-0.014,-0.3893,7232183.4,2602439.724
csi300,2024-06-03,3.58,3.599,3.565,3.587,3.582,0.005,0.1396,7075115.9,2533469.501
csi300,2024-06-04,3.585,3.624,3.579,3.612,3.587,0.025,0.697,6817379.02,2455442.42
csi300,2024-06-05,3.613,3.622,3.597,3.599,3.612,-0.013,-0.3599,5839394.33,2108415.409
csi300,2024-06-06,3.606,3.63,3.585,3.599,3.599,0.0,0.0,10266993.23,3703349.866
csi300,2024-06-07,3.602,3.61,3.555,3.576,3.599,-0.023,-0.6391,10281271.09,3679748.332
csi300,2024-06-11,3.567,3.569,3.533,3.551,3.576,-0.025,-0.6991,8799169.85,3120655.858
csi300,2024-06-12,3.544,3.556,3.536,3.547,3.551,-0.004,-0.1126,5698353.11,2021361.645
csi300,2024-06-13,3.555,3.558,3.525,3.534,3.547,-0.013,-0.3665,5488037.11,1942881.857
csi300,2024-06-14,3.527,3.558,3.517,3.554,3.534,0.02,0.5659,6741039.54,2384388.229
csi300,2024-06-17,3.537,3.553,3.532,3.544,3.554,-0.01,-0.2814,3930171.95,1393127.82
csi300,2024-06-18,3.549,3.565,3.543,3.555,3.544,0.011,0.3104,5490352.0,1951607.303
csi300,2024-06-19,3.557,3.561,3.54,3.545,3.555,-0.01,-0.2813,5308595.28,1883345.443
csi300,2024-06-20,3.543,3.551,3.516,3.522,3.545,-0.023,-0.6488,5546557.8,1957492.953
csi300,2024-06-21,3.517,3.525,3.493,3.516,3.522,-0.006,-0.1704,19658677.37,6909858.71
csi300,2024-06-24,3.502,3.526,3.493,3.499,3.516,-0.017,-0.4835,20875455.29,7315197.212
csi300,2024-06-25,3.495,3.504,3.459,3.478,3.499,-0.021,-0.6002,17384584.68,6057065.481
csi300,2024-06-26,3.47,3.507,3.464,3.499,3.478,0.021,0.6038,10454895.22,3639499.501
csi300,2024-06-27,3.49,3.496,3.474,3.48,3.499,-0.019,-0.543,14337049.42,4995169.625
csi300,2024-06-28,3.474,3.511,3.473,3.487,3.48,0.007,0.2011,12755434.18,4457663.634
csi300,2024-07-01,3.487,3.507,3.467,3.501,3.487,0.014,0.4015,8536040.2,2977313.191
csi300,2024-07-02,3.494,3.511,3.489,3.496,3.501,-0.005,-0.1428,5992049.07,2097312.039
csi300,2024-07-03,3.494,3.503,3.48,3.49,3.496,-0.006,-0.1716,7914240.29,2761083.445
csi300,2024-07-04,3.493,3.509,3.473,3.475,3.49,-0.015,-0.4298,15599237.12,5436186.195
csi300,2024-07-05,3.47,3.478,3.428,3.458,3.475,-0.017,-0.4892,16363845.01,5643439.643
csi300,2024-07-08,3.451,3.458,3.426,3.434,3.458,-0.024,-0.694,9426255.16,3240708.452
csi300,2024-07-09,3.429,3.484,3.418,3.471,3.434,0.037,1.0775,10688956.39,3689270.214
csi300,2024-07-10,3.464,3.482,3.46,3.463,3.471,-0.008,-0.2305,5792821.0,2010659.819
csi300,2024-07-11,3.49,3.519,3.477,3.509,3.463,0.046,1.3283,10524377.74,3685787.239
csi300,2024-07-12,3.511,3.524,3.505,3.519,3.509,0.01,0.285,8723693.8,3066853.429
csi300,2024-07-15,3.511,3.531,3.508,3.526,3.519,0.007,0.1989,12550082.24,4423002.98
csi300,2024-07-16,3.52,3.555,3.517,3.551,3.526,0.025,0.709,16125086.98,5710212.236
csi300,2024-07-17,3.549,3.57,3.54,3.556,3.551,0.005,0.1408,22565644.0,8028962.162
csi300,2024-07-18,3.541,3.579,3.532,3.577,3.556,0.021,0.5906,19611815.0,6976289.739
csi300,2024-07-19,3.565,3.606,3.552,3.6,3.577,0.023,0.643,31696626.02,11368072.27
csi300,2024-07-22,3.595,3.598,3.551,3.571,3.6,-0.029,-0.8056,17163072.85,6131911.99
csi300,2024-07-23,3.566,3.571,3.498,3.501,3.571,-0.07,-1.9602,9195337.0,3244779.189
csi300,2024-07-24,3.495,3.509,3.466,3.479,3.501,-0.022,-0.6284,14910834.94,5196094.516
csi300,2024-07-25,3.464,3.476,3.441,3.459,3.479,-0.02,-0.5749,20455525.35,7073298.526
csi300,2024-07-26,3.46,3.483,3.452,3.474,3.459,0.015,0.4337,13579703.29,4708501.591
csi300,2024-07-29,3.47,3.472,3.453,3.454,3.474,-0.02,-0.5757,5949376.0,2058113.23
csi300,2024-07-30,3.446,3.446,3.417,3.431,3.454,-0.023,-0.6659,15250861.14,5228653.801
csi300,2024-07-31,3.431,3.51,3.427,3.508,3.431,0.077,2.2442,15389083.2,5353003.146
csi300,2024-08-01,3.502,3.515,3.481,3.483,3.508,-0.025,-0.7127,7965404.0,2783731.528
csi300,2024-08-02,3.46,3.483,3.441,3.447,3.483,-0.036,-1.0336,12997733.0,4492045.041
csi300,2024-08-05,3.431,3.474,3.407,3.408,3.447,-0.039,-1.1314,20183109.38,6920794.41
csi300,2024-08-06,3.428,3.438,3.381,3.408,3.408,0.0,0.0,12936275.3,4403870.273
csi300,2024-08-07,3.401,3.425,3.391,3.401,3.408,-0.007,-0.2054,6125437.96,2088374.404
csi300,2024-08-08,3.396,3.429,3.383,3.405,3.401,0.004,0.1176,8541072.31,2910131.505
csi300,2024-08-09,3.416,3.43,3.392,3.393,3.405,-0.012,-0.3524,6040535.82,2060032.809
csi300,2024-08-12,3.391,3.402,3.383,3.389,3.393,-0.004,-0.1179,5102199.75,1730501.718
csi300,2024-08-13,3.391,3.398,3.372,3.394,3.389,0.005,0.1475,6958063.0,2355493.509
csi300,2024-08-14,3.395,3.395,3.369,3.37,3.394,-0.024,-0.7071,5610998.0,1895836.817
csi300,2024-08-15,3.365,3.423,3.361,3.408,3.37,0.038,1.1276,19046381.08,6477429.75
csi300,2024-08-16,3.404,3.422,3.398,3.41,3.408,0.002,0.0587,16407617.08,5598868.064
csi300,2024-08-19,3.409,3.444,3.407,3.419,3.41,0.009,0.2639,7478253.18,2564014.063
csi300,2024-08-20,3.424,3.426,3.388,3.403,3.419,-0.016,-0.468,15944748.48,5419638.977
csi300,2024-08-21,3.391,3.406,3.374,3.388,3.403,-0.015,-0.4408,10553698.05,3580301.585
csi300,2024-08-22,3.39,3.395,3.371,3.379,3.388,-0.009,-0.2656,12504794.15,4229630.78
csi300,2024-08-23,3.371,3.405,3.371,3.393,3.379,0.014,0.4143,8203428.0,2781431.192
csi300,2024-08-26,3.395,3.407,3.378,3.394,3.393,0.001,0.0295,14006799.14,4747763.549
csi300,2024-08-27,3.387,3.39,3.367,3.377,3.394,-0.017,-0.5009,12142200.97,4098131.754
csi300,2024-08-28,3.37,3.377,3.345,3.357,3.377,-0.02,-0.5922,19955802.76,6698906.857
csi300,2024-08-29,3.349,3.362,3.34,3.347,3.357,-0.01,-0.2979,15082477.43,5052924.865
csi300,2024-08-30,3.342,3.423,3.342,3.392,3.347,0.045,1.3445,17858998.11,6055678.708
csi300,2024-09-02,3.381,3.383,3.33,3.332,3.392,-0.06,-1.7689,11333065.0,3798026.307
csi300,2024-09-03,3.33,3.352,3.328,3.344,3.332,0.012,0.3601,12935523.08,4323110.376
csi300,2024-09-04,3.331,3.343,3.321,3.323,3.344,-0.021,-0.628,6803058.0,2264442.533
csi300,2024-09-05,3.326,3.34,3.32,3.33,3.323,0.007,0.2107,16005557.57,5326213.535
csi300,2024-09-06,3.335,3.345,3.3,3.302,3.33,-0.028,-0.8408,7933157.0,2635539.673
csi300,2024-09-09,3.292,3.296,3.25,3.261,3.302,-0.041,-1.2417,10188971.04,3333497.562
csi300,2024-09-10,3.263,3.275,3.239,3.261,3.261,0.0,0.0,8666554.38,2821540.043
csi300,2024-09-11,3.253,3.267,3.241,3.254,3.261,-0.007,-0.2147,7808901.93,2540394.225
csi300,2024-09-12,3.259,3.272,3.241,3.243,3.254,-0.011,-0.338,6423793.17,2090444.738
csi300,2024-09-13,3.245,3.257,3.227,3.228,3.243,-0.015,-0.4625,8504680.92,2758508.174
csi300,2024-09-18,3.227,3.251,3.215,3.238,3.228,0.01,0.3098,12254390.69,3961249.915
csi300,2024-09-19,3.243,3.286,3.216,3.265,3.238,0.027,0.8338,16348870.21,5332278.336
csi300,2024-09-20,3.258,3.279,3.239,3.274,3.265,0.009,0.2757,23065619.83,7514201.387
csi300,2024-09-23,3.269,3.3,3.263,3.283,3.274,0.009,0.2749,8973165.34,2948484.47
csi300,2024-09-24,3.314,3.429,3.293,3.427,3.283,0.144,4.3862,39185162.17,13212614.699
csi300,2024-09-25,3.489,3.544,3.467,3.474,3.427,0.047,1.3715,32373469.37,11342949.01
csi300,2024-09-26,3.468,3.643,3.467,3.64,3.474,0.166,4.7784,44429621.41,15792061.339
csi300,2024-09-27,3.7,3.933,3.67,3.869,3.64,0.229,6.2912,25594611.61,9610052.344
csi300,2024-09-30,4.007,4.24,3.876,4.233,3.869,0.364,9.4081,63702340.83,25799279.642
csi300,2024-10-08,4.656,4.656,4.208,4.412,4.233,0.179,4.2287,86298224.38,38303717.305
csi300,2024-10-09,4.285,4.285,4.005,4.022,4.412,-0.39,-8.8395,54091965.72,22450547.643
csi300,2024-10-10,4.07,4.185,3.999,4.086,4.022,0.064,1.5912,37790000.75,15473060.494
csi300,2024-10-11,4.057,4.06,3.923,3.977,4.086,-0.109,-2.6676,40900777.41,16347430.929
csi300,2024-10-14,3.987,4.06,3.946,4.04,3.977,0.063,1.5841,31049317.45,12444027.076
csi300,2024-10-15,4.014,4.046,3.927,3.931,4.04,-0.109,-2.698,26138707.43,10426846.503
csi300,2024-10-16,3.891,3.96,3.882,3.906,3.931,-0.025,-0.636,21611196.28,8450464.021
csi300,2024-10-17,3.93,3.96,3.862,3.863,3.906,-0.043,-1.1009,29354356.21,11450617.81
csi300,2024-10-18,3.858,4.118,3.846,4.016,3.863,0.153,3.9607,36209178.93,14349439.594
csi300,2024-10-21,4.017,4.06,3.98,4.016,4.016,0.0,0.0,25293363.95,10167737.315
csi300,2024-10-22,4.002,4.046,4.001,4.04,4.016,0.024,0.5976,16669244.99,6711416.525
csi300,2024-10-23,4.04,4.097,4.021,4.055,4.04,0.015,0.3713,22666292.09,9196021.921
csi300,2024-10-24,4.038,4.042,3.993,4.011,4.055,-0.044,-1.0851,15982487.21,6418011.399
csi300,2024-10-25,4.012,4.078,4.003,4.04,4.011,0.029,0.723,16852658.2,6801807.389
csi300,2024-10-28,4.035,4.047,4.0,4.046,4.04,0.006,0.1485,13963081.41,5622580.497
csi300,2024-10-29,4.05,4.079,4.003,4.013,4.046,-0.033,-0.8156,17946281.59,7237339.621
csi300,2024-10-30,4.001,4.011,3.945,3.971,4.013,-0.042,-1.0466,18128591.09,7210707.53
csi300,2024-10-31,3.969,4.007,3.938,3.971,3.971,0.0,0.0,17636492.56,7004839.523
csi300,2024-11-01,3.964,4.018,3.961,3.979,3.971,0.008,0.2015,18177560.19,7259471.612
csi300,2024-11-04,3.982,4.034,3.971,4.032,3.979,0.053,1.332,12493143.86,4997179.234
csi300,2024-11-05,4.024,4.139,4.01,4.137,4.032,0.105,2.6042,27630144.44,11308231.751
csi300,2024-11-06,4.137,4.18,4.085,4.111,4.137,-0.026,-0.6285,21734247.6,8976072.158
csi300,2024-11-07,4.08,4.25,4.076,4.248,4.111,0.137,3.3325,27887189.24,11598082.835
csi300,2024-11-08,4.282,4.29,4.178,4.194,4.248,-0.054,-1.2712,28080231.6,11867165.449
csi300,2024-11-11,4.152,4.219,4.13,4.215,4.194,0.021,0.5007,23043651.36,9617369.865
csi300,2024-11-12,4.21,4.268,4.145,4.169,4.215,-0.046,-1.0913,23041667.76,9698713.979
csi300,2024-11-13,4.15,4.206,4.146,4.195,4.169,0.026,0.6237,15727943.47,6569000.903
csi300,2024-11-14,4.188,4.203,4.117,4.124,4.195,-0.071,-1.6925,14438852.6,6015521.584
csi300,2024-11-15,4.114,4.134,4.05,4.055,4.124,-0.069,-1.6731,16769935.42,6875318.302
csi300,2024-11-18,4.071,4.118,4.013,4.038,4.055,-0.017,-0.4192,16100925.84,6552723.785
csi300,2024-11-19,4.04,4.061,3.981,4.058,4.038,0.02,0.4953,16705449.2,6731130.787
csi300,2024-11-20,4.046,4.085,4.038,4.068,4.058,0.01,0.2464,15485304.34,6285302.021
csi300,2024-11-21,4.06,4.082,4.048,4.073,4.068,0.005,0.1229,10454706.81,4249179.703
csi300,2024-11-22,4.071,4.074,3.946,3.953,4.073,-0.12,-2.9462,17571912.5,7058103.342
csi300,2024-11-25,3.955,3.972,3.894,3.931,3.953,-0.022,-0.5565,13590857.69,5349569.691
csi300,2024-11-26,3.914,3.956,3.913,3.923,3.931,-0.008,-0.2035,7847078.86,3086739.74
csi300,2024-11-27,3.916,3.992,3.901,3.987,3.923,0.064,1.6314,14519873.66,5739351.636
csi300,2024-11-28,3.984,3.989,3.948,3.958,3.987,-0.029,-0.7274,10724072.89,4256335.685
csi300,2024-11-29,3.96,4.047,3.957,4.001,3.958,0.043,1.0864,15297716.04,6126864.756
csi300,2024-12-02,3.997,4.043,3.987,4.031,4.001,0.03,0.7498,9816347.81,3948066.718
csi300,2024-12-03,4.03,4.052,4.005,4.035,4.031,0.004,0.0992,15244237.07,6140454.912
csi300,2024-12-04,4.03,4.041,4.003,4.014,4.035,-0.021,-0.5204,10069479.18,4047901.833
csi300,2024-12-05,4.006,4.022,3.994,4.007,4.014,-0.007,-0.1744,7595229.18,3042872.203
csi300,2024-12-06,4.007,4.085,4.006,4.057,4.007,0.05,1.2478,17762293.82,7198784.38
csi300,2024-12-09,4.054,4.08,4.03,4.054,4.057,-0.003,-0.0739,12464186.85,5050072.365
csi300,2024-12-10,4.179,4.198,4.073,4.085,4.054,0.031,0.7647,24827953.11,10257484.391
csi300,2024-12-11,4.078,4.094,4.065,4.075,4.085,-0.01,-0.2448,12587159.73,5136178.221
csi300,2024-12-12,4.077,4.122,4.066,4.117,4.075,0.042,1.0307,13601804.33,5577925.837
csi300,2024-12-13,4.092,4.092,4.012,4.02,4.117,-0.097,-2.3561,23465697.29,9490500.688
csi300,2024-12-16,4.018,4.021,3.986,3.996,4.02,-0.024,-0.597,9893230.74,3956401.792
csi300,2024-12-17,3.993,4.043,3.991,4.007,3.996,0.011,0.2753,13646692.28,5482919.074
csi300,2024-12-18,4.02,4.039,4.015,4.024,4.007,0.017,0.4243,10236096.17,4121893.615
csi300,2024-12-19,4.0,4.038,3.981,4.03,4.024,0.006,0.1491,9903622.11,3977931.242
csi300,2024-12-20,4.024,4.045,4.012,4.018,4.03,-0.012,-0.2978,12230619.86,4921231.692
csi300,2024-12-23,4.017,4.053,4.015,4.022,4.018,0.004,0.0996,14247022.0,5749434.77
csi300,2024-12-24,4.024,4.076,4.022,4.069,4.022,0.047,1.1686,14563434.27,5907574.012
csi300,2024-12-25,4.072,4.094,4.054,4.072,4.069,0.003,0.0737,14181375.0,5775975.676
csi300,2024-12-26,4.072,4.079,4.056,4.073,4.072,0.001,0.0246,9470234.02,3855435.79
csi300,2024-12-27,4.076,4.099,4.061,4.067,4.073,-0.006,-0.1473,10869639.1,4428609.591
csi300,2024-12-30,4.066,4.093,4.065,4.086,4.067,0.019,0.4672,13119334.62,5359063.002
csi300,2024-12-31,4.087,4.094,4.02,4.022,4.086,-0.064,-1.5663,18436187.88,7479851.076
csi300,2025-01-02,4.02,4.021,3.881,3.909,4.022,-0.113,-2.8095,21729803.38,8582891.966
csi300,2025-01-03,3.909,3.921,3.853,3.869,3.909,-0.04,-1.0233,15930225.99,6191152.281
csi300,2025-01-06,3.865,3.873,3.828,3.853,3.869,-0.016,-0.4135,12986739.3,5000830.631
csi300,2025-01-07,3.845,3.882,3.836,3.88,3.853,0.027,0.7008,9689740.0,3741067.135
csi300,2025-01-08,3.87,3.899,3.815,3.874,3.88,-0.006,-0.1546,14097968.11,5440502.616
csi300,2025-01-09,3.863,3.88,3.857,3.866,3.874,-0.008,-0.2065,8060658.05,3119907.404
csi300,2025-01-10,3.865,3.875,3.822,3.823,3.866,-0.043,-1.1123,8265725.0,3179602.825
csi300,2025-01-13,3.801,3.826,3.793,3.808,3.823,-0.015,-0.3924,9493947.0,3613570.705
csi300,2025-01-14,3.815,3.918,3.809,3.906,3.808,0.098,2.5735,16445462.33,6369926.277
csi300,2025-01-15,3.896,3.904,3.877,3.883,3.906,-0.023,-0.5888,7420496.21,2886729.493
csi300,2025-01-16,3.896,3.933,3.861,3.885,3.883,0.002,0.0515,11090051.72,4322396.833
csi300,2025-01-17,3.875,3.922,3.868,3.898,3.885,0.013,0.3346,8476992.95,3304922.19
csi300,2025-01-20,3.921,3.949,3.908,3.917,3.898,0.019,0.4874,9202943.0,3619235.609
csi300,2025-01-21,3.937,3.941,3.905,3.922,3.917,0.005,0.1276,7439264.4,2916284.005
csi300,2025-01-22,3.916,3.916,3.868,3.886,3.922,-0.036,-0.9179,10996806.55,4270106.497
csi300,2025-01-23,3.915,3.958,3.894,3.897,3.886,0.011,0.2831,10385928.39,4075002.566
csi300,2025-01-24,3.889,3.943,3.883,3.929,3.897,0.032,0.8211,11436474.89,4485387.449
csi300,2025-01-27,3.936,3.945,3.904,3.907,3.929,-0.022,-0.5599,13053849.64,5123431.141
csi300,2025-02-05,3.93,3.934,3.879,3.887,3.907,-0.02,-0.5119,7515497.1,2927530.877
csi300,2025-02-06,3.884,3.937,3.881,3.932,3.887,0.045,1.1577,13886364.82,5435915.349
csi300,2025-02-07,3.933,4.014,3.926,3.988,3.932,0.056,1.4242,19306313.73,7669642.167
csi300,2025-02-10,3.989,4.0,3.974,3.992,3.988,0.004,0.1003,12672645.5,5055466.09
csi300,2025-02-11,3.997,3.998,3.963,3.976,3.992,-0.016,-0.4008,9990358.89,3973032.663
csi300,2025-02-12,3.974,4.019,3.96,4.014,3.976,0.038,0.9557,9789536.64,3903102.518
csi300,2025-02-13,4.009,4.034,3.998,4.004,4.014,-0.01,-0.2491,11758226.96,4719508.133
csi300,2025-02-14,4.0,4.04,3.997,4.034,4.004,0.03,0.7493,12924286.8,5196144.834
csi300,2025-02-17,4.044,4.053,4.012,4.041,4.034,0.007,0.1735,13341020.06,5380966.546
csi300,2025-02-18,4.035,4.058,3.996,4.012,4.041,-0.029,-0.7176,12465910.63,5027787.885
csi300,2025-02-19,4.005,4.041,4.0,4.033,4.012,0.021,0.5234,10190768.58,4102654.822
csi300,2025-02-20,4.029,4.033,4.008,4.021,4.033,-0.012,-0.2975,10186034.98,4094980.472
csi300,2025-02-21,4.032,4.08,4.02,4.075,4.021,0.054,1.3429,14372665.14,5834090.272
csi300,2025-02-24,4.07,4.089,4.041,4.062,4.075,-0.013,-0.319,15385782.18,6256202.737
csi300,2025-02-25,4.035,4.051,4.008,4.021,4.062,-0.041,-1.0094,8924899.91,3596194.905
csi300,2025-02-26,4.028,4.055,4.019,4.054,4.021,0.033,0.8207,13456581.33,5430499.637
csi300,2025-02-27,4.056,4.069,4.028,4.067,4.054,0.013,0.3207,11285856.42,4570197.712
csi300,2025-02-28,4.049,4.065,3.982,3.994,4.067,-0.073,-1.7949,13293340.0,5343803.359
csi300,2025-03-03,3.995,4.027,3.966,3.981,3.994,-0.013,-0.3255,11457686.13,4581300.848
csi300,2025-03-04,3.96,3.984,3.952,3.977,3.981,-0.004,-0.1005,10121847.7,4019370.464
csi300,2025-03-05,3.98,3.999,3.968,3.994,3.977,0.017,0.4275,11919016.42,4748819.507
csi300,2025-03-06,4.015,4.062,4.011,4.049,3.994,0.055,1.3771,13710078.79,5540793.752
csi300,2025-03-07,4.04,4.061,4.03,4.039,4.049,-0.01,-0.247,11559970.84,4671741.021
csi300,2025-03-10,4.037,4.042,3.999,4.023,4.039,-0.016,-0.3961,14427836.88,5792520.821
csi300,2025-03-11,3.994,4.036,3.99,4.035,4.023,0.012,0.2983,10029170.03,4027510.341
csi300,2025-03-12,4.038,4.05,4.018,4.025,4.035,-0.01,-0.2478,6092316.81,2456951.615
csi300,2025-03-13,4.024,4.033,3.993,4.005,4.025,-0.02,-0.4969,6410438.04,2572874.364
csi300,2025-03-14,4.012,4.113,4.01,4.106,4.005,0.101,2.5218,19037183.28,7767222.868
csi300,2025-03-17,4.118,4.123,4.088,4.094,4.106,-0.012,-0.2923,11330420.29,4647468.37
csi300,2025-03-18,4.108,4.115,4.091,4.103,4.094,0.009,0.2198,8114043.23,3329371.908
csi300,2025-03-19,4.098,4.121,4.084,4.109,4.103,0.006,0.1462,8798312.86,3609853.058
csi300,2025-03-20,4.109,4.109,4.068,4.076,4.109,-0.033,-0.8031,8751425.61,3573521.339
csi300,2025-03-21,4.063,4.079,4.0,4.01,4.076,-0.066,-1.6192,10149156.77,4092584.085
csi300,2025-03-24,4.009,4.031,4.004,4.027,4.01,0.017,0.4239,7912220.86,3179823.658
csi300,2025-03-25,4.028,4.039,4.017,4.029,4.027,0.002,0.0497,6115316.44,2463223.975
csi300,2025-03-26,4.025,4.04,4.01,4.013,4.029,-0.016,-0.3971,7742553.85,3114333.33
csi300,2025-03-27,4.011,4.05,3.995,4.027,4.013,0.014,0.3489,8015251.64,3224972.886
csi300,2025-03-28,4.027,4.029,4.0,4.008,4.027,-0.019,-0.4718,7043047.91,2826192.921
csi300,2025-03-31,4.004,4.024,3.969,3.984,4.008,-0.024,-0.5988,9021728.63,3600807.135
csi300,2025-04-01,3.988,4.003,3.979,3.982,3.984,-0.002,-0.0502,6150155.41,2452333.015
csi300,2025-04-02,3.983,3.996,3.971,3.979,3.982,-0.003,-0.0753,6291176.0,2505793.835
csi300,2025-04-03,3.948,3.98,3.943,3.959,3.979,-0.02,-0.5026,11143307.92,4411676.416
csi300,2025-04-07,3.8,3.84,3.604,3.695,3.959,-0.264,-6.6684,65609880.0,24314516.116
csi300,2025-04-08,3.698,3.739,3.671,3.73,3.695,0.035,0.9472,58535332.99,21668647.143
csi300,2025-04-09,3.695,3.774,3.678,3.766,3.73,0.036,0.9651,16982014.19,6334479.041
csi300,2025-04-10,3.817,3.847,3.798,3.829,3.766,0.063,1.6729,14296316.63,5465041.115
csi300,2025-04-11,3.81,3.851,3.8,3.84,3.829,0.011,0.2873,8619841.87,3298517.131
csi300,2025-04-14,3.859,3.865,3.842,3.848,3.84,0.008,0.2083,9415709.83,3627429.751
csi300,2025-04-15,3.844,3.857,3.825,3.851,3.848,0.003,0.078,9817934.77,3773853.446
csi300,2025-04-16,3.841,3.869,3.811,3.86,3.851,0.009,0.2337,21771337.4,8373466.072
csi300,2025-04-17,3.842,3.871,3.841,3.863,3.86,0.003,0.0777,13873405.98,5357723.628
csi300,2025-04-18,3.857,3.879,3.847,3.873,3.863,0.01,0.2589,13780507.39,5327127.532
csi300,2025-04-21,3.865,3.886,3.857,3.875,3.873,0.002,0.0516,7126315.13,2762708.291
csi300,2025-04-22,3.875,3.893,3.873,3.878,3.875,0.003,0.0774,7520436.09,2919236.921
csi300,2025-04-23,3.892,3.907,3.873,3.882,3.878,0.004,0.1031,6155040.94,2391310.228
csi300,2025-04-24,3.882,3.903,3.871,3.882,3.882,0.0,0.0,4873614.69,1894334.207
csi300,2025-04-25,3.887,3.899,3.875,3.882,3.882,0.0,0.0,5771934.8,2243036.186
csi300,2025-04-28,3.883,3.886,3.864,3.876,3.882,-0.006,-0.1546,6247090.3,2421364.302
csi300,2025-04-29,3.874,3.88,3.862,3.869,3.876,-0.007,-0.1806,4947349.86,1914265.261
csi300,2025-04-30,3.87,3.886,3.864,3.866,3.869,-0.003,-0.0775,5004536.84,1937487.287
csi300,2025-05-06,3.886,3.906,3.88,3.903,3.866,0.037,0.9571,7178253.09,2795762.534
csi300,2025-05-07,3.95,3.962,3.91,3.927,3.903,0.024,0.6149,10470811.71,4110994.908
csi300,2025-05-08,3.918,3.966,3.918,3.95,3.927,0.023,0.5857,7820057.19,3087094.214
csi300,2025-05-09,3.946,3.95,3.932,3.945,3.95,-0.005,-0.1266,6933748.29,2734071.47
csi300,2025-05-12,3.963,3.992,3.957,3.99,3.945,0.045,1.1407,8365002.29,3327197.559
csi300,2025-05-13,4.011,4.012,3.988,3.994,3.99,0.004,0.1003,7934009.17,3170416.334
csi300,2025-05-14,3.995,4.066,3.992,4.045,3.994,0.051,1.2769,12147902.18,4893477.242
csi300,2025-05-15,4.038,4.041,4.004,4.011,4.045,-0.034,-0.8405,8177223.75,3287897.242
csi300,2025-05-16,4.002,4.009,3.977,3.989,4.011,-0.022,-0.5485,7302837.31,2913902.471
csi300,2025-05-19,3.984,3.988,3.965,3.983,3.989,-0.006,-0.1504,5562980.93,2212057.936
csi300,2025-05-20,3.984,4.016,3.98,4.003,3.983,0.02,0.5021,5499874.79,2198868.086
csi300,2025-05-21,4.004,4.031,4.003,4.019,4.003,0.016,0.3997,5606031.33,2253851.046
csi300,2025-05-22,4.018,4.027,4.003,4.017,4.019,-0.002,-0.0498,4919320.09,1975447.858
csi300,2025-05-23,4.012,4.039,3.987,3.988,4.017,-0.029,-0.7219,8450890.7,3391996.057
csi300,2025-05-26,3.982,3.993,3.956,3.967,3.988,-0.021,-0.5266,7404857.19,2939168.237
csi300,2025-05-27,3.965,3.969,3.939,3.946,3.967,-0.021,-0.5294,5782884.0,2285272.068
csi300,2025-05-28,3.947,3.956,3.938,3.942,3.946,-0.004,-0.1014,5399201.66,2130111.536
csi300,2025-05-29,3.945,3.979,3.939,3.966,3.942,0.024,0.6088,8910394.42,3531865.335
csi300,2025-05-30,3.959,3.964,3.932,3.959,3.966,-0.007,-0.1765,7370307.41,2910576.351
csi300,2025-06-03,3.946,3.972,3.942,3.957,3.959,-0.002,-0.0505,5967867.98,2361902.723
csi300,2025-06-04,3.959,3.985,3.958,3.974,3.957,0.017,0.4296,4645433.5,1846404.388
csi300,2025-06-05,3.978,3.994,3.967,3.984,3.974,0.01,0.2516,5319657.33,2116243.913
csi300,2025-06-06,3.987,3.999,3.978,3.986,3.984,0.002,0.0502,4888807.95,1948178.948
csi300,2025-06-09,3.989,4.01,3.984,3.995,3.986,0.009,0.2258,5810981.78,2322756.628
csi300,2025-06-10,3.997,4.005,3.958,3.972,3.995,-0.023,-0.5757,7710517.7,3069054.93
csi300,2025-06-11,3.974,4.024,3.974,4.004,3.972,0.032,0.8056,11035095.25,4422015.632
csi300,2025-06-12,3.998,4.013,3.98,4.006,4.004,0.002,0.05,6900871.51,2758909.222
csi300,2025-06-13,3.998,4.002,3.967,3.98,4.006,-0.026,-0.649,6980168.32,2779843.23
csi300,2025-06-16,3.974,3.994,3.971,3.99,3.98,0.01,0.2513,6493267.44,2586770.171
csi300,2025-06-17,3.991,3.997,3.974,3.989,3.99,-0.001,-0.0251,4828913.0,1925078.391
csi300,2025-06-18,3.903,3.91,3.882,3.904,3.901,0.003,0.0769,4808034.1,1874167.101
csi300,2025-06-19,3.898,3.899,3.863,3.873,3.904,-0.031,-0.7941,6007885.72,2331339.243
csi300,2025-06-20,3.872,3.888,3.871,3.878,3.873,0.005,0.1291,4230441.4,1641824.026
csi300,2025-06-23,3.869,3.902,3.862,3.891,3.878,0.013,0.3352,7492447.14,2908735.828
csi300,2025-06-24,3.896,3.95,3.896,3.936,3.891,0.045,1.1565,12245548.8,4815432.117
csi300,2025-06-25,3.939,4.003,3.935,4.001,3.936,0.065,1.6514,17241161.22,6841352.725
csi300,2025-06-26,3.995,4.004,3.985,3.986,4.001,-0.015,-0.3749,9379678.72,3745893.284
csi300,2025-06-27,3.99,4.013,3.958,3.963,3.986,-0.023,-0.577,10696913.83,4258505.726
csi300,2025-06-30,3.961,3.985,3.956,3.982,3.963,0.019,0.4794,10819589.96,4300171.928
csi300,2025-07-01,3.98,3.992,3.969,3.988,3.982,0.006,0.1507,6406860.95,2551468.709
csi300,2025-07-02,3.985,3.999,3.975,3.992,3.988,0.004,0.1003,5188835.09,2069608.324
csi300,2025-07-03,3.994,4.02,3.991,4.015,3.992,0.023,0.5762,6863819.03,2748927.253
csi300,2025-07-04,4.011,4.065,4.004,4.032,4.015,0.017,0.4234,10525620.84,4241383.565
csi300,2025-07-07,4.026,4.032,4.005,4.014,4.032,-0.018,-0.4464,4022514.4,1614976.763
csi300,2025-07-08,4.016,4.056,4.013,4.048,4.014,0.034,0.847,6122487.38,2473798.113
csi300,2025-07-09,4.048,4.069,4.04,4.045,4.048,-0.003,-0.0741,6476608.04,2626402.688
csi300,2025-07-10,4.045,4.09,4.044,4.065,4.045,0.02,0.4944,6323876.67,2569715.942
csi300,2025-07-11,4.066,4.13,4.065,4.079,4.065,0.014,0.3444,12648551.46,5184103.11
csi300,2025-07-14,4.078,4.094,4.076,4.078,4.079,-0.001,-0.0245,8205478.85,3351107.668
csi300,2025-07-15,4.082,4.104,4.053,4.078,4.078,0.0,0.0,8074813.46,3292797.65
csi300,2025-07-16,4.079,4.093,4.056,4.069,4.078,-0.009,-0.2207,4791818.89,1951853.024
csi300,2025-07-17,4.069,4.103,4.068,4.102,4.069,0.033,0.811,5978225.33,2443096.232
csi300,2025-07-18,4.108,4.136,4.105,4.132,4.102,0.03,0.7314,7131296.16,2940955.208
csi300,2025-07-21,4.137,4.16,4.134,4.157,4.132,0.025,0.605,7674613.25,3184284.274
csi300,2025-07-22,4.159,4.203,4.142,4.201,4.157,0.044,1.0585,10821090.5,4516788.944
csi300,2025-07-23,4.204,4.234,4.188,4.199,4.201,-0.002,-0.0476,9947315.31,4188253.0
csi300,2025-07-24,4.195,4.228,4.19,4.225,4.199,0.026,0.6192,8852359.51,3729028.292
csi300,2025-07-25,4.225,4.225,4.193,4.203,4.225,-0.022,-0.5207,8200859.76,3452281.674
csi300,2025-07-28,4.203,4.223,4.186,4.214,4.203,0.011,0.2617,6027712.97,2535151.857
csi300,2025-07-29,4.208,4.236,4.192,4.235,4.214,0.021,0.4983,8059785.53,3395606.595
csi300,2025-07-30,4.227,4.265,4.207,4.232,4.235,-0.003,-0.0708,9502521.56,4023783.503
csi300,2025-07-31,4.221,4.221,4.142,4.155,4.232,-0.077,-1.8195,11229125.75,4687659.264
csi300,2025-08-01,4.148,4.162,4.118,4.133,4.155,-0.022,-0.5295,6115671.02,2531113.831
csi300,2025-08-04,4.122,4.154,4.117,4.152,4.133,0.019,0.4597,4355672.0,1801388.564
csi300,2025-08-05,4.154,4.185,4.151,4.183,4.152,0.031,0.7466,5480680.72,2282989.18
csi300,2025-08-06,4.181,4.199,4.176,4.194,4.183,0.011,0.263,4089449.07,1713095.761
csi300,2025-08-07,4.196,4.21,4.171,4.193,4.194,-0.001,-0.0238,5339656.16,2236786.69
csi300,2025-08-08,4.188,4.201,4.175,4.183,4.193,-0.01,-0.2385,4230624.0,1771777.749
csi300,2025-08-11,4.183,4.218,4.183,4.202,4.183,0.019,0.4542,6881518.92,2891923.703
csi300,2025-08-12,4.2,4.237,4.2,4.228,4.202,0.026,0.6188,4824872.1,2036818.306
csi300,2025-08-13,4.234,4.272,4.229,4.263,4.228,0.035,0.8278,7588408.13,3227703.467
csi300,2025-08-14,4.265,4.303,4.248,4.256,4.263,-0.007,-0.1642,8879343.79,3797429.985
csi300,2025-08-15,4.242,4.302,4.24,4.295,4.256,0.039,0.9164,10718339.47,4584387.161
csi300,2025-08-18,4.298,4.36,4.285,4.327,4.295,0.032,0.7451,10092475.34,4362087.157
csi300,2025-08-19,4.326,4.347,4.297,4.305,4.327,-0.022,-0.5084,7743324.31,3347920.291
csi300,2025-08-20,4.295,4.365,4.267,4.364,4.305,0.059,1.3705,13784165.63,5938089.045
csi300,2025-08-21,4.368,4.394,4.358,4.378,4.364,0.014,0.3208,9130024.68,3997377.735
csi300,2025-08-22,4.375,4.484,4.374,4.479,4.378,0.101,2.307,13602634.2,6031204.221
csi300,2025-08-25,4.501,4.572,4.497,4.565,4.479,0.086,1.9201,14560918.26,6599627.199
csi300,2025-08-26,4.554,4.572,4.527,4.541,4.565,-0.024,-0.5257,11142941.46,5068845.227
csi300,2025-08-27,4.541,4.585,4.473,4.475,4.541,-0.066,-1.4534,14126904.04,6408311.259
csi300,2025-08-28,4.469,4.561,4.452,4.559,4.475,0.084,1.8771,12764156.94,5746035.433
csi300,2025-08-29,4.55,4.613,4.54,4.601,4.559,0.042,0.9213,13550573.64,6208498.37
csi300,2025-09-01,4.607,4.624,4.58,4.616,4.601,0.015,0.326,11939866.71,5495420.182
csi300,2025-09-02,4.613,4.643,4.55,4.59,4.616,-0.026,-0.5633,10344121.86,4755250.317
csi300,2025-09-03,4.592,4.609,4.52,4.549,4.59,-0.041,-0.8932,9188624.72,4187703.184
csi300,2025-09-04,4.546,4.555,4.416,4.456,4.549,-0.093,-2.0444,14208228.33,6352441.03
csi300,2025-09-05,4.45,4.563,4.442,4.554,4.456,0.098,2.1993,10603324.74,4780253.83
csi300,2025-09-08,4.554,4.573,4.524,4.555,4.554,0.001,0.022,10340219.93,4701185.135
csi300,2025-09-09,4.545,4.564,4.502,4.528,4.555,-0.027,-0.5928,6803545.36,3084847.254
csi300,2025-09-10,4.526,4.562,4.507,4.538,4.528,0.01,0.2208,6086583.32,2761984.289
csi300,2025-09-11,4.527,4.662,4.517,4.66,4.538,0.122,2.6884,9783418.22,4504295.39
csi300,2025-09-12,4.662,4.664,4.615,4.621,4.66,-0.039,-0.8369,9158580.27,4251540.392
csi300,2025-09-15,4.622,4.662,4.614,4.629,4.621,0.008,0.1731,7211915.18,3346337.207
csi300,2025-09-16,4.632,4.652,4.591,4.62,4.629,-0.009,-0.1944,7889033.61,3642646.55
csi300,2025-09-17,4.615,4.659,4.599,4.653,4.62,0.033,0.7143,7154078.82,3315621.289
csi300,2025-09-18,4.655,4.676,4.554,4.594,4.653,-0.059,-1.268,11873727.1,5488692.045
csi300,2025-09-19,4.59,4.633,4.587,4.604,4.594,0.01,0.2177,7316138.11,3369611.818
csi300,2025-09-22,4.604,4.621,4.582,4.619,4.604,0.015,0.3258,6292766.23,2896946.428
csi300,2025-09-23,4.627,4.656,4.558,4.622,4.619,0.003,0.0649,10550001.35,4859849.641
csi300,2025-09-24,4.597,4.664,4.596,4.663,4.622,0.041,0.8871,10044858.67,4656117.026
csi300,2025-09-25,4.663,4.718,4.657,4.695,4.663,0.032,0.6863,7713362.31,3614405.601
csi300,2025-09-26,4.677,4.699,4.65,4.651,4.695,-0.044,-0.9372,7153059.37,3344592.886
csi300,2025-09-29,4.648,4.755,4.64,4.728,4.651,0.077,1.6556,11954365.2,5620190.347
csi300,2025-09-30,4.734,4.75,4.72,4.741,4.728,0.013,0.275,7403809.27,3508639.995
csi300,2025-10-09,4.754,4.836,4.75,4.816,4.741,0.075,1.5819,8970906.08,4308933.449
csi300,2025-10-10,4.787,4.794,4.704,4.719,4.816,-0.097,-2.0141,11746425.59,5581932.563
csi300,2025-10-13,4.598,4.704,4.596,4.692,4.719,-0.027,-0.5722,9658361.87,4499844.601
csi300,2025-10-14,4.725,4.74,4.62,4.645,4.692,-0.047,-1.0017,11619095.16,5445976.98
csi300,2025-10-15,4.648,4.715,4.627,4.706,4.645,0.061,1.3132,9974012.76,4649845.988
csi300,2025-10-16,4.689,4.747,4.689,4.721,4.706,0.015,0.3187,8124633.37,3835512.324
csi300,2025-10-17,4.715,4.724,4.612,4.624,4.721,-0.097,-2.0546,8400582.05,3909864.092
csi300,2025-10-20,4.651,4.678,4.624,4.64,4.624,0.016,0.346,7644178.05,3554256.321
csi300,2025-10-21,4.656,4.723,4.652,4.71,4.64,0.07,1.5086,9598685.19,4511371.971
csi300,2025-10-22,4.69,4.708,4.668,4.695,4.71,-0.015,-0.3185,5544841.98,2601506.365
csi300,2025-10-23,4.687,4.719,4.642,4.713,4.695,0.018,0.3834,6993428.41,3267824.361
csi300,2025-10-24,4.728,4.772,4.727,4.77,4.713,0.057,1.2094,8653036.18,4110591.097
csi300,2025-10-27,4.808,4.831,4.796,4.826,4.77,0.056,1.174,7585249.12,3652922.851
csi300,2025-10-28,4.815,4.85,4.792,4.802,4.826,-0.024,-0.4973,7259491.38,3497088.82
csi300,2025-10-29,4.81,4.864,4.81,4.862,4.802,0.06,1.2495,6792783.56,3284668.925
csi300,2025-10-30,4.858,4.874,4.816,4.823,4.862,-0.039,-0.8021,8164618.54,3955485.339
csi300,2025-10-31,4.819,4.826,4.755,4.756,4.823,-0.067,-1.3892,14325686.2,6851751.22
csi300,2025-11-03,4.752,4.767,4.705,4.763,4.756,0.007,0.1472,7759881.37,3674194.55
csi300,2025-11-04,4.76,4.773,4.706,4.729,4.763,-0.034,-0.7138,12015243.29,5708778.783
csi300,2025-11-05,4.692,4.751,4.668,4.735,4.729,0.006,0.1269,7633532.85,3599158.874
csi300,2025-11-06,4.742,4.813,4.742,4.805,4.735,0.07,1.4784,7326649.05,3506780.405
csi300,2025-11-07,4.79,4.812,4.774,4.795,4.805,-0.01,-0.2081,5392555.53,2584816.479
csi300,2025-11-10,4.797,4.811,4.763,4.807,4.795,0.012,0.2503,4483488.44,2146884.969
csi300,2025-11-11,4.814,4.824,4.757,4.763,4.807,-0.044,-0.9153,5651935.63,2702663.134
csi300,2025-11-12,4.754,4.783,4.731,4.765,4.763,0.002,0.042,5236906.75,2491775.456
csi300,2025-11-13,4.757,4.815,4.752,4.812,4.765,0.047,0.9864,6459560.59,3096198.221
csi300,2025-11-14,4.785,4.796,4.739,4.741,4.812,-0.071,-1.4755,5936317.15,2832605.947
csi300,2025-11-17,4.73,4.74,4.691,4.71,4.741,-0.031,-0.6539,7524669.29,3545084.093
csi300,2025-11-18,4.7,4.717,4.664,4.683,4.71,-0.027,-0.5732,8568239.33,4018390.178
csi300,2025-11-19,4.678,4.717,4.678,4.697,4.683,0.014,0.299,8569614.94,4026545.623
csi300,2025-11-20,4.724,4.729,4.673,4.676,4.697,-0.021,-0.4471,5619395.01,2644705.315
csi300,2025-11-21,4.645,4.654,4.562,4.564,4.676,-0.112,-2.3952,14964004.1,6884359.92
csi300,2025-11-24,4.579,4.585,4.533,4.557,4.564,-0.007,-0.1534,11557477.22,5269730.484
csi300,2025-11-25,4.58,4.623,4.579,4.597,4.557,0.04,0.8778,8959405.77,4120829.562
csi300,2025-11-26,4.6,4.646,4.594,4.626,4.597,0.029,0.6308,9140793.06,4228349.386
csi300,2025-11-27,4.629,4.674,4.618,4.622,4.626,-0.004,-0.0865,4793694.11,2226374.836
csi300,2025-11-28,4.621,4.642,4.603,4.635,4.622,0.013,0.2813,5192340.54,2403092.677
csi300,2025-12-01,4.646,4.688,4.639,4.687,4.635,0.052,1.1219,5783013.7,2698559.001
csi300,2025-12-02,4.686,4.686,4.651,4.666,4.687,-0.021,-0.448,3834449.0,1790231.961
csi300,2025-12-03,4.665,4.684,4.635,4.645,4.666,-0.021,-0.4501,3950347.8,1840202.209
csi300,2025-12-04,4.648,4.671,4.628,4.657,4.645,0.012,0.2583,4026188.36,1871831.892
csi300,2025-12-05,4.656,4.71,4.643,4.698,4.657,0.041,0.8804,6872030.54,3217071.412
csi300,2025-12-08,4.711,4.754,4.709,4.732,4.698,0.034,0.7237,8263437.51,3908784.386
csi300,2025-12-09,4.727,4.739,4.694,4.708,4.732,-0.024,-0.5072,7001054.99,3302885.875
csi300,2025-12-10,4.7,4.709,4.658,4.702,4.708,-0.006,-0.1274,6207764.36,2903153.594
csi300,2025-12-11,4.708,4.722,4.662,4.668,4.702,-0.034,-0.7231,6199442.53,2910601.742
csi300,2025-12-12,4.678,4.702,4.648,4.694,4.668,0.026,0.557,8671539.2,4057237.306
csi300,2025-12-15,4.674,4.712,4.55,4.667,4.694,-0.027,-0.5752,6917855.14,3241015.143
csi300,2025-12-16,4.66,4.667,4.601,4.62,4.667,-0.047,-1.0071,7693550.01,3559031.617
csi300,2025-12-17,4.619,4.715,4.616,4.699,4.62,0.079,1.71,10856133.18,5079203.142
csi300,2025-12-18,4.683,4.692,4.661,4.668,4.699,-0.031,-0.6597,6780188.55,3169750.209
csi300,2025-12-19,4.68,4.714,4.666,4.688,4.668,0.02,0.4284,8317889.37,3901916.782
csi300,2025-12-22,4.702,4.735,4.702,4.73,4.688,0.042,0.8959,8371219.64,3956863.485
csi300,2025-12-23,4.735,4.763,4.726,4.74,4.73,0.01,0.2114,8083405.36,3833240.598
csi300,2025-12-24,4.74,4.765,4.726,4.757,4.74,0.017,0.3586,5334293.78,2531260.594
csi300,2025-12-25,4.75,4.777,4.744,4.766,4.757,0.009,0.1892,4272443.04,2033628.744
csi300,2025-12-26,4.766,4.801,4.755,4.784,4.766,0.018,0.3777,8160800.91,3902900.785
csi300,2025-12-29,4.78,4.794,4.749,4.763,4.784,-0.021,-0.439,8529050.33,4069832.489
csi300,2025-12-30,4.746,4.79,4.742,4.773,4.763,0.01,0.21,4772242.25,2275508.778
csi300,2025-12-31,4.777,4.789,4.742,4.753,4.773,-0.02,-0.419,6668292.36,3175879.377
csi300,2026-01-05,4.783,4.848,4.78,4.844,4.753,0.091,1.9146,10171324.85,4902061.805
csi300,2026-01-06,4.85,4.92,4.848,4.919,4.844,0.075,1.5483,10523015.45,5141603.633
csi300,2026-01-07,4.92,4.927,4.876,4.901,4.919,-0.018,-0.3659,9334025.54,4578481.053
csi300,2026-01-08,4.888,4.894,4.843,4.863,4.901,-0.038,-0.7754,6827197.78,3324674.355
csi300,2026-01-09,4.857,4.903,4.844,4.885,4.863,0.022,0.4524,11348552.58,5535581.862
csi300,2026-01-12,4.893,4.929,4.861,4.913,4.885,0.028,0.5732,13330753.33,6529675.045
csi300,2026-01-13,4.922,4.965,4.876,4.896,4.913,-0.017,-0.346,12717831.95,6249488.306
csi300,2026-01-14,4.896,4.949,4.841,4.866,4.896,-0.03,-0.6127,21367222.88,10465332.592
csi300,2026-01-15,4.849,4.894,4.843,4.875,4.866,0.009,0.185,52171488.6,25390672.681
csi300,2026-01-16,4.905,4.919,4.838,4.859,4.875,-0.016,-0.3282,53201664.68,25922582.412
csi300,2026-01-19,4.737,4.769,4.718,4.738,4.736,0.002,0.0422,29134398.64,13792576.409
csi300,2026-01-20,4.735,4.751,4.688,4.724,4.738,-0.014,-0.2955,28867656.33,13613769.428
csi300,2026-01-21,4.709,4.764,4.709,4.73,4.724,0.006,0.127,49039739.86,23207895.509
csi300,2026-01-22,4.741,4.76,4.703,4.727,4.73,-0.003,-0.0634,43163442.08,20376067.887
csi300,2026-01-23,4.732,4.742,4.687,4.704,4.727,-0.023,-0.4866,67693781.09,31834663.643
csi300,2026-01-26,4.712,4.76,4.694,4.712,4.704,0.008,0.1701,59398528.82,28002364.939
csi300,2026-01-27,4.712,4.742,4.679,4.71,4.712,-0.002,-0.0424,43391350.15,20450057.577
csi300,2026-01-28,4.725,4.743,4.704,4.725,4.71,0.015,0.3185,84977822.53,40100175.381
csi300,2026-01-29,4.724,4.779,4.704,4.768,4.725,0.043,0.9101,35456647.39,16773879.626
csi300,2026-01-30,4.736,4.758,4.642,4.711,4.768,-0.057,-1.1955,16702748.01,7860479.504
csi300,2026-02-02,4.68,4.719,4.591,4.6,4.711,-0.111,-2.3562,26511343.91,12299263.716
csi300,2026-02-03,4.64,4.668,4.585,4.664,4.6,0.064,1.3913,10529446.12,4881749.326
csi300,2026-02-04,4.652,4.709,4.643,4.707,4.664,0.043,0.922,10525059.16,4914865.553
csi300,2026-02-05,4.68,4.695,4.645,4.679,4.707,-0.028,-0.5949,9339828.76,4364498.239
csi300,2026-02-06,4.643,4.691,4.61,4.649,4.679,-0.03,-0.6412,8816737.4,4106577.054
csi300,2026-02-09,4.695,4.73,4.686,4.727,4.649,0.078,1.6778,7011195.04,3304026.961
csi300,2026-02-10,4.733,4.739,4.72,4.733,4.727,0.006,0.1269,6804616.63,3219183.511
csi300,2026-02-11,4.727,4.732,4.714,4.723,4.733,-0.01,-0.2113,3720786.9,1757895.647
csi300,2026-02-12,4.729,4.735,4.716,4.727,4.723,0.004,0.0847,3980124.11,1881073.591
csi300,2026-02-13,4.714,4.714,4.667,4.671,4.727,-0.056,-1.1847,13673571.51,6405790.17
csi300,2026-02-24,4.725,4.736,4.705,4.716,4.671,0.045,0.9634,6242455.87,2946760.847
csi300,2026-02-25,4.717,4.778,4.716,4.75,4.716,0.034,0.7209,8734031.06,4148107.679
csi300,2026-02-26,4.751,4.754,4.712,4.735,4.75,-0.015,-0.3158,7663721.32,3624553.287
csi300,2026-02-27,4.72,4.732,4.7,4.725,4.735,-0.01,-0.2112,6062452.61,2859792.911
csi300,2026-03-02,4.694,4.743,4.674,4.739,4.725,0.014,0.2963,12423675.25,5860854.055
csi300,2026-03-03,4.741,4.751,4.665,4.678,4.739,-0.061,-1.2872,9665578.66,4550837.091
csi300,2026-03-04,4.64,4.65,4.587,4.61,4.678,-0.068,-1.4536,8292240.2,3830984.4
csi300,2026-03-05,4.647,4.678,4.639,4.654,4.61,0.044,0.9544,5684209.59,2646464.156
csi300,2026-03-06,4.64,4.682,4.624,4.667,4.654,0.013,0.2793,5043758.59,2349185.776
csi300,2026-03-09,4.623,4.638,4.56,4.629,4.667,-0.038,-0.8142,8380982.6,3854535.508
csi300,2026-03-10,4.642,4.689,4.641,4.683,4.629,0.054,1.1666,5460125.17,2550822.882
csi300,2026-03-11,4.686,4.719,4.682,4.711,4.683,0.028,0.5979,5937122.21,2792866.73
csi300,2026-03-12,4.711,4.711,4.665,4.694,4.711,-0.017,-0.3609,3433836.26,1610201.018
csi300,2026-03-13,4.672,4.716,4.67,4.677,4.694,-0.017,-0.3622,3251129.05,1526480.622
csi300,2026-03-16,4.675,4.686,4.632,4.68,4.677,0.003,0.0641,4038627.01,1881524.447
csi300,2026-03-17,4.686,4.731,4.645,4.646,4.68,-0.034,-0.7265,7233376.6,3388771.831
csi300,2026-03-18,4.652,4.67,4.616,4.662,4.646,0.016,0.3444,7702627.09,3575798.297
csi300,2026-03-19,4.621,4.641,4.581,4.599,4.662,-0.063,-1.3514,7722418.09,3558170.504
csi300,2026-03-20,4.598,4.635,4.573,4.576,4.599,-0.023,-0.5001,7612735.68,3509938.019
csi300,2026-03-23,4.528,4.537,4.406,4.43,4.576,-0.146,-3.1906,15234981.1,6799292.79
csi300,2026-03-24,4.463,4.48,4.405,4.479,4.43,0.049,1.1061,8504351.0,3784113.263
csi300,2026-03-25,4.51,4.549,4.504,4.544,4.479,0.065,1.4512,8677126.37,3932266.869
csi300,2026-03-26,4.536,4.547,4.477,4.488,4.544,-0.056,-1.2324,4742424.14,2139118.213
csi300,2026-03-27,4.45,4.53,4.445,4.508,4.488,0.02,0.4456,5626908.26,2529639.239
csi300,2026-03-30,4.462,4.505,4.453,4.5,4.508,-0.008,-0.1775,5439942.87,2434696.108
csi300,2026-03-31,4.501,4.529,4.462,4.463,4.5,-0.037,-0.8222,5305655.53,2385310.576
csi300,2026-04-01,4.52,4.542,4.501,4.534,4.463,0.071,1.5909,5012280.66,2267466.693
csi300,2026-04-02,4.521,4.526,4.47,4.489,4.534,-0.045,-0.9925,4663511.03,2098973.595
csi300,2026-04-03,4.495,4.506,4.446,4.454,4.489,-0.035,-0.7797,4261095.95,1903072.42
csi300,2026-04-07,4.455,4.47,4.431,4.446,4.454,-0.008,-0.1796,4285685.61,1908516.206
csi300,2026-04-08,4.519,4.604,4.517,4.602,4.446,0.156,3.5088,9968845.8,4550818.244
csi300,2026-04-09,4.573,4.586,4.56,4.572,4.602,-0.03,-0.6519,7049553.23,3223934.997
csi300,2026-04-10,4.588,4.664,4.588,4.642,4.572,0.07,1.5311,9063872.71,4203124.967
csi300,2026-04-13,4.629,4.66,4.623,4.652,4.642,0.01,0.2154,3928925.99,1825187.755
csi300,2026-04-14,4.679,4.712,4.663,4.712,4.652,0.06,1.2898,4276570.77,2005429.241
csi300,2026-04-15,4.732,4.746,4.684,4.694,4.712,-0.018,-0.382,6759806.05,3185349.113
csi300,2026-04-16,4.704,4.747,4.7,4.746,4.694,0.052,1.1078,8532344.23,4036951.794
csi300,2026-04-17,4.737,4.75,4.722,4.739,4.746,-0.007,-0.1475,7361500.74,3485941.36
csi300,2026-04-20,4.735,4.777,4.728,4.765,4.739,0.026,0.5486,7624578.19,3627929.894
csi300,2026-04-21,4.764,4.786,4.73,4.776,4.765,0.011,0.2308,6361081.37,3026895.923
csi300,2026-04-22,4.76,4.813,4.756,4.811,4.776,0.035,0.7328,10125925.63,4851593.064
csi300,2026-04-23,4.82,4.834,4.772,4.801,4.811,-0.01,-0.2079,10085181.12,4848688.474
csi300,2026-04-24,4.785,4.798,4.75,4.782,4.801,-0.019,-0.3958,7193226.06,3432906.825
csi300,2026-04-27,4.786,4.81,4.773,4.782,4.782,0.0,0.0,9280360.2,4443760.487
csi300,2026-04-28,4.766,4.79,4.757,4.77,4.782,-0.012,-0.2509,8644202.29,4125806.962
csi300,2026-04-29,4.755,4.828,4.755,4.821,4.77,0.051,1.0692,12796797.74,6139314.265
csi300,2026-04-30,4.83,4.841,4.808,4.824,4.821,0.003,0.0622,16517864.02,7965711.08
csi300,2026-05-06,4.866,4.914,4.852,4.888,4.824,0.064,1.3267,18677827.57,9131466.569
csi300,2026-05-07,4.905,4.914,4.879,4.912,4.888,0.024,0.491,20946226.49,10262731.527
csi300,2026-05-08,4.89,4.902,4.862,4.886,4.912,-0.026,-0.5293,12535649.19,6121164.078
csi300,2026-05-11,4.911,4.98,4.9,4.966,4.886,0.08,1.6373,21165217.79,10456512.044
csi300,2026-05-12,4.975,4.987,4.944,4.963,4.966,-0.003,-0.0604,10021704.59,4976355.85
csi300,2026-05-13,4.94,5.023,4.939,5.017,4.963,0.054,1.0881,12726150.05,6331249.194
csi300,2026-05-14,5.037,5.041,4.931,4.941,5.017,-0.076,-1.5148,10281645.63,5118663.487
csi300,2026-05-15,4.935,4.954,4.852,4.878,4.941,-0.063,-1.275,10479024.45,5135152.285
csi300,2026-05-18,4.855,4.885,4.819,4.852,4.878,-0.026,-0.533,5835763.7,2832450.612
csi300,2026-05-19,4.843,4.874,4.789,4.869,4.852,0.017,0.3504,9674998.89,4670192.858
csi300,2026-05-20,4.845,4.882,4.84,4.871,4.869,0.002,0.0411,9597200.86,4664422.387
csi300,2026-05-21,4.897,4.954,4.801,4.808,4.871,-0.063,-1.2934,12055773.37,5913215.496
csi300,2026-05-22,4.828,4.868,4.807,4.862,4.808,0.054,1.1231,13250518.45,6421618.436
csi300,2026-05-25,4.88,4.938,4.872,4.937,4.862,0.075,1.5426,16250559.28,7970991.059
csi300,2026-05-26,4.912,4.975,4.91,4.972,4.937,0.035,0.7089,9686751.61,4786813.577
csi300,2026-05-27,4.963,4.993,4.913,4.932,4.972,-0.04,-0.8045,6405215.4,3174582.673
csi300,2026-05-28,4.917,4.948,4.866,4.932,4.932,0.0,0.0,4396498.24,2155076.599
csi300,2026-05-29,4.946,4.978,4.9,4.923,4.932,-0.009,-0.18,6566854.45,3243446.893
csi300,2026-06-01,4.923,4.94,4.861,4.868,4.923,-0.055,-1.12,4990927.16,2443095.51
csi300,2026-06-02,4.867,4.956,4.856,4.936,4.868,0.068,1.4,6809437.44,3345673.27
csi300,2026-06-03,4.938,5.016,4.928,4.965,4.936,0.029,0.59,7604618.91,3784497.955
csi300,2026-06-04,4.919,4.961,4.91,4.926,4.965,-0.039,-0.79,6097282.84,3006706.301
csi300,2026-06-05,4.909,4.948,4.825,4.843,4.926,-0.083,-1.69,6182927.34,3023262.809
csi300,2026-06-08,4.79,4.808,4.705,4.739,4.843,-0.104,-2.15,9232723.64,4394322.754
csi300,2026-06-09,4.764,4.828,4.741,4.826,4.739,0.087,1.84,4361644.82,2085593.718
csi300,2026-06-10,4.79,4.814,4.751,4.784,4.826,-0.042,-0.87,3931622.95,1879211.957
csi300,2026-06-11,4.766,4.793,4.718,4.751,4.784,-0.033,-0.69,4160687.68,1975529.542
csi300,2026-06-12,4.81,4.846,4.789,4.818,4.751,0.067,1.41,7808858.96,3761995.011
csi300,2026-06-15,4.858,4.92,4.839,4.919,4.818,0.101,2.1,16233006.71,7928405.421
csi300,2026-06-16,4.92,4.933,4.893,4.91,4.919,-0.009,-0.18,9085294.32,4467242.13
csi300,2026-06-17,4.898,4.96,4.894,4.958,4.91,0.048,0.98,13911869.8,6854308.726
csi300,2026-06-18,4.943,5.001,4.941,4.984,4.958,0.026,0.52,12933430.39,6434057.084
csi300,2026-06-22,4.983,5.095,4.954,5.091,4.984,0.107,2.15,19131577.65,9643147.387
csi300,2026-06-23,5.079,5.095,4.915,4.942,5.091,-0.149,-2.93,26173354.39,13121283.633
csi300,2026-06-24,4.929,4.978,4.916,4.967,4.942,0.025,0.51,25906734.09,12839317.641
csi300,2026-06-25,4.973,5.055,4.966,5.048,4.967,0.081,1.63,26406087.36,13252886.361
csi300,2026-06-26,5.008,5.015,4.88,4.907,5.048,-0.141,-2.79,9582429.43,4730764.08
csi300,2026-06-29,4.897,4.966,4.866,4.959,4.907,0.052,1.06,14848057.33,7294621.804
csi300,2026-06-30,4.947,5.022,4.942,5.019,4.959,0.06,1.21,20297212.63,10142732.805
csi300,2026-07-01,5.009,5.054,4.957,4.998,5.019,-0.021,-0.42,9626190.27,4820926.453
csi300,2026-07-02,4.955,4.96,4.835,4.85,4.998,-0.148,-2.96,13691536.1,6704066.004
csi300,2026-07-03,4.83,4.927,4.828,4.876,4.85,0.026,0.54,19983307.82,9792434.457
csi300,2026-07-06,4.9,4.914,4.831,4.877,4.876,0.001,0.02,6179918.15,3016661.205
csi300,2026-07-07,4.858,4.877,4.796,4.826,4.877,-0.051,-1.05,6986967.78,3378515.92
csi300,2026-07-08,4.836,4.872,4.793,4.798,4.826,-0.028,-0.58,4846847.69,2337287.019
csi300,2026-07-09,4.813,4.925,4.777,4.916,4.798,0.118,2.46,9558592.48,4636438.104
csi300,2026-07-10,4.918,4.949,4.827,4.829,4.916,-0.087,-1.77,8242800.21,4039507.185
csi300,2026-07-13,4.802,4.821,4.719,4.744,4.829,-0.085,-1.76,16190529.68,7705111.563
csi300,2026-07-14,4.744,4.838,4.696,4.837,4.744,0.093,1.96,18084400.38,8630537.927
csi300,2026-07-15,4.829,4.87,4.819,4.838,4.837,0.001,0.02,7220327.04,3497653.884
csi300,2026-07-16,4.775,4.825,4.724,4.753,4.838,-0.085,-1.76,16578227.91,7909234.146
csi300,2026-07-17,4.72,4.73,4.546,4.589,4.753,-0.164,-3.45,31647757.15,14648790.58
csi300,2026-07-20,4.63,4.685,4.577,4.65,4.589,0.061,1.33,40104538.02,18562451.759
csi300,2026-07-21,4.677,4.789,4.617,4.787,4.65,0.137,2.95,27388321.12,12894642.144
csi300,2026-07-22,4.75,4.823,4.75,4.765,4.787,-0.022,-0.46,12650379.41,6059305.801
csi300,2026-07-23,4.774,4.795,4.755,4.787,4.765,0.022,0.46,5811785.59,2775499.281
csi300,2026-07-24,4.75,4.759,4.699,4.701,4.787,-0.086,-1.8,10247631.52,4844479.626
csi300,2026-07-27,4.702,4.758,4.674,4.753,4.701,0.052,1.11,9715927.3,4584814.67
csi300,2026-07-28,4.69,4.7,4.609,4.627,4.753,-0.126,-2.65,16853986.67,7832309.396
csi300,2026-07-29,4.624,4.686,4.574,4.657,4.627,0.03,0.65,15092027.12,6987965.715
csi300,2026-07-30,4.63,4.655,4.536,4.605,4.657,-0.052,-1.12,15120389.03,6953209.405
csi300,2026-07-31,4.68,4.703,4.644,4.653,4.605,0.048,1.04,15016262.67,7016550.822
csi300,2026-08-03,4.624,4.638,4.591,4.599,4.653,-0.054,-1.16,9263921.07,4269964.026
csi300,2026-08-04,4.618,4.672,4.615,4.651,4.599,0.052,1.13,11730428.66,5451256.791
csi300,2026-08-05,4.62,4.737,4.613,4.714,4.651,0.063,1.36,14245658.36,6690045.414
csi300,2026-08-06,4.688,4.731,4.668,4.709,4.714,-0.005,-0.11,8783559.96,4127254.988
csi300,2026-08-07,4.706,4.764,4.706,4.751,4.709,0.042,0.89,9435355.85,4474693.309
csi300,2026-08-10,4.755,4.772,4.72,4.759,4.751,0.008,0.17,5610851.63,2663755.927
csi300,2026-08-11,4.75,4.775,4.722,4.728,4.759,-0.031,-0.65,5353219.17,2541400.132
csi300,2026-08-12,4.727,4.759,4.72,4.748,4.728,0.02,0.42,9010137.43,4275919.625
csi300,2026-08-13,4.77,4.786,4.725,4.729,4.748,-0.019,-0.4,9155827.41,4364799.044
csi300,2026-08-14,4.737,4.742,4.701,4.726,4.729,-0.003,-0.06,6859529.84,3238306.187
csi300,2026-08-17,4.73,4.802,4.725,4.801,4.726,0.075,1.59,8356561.14,3985898.57
csi300,2026-08-18,4.794,4.803,4.751,4.787,4.801,-0.014,-0.29,6576444.05,3143413.605
csi300,2026-08-19,4.748,4.749,4.627,4.654,4.787,-0.133,-2.78,15327229.15,7147497.737
csi300,2026-08-20,4.67,4.689,4.632,4.653,4.654,-0.001,-0.02,7488662.92,3491619.584
csi300,2026-08-21,4.648,4.693,4.641,4.68,4.653,0.027,0.58,7273846.3,3400014.848
csi300,2026-08-24,4.678,4.692,4.593,4.627,4.68,-0.053,-1.13,9229738.0,4272980.684
csi300,2026-08-25,4.601,4.639,4.587,4.616,4.627,-0.011,-0.24,7452568.0,3435989.271
csi300,2026-08-26,4.615,4.68,4.611,4.652,4.616,0.036,0.78,8463208.51,3935828.217
csi300,2026-08-27,4.659,4.694,4.649,4.691,4.652,0.039,0.84,6419297.34,3001316.406
csi300,2026-08-28,4.684,4.706,4.675,4.679,4.691,-0.012,-0.26,6046933.22,2835120.646
spx,2014-01-15,0.994,0.996,0.976,0.986,1.004,-0.018,-1.7928,1328553.99,130998.296
spx,2014-01-16,0.988,0.994,0.988,0.991,0.986,0.005,0.5071,397330.3,39379.678
spx,2014-01-17,0.993,0.993,0.985,0.987,0.991,-0.004,-0.4036,169781.01,16786.119
spx,2014-01-20,0.983,0.988,0.982,0.982,0.987,-0.005,-0.5066,139374.0,13745.061
spx,2014-01-21,0.982,0.996,0.97,0.984,0.982,0.002,0.2037,218529.87,21520.868
spx,2014-01-22,0.984,0.988,0.973,0.979,0.984,-0.005,-0.5081,258991.0,25372.839
spx,2014-01-23,0.985,0.99,0.977,0.988,0.979,0.009,0.9193,115346.98,11384.44
spx,2014-01-24,0.983,0.994,0.98,0.99,0.988,0.002,0.2024,134146.99,13247.096
spx,2014-01-27,0.979,0.979,0.969,0.97,0.99,-0.02,-2.0202,28052.0,2722.491
spx,2014-01-28,0.97,0.97,0.959,0.964,0.97,-0.006,-0.6186,43444.0,4183.702
spx,2014-01-29,0.97,0.979,0.97,0.977,0.964,0.013,1.3485,41182.0,4011.234
spx,2014-01-30,0.965,0.967,0.961,0.967,0.977,-0.01,-1.0235,22712.0,2189.83
spx,2014-02-07,0.963,0.973,0.962,0.973,0.967,0.006,0.6205,29875.99,2895.017
spx,2014-02-10,0.973,0.98,0.97,0.97,0.973,-0.003,-0.3083,79147.18,7710.451
spx,2014-02-11,0.966,0.98,0.966,0.975,0.97,0.005,0.5155,214255.98,20870.112
spx,2014-02-12,0.978,0.989,0.975,0.987,0.975,0.012,1.2308,103932.13,10224.769
spx,2014-02-13,0.98,0.991,0.98,0.987,0.987,0.0,0.0,59963.0,5930.564
spx,2014-02-14,0.995,1.0,0.994,0.997,0.987,0.01,1.0132,93917.99,9351.591
spx,2014-02-17,1.0,1.003,0.999,1.001,0.997,0.004,0.4012,93130.0,9321.102
spx,2014-02-18,1.0,1.002,0.999,1.0,1.001,-0.001,-0.0999,68322.99,6833.306
spx,2014-02-19,1.0,1.004,1.0,1.004,1.0,0.004,0.4,119844.0,12005.533
spx,2014-02-20,1.0,1.002,0.995,1.0,1.004,-0.004,-0.3984,32449.0,3240.35
spx,2014-02-21,1.001,1.006,1.001,1.003,1.0,0.003,0.3,74748.95,7510.051
spx,2014-02-24,1.004,1.005,1.002,1.005,1.003,0.002,0.1994,37325.0,3745.747
spx,2014-02-25,1.009,1.013,1.009,1.013,1.005,0.008,0.796,124849.0,12615.654
spx,2014-02-26,1.009,1.016,1.009,1.016,1.013,0.003,0.2962,72219.99,7318.937
spx,2014-02-27,1.016,1.016,1.011,1.015,1.016,-0.001,-0.0984,27036.99,2738.662
spx,2014-02-28,1.019,1.026,1.016,1.024,1.015,0.009,0.8867,43343.99,4422.678
spx,2014-03-03,1.025,1.03,1.02,1.026,1.024,0.002,0.1953,30975.98,3176.651
spx,2014-03-04,1.022,1.023,1.016,1.022,1.026,-0.004,-0.3899,47514.0,4842.956
spx,2014-03-05,1.039,1.039,1.027,1.031,1.022,0.009,0.8806,43287.71,4457.56
spx,2014-03-06,1.03,1.034,1.028,1.033,1.031,0.002,0.194,35549.99,3662.874
spx,2014-03-07,1.04,1.04,1.03,1.034,1.033,0.001,0.0968,36489.7,3770.353
spx,2014-03-10,1.034,1.035,1.03,1.031,1.034,-0.003,-0.2901,35678.0,3682.825
spx,2014-03-11,1.03,1.039,1.03,1.039,1.031,0.008,0.7759,44359.4,4586.106
spx,2014-03-12,1.032,1.035,1.028,1.029,1.039,-0.01,-0.9625,43173.0,4449.45
spx,2014-03-13,1.031,1.035,1.027,1.034,1.029,0.005,0.4859,63323.0,6522.613
spx,2014-03-14,1.024,1.024,1.018,1.018,1.034,-0.016,-1.5474,37631.97,3843.551
spx,2014-03-17,1.018,1.023,1.018,1.022,1.018,0.004,0.3929,27102.0,2764.225
spx,2014-03-18,1.029,1.034,1.027,1.033,1.022,0.011,1.0763,25477.99,2626.432
spx,2014-03-19,1.034,1.039,1.0,1.037,1.033,0.004,0.3872,19267.0,1993.999
spx,2014-03-20,1.035,1.035,1.02,1.03,1.037,-0.007,-0.675,32017.0,3297.04
spx,2014-03-21,1.036,1.037,1.033,1.033,1.03,0.003,0.2913,35795.0,3707.209
spx,2014-03-24,1.031,1.034,1.031,1.033,1.033,0.0,0.0,15956.5,1646.603
spx,2014-03-25,1.032,1.032,1.026,1.031,1.033,-0.002,-0.1936,17888.0,1842.746
spx,2014-03-26,1.036,1.037,1.033,1.036,1.031,0.005,0.485,21841.0,2262.284
spx,2014-03-27,1.033,1.033,1.027,1.029,1.036,-0.007,-0.6757,14928.0,1534.916
spx,2014-03-28,1.027,1.028,1.025,1.028,1.029,-0.001,-0.0972,19256.97,1975.755
spx,2014-03-31,1.032,1.033,1.029,1.033,1.028,0.005,0.4864,17046.0,1758.929
spx,2014-04-01,1.038,1.04,1.038,1.04,1.033,0.007,0.6776,28957.41,3009.94
spx,2014-04-02,1.04,1.049,1.04,1.048,1.04,0.008,0.7692,33295.3,3483.301
spx,2014-04-03,1.047,1.051,1.047,1.05,1.048,0.002,0.1908,26143.0,2744.779
spx,2014-04-04,1.049,1.05,1.047,1.049,1.05,-0.001,-0.0952,16779.0,1760.048
spx,2014-04-08,1.022,1.03,1.022,1.029,1.049,-0.02,-1.9066,26032.97,2670.596
spx,2014-04-09,1.035,1.035,1.027,1.03,1.029,0.001,0.0972,18880.99,1943.846
spx,2014-04-10,1.04,1.04,1.035,1.038,1.03,0.008,0.7767,27942.0,2899.155
spx,2014-04-11,1.008,1.016,1.008,1.014,1.038,-0.024,-2.3121,35147.0,3564.736
spx,2014-04-14,1.009,1.009,1.005,1.008,1.014,-0.006,-0.5917,9347.9,940.656
spx,2014-04-15,1.01,1.018,1.01,1.018,1.008,0.01,0.9921,28271.9,2876.405
spx,2014-04-16,1.025,1.026,1.023,1.026,1.018,0.008,0.7859,5849.0,599.262
spx,2014-04-17,1.037,1.037,1.032,1.033,1.026,0.007,0.6823,25880.9,2678.901
spx,2014-04-18,1.037,1.037,1.032,1.034,1.033,0.001,0.0968,18468.0,1910.419
spx,2014-04-21,1.034,1.037,1.034,1.034,1.034,0.0,0.0,12772.0,1322.897
spx,2014-04-22,1.039,1.039,1.036,1.038,1.034,0.004,0.3868,23748.0,2464.742
spx,2014-04-23,1.04,1.045,1.04,1.042,1.038,0.004,0.3854,31487.0,3282.516
spx,2014-04-24,1.042,1.044,1.041,1.044,1.042,0.002,0.1919,29893.0,3116.874
spx,2014-04-25,1.044,1.046,1.042,1.043,1.044,-0.001,-0.0958,20388.0,2129.227
spx,2014-04-28,1.037,1.037,1.032,1.032,1.043,-0.011,-1.0547,9752.99,1007.919
spx,2014-04-29,1.036,1.04,1.036,1.038,1.032,0.006,0.5814,13310.0,1383.311
spx,2014-04-30,1.043,1.043,0.992,1.04,1.038,0.002,0.1927,26267.0,2664.533
spx,2014-05-05,1.042,1.044,1.041,1.041,1.04,0.001,0.0962,6249.0,651.363
spx,2014-05-06,1.045,1.048,1.044,1.048,1.041,0.007,0.6724,34666.6,3631.724
spx,2014-05-07,1.035,1.038,1.035,1.038,1.048,-0.01,-0.9542,12952.0,1343.637
spx,2014-05-08,1.042,1.042,1.04,1.042,1.038,0.004,0.3854,3552.0,369.815
spx,2014-05-09,1.042,1.042,1.039,1.041,1.042,-0.001,-0.096,6385.0,664.127
spx,2014-05-12,1.04,1.044,1.04,1.043,1.041,0.002,0.1921,5954.0,620.704
spx,2014-05-13,1.045,1.053,1.045,1.051,1.043,0.008,0.767,25153.0,2644.597
spx,2014-05-14,1.053,1.057,1.052,1.055,1.051,0.004,0.3806,41321.0,4358.586
spx,2014-05-15,1.053,1.053,1.05,1.052,1.055,-0.003,-0.2844,34416.0,3618.615
spx,2014-05-16,1.043,1.044,1.042,1.043,1.052,-0.009,-0.8555,50364.0,5250.573
spx,2014-05-19,1.042,1.046,1.042,1.045,1.043,0.002,0.1918,14727.0,1539.731
spx,2014-05-20,1.043,1.048,1.043,1.047,1.045,0.002,0.1914,23984.0,2507.781
spx,2014-05-21,1.04,1.041,1.039,1.041,1.047,-0.006,-0.5731,9758.5,1014.978
spx,2014-05-22,1.049,1.052,1.048,1.052,1.041,0.011,1.0567,31257.0,3284.094
spx,2014-05-23,1.052,1.053,1.05,1.05,1.052,-0.002,-0.1901,9611.0,1009.464
spx,2014-05-26,1.056,1.056,1.054,1.056,1.05,0.006,0.5714,19774.0,2086.165
spx,2014-05-27,1.056,1.056,1.054,1.056,1.056,0.0,0.0,27231.0,2873.607
spx,2014-05-28,1.061,1.062,1.06,1.061,1.056,0.005,0.4735,12368.0,1311.834
spx,2014-05-29,1.06,1.062,1.059,1.062,1.061,0.001,0.0943,16536.28,1753.714
spx,2014-05-30,1.066,1.068,1.066,1.067,1.062,0.005,0.4708,32842.0,3503.491
spx,2014-06-03,1.078,1.078,1.068,1.071,1.067,0.004,0.3749,7623.99,815.446
spx,2014-06-04,1.069,1.074,1.068,1.073,1.071,0.002,0.1867,29054.0,3113.118
spx,2014-06-05,1.098,1.098,1.071,1.075,1.073,0.002,0.1864,24277.01,2607.712
spx,2014-06-06,1.083,1.084,1.08,1.084,1.075,0.009,0.8372,16435.78,1778.925
spx,2014-06-09,1.087,1.087,1.083,1.086,1.084,0.002,0.1845,10856.0,1177.522
spx,2014-06-10,1.087,1.087,1.083,1.084,1.086,-0.002,-0.1842,6784.48,735.829
spx,2014-06-11,1.084,1.084,1.081,1.082,1.084,-0.002,-0.1845,4277.0,462.857
spx,2014-06-12,1.078,1.08,1.077,1.079,1.082,-0.003,-0.2773,3589.0,387.126
spx,2014-06-13,1.068,1.073,1.068,1.071,1.079,-0.008,-0.7414,5345.0,572.541
spx,2014-06-16,1.072,1.075,1.072,1.073,1.071,0.002,0.1867,3996.0,428.82
spx,2014-06-17,1.073,1.075,1.073,1.075,1.073,0.002,0.1864,2206.0,237.064
spx,2014-06-18,1.076,1.078,1.076,1.076,1.075,0.001,0.093,5730.0,616.632
spx,2014-06-19,1.085,1.09,1.083,1.09,1.076,0.014,1.3011,20428.0,2221.303
spx,2014-06-20,1.086,1.091,1.086,1.091,1.09,0.001,0.0917,7012.0,763.967
spx,2014-06-23,1.1,1.186,1.089,1.092,1.091,0.001,0.0917,5688.0,624.059
spx,2014-06-24,1.09,1.092,1.089,1.092,1.092,0.0,0.0,7660.0,835.43
spx,2014-06-25,1.088,1.088,1.082,1.084,1.092,-0.008,-0.7326,6131.0,664.36
spx,2014-06-26,1.087,1.09,1.087,1.09,1.084,0.006,0.5535,4379.0,476.713
spx,2014-06-27,1.09,1.091,1.086,1.091,1.09,0.001,0.0917,6979.0,759.648
spx,2014-06-30,1.092,1.094,1.09,1.093,1.091,0.002,0.1833,17273.9,1886.125
spx,2014-07-01,1.091,1.094,1.091,1.093,1.093,0.0,0.0,9491.0,1036.926
spx,2014-07-02,1.096,1.099,1.096,1.099,1.093,0.006,0.5489,6108.0,670.318
spx,2014-07-03,1.094,1.099,1.094,1.097,1.099,-0.002,-0.182,5035.0,552.645
spx,2014-07-04,1.102,1.105,1.101,1.105,1.097,0.008,0.7293,14645.53,1615.105
spx,2014-07-07,1.105,1.105,1.102,1.105,1.105,0.0,0.0,13776.15,1520.304
spx,2014-07-08,1.102,1.102,1.095,1.101,1.105,-0.004,-0.362,11768.0,1293.188
spx,2014-07-09,1.095,1.095,1.091,1.095,1.101,-0.006,-0.545,16262.32,1776.686
spx,2014-07-10,1.095,1.099,1.095,1.099,1.095,0.004,0.3653,12149.55,1334.028
spx,2014-07-11,1.095,1.095,1.091,1.093,1.099,-0.006,-0.546,6720.55,733.75
spx,2014-07-14,1.094,1.094,1.09,1.093,1.093,0.0,0.0,11123.4,1214.794
spx,2014-07-15,1.092,1.099,1.092,1.098,1.093,0.005,0.4575,5942.0,652.455
spx,2014-07-16,1.091,1.095,1.091,1.095,1.098,-0.003,-0.2732,5685.0,622.021
spx,2014-07-17,1.098,1.1,1.098,1.098,1.095,0.003,0.274,6054.0,665.427
spx,2014-07-18,1.087,1.089,1.084,1.088,1.098,-0.01,-0.9107,11023.0,1198.652
spx,2014-07-21,1.092,1.1,1.092,1.1,1.088,0.012,1.1029,15648.62,1718.65
spx,2014-07-22,1.095,1.098,1.095,1.098,1.1,-0.002,-0.1818,4650.0,510.119
spx,2014-07-23,1.1,1.101,1.097,1.1,1.098,0.002,0.1821,9023.56,991.659
spx,2014-07-24,1.104,1.104,1.099,1.1,1.1,0.0,0.0,5421.99,596.741
spx,2014-07-25,1.1,1.103,1.098,1.1,1.1,0.0,0.0,8758.0,964.137
spx,2014-07-28,1.098,1.099,1.095,1.099,1.1,-0.001,-0.0909,17011.0,1868.114
spx,2014-07-29,1.095,1.099,1.095,1.099,1.099,0.0,0.0,7159.0,785.166
spx,2014-07-30,1.094,1.095,1.092,1.095,1.099,-0.004,-0.364,6457.0,706.012
spx,2014-07-31,1.09,1.094,1.09,1.094,1.095,-0.001,-0.0913,5649.0,617.142
spx,2014-08-01,1.07,1.076,1.068,1.076,1.094,-0.018,-1.6453,38802.01,4156.652
spx,2014-08-04,1.071,1.073,1.07,1.073,1.076,-0.003,-0.2788,8023.95,859.276
spx,2014-08-05,1.077,1.077,1.072,1.074,1.073,0.001,0.0932,28032.95,3008.449
spx,2014-08-06,1.068,1.069,1.066,1.067,1.074,-0.007,-0.6518,9198.99,981.381
spx,2014-08-07,1.068,1.069,1.067,1.068,1.067,0.001,0.0937,3018.0,322.236
spx,2014-08-08,1.068,1.068,1.061,1.062,1.068,-0.006,-0.5618,12827.0,1362.138
spx,2014-08-11,1.069,1.074,1.069,1.074,1.062,0.012,1.1299,13425.0,1439.165
spx,2014-08-12,1.074,1.077,1.073,1.073,1.074,-0.001,-0.0931,5731.0,615.577
spx,2014-08-13,1.074,1.074,1.07,1.072,1.073,-0.001,-0.0932,6211.0,665.519
spx,2014-08-14,1.068,1.08,1.068,1.08,1.072,0.008,0.7463,6063.0,653.638
spx,2014-08-15,1.084,1.086,1.083,1.086,1.08,0.006,0.5556,5477.0,594.264
spx,2014-08-18,1.085,1.087,1.082,1.086,1.086,0.0,0.0,12618.0,1368.465
spx,2014-08-19,1.086,1.095,1.086,1.095,1.086,0.009,0.8287,5417.0,591.714
spx,2014-08-20,1.098,1.1,1.098,1.1,1.095,0.005,0.4566,10223.0,1123.402
spx,2014-08-21,1.1,1.102,1.1,1.101,1.1,0.001,0.0909,4916.0,541.215
spx,2014-08-22,1.102,1.106,1.102,1.106,1.101,0.005,0.4541,4790.5,529.549
spx,2014-08-25,1.106,1.106,1.103,1.104,1.106,-0.002,-0.1808,3642.5,402.134
spx,2014-08-26,1.108,1.11,1.108,1.109,1.104,0.005,0.4529,7349.0,814.82
spx,2014-08-27,1.11,1.111,1.109,1.109,1.109,0.0,0.0,7678.0,851.978
spx,2014-08-28,1.11,1.111,1.108,1.108,1.109,-0.001,-0.0902,8664.56,960.775
spx,2014-08-29,1.108,1.109,1.105,1.107,1.108,-0.001,-0.0903,7744.0,857.153
spx,2014-09-01,1.111,1.114,1.11,1.111,1.107,0.004,0.3613,3637.0,404.24
spx,2014-09-02,1.111,1.116,1.111,1.116,1.111,0.005,0.45,7939.5,884.48
spx,2014-09-03,1.113,1.115,1.111,1.112,1.116,-0.004,-0.3584,13233.0,1471.18
spx,2014-09-04,1.11,1.112,1.109,1.109,1.112,-0.003,-0.2698,13290.68,1475.326
spx,2014-09-05,1.11,1.11,1.107,1.108,1.109,-0.001,-0.0902,6747.5,747.502
spx,2014-09-09,1.107,1.113,1.107,1.107,1.108,-0.001,-0.0903,4604.0,510.214
spx,2014-09-10,1.1,1.104,1.1,1.102,1.107,-0.005,-0.4517,5466.0,602.568
spx,2014-09-11,1.102,1.106,1.102,1.102,1.102,0.0,0.0,5917.56,652.893
spx,2014-09-12,1.102,1.108,1.102,1.107,1.102,0.005,0.4537,7163.0,792.452
spx,2014-09-15,1.102,1.103,1.1,1.102,1.107,-0.005,-0.4517,5932.0,653.232
spx,2014-09-16,1.101,1.101,1.096,1.096,1.102,-0.006,-0.5445,4581.0,502.687
spx,2014-09-17,1.097,1.107,1.097,1.106,1.096,0.01,0.9124,4287.0,474.001
spx,2014-09-18,1.109,1.109,1.106,1.107,1.106,0.001,0.0904,4070.0,450.813
spx,2014-09-19,1.114,1.118,1.113,1.118,1.107,0.011,0.9937,9250.0,1032.068
spx,2014-09-22,1.118,1.118,1.112,1.113,1.118,-0.005,-0.4472,1920.0,213.885
spx,2014-09-23,1.107,1.107,1.102,1.105,1.113,-0.008,-0.7188,3696.0,407.831
spx,2014-09-24,1.101,1.101,1.095,1.099,1.105,-0.006,-0.543,8407.0,922.039
spx,2014-09-25,1.105,1.106,1.103,1.105,1.099,0.006,0.546,6534.0,721.27
spx,2014-09-26,1.096,1.096,1.088,1.088,1.105,-0.017,-1.5385,5986.0,653.274
spx,2014-09-29,1.095,1.1,1.095,1.098,1.088,0.01,0.9191,8633.0,947.299
spx,2014-09-30,1.098,1.098,1.093,1.098,1.098,0.0,0.0,11897.0,1304.162
spx,2014-10-08,1.088,1.088,1.073,1.076,1.098,-0.022,-2.0036,13997.0,1505.913
spx,2014-10-09,1.088,1.097,1.088,1.096,1.076,0.02,1.8587,16390.0,1794.812
spx,2014-10-10,1.079,1.079,1.069,1.074,1.096,-0.022,-2.0073,15622.01,1676.042
spx,2014-10-13,1.062,1.062,1.056,1.06,1.074,-0.014,-1.3035,18308.0,1936.638
spx,2014-10-14,1.05,1.052,1.041,1.051,1.06,-0.009,-0.8491,44729.0,4686.666
spx,2014-10-15,1.05,1.05,1.044,1.049,1.051,-0.002,-0.1903,9343.0,978.366
spx,2014-10-16,1.048,1.048,1.033,1.039,1.049,-0.01,-0.9533,28037.99,2906.092
spx,2014-10-17,1.05,1.05,1.037,1.04,1.039,0.001,0.0962,18583.0,1932.016
spx,2014-10-20,1.051,1.051,1.048,1.05,1.04,0.01,0.9615,14610.0,1533.199
spx,2014-10-21,1.059,1.059,1.055,1.057,1.05,0.007,0.6667,20242.0,2138.817
spx,2014-10-22,1.076,1.079,1.072,1.078,1.057,0.021,1.9868,27751.0,2985.667
spx,2014-10-23,1.07,1.073,1.069,1.072,1.078,-0.006,-0.5566,12930.0,1385.467
spx,2014-10-24,1.082,1.085,1.077,1.078,1.072,0.006,0.5597,4645.0,500.935
spx,2014-10-27,1.085,1.092,1.08,1.088,1.078,0.01,0.9276,9283.1,1010.761
spx,2014-10-28,1.087,1.09,1.086,1.088,1.088,0.0,0.0,5084.5,553.298
spx,2014-10-29,1.091,1.096,1.091,1.093,1.088,0.005,0.4596,16541.0,1809.407
spx,2014-10-30,1.093,1.096,1.092,1.092,1.093,-0.001,-0.0915,7796.0,852.434
spx,2014-10-31,1.095,1.11,1.095,1.107,1.092,0.015,1.3736,22691.0,2502.461
spx,2014-11-03,1.107,1.118,1.107,1.116,1.107,0.009,0.813,9826.0,1096.256
spx,2014-11-04,1.114,1.116,1.112,1.113,1.116,-0.003,-0.2688,4830.0,537.727
spx,2014-11-05,1.11,1.114,1.11,1.113,1.113,0.0,0.0,4864.0,541.199
spx,2014-11-06,1.116,1.12,1.116,1.117,1.113,0.004,0.3594,7780.0,869.386
spx,2014-11-07,1.12,1.125,1.12,1.125,1.117,0.008,0.7162,7810.1,877.487
spx,2014-11-10,1.124,1.126,1.122,1.122,1.125,-0.003,-0.2667,13413.0,1507.202
spx,2014-11-11,1.122,1.13,1.122,1.129,1.122,0.007,0.6239,7803.0,880.315
spx,2014-11-12,1.129,1.129,1.124,1.126,1.129,-0.003,-0.2657,1550.0,174.454
spx,2014-11-13,1.124,1.127,1.123,1.123,1.126,-0.003,-0.2664,6449.0,725.219
spx,2014-11-14,1.123,1.125,1.122,1.123,1.123,0.0,0.0,14149.0,1589.793
spx,2014-11-17,1.123,1.127,1.119,1.119,1.123,-0.004,-0.3562,9279.0,1040.373
spx,2014-11-18,1.121,1.125,1.121,1.123,1.119,0.004,0.3575,5753.0,646.001
spx,2014-11-19,1.124,1.133,1.124,1.132,1.123,0.009,0.8014,10869.0,1229.642
spx,2014-11-20,1.128,1.129,1.127,1.127,1.132,-0.005,-0.4417,4167.0,469.925
spx,2014-11-21,1.129,1.131,1.129,1.13,1.127,0.003,0.2662,6207.0,701.319
spx,2014-11-24,1.136,1.137,1.127,1.127,1.13,-0.003,-0.2655,21934.0,2482.902
spx,2014-11-25,1.127,1.14,1.127,1.136,1.127,0.009,0.7986,8454.0,960.335
spx,2014-11-26,1.137,1.138,1.135,1.137,1.136,0.001,0.088,3353.0,381.202
spx,2014-11-27,1.14,1.141,1.139,1.139,1.137,0.002,0.1759,3947.0,449.743
spx,2014-11-28,1.14,1.142,1.139,1.139,1.139,0.0,0.0,7282.99,830.066
spx,2014-12-01,1.137,1.138,1.131,1.132,1.139,-0.007,-0.6146,8919.0,1011.834
spx,2014-12-02,1.128,1.13,1.126,1.127,1.132,-0.005,-0.4417,9702.11,1094.796
spx,2014-12-03,1.13,1.137,1.13,1.134,1.127,0.007,0.6211,14607.0,1655.897
spx,2014-12-04,1.135,1.142,1.135,1.139,1.134,0.005,0.4409,7194.0,819.066
spx,2014-12-05,1.136,1.139,1.132,1.136,1.139,-0.003,-0.2634,14882.13,1689.355
spx,2014-12-08,1.141,1.143,1.139,1.141,1.136,0.005,0.4401,5409.0,617.247
spx,2014-12-09,1.132,1.133,1.13,1.13,1.141,-0.011,-0.9641,8931.0,1010.334
spx,2014-12-10,1.135,1.135,1.13,1.133,1.13,0.003,0.2655,6232.0,705.762
spx,2014-12-11,1.1,1.115,1.1,1.115,1.133,-0.018,-1.5887,10458.0,1158.806
spx,2014-12-12,1.12,1.12,1.106,1.107,1.115,-0.008,-0.7175,32662.0,3629.455
spx,2014-12-15,1.092,1.1,1.092,1.1,1.107,-0.007,-0.6323,13401.0,1470.839
spx,2014-12-16,1.093,1.094,1.09,1.094,1.1,-0.006,-0.5455,18245.0,1993.721
spx,2014-12-17,1.088,1.09,1.082,1.083,1.094,-0.011,-1.0055,18998.0,2057.972
spx,2014-12-18,1.099,1.109,1.099,1.109,1.083,0.026,2.4007,10559.0,1168.862
spx,2014-12-19,1.136,1.138,1.133,1.137,1.109,0.028,2.5248,12885.0,1463.607
spx,2014-12-22,1.14,1.141,1.138,1.14,1.137,0.003,0.2639,12893.0,1468.921
spx,2014-12-23,1.152,1.152,1.143,1.146,1.14,0.006,0.5263,5645.0,646.452
spx,2014-12-24,1.153,1.153,1.147,1.15,1.146,0.004,0.349,10370.0,1192.524
spx,2014-12-25,1.151,1.151,1.145,1.146,1.15,-0.004,-0.3478,1452.0,166.814
spx,2014-12-26,1.152,1.152,1.143,1.146,1.146,0.0,0.0,7703.01,882.142
spx,2014-12-29,1.146,1.153,1.146,1.152,1.146,0.006,0.5236,16949.0,1950.924
spx,2014-12-30,1.15,1.152,1.148,1.149,1.152,-0.003,-0.2604,5198.0,597.459
spx,2014-12-31,1.14,1.148,1.14,1.148,1.149,-0.001,-0.087,6697.0,767.446
spx,2015-01-05,1.14,1.14,1.133,1.134,1.148,-0.014,-1.2195,18312.0,2076.991
spx,2015-01-06,1.118,1.118,1.11,1.114,1.134,-0.02,-1.7637,16791.29,1865.937
spx,2015-01-07,1.113,1.113,1.103,1.108,1.114,-0.006,-0.5386,35035.0,3878.815
spx,2015-01-08,1.123,1.128,1.119,1.128,1.108,0.02,1.8051,37804.0,4250.643
spx,2015-01-09,1.14,1.145,1.14,1.143,1.128,0.015,1.3298,28378.99,3243.374
spx,2015-01-12,1.143,1.143,1.129,1.134,1.143,-0.009,-0.7874,18450.0,2092.078
spx,2015-01-13,1.129,1.129,1.119,1.122,1.134,-0.012,-1.0582,14010.0,1572.214
spx,2015-01-14,1.123,1.123,1.116,1.117,1.122,-0.005,-0.4456,16125.0,1801.544
spx,2015-01-15,1.115,1.116,1.111,1.116,1.117,-0.001,-0.0895,20123.29,2240.306
spx,2015-01-16,1.108,1.114,1.101,1.112,1.116,-0.004,-0.3584,43548.0,4819.628
spx,2015-01-19,1.119,1.125,1.115,1.116,1.112,0.004,0.3597,62662.3,7005.56
spx,2015-01-20,1.119,1.12,1.116,1.119,1.116,0.003,0.2688,27376.0,3059.98
spx,2015-01-21,1.12,1.124,1.116,1.123,1.119,0.004,0.3575,48367.01,5413.111
spx,2015-01-22,1.124,1.136,1.123,1.133,1.123,0.01,0.8905,94706.0,10706.071
spx,2015-01-23,1.159,1.185,1.148,1.152,1.133,0.019,1.677,167192.0,19311.854
spx,2015-01-26,1.151,1.151,1.135,1.137,1.152,-0.015,-1.3021,64038.0,7287.594
spx,2015-01-27,1.139,1.143,1.139,1.141,1.137,0.004,0.3518,213533.0,24364.392
spx,2015-01-28,1.127,1.13,1.124,1.129,1.141,-0.012,-1.0517,179273.0,20180.867
spx,2015-01-29,1.117,1.117,1.112,1.115,1.129,-0.014,-1.24,29060.0,3236.473
spx,2015-01-30,1.123,1.127,1.12,1.123,1.115,0.008,0.7175,33579.0,3770.621
spx,2015-02-02,1.109,1.114,1.104,1.112,1.123,-0.011,-0.9795,102268.0,11353.297
spx,2015-02-03,1.126,1.128,1.121,1.124,1.112,0.012,1.0791,118054.0,13262.092
spx,2015-02-04,1.132,1.138,1.132,1.134,1.124,0.01,0.8897,36736.0,4173.66
spx,2015-02-05,1.13,1.133,1.126,1.127,1.134,-0.007,-0.6173,39745.0,4484.97
spx,2015-02-06,1.13,1.142,1.13,1.136,1.127,0.009,0.7986,30299.0,3450.992
spx,2015-02-09,1.136,1.136,1.13,1.136,1.136,0.0,0.0,103125.0,11704.049
spx,2015-02-10,1.13,1.133,1.128,1.129,1.136,-0.007,-0.6162,12468.0,1407.98
spx,2015-02-11,1.135,1.144,1.135,1.143,1.129,0.014,1.24,19440.01,2220.887
spx,2015-02-12,1.142,1.144,1.141,1.142,1.143,-0.001,-0.0875,241494.0,27599.533
spx,2015-02-13,1.152,1.16,1.151,1.157,1.142,0.015,1.3135,203103.0,23486.931
spx,2015-02-16,1.159,1.16,1.157,1.16,1.157,0.003,0.2593,255433.0,29589.395
spx,2015-02-17,1.157,1.162,1.157,1.162,1.16,0.002,0.1724,1226358.0,142150.059
spx,2015-02-25,1.169,1.175,1.168,1.171,1.162,0.009,0.7745,667886.0,78303.151
spx,2015-02-26,1.172,1.172,1.168,1.17,1.171,-0.001,-0.0854,927816.0,108580.845
spx,2015-02-27,1.17,1.171,1.169,1.17,1.17,0.0,0.0,1760984.01,206097.894
spx,2015-03-02,1.17,1.17,1.164,1.17,1.17,0.0,0.0,1323628.02,154607.77
spx,2015-03-03,1.175,1.179,1.173,1.177,1.17,0.007,0.5983,742756.0,87445.478
spx,2015-03-04,1.177,1.177,1.171,1.175,1.177,-0.002,-0.1699,2449820.0,287685.544
spx,2015-03-05,1.169,1.174,1.169,1.174,1.175,-0.001,-0.0851,3599890.11,422010.485
spx,2015-03-06,1.175,1.179,1.175,1.177,1.174,0.003,0.2555,716200.0,84315.674
spx,2015-03-09,1.166,1.17,1.16,1.166,1.177,-0.011,-0.9346,333964.0,38884.22
spx,2015-03-10,1.168,1.169,1.162,1.166,1.166,0.0,0.0,1702962.0,198625.497
spx,2015-03-11,1.153,1.153,1.143,1.145,1.166,-0.021,-1.801,1271336.0,145820.433
spx,2015-03-12,1.145,1.15,1.145,1.15,1.145,0.005,0.4367,1172541.0,134614.062
spx,2015-03-13,1.172,1.172,1.154,1.155,1.15,0.005,0.4348,1728277.0,200237.316
spx,2015-03-16,1.155,1.156,1.15,1.151,1.155,-0.004,-0.3463,2747665.0,317077.718
spx,2015-03-17,1.162,1.166,1.16,1.162,1.151,0.011,0.9557,1043729.0,121291.348
spx,2015-03-18,1.159,1.16,1.157,1.157,1.162,-0.005,-0.4303,630822.0,73132.429
spx,2015-03-19,1.167,1.174,1.167,1.172,1.157,0.015,1.2965,1564155.0,183144.791
spx,2015-03-20,1.169,1.169,1.163,1.165,1.172,-0.007,-0.5973,264751.0,30866.529
spx,2015-03-23,1.173,1.176,1.172,1.174,1.165,0.009,0.7725,6705499.0,787656.844
spx,2015-03-24,1.178,1.178,1.166,1.167,1.174,-0.007,-0.5963,7456487.29,874307.998
spx,2015-03-25,1.164,1.165,1.158,1.158,1.167,-0.009,-0.7712,10367146.0,1204723.263
spx,2015-03-26,1.148,1.148,1.141,1.142,1.158,-0.016,-1.3817,11933077.0,1365433.344
spx,2015-03-27,1.141,1.146,1.14,1.144,1.142,0.002,0.1751,7114702.0,814404.474
spx,2015-03-30,1.146,1.147,1.141,1.142,1.144,-0.002,-0.1748,1344132.0,154012.719
spx,2015-03-31,1.153,1.157,1.15,1.152,1.142,0.01,0.8757,236224.0,27243.184
spx,2015-04-01,1.146,1.147,1.141,1.145,1.152,-0.007,-0.6076,1048109.0,119957.991
spx,2015-04-02,1.141,1.146,1.139,1.145,1.145,0.0,0.0,666386.0,76204.976
spx,2015-04-03,1.145,1.146,1.144,1.144,1.145,-0.001,-0.0873,289139.0,33105.683
spx,2015-04-07,1.148,1.152,1.146,1.148,1.144,0.004,0.3497,362331.0,41602.839
spx,2015-04-08,1.147,1.15,1.142,1.146,1.148,-0.002,-0.1742,1176733.0,135015.5
spx,2015-04-09,1.147,1.147,1.143,1.145,1.146,-0.001,-0.0873,1113572.0,127530.053
spx,2015-04-10,1.148,1.152,1.148,1.15,1.145,0.005,0.4367,436367.0,50161.132
spx,2015-04-13,1.152,1.155,1.147,1.15,1.15,0.0,0.0,631408.0,72702.304
spx,2015-04-14,1.149,1.15,1.145,1.147,1.15,-0.003,-0.2609,1423981.0,163470.067
spx,2015-04-15,1.147,1.15,1.147,1.147,1.147,0.0,0.0,378931.0,43522.354
spx,2015-04-16,1.148,1.156,1.148,1.149,1.147,0.002,0.1744,634066.0,73186.143
spx,2015-04-17,1.149,1.157,1.149,1.155,1.149,0.006,0.5222,1649771.0,190574.777
spx,2015-04-20,1.15,1.151,1.143,1.147,1.155,-0.008,-0.6926,384263.98,44129.908
spx,2015-04-21,1.153,1.16,1.153,1.157,1.147,0.01,0.8718,970171.08,112242.091
spx,2015-04-22,1.153,1.154,1.151,1.154,1.157,-0.003,-0.2593,125476.9,14466.304
spx,2015-04-23,1.16,1.161,1.157,1.158,1.154,0.004,0.3466,1260021.6,146093.622
spx,2015-04-24,1.162,1.168,1.162,1.163,1.158,0.005,0.4318,388203.9,45179.87
spx,2015-04-27,1.167,1.169,1.164,1.167,1.163,0.004,0.3439,611815.09,71448.609
spx,2015-04-28,1.167,1.167,1.16,1.163,1.167,-0.004,-0.3428,955432.0,111359.37
spx,2015-04-29,1.169,1.169,1.163,1.166,1.163,0.003,0.258,77401.0,9029.809
spx,2015-04-30,1.164,1.164,1.157,1.16,1.166,-0.006,-0.5146,175124.0,20311.459
spx,2015-05-04,1.161,1.161,1.158,1.16,1.16,0.0,0.0,827915.0,96001.643
spx,2015-05-05,1.16,1.168,1.16,1.165,1.16,0.005,0.431,237586.0,27656.82
spx,2015-05-06,1.158,1.16,1.151,1.152,1.165,-0.013,-1.1159,360735.0,41615.219
spx,2015-05-07,1.148,1.15,1.145,1.15,1.152,-0.002,-0.1736,268845.9,30889.507
spx,2015-05-08,1.153,1.163,1.15,1.155,1.15,0.005,0.4348,566787.0,65349.6
spx,2015-05-11,1.163,1.168,1.161,1.163,1.155,0.008,0.6926,228983.0,26615.203
spx,2015-05-12,1.163,1.163,1.159,1.162,1.163,-0.001,-0.086,373759.0,43394.796
spx,2015-05-13,1.16,1.161,1.154,1.159,1.162,-0.003,-0.2582,1081850.24,125402.58
spx,2015-05-14,1.155,1.16,1.154,1.155,1.159,-0.004,-0.3451,194512.0,22513.862
spx,2015-05-15,1.16,1.167,1.16,1.164,1.155,0.009,0.7792,951014.24,110769.488
spx,2015-05-18,1.161,1.165,1.161,1.163,1.164,-0.001,-0.0859,400337.0,46546.478
spx,2015-05-19,1.164,1.169,1.164,1.169,1.163,0.006,0.5159,51052.0,5961.852
spx,2015-05-20,1.167,1.17,1.167,1.168,1.169,-0.001,-0.0855,123126.0,14381.675
spx,2015-05-21,1.168,1.169,1.16,1.166,1.168,-0.002,-0.1712,380715.0,44392.202
spx,2015-05-22,1.167,1.171,1.167,1.171,1.166,0.005,0.4288,929728.0,108757.304
spx,2015-05-25,1.169,1.179,1.163,1.17,1.171,-0.001,-0.0854,314270.0,36799.662
spx,2015-05-26,1.17,1.171,1.165,1.17,1.17,0.0,0.0,1153091.68,134913.674
spx,2015-05-27,1.167,1.167,1.16,1.164,1.17,-0.006,-0.5128,590078.0,68581.451
spx,2015-05-28,1.167,1.173,1.167,1.168,1.164,0.004,0.3436,561006.0,65656.398
spx,2015-05-29,1.168,1.173,1.168,1.17,1.168,0.002,0.1712,2271626.0,265760.083
spx,2015-06-01,1.17,1.17,1.159,1.163,1.17,-0.007,-0.5983,252808.0,29360.792
spx,2015-06-02,1.164,1.166,1.161,1.164,1.163,0.001,0.086,2567812.0,298917.9
spx,2015-06-03,1.164,1.164,1.157,1.158,1.164,-0.006,-0.5155,197785.0,22979.458
spx,2015-06-04,1.158,1.17,1.158,1.165,1.158,0.007,0.6045,342938.0,39861.968
spx,2015-06-05,1.164,1.164,1.153,1.162,1.165,-0.003,-0.2575,360747.0,41875.035
spx,2015-06-08,1.162,1.165,1.158,1.164,1.162,0.002,0.1721,308879.0,35908.748
spx,2015-06-09,1.163,1.163,1.153,1.156,1.164,-0.008,-0.6873,1773028.0,204632.094
spx,2015-06-10,1.155,1.16,1.153,1.16,1.156,0.004,0.346,12152.0,1406.062
spx,2015-06-11,1.169,1.173,1.165,1.167,1.16,0.007,0.6034,4264.0,497.691
spx,2015-06-12,1.167,1.17,1.167,1.169,1.167,0.002,0.1714,7203.0,841.806
spx,2015-06-15,1.164,1.164,1.157,1.157,1.169,-0.012,-1.0265,7871.0,911.711
spx,2015-06-16,1.159,1.159,1.15,1.154,1.157,-0.003,-0.2593,421832.0,48721.5
spx,2015-06-17,1.158,1.163,1.154,1.154,1.154,0.0,0.0,651899.0,75458.53
spx,2015-06-18,1.156,1.162,1.15,1.155,1.154,0.001,0.0867,854010.0,98583.593
spx,2015-06-19,1.16,1.168,1.158,1.159,1.155,0.004,0.3463,438334.0,50998.605
spx,2015-06-23,1.161,1.175,1.161,1.166,1.159,0.007,0.604,296926.0,34627.932
spx,2015-06-24,1.169,1.174,1.168,1.17,1.166,0.004,0.3431,1689201.0,198233.005
spx,2015-06-25,1.149,1.165,1.149,1.164,1.17,-0.006,-0.5128,1119395.0,130084.693
spx,2015-06-26,1.164,1.164,1.159,1.159,1.164,-0.005,-0.4296,5682.0,659.371
spx,2015-06-29,1.159,1.163,1.154,1.159,1.159,0.0,0.0,374572.0,43377.515
spx,2015-06-30,1.141,1.148,1.138,1.141,1.159,-0.018,-1.5531,707654.0,81037.396
spx,2015-07-01,1.142,1.148,1.142,1.144,1.141,0.003,0.2629,61420.0,7021.859
spx,2015-07-02,1.146,1.155,1.146,1.15,1.144,0.006,0.5245,398045.0,45695.629
spx,2015-07-03,1.15,1.154,1.146,1.15,1.15,0.0,0.0,8211.0,943.24
spx,2015-07-06,1.148,1.15,1.13,1.146,1.15,-0.004,-0.3478,362593.0,41385.131
spx,2015-07-07,1.146,1.15,1.136,1.143,1.146,-0.003,-0.2618,5816.0,662.88
spx,2015-07-08,1.14,1.149,1.036,1.119,1.143,-0.024,-2.0997,20075.0,2261.792
spx,2015-07-09,1.11,1.17,1.061,1.118,1.119,-0.001,-0.0894,77505.0,8765.301
spx,2015-07-10,1.118,1.16,1.115,1.123,1.118,0.005,0.4472,84311.0,9600.8
spx,2015-07-13,1.14,1.143,1.131,1.134,1.123,0.011,0.9795,17779.0,2017.719
spx,2015-07-14,1.144,1.165,1.142,1.157,1.134,0.023,2.0282,18462.99,2128.597
spx,2015-07-15,1.159,1.172,1.159,1.165,1.157,0.008,0.6914,245880.99,28672.135
spx,2015-07-16,1.166,1.168,1.155,1.159,1.165,-0.006,-0.515,119406.0,13840.482
spx,2015-07-17,1.165,1.171,1.165,1.171,1.159,0.012,1.0354,193827.0,22658.118
spx,2015-07-20,1.17,1.18,1.169,1.174,1.171,0.003,0.2562,208776.95,24542.151
spx,2015-07-21,1.176,1.182,1.176,1.182,1.174,0.008,0.6814,133508.96,15715.118
spx,2015-07-22,1.172,1.179,1.168,1.175,1.182,-0.007,-0.5922,11597.0,1361.809
spx,2015-07-23,1.17,1.18,1.17,1.18,1.175,0.005,0.4255,9709.0,1141.589
spx,2015-07-24,1.172,1.198,1.172,1.178,1.18,-0.002,-0.1695,68248.0,8061.144
spx,2015-07-27,1.161,1.167,1.151,1.151,1.178,-0.027,-2.292,13230.0,1533.907
spx,2015-07-28,1.158,1.159,1.149,1.152,1.151,0.001,0.0869,256585.0,29610.442
spx,2015-07-29,1.162,1.169,1.162,1.165,1.152,0.013,1.1285,269877.4,31466.918
spx,2015-07-30,1.18,1.18,1.172,1.176,1.165,0.011,0.9442,283958.0,33393.464
spx,2015-07-31,1.173,1.181,1.173,1.177,1.176,0.001,0.085,98371.4,11582.021
spx,2015-08-03,1.177,1.178,1.173,1.175,1.177,-0.002,-0.1699,261042.0,30668.998
spx,2015-08-04,1.174,1.176,1.17,1.17,1.175,-0.005,-0.4255,64634.0,7575.816
spx,2015-08-05,1.17,1.172,1.168,1.171,1.17,0.001,0.0855,5477.0,640.631
spx,2015-08-06,1.172,1.176,1.172,1.175,1.171,0.004,0.3416,4850.0,569.42
spx,2015-08-07,1.17,1.175,1.164,1.166,1.175,-0.009,-0.766,12226.0,1427.369
spx,2015-08-10,1.171,1.171,1.165,1.168,1.166,0.002,0.1715,65787.0,7683.784
spx,2015-08-11,1.18,1.265,1.176,1.2,1.168,0.032,2.7397,63841.81,7597.694
spx,2015-08-12,1.199,1.216,1.189,1.2,1.2,0.0,0.0,48565.0,5822.095
spx,2015-08-13,1.193,1.218,1.193,1.211,1.2,0.011,0.9167,21728.0,2626.417
spx,2015-08-14,1.212,1.213,1.205,1.211,1.211,0.0,0.0,11443.0,1385.355
spx,2015-08-17,1.217,1.229,1.217,1.225,1.211,0.014,1.1561,15087.0,1849.84
spx,2015-08-18,1.229,1.234,1.229,1.231,1.225,0.006,0.4898,17222.0,2121.448
spx,2015-08-19,1.23,1.233,1.225,1.226,1.231,-0.005,-0.4062,21117.0,2596.761
spx,2015-08-20,1.223,1.225,1.214,1.216,1.226,-0.01,-0.8157,11585.0,1409.918
spx,2015-08-21,1.2,1.2,1.187,1.191,1.216,-0.025,-2.0559,23419.01,2786.179
spx,2015-08-24,1.149,1.149,1.106,1.124,1.191,-0.067,-5.6255,25846.0,2945.324
spx,2015-08-25,1.073,1.14,1.073,1.11,1.124,-0.014,-1.2456,30460.0,3385.571
spx,2015-08-26,1.119,1.138,1.078,1.113,1.11,0.003,0.2703,12972.0,1433.395
spx,2015-08-27,1.16,1.16,1.13,1.142,1.113,0.029,2.6056,18808.0,2152.084
spx,2015-08-28,1.149,1.164,1.149,1.162,1.142,0.02,1.7513,17491.0,2020.291
spx,2015-08-31,1.16,1.162,1.144,1.157,1.162,-0.005,-0.4303,8014.0,925.661
spx,2015-09-01,1.151,1.151,1.132,1.138,1.157,-0.019,-1.6422,9645.0,1098.447
spx,2015-09-02,1.123,1.13,1.109,1.129,1.138,-0.009,-0.7909,5710.0,640.565
spx,2015-09-07,1.139,1.139,1.122,1.13,1.129,0.001,0.0886,5785.0,652.067
spx,2015-09-08,1.13,1.138,1.124,1.138,1.13,0.008,0.708,19480.0,2201.916
spx,2015-09-09,1.155,1.155,1.145,1.152,1.138,0.014,1.2302,9482.0,1090.003
spx,2015-09-10,1.132,1.137,1.132,1.137,1.152,-0.015,-1.3021,8187.0,929.575
spx,2015-09-11,1.14,1.144,1.139,1.14,1.137,0.003,0.2639,4260.0,486.327
spx,2015-09-14,1.145,1.151,1.144,1.147,1.14,0.007,0.614,6478.0,744.056
spx,2015-09-15,1.13,1.146,1.13,1.14,1.147,-0.007,-0.6103,2042.0,232.831
spx,2015-09-16,1.155,1.155,1.149,1.153,1.14,0.013,1.1404,4042.0,465.816
spx,2015-09-17,1.16,1.164,1.16,1.164,1.153,0.011,0.954,8140.95,946.077
spx,2015-09-18,1.16,1.16,1.156,1.159,1.164,-0.005,-0.4296,1583.0,183.314
spx,2015-09-21,1.143,1.143,1.134,1.141,1.159,-0.018,-1.5531,11457.95,1305.286
spx,2015-09-22,1.146,1.148,1.143,1.148,1.141,0.007,0.6135,8035.0,920.657
spx,2015-09-23,1.136,1.136,1.123,1.134,1.148,-0.014,-1.2195,20335.0,2294.286
spx,2015-09-24,1.133,1.134,1.131,1.133,1.134,-0.001,-0.0882,6496.0,735.263
spx,2015-09-25,1.131,1.132,1.127,1.132,1.133,-0.001,-0.0883,5739.0,648.782
spx,2015-09-28,1.128,1.13,1.127,1.128,1.132,-0.004,-0.3534,2195.0,247.548
spx,2015-09-29,1.105,1.105,1.094,1.097,1.128,-0.031,-2.7482,9248.0,1017.342
spx,2015-09-30,1.119,1.119,1.095,1.105,1.097,0.008,0.7293,19390.0,2132.361
spx,2015-10-08,1.145,1.16,1.145,1.15,1.105,0.045,4.0724,20244.0,2331.857
spx,2015-10-09,1.157,1.166,1.156,1.161,1.15,0.011,0.9565,9628.9,1119.304
spx,2015-10-12,1.165,1.166,1.164,1.166,1.161,0.005,0.4307,3714.0,432.837
spx,2015-10-13,1.164,1.167,1.161,1.163,1.166,-0.003,-0.2573,6921.0,806.226
spx,2015-10-14,1.15,1.159,1.15,1.158,1.163,-0.005,-0.4299,2530.0,292.959
spx,2015-10-15,1.156,1.159,1.153,1.159,1.158,0.001,0.0864,13204.0,1526.893
spx,2015-10-16,1.166,1.174,1.166,1.168,1.159,0.009,0.7765,8924.0,1043.869
spx,2015-10-19,1.18,1.18,1.171,1.173,1.168,0.005,0.4281,10024.0,1176.525
spx,2015-10-20,1.178,1.18,1.177,1.178,1.173,0.005,0.4263,8997.0,1060.014
spx,2015-10-21,1.179,1.18,1.173,1.174,1.178,-0.004,-0.3396,13094.0,1539.017
spx,2015-10-22,1.175,1.175,1.163,1.171,1.174,-0.003,-0.2555,2437.0,285.55
spx,2015-10-23,1.179,1.195,1.179,1.191,1.171,0.02,1.7079,17631.0,2102.244
spx,2015-10-26,1.211,1.211,1.199,1.199,1.191,0.008,0.6717,7655.0,920.543
spx,2015-10-27,1.2,1.205,1.198,1.201,1.199,0.002,0.1668,6877.0,825.301
spx,2015-10-28,1.196,1.202,1.196,1.2,1.201,-0.001,-0.0833,2213.0,265.69
spx,2015-10-29,1.22,1.22,1.21,1.211,1.2,0.011,0.9167,3418.0,414.369
spx,2015-10-30,1.21,1.212,1.209,1.212,1.211,0.001,0.0826,2599.0,314.719
spx,2015-11-02,1.212,1.212,1.204,1.205,1.212,-0.007,-0.5776,6324.0,761.966
spx,2015-11-03,1.213,1.219,1.213,1.219,1.205,0.014,1.1618,1686.0,205.298
spx,2015-11-04,1.222,1.222,1.218,1.221,1.219,0.002,0.1641,150819.0,18414.989
spx,2015-11-05,1.222,1.222,1.217,1.22,1.221,-0.001,-0.0819,7915.9,964.522
spx,2015-11-06,1.22,1.22,1.216,1.218,1.22,-0.002,-0.1639,3914.0,476.91
spx,2015-11-09,1.218,1.221,1.216,1.221,1.218,0.003,0.2463,18635.0,2272.56
spx,2015-11-10,1.213,1.213,1.202,1.209,1.221,-0.012,-0.9828,7436.0,898.341
spx,2015-11-11,1.209,1.214,1.209,1.209,1.209,0.0,0.0,1774.0,214.539
spx,2015-11-12,1.214,1.214,1.207,1.21,1.209,0.001,0.0827,1825.0,220.693
spx,2015-11-13,1.2,1.2,1.19,1.193,1.21,-0.017,-1.405,9557.0,1141.436
spx,2015-11-16,1.18,1.18,1.167,1.179,1.193,-0.014,-1.1735,13288.9,1562.276
spx,2015-11-17,1.193,1.202,1.193,1.202,1.179,0.023,1.9508,20110.0,2411.457
spx,2015-11-18,1.197,1.201,1.196,1.196,1.202,-0.006,-0.4992,2022.0,242.167
spx,2015-11-19,1.201,1.223,1.201,1.219,1.196,0.023,1.9231,18830.99,2294.876
spx,2015-11-20,1.221,1.224,1.219,1.223,1.219,0.004,0.3281,4921.0,601.181
spx,2015-11-23,1.23,1.23,1.224,1.225,1.223,0.002,0.1635,5756.0,705.074
spx,2015-11-24,1.225,1.225,1.22,1.223,1.225,-0.002,-0.1633,7918.0,967.728
spx,2015-11-25,1.222,1.226,1.222,1.222,1.223,-0.001,-0.0818,3196.0,390.767
spx,2015-11-26,1.222,1.226,1.221,1.225,1.222,0.003,0.2455,4465.0,546.442
spx,2015-11-27,1.23,1.231,1.222,1.224,1.225,-0.001,-0.0816,6226.0,762.91
spx,2015-11-30,1.224,1.233,1.221,1.23,1.224,0.006,0.4902,21096.0,2587.86
spx,2015-12-01,1.218,1.23,1.218,1.228,1.23,-0.002,-0.1626,21009.0,2572.832
spx,2015-12-02,1.235,1.238,1.235,1.237,1.228,0.009,0.7329,7892.0,975.064
spx,2015-12-03,1.231,1.231,1.22,1.225,1.237,-0.012,-0.9701,10618.0,1298.781
spx,2015-12-04,1.21,1.21,1.202,1.207,1.225,-0.018,-1.4694,30862.0,3719.371
spx,2015-12-07,1.225,1.23,1.225,1.227,1.207,0.02,1.657,2836.0,348.283
spx,2015-12-08,1.222,1.224,1.22,1.221,1.227,-0.006,-0.489,6287.0,768.506
spx,2015-12-09,1.215,1.218,1.212,1.218,1.221,-0.003,-0.2457,5038.0,611.938
spx,2015-12-10,1.214,1.214,1.209,1.212,1.218,-0.006,-0.4926,14504.0,1755.459
spx,2015-12-11,1.212,1.218,1.212,1.215,1.212,0.003,0.2475,1880.0,228.516
spx,2015-12-14,1.2,1.2,1.189,1.198,1.215,-0.017,-1.3992,9443.0,1129.287
spx,2015-12-15,1.198,1.204,1.198,1.203,1.198,0.005,0.4174,19470.0,2337.736
spx,2015-12-16,1.211,1.219,1.211,1.212,1.203,0.009,0.7481,6603.0,802.144
spx,2015-12-17,1.239,1.24,1.226,1.227,1.212,0.015,1.2376,20389.0,2508.343
spx,2015-12-18,1.219,1.219,1.209,1.211,1.227,-0.016,-1.304,13113.0,1589.2
spx,2015-12-21,1.199,1.201,1.192,1.201,1.211,-0.01,-0.8258,19675.0,2358.572
spx,2015-12-22,1.207,1.208,1.204,1.207,1.201,0.006,0.4996,3049.0,367.577
spx,2015-12-23,1.215,1.216,1.211,1.211,1.207,0.004,0.3314,3881.0,470.174
spx,2015-12-24,1.22,1.227,1.22,1.224,1.211,0.013,1.0735,9043.0,1106.219
spx,2015-12-25,1.224,1.227,1.22,1.227,1.224,0.003,0.2451,3407.0,416.813
spx,2015-12-28,1.224,1.228,1.22,1.223,1.227,-0.004,-0.326,5576.0,681.559
spx,2015-12-29,1.22,1.226,1.22,1.225,1.223,0.002,0.1635,2223.0,271.985
spx,2015-12-30,1.236,1.236,1.233,1.233,1.225,0.008,0.6531,4862.0,599.944
spx,2015-12-31,1.231,1.234,1.224,1.234,1.233,0.001,0.0811,4333.0,533.175
spx,2016-01-04,1.234,1.234,1.22,1.227,1.234,-0.007,-0.5673,12996.0,1589.673
spx,2016-01-05,1.221,1.221,1.198,1.211,1.227,-0.016,-1.304,23603.0,2853.143
spx,2016-01-06,1.215,1.216,1.205,1.214,1.211,0.003,0.2477,22323.0,2702.422
spx,2016-01-07,1.2,1.202,1.196,1.202,1.214,-0.012,-0.9885,1464.0,175.807
spx,2016-01-08,1.191,1.192,1.179,1.192,1.202,-0.01,-0.8319,25640.33,3034.639
spx,2016-01-11,1.174,1.18,1.172,1.173,1.192,-0.019,-1.594,13133.33,1543.411
spx,2016-01-12,1.18,1.18,1.171,1.179,1.173,0.006,0.5115,6409.0,752.504
spx,2016-01-13,1.173,1.184,1.173,1.18,1.179,0.001,0.0848,3244.0,383.178
spx,2016-01-14,1.16,1.166,1.153,1.164,1.18,-0.016,-1.3559,10278.0,1192.124
spx,2016-01-15,1.17,1.172,1.167,1.171,1.164,0.007,0.6014,6702.0,784.449
spx,2016-01-18,1.165,1.165,1.14,1.163,1.171,-0.008,-0.6832,3014.17,349.125
spx,2016-01-19,1.145,1.18,1.145,1.179,1.163,0.016,1.3758,3343.0,389.248
spx,2016-01-20,1.179,1.179,1.158,1.158,1.179,-0.021,-1.7812,3509.0,408.589
spx,2016-01-21,1.158,1.17,1.146,1.146,1.158,-0.012,-1.0363,8249.0,955.138
spx,2016-01-22,1.14,1.17,1.14,1.169,1.146,0.023,2.007,3589.0,416.155
spx,2016-01-25,1.171,1.175,1.155,1.162,1.169,-0.007,-0.5988,5226.0,608.148
spx,2016-01-26,1.155,1.155,1.136,1.136,1.162,-0.026,-2.2375,5825.0,666.567
spx,2016-01-27,1.155,1.155,1.142,1.15,1.136,0.014,1.2324,2959.0,339.819
spx,2016-01-28,1.146,1.149,1.138,1.14,1.15,-0.01,-0.8696,3535.0,403.676
spx,2016-01-29,1.147,1.153,1.142,1.153,1.14,0.013,1.1404,4878.0,560.139
spx,2016-02-01,1.164,1.173,1.164,1.166,1.153,0.013,1.1275,3338.0,389.112
spx,2016-02-02,1.166,1.173,1.159,1.167,1.166,0.001,0.0858,4451.0,518.95
spx,2016-02-03,1.147,1.166,1.147,1.165,1.167,-0.002,-0.1714,2541.0,294.826
spx,2016-02-04,1.165,1.198,1.165,1.198,1.165,0.033,2.8326,6118.0,718.217
spx,2016-02-05,1.19,1.193,1.15,1.193,1.198,-0.005,-0.4174,14895.0,1751.251
spx,2016-02-15,1.18,1.188,1.145,1.181,1.193,-0.012,-1.0059,3706.0,435.723
spx,2016-02-16,1.182,1.187,1.165,1.187,1.181,0.006,0.508,2836.0,334.508
spx,2016-02-17,1.191,1.191,1.178,1.179,1.187,-0.008,-0.674,1551.0,183.257
spx,2016-02-18,1.185,1.195,1.18,1.18,1.179,0.001,0.0848,4289.0,509.447
spx,2016-02-19,1.18,1.186,1.166,1.177,1.18,-0.003,-0.2542,2292.0,269.785
spx,2016-02-22,1.177,1.19,1.174,1.175,1.177,-0.002,-0.1699,2044.0,240.588
spx,2016-02-23,1.183,1.187,1.178,1.178,1.175,0.003,0.2553,2997.0,354.473
spx,2016-02-24,1.174,1.174,1.165,1.17,1.178,-0.008,-0.6791,3063.94,358.034
spx,2016-02-25,1.17,1.179,1.165,1.17,1.17,0.0,0.0,3714.94,435.532
spx,2016-02-26,1.175,1.24,1.175,1.188,1.17,0.018,1.5385,6278.5,748.938
spx,2016-02-29,1.188,1.19,1.176,1.187,1.188,-0.001,-0.0842,2208.12,261.321
spx,2016-03-01,1.18,1.187,1.171,1.184,1.187,-0.003,-0.2527,4513.0,531.784
spx,2016-03-02,1.195,1.21,1.195,1.205,1.184,0.021,1.7736,9292.0,1118.965
spx,2016-03-03,1.201,1.21,1.2,1.204,1.205,-0.001,-0.083,3299.0,397.256
spx,2016-03-04,1.211,1.211,1.2,1.205,1.204,0.001,0.0831,3561.18,428.746
spx,2016-03-07,1.21,1.212,1.206,1.211,1.205,0.006,0.4979,2978.27,360.12
spx,2016-03-08,1.212,1.212,1.192,1.203,1.211,-0.008,-0.6606,4946.0,594.374
spx,2016-03-09,1.198,1.199,1.182,1.195,1.203,-0.008,-0.665,3397.0,404.292
spx,2016-03-10,1.192,1.199,1.192,1.196,1.195,0.001,0.0837,2425.0,290.336
spx,2016-03-11,1.194,1.198,1.186,1.196,1.196,0.0,0.0,2732.0,325.903
spx,2016-03-14,1.216,1.216,1.205,1.212,1.196,0.016,1.3378,5803.0,703.006
spx,2016-03-15,1.213,1.213,1.206,1.207,1.212,-0.005,-0.4125,8476.0,1023.691
spx,2016-03-16,1.207,1.207,1.199,1.207,1.207,0.0,0.0,16485.0,1983.441
spx,2016-03-17,1.213,1.218,1.207,1.212,1.207,0.005,0.4143,7623.0,924.427
spx,2016-03-18,1.22,1.22,1.211,1.214,1.212,0.002,0.165,5641.0,685.365
spx,2016-03-21,1.217,1.232,1.217,1.223,1.214,0.009,0.7414,7694.0,941.88
spx,2016-03-22,1.231,1.231,1.218,1.22,1.223,-0.003,-0.2453,7143.0,872.166
spx,2016-03-23,1.223,1.231,1.218,1.221,1.22,0.001,0.082,11008.0,1343.82
spx,2016-03-24,1.218,1.218,1.21,1.212,1.221,-0.009,-0.7371,1746.0,211.875
spx,2016-03-25,1.22,1.22,1.213,1.214,1.212,0.002,0.165,2032.99,246.886
spx,2016-03-28,1.214,1.214,1.204,1.209,1.214,-0.005,-0.4119,9085.0,1097.047
spx,2016-03-29,1.209,1.213,1.203,1.207,1.209,-0.002,-0.1654,2748.0,332.154
spx,2016-03-30,1.219,1.22,1.214,1.217,1.207,0.01,0.8285,3713.32,451.801
spx,2016-03-31,1.222,1.224,1.215,1.217,1.217,0.0,0.0,3445.0,419.467
spx,2016-04-01,1.216,1.217,1.212,1.215,1.217,-0.002,-0.1643,2110.0,256.256
spx,2016-04-05,1.218,1.22,1.215,1.22,1.215,0.005,0.4115,2687.0,327.296
spx,2016-04-06,1.207,1.218,1.207,1.218,1.22,-0.002,-0.1639,3967.0,482.04
spx,2016-04-07,1.238,1.238,1.222,1.224,1.218,0.006,0.4926,2441.0,299.102
spx,2016-04-08,1.22,1.22,1.213,1.219,1.224,-0.005,-0.4085,1320.0,160.63
spx,2016-04-11,1.221,1.226,1.22,1.224,1.219,0.005,0.4102,10654.0,1304.641
spx,2016-04-12,1.225,1.225,1.219,1.221,1.224,-0.003,-0.2451,1482.5,181.013
spx,2016-04-13,1.225,1.234,1.225,1.225,1.221,0.004,0.3276,3371.0,414.486
spx,2016-04-14,1.238,1.238,1.23,1.233,1.225,0.008,0.6531,5397.0,664.857
spx,2016-04-15,1.233,1.233,1.23,1.233,1.233,0.0,0.0,2504.0,308.58
spx,2016-04-18,1.232,1.233,1.228,1.231,1.233,-0.002,-0.1622,5643.0,694.689
spx,2016-04-19,1.234,1.239,1.232,1.239,1.231,0.008,0.6499,18431.0,2276.539
spx,2016-04-20,1.242,1.248,1.228,1.241,1.239,0.002,0.1614,9573.0,1185.738
spx,2016-04-21,1.245,1.25,1.235,1.25,1.241,0.009,0.7252,7623.0,947.733
spx,2016-04-22,1.25,1.25,1.24,1.247,1.25,-0.003,-0.24,2021.0,251.104
spx,2016-04-25,1.245,1.245,1.236,1.241,1.247,-0.006,-0.4812,6168.5,764.513
spx,2016-04-26,1.245,1.248,1.24,1.248,1.241,0.007,0.5641,4214.5,524.169
spx,2016-04-27,1.25,1.253,1.248,1.251,1.248,0.003,0.2404,9636.0,1204.12
spx,2016-04-28,1.251,1.259,1.248,1.255,1.251,0.004,0.3197,6885.0,862.272
spx,2016-04-29,1.243,1.254,1.235,1.239,1.255,-0.016,-1.2749,7377.0,913.743
spx,2016-05-03,1.238,1.245,1.232,1.245,1.239,0.006,0.4843,1983.0,246.357
spx,2016-05-04,1.24,1.245,1.231,1.232,1.245,-0.013,-1.0442,5345.0,661.857
spx,2016-05-05,1.232,1.234,1.222,1.226,1.232,-0.006,-0.487,8901.0,1091.688
spx,2016-05-06,1.23,1.23,1.225,1.225,1.226,-0.001,-0.0816,1982.0,243.029
spx,2016-05-09,1.231,1.25,1.228,1.25,1.225,0.025,2.0408,4004.0,494.569
spx,2016-05-10,1.249,1.256,1.236,1.246,1.25,-0.004,-0.32,6982.0,865.511
spx,2016-05-11,1.25,1.258,1.25,1.256,1.246,0.01,0.8026,3405.0,427.507
spx,2016-05-12,1.25,1.25,1.242,1.25,1.256,-0.006,-0.4777,3725.0,464.989
spx,2016-05-13,1.241,1.253,1.231,1.242,1.25,-0.008,-0.64,3580.0,444.739
spx,2016-05-16,1.226,1.237,1.226,1.235,1.242,-0.007,-0.5636,4878.0,602.233
spx,2016-05-17,1.239,1.249,1.239,1.241,1.235,0.006,0.4858,4752.0,590.758
spx,2016-05-18,1.238,1.238,1.228,1.231,1.241,-0.01,-0.8058,3426.0,421.678
spx,2016-05-19,1.231,1.236,1.229,1.232,1.231,0.001,0.0812,5151.0,633.804
spx,2016-05-20,1.232,1.232,1.228,1.23,1.232,-0.002,-0.1623,3198.0,393.864
spx,2016-05-23,1.238,1.238,1.233,1.236,1.23,0.006,0.4878,4040.0,498.795
spx,2016-05-24,1.236,1.236,1.23,1.232,1.236,-0.004,-0.3236,1927.0,237.47
spx,2016-05-25,1.245,1.248,1.243,1.247,1.232,0.015,1.2175,4872.0,606.637
spx,2016-05-26,1.249,1.257,1.249,1.254,1.247,0.007,0.5613,7217.0,903.279
spx,2016-05-27,1.257,1.257,1.253,1.256,1.254,0.002,0.1595,2294.0,287.791
spx,2016-05-30,1.256,1.282,1.256,1.279,1.256,0.023,1.8312,18585.99,2368.832
spx,2016-05-31,1.282,1.282,1.27,1.282,1.279,0.003,0.2346,4014.0,513.116
spx,2016-06-01,1.282,1.286,1.277,1.279,1.282,-0.003,-0.234,2901.0,371.611
spx,2016-06-02,1.281,1.281,1.274,1.277,1.279,-0.002,-0.1564,1451.0,185.3
spx,2016-06-03,1.278,1.29,1.263,1.274,1.277,-0.003,-0.2349,8086.0,1033.273
spx,2016-06-06,1.274,1.275,1.263,1.266,1.274,-0.008,-0.6279,8633.0,1094.152
spx,2016-06-07,1.272,1.274,1.265,1.27,1.266,0.004,0.316,10656.0,1351.813
spx,2016-06-08,1.27,1.274,1.266,1.273,1.27,0.003,0.2362,5682.0,721.618
spx,2016-06-13,1.265,1.265,1.255,1.258,1.273,-0.015,-1.1783,8264.0,1039.955
spx,2016-06-14,1.251,1.259,1.251,1.259,1.258,0.001,0.0795,4936.0,620.217
spx,2016-06-15,1.263,1.265,1.255,1.265,1.259,0.006,0.4766,2647.25,333.871
spx,2016-06-16,1.263,1.263,1.257,1.262,1.265,-0.003,-0.2372,2029.25,255.727
spx,2016-06-17,1.267,1.267,1.261,1.265,1.262,0.003,0.2377,2134.5,269.56
spx,2016-06-20,1.275,1.275,1.263,1.275,1.265,0.01,0.7905,3343.0,423.996
spx,2016-06-21,1.275,1.275,1.268,1.275,1.275,0.0,0.0,1675.0,213.141
spx,2016-06-22,1.275,1.277,1.269,1.269,1.275,-0.006,-0.4706,4497.0,572.445
spx,2016-06-23,1.269,1.274,1.269,1.272,1.269,0.003,0.2364,1298.0,165.179
spx,2016-06-24,1.276,1.285,1.24,1.259,1.272,-0.013,-1.022,10655.0,1342.265
spx,2016-06-27,1.24,1.277,1.24,1.26,1.259,0.001,0.0794,4436.5,559.144
spx,2016-06-28,1.259,1.26,1.222,1.256,1.26,-0.004,-0.3175,10388.0,1289.639
spx,2016-06-29,1.273,1.274,1.263,1.264,1.256,0.008,0.6369,4302.0,545.399
spx,2016-06-30,1.269,1.285,1.269,1.285,1.264,0.021,1.6614,7526.0,961.858
spx,2016-07-01,1.29,1.296,1.289,1.294,1.285,0.009,0.7004,2256.0,291.731
spx,2016-07-04,1.295,1.298,1.28,1.283,1.294,-0.011,-0.8501,18822.0,2418.441
spx,2016-07-05,1.282,1.285,1.281,1.282,1.283,-0.001,-0.0779,3123.0,400.709
spx,2016-07-06,1.282,1.284,1.28,1.283,1.282,0.001,0.078,2698.0,345.886
spx,2016-07-07,1.286,1.295,1.284,1.293,1.283,0.01,0.7794,3814.0,490.974
spx,2016-07-08,1.293,1.3,1.287,1.299,1.293,0.006,0.464,2644.0,342.318
spx,2016-07-11,1.303,1.327,1.303,1.319,1.299,0.02,1.5396,4713.0,620.85
spx,2016-07-12,1.318,1.338,1.318,1.333,1.319,0.014,1.0614,5574.0,741.399
spx,2016-07-13,1.333,1.358,1.333,1.342,1.333,0.009,0.6752,5351.0,720.116
spx,2016-07-14,1.353,1.353,1.337,1.337,1.342,-0.005,-0.3726,5539.0,744.911
spx,2016-07-15,1.36,1.4,1.341,1.357,1.337,0.02,1.4959,5372.0,731.714
spx,2016-07-18,1.359,1.36,1.345,1.348,1.357,-0.009,-0.6632,4625.0,623.853
spx,2016-07-19,1.352,1.365,1.345,1.365,1.348,0.017,1.2611,3661.0,494.892
spx,2016-07-20,1.36,1.365,1.352,1.361,1.365,-0.004,-0.293,2409.0,327.82
spx,2016-07-21,1.38,1.395,1.369,1.391,1.361,0.03,2.2043,6966.0,966.35
spx,2016-07-22,1.389,1.389,1.362,1.378,1.391,-0.013,-0.9346,7046.0,967.554
spx,2016-07-25,1.378,1.398,1.378,1.396,1.378,0.018,1.3062,4197.0,584.989
spx,2016-07-26,1.392,1.4,1.375,1.4,1.396,0.004,0.2865,8148.0,1137.181
spx,2016-07-27,1.405,1.405,1.361,1.392,1.4,-0.008,-0.5714,4851.0,675.104
spx,2016-07-28,1.392,1.392,1.378,1.381,1.392,-0.011,-0.7902,4733.0,655.062
spx,2016-07-29,1.383,1.419,1.382,1.419,1.381,0.038,2.7516,4873.5,677.463
spx,2016-08-01,1.42,1.424,1.402,1.409,1.419,-0.01,-0.7047,7011.0,990.403
spx,2016-08-02,1.411,1.421,1.403,1.42,1.409,0.011,0.7807,3005.0,425.006
spx,2016-08-03,1.404,1.404,1.392,1.395,1.42,-0.025,-1.7606,3983.0,555.559
spx,2016-08-04,1.398,1.4,1.388,1.39,1.395,-0.005,-0.3584,3149.0,439.002
spx,2016-08-05,1.39,1.392,1.385,1.387,1.39,-0.003,-0.2158,3923.0,544.895
spx,2016-08-08,1.409,1.409,1.392,1.404,1.387,0.017,1.2257,4788.0,670.592
spx,2016-08-09,1.403,1.404,1.396,1.404,1.404,0.0,0.0,3770.0,527.81
spx,2016-08-10,1.405,1.409,1.4,1.4,1.404,-0.004,-0.2849,3581.0,503.087
spx,2016-08-11,1.407,1.407,1.39,1.394,1.4,-0.006,-0.4286,8202.0,1143.016
spx,2016-08-12,1.398,1.405,1.38,1.388,1.394,-0.006,-0.4304,5084.0,709.825
spx,2016-08-15,1.389,1.398,1.388,1.39,1.388,0.002,0.1441,5954.0,828.248
spx,2016-08-16,1.41,1.413,1.383,1.386,1.39,-0.004,-0.2878,5618.5,780.577
spx,2016-08-17,1.38,1.383,1.37,1.374,1.386,-0.012,-0.8658,10348.5,1421.115
spx,2016-08-18,1.374,1.383,1.374,1.376,1.374,0.002,0.1456,4772.0,657.4
spx,2016-08-19,1.388,1.388,1.373,1.378,1.376,0.002,0.1453,3738.5,514.727
spx,2016-08-22,1.374,1.38,1.373,1.38,1.378,0.002,0.1451,2918.0,401.901
spx,2016-08-23,1.38,1.38,1.374,1.38,1.38,0.0,0.0,1872.0,258.042
spx,2016-08-24,1.38,1.387,1.376,1.387,1.38,0.007,0.5072,2736.0,378.788
spx,2016-08-25,1.387,1.387,1.376,1.384,1.387,-0.003,-0.2163,2104.0,290.967
spx,2016-08-26,1.386,1.387,1.384,1.385,1.384,0.001,0.0723,1344.0,186.129
spx,2016-08-29,1.385,1.385,1.374,1.382,1.385,-0.003,-0.2166,1001.0,138.466
spx,2016-08-30,1.382,1.4,1.382,1.398,1.382,0.016,1.1577,5278.0,736.747
spx,2016-08-31,1.398,1.406,1.392,1.405,1.398,0.007,0.5007,2992.5,418.91
spx,2016-09-01,1.405,1.406,1.4,1.401,1.405,-0.004,-0.2847,3122.0,437.876
spx,2016-09-02,1.405,1.405,1.399,1.404,1.401,0.003,0.2141,1795.0,251.481
spx,2016-09-05,1.404,1.419,1.404,1.419,1.404,0.015,1.0684,3037.0,429.448
spx,2016-09-06,1.419,1.45,1.419,1.445,1.419,0.026,1.8323,4469.0,642.541
spx,2016-09-07,1.445,1.46,1.445,1.451,1.445,0.006,0.4152,4019.0,585.143
spx,2016-09-08,1.451,1.458,1.441,1.449,1.451,-0.002,-0.1378,2128.0,307.877
spx,2016-09-09,1.449,1.449,1.435,1.443,1.449,-0.006,-0.4141,2675.0,385.783
spx,2016-09-12,1.43,1.43,1.391,1.404,1.443,-0.039,-2.7027,10211.0,1431.479
spx,2016-09-13,1.414,1.439,1.414,1.417,1.404,0.013,0.9259,3365.0,478.71
spx,2016-09-14,1.425,1.425,1.402,1.415,1.417,-0.002,-0.1411,2637.49,371.886
spx,2016-09-19,1.42,1.427,1.41,1.424,1.415,0.009,0.636,4220.0,599.831
spx,2016-09-20,1.425,1.425,1.409,1.423,1.424,-0.001,-0.0702,1491.49,211.564
spx,2016-09-21,1.421,1.48,1.421,1.441,1.423,0.018,1.2649,3364.0,486.787
spx,2016-09-22,1.443,1.463,1.443,1.453,1.441,0.012,0.8328,2948.0,429.377
spx,2016-09-23,1.467,1.467,1.458,1.465,1.453,0.012,0.8259,3368.0,492.406
spx,2016-09-26,1.459,1.459,1.442,1.447,1.465,-0.018,-1.2287,4238.0,613.954
spx,2016-09-27,1.441,1.449,1.43,1.446,1.447,-0.001,-0.0691,4288.0,618.192
spx,2016-09-28,1.446,1.457,1.43,1.445,1.446,-0.001,-0.0692,2293.0,331.688
spx,2016-09-29,1.445,1.459,1.433,1.435,1.445,-0.01,-0.692,5894.0,848.156
spx,2016-09-30,1.435,1.45,1.434,1.449,1.435,0.014,0.9756,4430.0,639.143
spx,2016-10-10,1.449,1.464,1.449,1.464,1.449,0.015,1.0352,6870.0,1002.879
spx,2016-10-11,1.464,1.484,1.464,1.477,1.464,0.013,0.888,4970.0,733.903
spx,2016-10-12,1.466,1.484,1.46,1.477,1.477,0.0,0.0,2521.0,372.429
spx,2016-10-13,1.482,1.509,1.48,1.508,1.477,0.031,2.0988,5437.0,812.244
spx,2016-10-14,1.497,1.525,1.491,1.521,1.508,0.013,0.8621,6287.0,950.761
spx,2016-10-17,1.521,1.521,1.492,1.506,1.521,-0.015,-0.9862,9047.0,1363.988
spx,2016-10-18,1.505,1.52,1.501,1.507,1.506,0.001,0.0664,3017.0,455.502
spx,2016-10-19,1.51,1.515,1.501,1.51,1.507,0.003,0.1991,4351.0,656.688
spx,2016-10-20,1.509,1.517,1.508,1.512,1.51,0.002,0.1325,5604.0,848.352
spx,2016-10-21,1.512,1.53,1.512,1.514,1.512,0.002,0.1323,6635.0,1009.366
spx,2016-10-24,1.514,1.517,1.51,1.516,1.514,0.002,0.1321,5682.0,860.324
spx,2016-10-25,1.535,1.54,1.518,1.521,1.516,0.005,0.3298,4223.0,642.948
spx,2016-10-26,1.52,1.524,1.516,1.52,1.521,-0.001,-0.0657,6611.0,1004.998
spx,2016-10-27,1.52,1.52,1.508,1.511,1.52,-0.009,-0.5921,4623.0,699.049
spx,2016-10-28,1.511,1.511,1.502,1.506,1.511,-0.005,-0.3309,2696.0,405.798
spx,2016-10-31,1.506,1.515,1.495,1.51,1.506,0.004,0.2656,4310.0,650.805
spx,2016-11-01,1.51,1.517,1.51,1.513,1.51,0.003,0.1987,4479.0,677.87
spx,2016-11-02,1.512,1.562,1.503,1.505,1.513,-0.008,-0.5288,3678.0,557.83
spx,2016-11-03,1.506,1.506,1.481,1.498,1.505,-0.007,-0.4651,3629.0,542.324
spx,2016-11-04,1.497,1.498,1.481,1.488,1.498,-0.01,-0.6676,4266.0,636.105
spx,2016-11-07,1.485,1.507,1.476,1.505,1.488,0.017,1.1425,8399.0,1254.247
spx,2016-11-08,1.511,1.54,1.505,1.515,1.505,0.01,0.6645,15572.0,2363.633
spx,2016-11-09,1.516,1.523,1.441,1.471,1.515,-0.044,-2.9043,26654.0,3941.426
spx,2016-11-10,1.5,1.518,1.487,1.503,1.471,0.032,2.1754,14171.0,2127.478
spx,2016-11-11,1.503,1.503,1.477,1.497,1.503,-0.006,-0.3992,5593.0,832.9
spx,2016-11-14,1.497,1.503,1.49,1.495,1.497,-0.002,-0.1336,7153.0,1071.588
spx,2016-11-15,1.497,1.506,1.495,1.499,1.495,0.004,0.2676,5479.0,822.461
spx,2016-11-16,1.501,1.584,1.501,1.539,1.499,0.04,2.6684,17244.0,2672.375
spx,2016-11-17,1.539,1.569,1.532,1.549,1.539,0.01,0.6498,4440.0,688.185
spx,2016-11-18,1.561,1.57,1.551,1.56,1.549,0.011,0.7101,198066.0,30816.927
spx,2016-11-21,1.56,1.57,1.552,1.558,1.56,-0.002,-0.1282,4992.0,777.813
spx,2016-11-22,1.559,1.581,1.559,1.579,1.558,0.021,1.3479,11368.0,1793.067
spx,2016-11-23,1.58,1.598,1.58,1.595,1.579,0.016,1.0133,73832.0,11767.004
spx,2016-11-24,1.594,1.688,1.594,1.666,1.595,0.071,4.4514,21990.0,3639.932
spx,2016-11-25,1.68,1.832,1.672,1.697,1.666,0.031,1.8607,31674.0,5478.257
spx,2016-11-28,1.7,1.75,1.65,1.666,1.697,-0.031,-1.8268,24039.0,4027.218
spx,2016-11-29,1.666,1.667,1.633,1.644,1.666,-0.022,-1.3205,18235.5,3002.884
spx,2016-11-30,1.644,1.679,1.642,1.666,1.644,0.022,1.3382,9361.0,1551.403
spx,2016-12-01,1.666,1.685,1.656,1.683,1.666,0.017,1.0204,9439.0,1579.347
spx,2016-12-02,1.678,1.682,1.665,1.68,1.683,-0.003,-0.1783,6739.0,1127.544
spx,2016-12-05,1.68,1.739,1.676,1.735,1.68,0.055,3.2738,17034.0,2926.444
spx,2016-12-06,1.754,1.845,1.754,1.779,1.735,0.044,2.536,23322.0,4158.404
spx,2016-12-07,1.783,1.839,1.783,1.83,1.779,0.051,2.8668,28459.0,5197.374
spx,2016-12-08,1.88,1.925,1.798,1.8,1.83,-0.03,-1.6393,54155.8,10166.673
spx,2016-12-09,1.79,1.81,1.733,1.76,1.8,-0.04,-2.2222,33243.0,5878.44
spx,2016-12-12,1.761,1.818,1.761,1.798,1.76,0.038,2.1591,26089.78,4688.977
spx,2016-12-13,1.798,1.899,1.795,1.872,1.798,0.074,4.1157,29228.32,5356.978
spx,2016-12-14,1.879,1.899,1.837,1.842,1.872,-0.03,-1.6026,29424.0,5493.528
spx,2016-12-15,1.84,1.84,1.741,1.795,1.842,-0.047,-2.5516,24958.0,4448.346
spx,2016-12-16,1.803,1.855,1.803,1.842,1.795,0.047,2.6184,26862.78,4932.954
spx,2016-12-19,1.842,1.95,1.842,1.876,1.842,0.034,1.8458,60036.5,11288.633
spx,2016-12-20,1.918,1.92,1.878,1.897,1.876,0.021,1.1194,37183.5,7069.928
spx,2016-12-21,1.905,1.996,1.905,1.982,1.897,0.085,4.4808,153333.32,29654.694
spx,2016-12-22,1.97,1.97,1.935,1.97,1.982,-0.012,-0.6054,277203.0,54385.335
spx,2016-12-23,1.962,1.974,1.9,1.904,1.97,-0.066,-3.3503,1804227.0,354297.767
spx,2016-12-26,1.876,1.946,1.87,1.911,1.904,0.007,0.3676,22454.94,4293.699
spx,2016-12-27,1.912,1.928,1.823,1.84,1.911,-0.071,-3.7153,38698.94,7215.951
spx,2016-12-28,1.812,1.819,1.656,1.677,1.84,-0.163,-8.8587,104483.49,17864.563
spx,2016-12-29,1.55,1.64,1.53,1.615,1.677,-0.062,-3.6971,42457.83,6798.477
spx,2016-12-30,1.614,1.614,1.556,1.577,1.615,-0.038,-2.3529,59593.0,9398.911
spx,2017-01-03,1.435,1.488,1.435,1.451,1.577,-0.126,-7.9899,238936.98,34901.232
spx,2017-01-04,1.457,1.464,1.453,1.462,1.451,0.011,0.7581,177192.49,25824.142
spx,2017-01-05,1.466,1.478,1.457,1.462,1.462,0.0,0.0,155291.0,22703.013
spx,2017-01-06,1.457,1.46,1.452,1.455,1.462,-0.007,-0.4788,93509.0,13628.932
spx,2017-01-09,1.457,1.462,1.457,1.459,1.455,0.004,0.2749,43446.69,6336.156
spx,2017-01-10,1.459,1.459,1.445,1.452,1.459,-0.007,-0.4798,52910.0,7666.724
spx,2017-01-11,1.452,1.453,1.447,1.451,1.452,-0.001,-0.0689,28576.17,4146.148
spx,2017-01-12,1.455,1.458,1.452,1.453,1.451,0.002,0.1378,38240.0,5559.594
spx,2017-01-13,1.45,1.455,1.448,1.454,1.453,0.001,0.0688,42054.0,6107.339
spx,2017-01-16,1.452,1.455,1.45,1.454,1.454,0.0,0.0,32359.0,4702.542
spx,2017-01-17,1.454,1.454,1.439,1.442,1.454,-0.012,-0.8253,35036.0,5062.078
spx,2017-01-18,1.441,1.462,1.434,1.447,1.442,0.005,0.3467,56821.0,8210.146
spx,2017-01-19,1.449,1.45,1.442,1.443,1.447,-0.004,-0.2764,26673.0,3858.044
spx,2017-01-20,1.442,1.442,1.437,1.439,1.443,-0.004,-0.2772,28408.0,4086.172
spx,2017-01-23,1.439,1.443,1.431,1.433,1.439,-0.006,-0.417,42499.0,6103.02
spx,2017-01-24,1.434,1.438,1.43,1.431,1.433,-0.002,-0.1396,30721.0,4400.145
spx,2017-01-25,1.438,1.451,1.437,1.446,1.431,0.015,1.0482,48263.9,6968.992
spx,2017-01-26,1.46,1.465,1.442,1.458,1.446,0.012,0.8299,109732.61,15963.092
spx,2017-02-03,1.447,1.448,1.44,1.446,1.458,-0.012,-0.823,37219.0,5372.18
spx,2017-02-06,1.454,1.459,1.453,1.459,1.446,0.013,0.899,35189.9,5124.574
spx,2017-02-07,1.457,1.457,1.454,1.456,1.459,-0.003,-0.2056,20695.0,3012.58
spx,2017-02-08,1.457,1.462,1.455,1.461,1.456,0.005,0.3434,29808.5,4349.491
spx,2017-02-09,1.459,1.46,1.455,1.455,1.461,-0.006,-0.4107,28303.0,4124.434
spx,2017-02-10,1.464,1.473,1.463,1.472,1.455,0.017,1.1684,83767.0,12299.317
spx,2017-02-13,1.476,1.486,1.474,1.481,1.472,0.009,0.6114,34646.0,5118.778
spx,2017-02-14,1.486,1.487,1.478,1.48,1.481,-0.001,-0.0675,42708.0,6333.77
spx,2017-02-15,1.485,1.49,1.485,1.488,1.48,0.008,0.5405,52670.0,7836.165
spx,2017-02-16,1.498,1.498,1.486,1.488,1.488,0.0,0.0,78844.0,11755.841
spx,2017-02-17,1.488,1.488,1.482,1.485,1.488,-0.003,-0.2016,29502.0,4378.487
spx,2017-02-20,1.486,1.49,1.483,1.49,1.485,0.005,0.3367,57433.0,8536.775
spx,2017-02-21,1.492,1.493,1.487,1.489,1.49,-0.001,-0.0671,23478.0,3495.579
spx,2017-02-22,1.497,1.503,1.494,1.503,1.489,0.014,0.9402,64167.0,9618.75
spx,2017-02-23,1.503,1.509,1.501,1.507,1.503,0.004,0.2661,35300.01,5315.647
spx,2017-02-24,1.51,1.51,1.506,1.509,1.507,0.002,0.1327,43120.0,6504.15
spx,2017-02-27,1.51,1.51,1.502,1.508,1.509,-0.001,-0.0663,18780.02,2831.386
spx,2017-02-28,1.508,1.521,1.508,1.519,1.508,0.011,0.7294,55348.0,8389.155
spx,2017-03-01,1.514,1.543,1.511,1.541,1.519,0.022,1.4483,39711.0,6076.359
spx,2017-03-02,1.568,1.688,1.568,1.623,1.541,0.082,5.3212,194218.0,31653.065
spx,2017-03-03,1.6,1.64,1.6,1.63,1.623,0.007,0.4313,69113.0,11216.002
spx,2017-03-06,1.63,1.684,1.63,1.678,1.63,0.048,2.9448,82466.0,13754.195
spx,2017-03-07,1.667,1.694,1.58,1.628,1.678,-0.05,-2.9797,145785.02,23934.401
spx,2017-03-08,1.625,1.628,1.583,1.595,1.628,-0.033,-2.027,91687.0,14631.571
spx,2017-03-09,1.595,1.596,1.546,1.556,1.595,-0.039,-2.4451,93823.0,14668.206
spx,2017-03-10,1.548,1.614,1.548,1.59,1.556,0.034,2.1851,87622.0,13916.238
spx,2017-03-13,1.601,1.633,1.596,1.603,1.59,0.013,0.8176,67133.0,10799.089
spx,2017-03-14,1.607,1.619,1.607,1.617,1.603,0.014,0.8734,28136.01,4537.711
spx,2017-03-15,1.613,1.613,1.58,1.594,1.617,-0.023,-1.4224,42546.03,6764.274
spx,2017-03-16,1.63,1.659,1.611,1.613,1.594,0.019,1.192,70166.0,11418.878
spx,2017-03-17,1.609,1.62,1.601,1.611,1.613,-0.002,-0.124,23649.0,3814.159
spx,2017-03-20,1.61,1.616,1.608,1.612,1.611,0.001,0.0621,14448.0,2327.44
spx,2017-03-21,1.609,1.616,1.602,1.615,1.612,0.003,0.1861,21909.01,3525.922
spx,2017-03-22,1.579,1.587,1.549,1.555,1.615,-0.06,-3.7152,85167.0,13356.283
spx,2017-03-23,1.57,1.572,1.553,1.555,1.555,0.0,0.0,27313.0,4255.524
spx,2017-03-24,1.551,1.554,1.535,1.542,1.555,-0.013,-0.836,30789.0,4742.19
spx,2017-03-27,1.541,1.542,1.518,1.521,1.542,-0.021,-1.3619,36501.0,5564.398
spx,2017-03-28,1.521,1.541,1.521,1.538,1.521,0.017,1.1177,18113.05,2780.71
spx,2017-03-29,1.553,1.557,1.54,1.553,1.538,0.015,0.9753,19706.0,3059.276
spx,2017-03-30,1.555,1.559,1.541,1.547,1.553,-0.006,-0.3863,18205.0,2820.406
spx,2017-03-31,1.554,1.593,1.549,1.574,1.547,0.027,1.7453,48060.0,7555.641
spx,2017-04-05,1.574,1.577,1.559,1.564,1.574,-0.01,-0.6353,21347.61,3340.857
spx,2017-04-06,1.564,1.564,1.532,1.549,1.564,-0.015,-0.9591,24591.0,3795.266
spx,2017-04-07,1.553,1.553,1.541,1.543,1.549,-0.006,-0.3873,22060.0,3407.659
spx,2017-04-10,1.542,1.546,1.54,1.546,1.543,0.003,0.1944,10932.0,1687.513
spx,2017-04-11,1.549,1.551,1.534,1.54,1.546,-0.006,-0.3881,16523.0,2549.366
spx,2017-04-12,1.54,1.54,1.53,1.534,1.54,-0.006,-0.3896,12364.0,1895.806
spx,2017-04-13,1.53,1.53,1.525,1.529,1.534,-0.005,-0.3259,8476.0,1295.018
spx,2017-04-14,1.527,1.527,1.512,1.515,1.529,-0.014,-0.9156,17943.0,2721.101
spx,2017-04-17,1.515,1.515,1.498,1.507,1.515,-0.008,-0.5281,15864.0,2387.983
spx,2017-04-18,1.516,1.542,1.516,1.535,1.507,0.028,1.858,17238.0,2642.287
spx,2017-04-19,1.532,1.532,1.513,1.522,1.535,-0.013,-0.8469,16023.0,2437.174
spx,2017-04-20,1.522,1.522,1.509,1.517,1.522,-0.005,-0.3285,16799.0,2546.553
spx,2017-04-21,1.535,1.535,1.527,1.528,1.517,0.011,0.7251,24050.0,3682.87
spx,2017-04-24,1.53,1.549,1.529,1.536,1.528,0.008,0.5236,26561.9,4082.316
spx,2017-04-25,1.549,1.559,1.543,1.559,1.536,0.023,1.4974,57802.32,8975.021
spx,2017-04-26,1.569,1.585,1.565,1.568,1.559,0.009,0.5773,26675.0,4190.712
spx,2017-04-27,1.565,1.565,1.536,1.541,1.568,-0.027,-1.7219,31806.0,4916.787
spx,2017-04-28,1.55,1.553,1.54,1.553,1.541,0.012,0.7787,15067.0,2331.461
spx,2017-05-02,1.557,1.557,1.549,1.552,1.553,-0.001,-0.0644,20252.0,3145.183
spx,2017-05-03,1.555,1.555,1.548,1.55,1.552,-0.002,-0.1289,13935.0,2163.607
spx,2017-05-04,1.55,1.55,1.542,1.547,1.55,-0.003,-0.1935,7314.0,1130.361
spx,2017-05-05,1.549,1.549,1.539,1.544,1.547,-0.003,-0.1939,10390.0,1602.359
spx,2017-05-08,1.557,1.56,1.55,1.559,1.544,0.015,0.9715,35046.0,5455.034
spx,2017-05-09,1.558,1.56,1.546,1.553,1.559,-0.006,-0.3849,18758.0,2911.163
spx,2017-05-10,1.554,1.554,1.546,1.548,1.553,-0.005,-0.322,13983.0,2167.693
spx,2017-05-11,1.549,1.557,1.549,1.554,1.548,0.006,0.3876,8410.0,1307.032
spx,2017-05-12,1.552,1.552,1.54,1.543,1.554,-0.011,-0.7079,14622.0,2256.175
spx,2017-05-15,1.543,1.544,1.536,1.544,1.543,0.001,0.0648,10240.0,1578.524
spx,2017-05-16,1.552,1.555,1.55,1.552,1.544,0.008,0.5181,30692.0,4765.273
spx,2017-05-17,1.55,1.55,1.531,1.533,1.552,-0.019,-1.2242,32574.0,5003.108
spx,2017-05-18,1.498,1.517,1.491,1.507,1.533,-0.026,-1.696,64870.9,9747.921
spx,2017-05-19,1.509,1.519,1.505,1.506,1.507,-0.001,-0.0664,17919.0,2703.552
spx,2017-05-22,1.512,1.522,1.509,1.52,1.506,0.014,0.9296,33693.0,5102.906
spx,2017-05-23,1.531,1.538,1.519,1.523,1.52,0.003,0.1974,19431.0,2961.047
spx,2017-05-24,1.524,1.528,1.516,1.524,1.523,0.001,0.0657,34690.0,5283.899
spx,2017-05-25,1.525,1.535,1.525,1.533,1.524,0.009,0.5906,15532.0,2378.433
spx,2017-05-26,1.536,1.547,1.536,1.546,1.533,0.013,0.848,17261.01,2666.032
spx,2017-05-31,1.546,1.546,1.526,1.53,1.546,-0.016,-1.0349,26257.0,4022.933
spx,2017-06-01,1.53,1.531,1.522,1.523,1.53,-0.007,-0.4575,21047.0,3216.197
spx,2017-06-02,1.549,1.549,1.532,1.542,1.523,0.019,1.2475,48943.56,7538.642
spx,2017-06-05,1.548,1.548,1.533,1.536,1.542,-0.006,-0.3891,26052.0,4001.456
spx,2017-06-06,1.532,1.534,1.526,1.533,1.536,-0.003,-0.1953,10804.0,1653.323
spx,2017-06-07,1.527,1.532,1.527,1.529,1.533,-0.004,-0.2609,12373.0,1891.007
spx,2017-06-08,1.529,1.53,1.525,1.528,1.529,-0.001,-0.0654,10004.0,1527.845
spx,2017-06-09,1.529,1.529,1.525,1.528,1.528,0.0,0.0,11388.0,1738.881
spx,2017-06-12,1.527,1.529,1.519,1.524,1.528,-0.004,-0.2618,9986.0,1523.234
spx,2017-06-13,1.52,1.529,1.52,1.529,1.524,0.005,0.3281,22149.0,3375.381
spx,2017-06-14,1.529,1.535,1.527,1.529,1.529,0.0,0.0,9179.0,1404.887
spx,2017-06-15,1.53,1.531,1.525,1.531,1.529,0.002,0.1308,15707.0,2400.822
spx,2017-06-16,1.529,1.533,1.525,1.533,1.531,0.002,0.1306,10799.89,1652.133
spx,2017-06-19,1.532,1.534,1.528,1.534,1.533,0.001,0.0652,7596.0,1163.027
spx,2017-06-20,1.548,1.548,1.541,1.547,1.534,0.013,0.8475,25778.0,3985.347
spx,2017-06-21,1.538,1.538,1.532,1.535,1.547,-0.012,-0.7757,8110.0,1243.852
spx,2017-06-22,1.535,1.537,1.528,1.535,1.535,0.0,0.0,14004.0,2146.951
spx,2017-06-23,1.531,1.538,1.531,1.538,1.535,0.003,0.1954,3119.0,479.142
spx,2017-06-26,1.539,1.54,1.535,1.537,1.538,-0.001,-0.065,14079.0,2163.807
spx,2017-06-27,1.535,1.539,1.535,1.538,1.537,0.001,0.0651,5314.0,816.978
spx,2017-06-28,1.529,1.529,1.519,1.525,1.538,-0.013,-0.8453,14283.0,2175.516
spx,2017-06-29,1.534,1.539,1.529,1.53,1.525,0.005,0.3279,32372.0,4960.935
spx,2017-06-30,1.518,1.521,1.513,1.521,1.53,-0.009,-0.5882,9619.0,1458.615
spx,2017-07-03,1.519,1.522,1.517,1.52,1.521,-0.001,-0.0657,9704.0,1474.046
spx,2017-07-04,1.521,1.522,1.518,1.521,1.52,0.001,0.0658,8783.0,1335.117
spx,2017-07-05,1.521,1.524,1.52,1.523,1.521,0.002,0.1315,3865.0,588.326
spx,2017-07-06,1.525,1.525,1.521,1.523,1.523,0.0,0.0,4028.0,613.296
spx,2017-07-07,1.518,1.518,1.508,1.515,1.523,-0.008,-0.5253,10596.0,1601.625
spx,2017-07-10,1.521,1.522,1.516,1.521,1.515,0.006,0.396,8571.0,1302.126
spx,2017-07-11,1.522,1.525,1.52,1.522,1.521,0.001,0.0657,4106.0,625.078
spx,2017-07-12,1.522,1.522,1.517,1.52,1.522,-0.002,-0.1314,3579.0,543.775
spx,2017-07-13,1.529,1.532,1.527,1.53,1.52,0.01,0.6579,6871.0,1050.875
spx,2017-07-14,1.53,1.532,1.526,1.528,1.53,-0.002,-0.1307,5407.0,826.435
spx,2017-07-17,1.532,1.535,1.53,1.533,1.528,0.005,0.3272,17755.02,2722.925
spx,2017-07-18,1.533,1.534,1.53,1.534,1.533,0.001,0.0652,3372.0,516.725
spx,2017-07-19,1.535,1.543,1.531,1.538,1.534,0.004,0.2608,21917.56,3372.713
spx,2017-07-20,1.542,1.548,1.542,1.545,1.538,0.007,0.4551,11034.0,1703.844
spx,2017-07-21,1.541,1.545,1.538,1.541,1.545,-0.004,-0.2589,6734.0,1038.156
spx,2017-07-24,1.539,1.541,1.529,1.538,1.541,-0.003,-0.1947,8500.0,1305.067
spx,2017-07-25,1.537,1.539,1.533,1.537,1.538,-0.001,-0.065,4647.0,713.832
spx,2017-07-26,1.539,1.542,1.537,1.54,1.537,0.003,0.1952,4047.0,623.311
spx,2017-07-27,1.541,1.541,1.532,1.536,1.54,-0.004,-0.2597,12527.0,1923.38
spx,2017-07-28,1.534,1.544,1.529,1.535,1.536,-0.001,-0.0651,11836.0,1817.236
spx,2017-07-31,1.535,1.541,1.529,1.536,1.535,0.001,0.0651,10075.17,1545.421
spx,2017-08-01,1.535,1.539,1.532,1.532,1.536,-0.004,-0.2604,16259.0,2491.771
spx,2017-08-02,1.533,1.537,1.531,1.535,1.532,0.003,0.1958,12302.56,1886.156
spx,2017-08-03,1.535,1.535,1.529,1.53,1.535,-0.005,-0.3257,5229.0,800.612
spx,2017-08-04,1.53,1.53,1.526,1.527,1.53,-0.003,-0.1961,5488.0,838.171
spx,2017-08-07,1.528,1.543,1.528,1.539,1.527,0.012,0.7859,15065.95,2317.012
spx,2017-08-08,1.539,1.541,1.535,1.539,1.539,0.0,0.0,4025.0,619.616
spx,2017-08-09,1.539,1.539,1.531,1.531,1.539,-0.008,-0.5198,7873.0,1206.58
spx,2017-08-10,1.526,1.53,1.526,1.527,1.531,-0.004,-0.2613,4694.01,716.883
spx,2017-08-11,1.515,1.516,1.505,1.513,1.527,-0.014,-0.9168,9884.0,1494.251
spx,2017-08-14,1.518,1.519,1.511,1.518,1.513,0.005,0.3305,3983.0,603.826
spx,2017-08-15,1.529,1.529,1.523,1.523,1.518,0.005,0.3294,3308.0,504.693
spx,2017-08-16,1.523,1.528,1.518,1.519,1.523,-0.004,-0.2626,14002.0,2127.592
spx,2017-08-17,1.524,1.524,1.518,1.518,1.519,-0.001,-0.0658,1677.0,255.097
spx,2017-08-18,1.501,1.51,1.499,1.505,1.518,-0.013,-0.8564,15369.0,2309.07
spx,2017-08-21,1.507,1.507,1.497,1.503,1.505,-0.002,-0.1329,11165.0,1675.49
spx,2017-08-22,1.502,1.505,1.498,1.504,1.503,0.001,0.0665,4630.0,695.388
spx,2017-08-23,1.504,1.513,1.504,1.51,1.504,0.006,0.3989,7169.0,1082.044
spx,2017-08-24,1.509,1.509,1.501,1.502,1.51,-0.008,-0.5298,3432.0,515.711
spx,2017-08-25,1.5,1.503,1.497,1.502,1.502,0.0,0.0,5939.0,891.204
spx,2017-08-28,1.5,1.503,1.496,1.502,1.502,0.0,0.0,12403.0,1859.462
spx,2017-08-29,1.502,1.502,1.493,1.494,1.502,-0.008,-0.5326,11569.0,1730.604
spx,2017-08-30,1.496,1.496,1.492,1.494,1.494,0.0,0.0,5929.0,885.474
spx,2017-08-31,1.497,1.499,1.495,1.497,1.494,0.003,0.2008,13549.0,2027.89
spx,2017-09-01,1.501,1.504,1.499,1.504,1.497,0.007,0.4676,9699.0,1455.652
spx,2017-09-04,1.503,1.505,1.5,1.503,1.504,-0.001,-0.0665,15841.0,2379.163
spx,2017-09-05,1.503,1.503,1.498,1.5,1.503,-0.003,-0.1996,7762.0,1164.061
spx,2017-09-06,1.497,1.497,1.49,1.497,1.5,-0.003,-0.2,7884.0,1177.021
spx,2017-09-07,1.497,1.497,1.492,1.495,1.497,-0.002,-0.1336,4341.0,648.396
spx,2017-09-08,1.497,1.498,1.493,1.493,1.495,-0.002,-0.1338,9578.0,1432.748
spx,2017-09-11,1.495,1.5,1.495,1.495,1.493,0.002,0.134,7359.0,1101.655
spx,2017-09-12,1.503,1.515,1.502,1.503,1.495,0.008,0.5351,24949.0,3764.898
spx,2017-09-13,1.505,1.505,1.501,1.503,1.503,0.0,0.0,3585.0,538.581
spx,2017-09-14,1.504,1.507,1.5,1.505,1.503,0.002,0.1331,26821.0,4030.959
spx,2017-09-15,1.501,1.51,1.501,1.507,1.505,0.002,0.1329,13373.0,2013.234
spx,2017-09-18,1.509,1.515,1.509,1.512,1.507,0.005,0.3318,9540.0,1443.677
spx,2017-09-19,1.511,1.515,1.511,1.515,1.512,0.003,0.1984,5069.0,767.266
spx,2017-09-20,1.515,1.518,1.515,1.518,1.515,0.003,0.198,7216.0,1094.545
spx,2017-09-21,1.519,1.522,1.518,1.522,1.518,0.004,0.2635,6848.0,1041.04
spx,2017-09-22,1.525,1.525,1.518,1.521,1.522,-0.001,-0.0657,13360.0,2033.552
spx,2017-09-25,1.521,1.524,1.516,1.516,1.521,-0.005,-0.3287,5123.0,778.718
spx,2017-09-26,1.516,1.518,1.512,1.518,1.516,0.002,0.1319,17462.0,2645.773
spx,2017-09-27,1.515,1.522,1.515,1.52,1.518,0.002,0.1318,6465.0,982.365
spx,2017-09-28,1.527,1.531,1.527,1.529,1.52,0.009,0.5921,11228.0,1716.354
spx,2017-09-29,1.532,1.539,1.532,1.539,1.529,0.01,0.654,5103.0,784.512
spx,2017-10-09,1.561,1.567,1.552,1.56,1.539,0.021,1.3645,30888.0,4807.658
spx,2017-10-10,1.56,1.563,1.55,1.559,1.56,-0.001,-0.0641,9277.32,1444.4
spx,2017-10-11,1.559,1.571,1.559,1.567,1.559,0.008,0.5131,12525.0,1962.759
spx,2017-10-12,1.567,1.572,1.567,1.569,1.567,0.002,0.1276,5080.0,797.976
spx,2017-10-13,1.568,1.568,1.555,1.558,1.569,-0.011,-0.7011,7496.0,1168.3
spx,2017-10-16,1.559,1.562,1.558,1.559,1.558,0.001,0.0642,3801.0,593.037
spx,2017-10-17,1.559,1.564,1.559,1.563,1.559,0.004,0.2566,4861.0,758.777
spx,2017-10-18,1.567,1.567,1.558,1.561,1.563,-0.002,-0.128,5384.0,839.808
spx,2017-10-19,1.565,1.565,1.559,1.56,1.561,-0.001,-0.0641,7524.0,1175.392
spx,2017-10-20,1.56,1.57,1.56,1.568,1.56,0.008,0.5128,13304.0,2081.99
spx,2017-10-23,1.572,1.578,1.569,1.574,1.568,0.006,0.3827,3923.0,617.47
spx,2017-10-24,1.574,1.574,1.566,1.57,1.574,-0.004,-0.2541,4375.0,686.685
spx,2017-10-25,1.57,1.577,1.57,1.577,1.57,0.007,0.4459,6401.05,1008.408
spx,2017-10-26,1.569,1.574,1.567,1.569,1.577,-0.008,-0.5073,4908.0,769.712
spx,2017-10-27,1.57,1.576,1.57,1.576,1.569,0.007,0.4461,14045.0,2210.122
spx,2017-10-30,1.585,1.59,1.581,1.587,1.576,0.011,0.698,6894.0,1093.449
spx,2017-10-31,1.59,1.592,1.584,1.585,1.587,-0.002,-0.126,4269.0,677.392
spx,2017-11-01,1.59,1.591,1.588,1.591,1.585,0.006,0.3785,8940.0,1420.946
spx,2017-11-02,1.592,1.593,1.586,1.591,1.591,0.0,0.0,9965.0,1584.045
spx,2017-11-03,1.596,1.615,1.591,1.6,1.591,0.009,0.5657,7275.0,1165.601
spx,2017-11-06,1.62,1.621,1.59,1.606,1.6,0.006,0.375,28057.0,4505.928
spx,2017-11-07,1.605,1.606,1.591,1.595,1.606,-0.011,-0.6849,14555.0,2324.693
spx,2017-11-08,1.59,1.595,1.589,1.591,1.595,-0.004,-0.2508,7506.0,1194.353
spx,2017-11-09,1.59,1.599,1.587,1.593,1.591,0.002,0.1257,11924.0,1899.29
spx,2017-11-10,1.577,1.586,1.577,1.583,1.593,-0.01,-0.6277,22729.0,3593.011
spx,2017-11-13,1.582,1.586,1.579,1.583,1.583,0.0,0.0,16338.0,2583.397
spx,2017-11-14,1.585,1.588,1.584,1.585,1.583,0.002,0.1263,9868.0,1564.338
spx,2017-11-15,1.584,1.585,1.574,1.574,1.585,-0.011,-0.694,9192.0,1450.235
spx,2017-11-16,1.571,1.573,1.563,1.572,1.574,-0.002,-0.1271,11720.0,1839.718
spx,2017-11-17,1.582,1.586,1.581,1.584,1.572,0.012,0.7634,7756.0,1228.374
spx,2017-11-20,1.584,1.585,1.577,1.579,1.584,-0.005,-0.3157,7015.0,1110.56
spx,2017-11-21,1.58,1.585,1.58,1.584,1.579,0.005,0.3167,9283.0,1468.47
spx,2017-11-22,1.59,1.6,1.588,1.589,1.584,0.005,0.3157,8852.0,1409.145
spx,2017-11-23,1.592,1.592,1.583,1.586,1.589,-0.003,-0.1888,13445.0,2135.675
spx,2017-11-24,1.584,1.589,1.577,1.587,1.586,0.001,0.0631,5426.0,859.717
spx,2017-11-27,1.587,1.591,1.586,1.587,1.587,0.0,0.0,12519.4,1989.127
spx,2017-11-28,1.587,1.591,1.583,1.589,1.587,0.002,0.126,11611.0,1844.78
spx,2017-11-29,1.598,1.605,1.598,1.603,1.589,0.014,0.8811,46103.0,7383.263
spx,2017-11-30,1.601,1.603,1.6,1.602,1.603,-0.001,-0.0624,10840.0,1735.563
spx,2017-12-01,1.619,1.619,1.611,1.615,1.602,0.013,0.8115,19525.0,3152.888
spx,2017-12-04,1.63,1.68,1.625,1.659,1.615,0.044,2.7245,70059.0,11561.591
spx,2017-12-05,1.65,1.65,1.619,1.63,1.659,-0.029,-1.748,31734.0,5182.256
spx,2017-12-06,1.627,1.627,1.605,1.614,1.63,-0.016,-0.9816,30598.0,4924.189
spx,2017-12-07,1.612,1.62,1.612,1.613,1.614,-0.001,-0.062,10715.0,1730.503
spx,2017-12-08,1.618,1.629,1.617,1.628,1.613,0.015,0.9299,28184.0,4570.552
spx,2017-12-11,1.634,1.643,1.629,1.636,1.628,0.008,0.4914,15773.0,2577.679
spx,2017-12-12,1.642,1.645,1.638,1.641,1.636,0.005,0.3056,8321.0,1366.576
spx,2017-12-13,1.644,1.648,1.639,1.643,1.641,0.002,0.1219,11417.0,1876.839
spx,2017-12-14,1.643,1.646,1.641,1.644,1.643,0.001,0.0609,4902.0,805.435
spx,2017-12-15,1.639,1.639,1.63,1.63,1.644,-0.014,-0.8516,8982.0,1465.644
spx,2017-12-18,1.647,1.647,1.638,1.645,1.63,0.015,0.9202,18062.0,2964.895
spx,2017-12-19,1.65,1.659,1.65,1.659,1.645,0.014,0.8511,8542.0,1414.614
spx,2017-12-20,1.655,1.655,1.648,1.651,1.659,-0.008,-0.4822,7520.0,1240.154
spx,2017-12-21,1.65,1.65,1.642,1.644,1.651,-0.007,-0.424,10762.0,1768.798
spx,2017-12-22,1.647,1.649,1.644,1.647,1.644,0.003,0.1825,6956.0,1145.639
spx,2017-12-25,1.647,1.652,1.64,1.645,1.647,-0.002,-0.1214,10843.0,1781.76
spx,2017-12-26,1.647,1.648,1.637,1.645,1.645,0.0,0.0,10126.0,1664.997
spx,2017-12-27,1.647,1.647,1.639,1.644,1.645,-0.001,-0.0608,14404.0,2366.149
spx,2017-12-28,1.645,1.645,1.633,1.634,1.644,-0.01,-0.6083,16284.0,2666.584
spx,2017-12-29,1.634,1.636,1.631,1.634,1.634,0.0,0.0,11905.0,1944.347
spx,2018-01-02,1.631,1.631,1.62,1.627,1.634,-0.007,-0.4284,13409.5,2178.695
spx,2018-01-03,1.637,1.639,1.632,1.635,1.627,0.008,0.4917,24193.0,3954.843
spx,2018-01-04,1.642,1.643,1.636,1.638,1.635,0.003,0.1835,18878.0,3094.072
spx,2018-01-05,1.641,1.645,1.639,1.639,1.638,0.001,0.0611,16764.0,2750.116
spx,2018-01-08,1.647,1.652,1.645,1.652,1.639,0.013,0.7932,15177.0,2502.812
spx,2018-01-09,1.648,1.652,1.647,1.652,1.652,0.0,0.0,35819.32,5910.198
spx,2018-01-10,1.653,1.659,1.653,1.657,1.652,0.005,0.3027,13186.0,2184.61
spx,2018-01-11,1.657,1.658,1.654,1.657,1.657,0.0,0.0,13020.0,2155.374
spx,2018-01-12,1.666,1.675,1.666,1.675,1.657,0.018,1.0863,13398.0,2238.26
spx,2018-01-15,1.677,1.689,1.677,1.682,1.675,0.007,0.4179,20462.0,3443.468
spx,2018-01-16,1.682,1.683,1.679,1.681,1.682,-0.001,-0.0595,10892.0,1829.822
spx,2018-01-17,1.661,1.68,1.661,1.669,1.681,-0.012,-0.7139,21929.0,3657.11
spx,2018-01-18,1.678,1.689,1.678,1.681,1.669,0.012,0.719,18653.0,3137.623
spx,2018-01-19,1.677,1.678,1.667,1.668,1.681,-0.013,-0.7733,20922.0,3495.267
spx,2018-01-22,1.67,1.677,1.67,1.674,1.668,0.006,0.3597,10528.0,1762.921
spx,2018-01-23,1.68,1.697,1.68,1.692,1.674,0.018,1.0753,13671.0,2309.17
spx,2018-01-24,1.693,1.697,1.689,1.692,1.692,0.0,0.0,11657.0,1971.348
spx,2018-01-25,1.684,1.689,1.68,1.684,1.692,-0.008,-0.4728,16521.0,2782.01
spx,2018-01-26,1.685,1.685,1.682,1.684,1.684,0.0,0.0,14544.0,2449.065
spx,2018-01-29,1.692,1.7,1.692,1.696,1.684,0.012,0.7126,27987.0,4752.735
spx,2018-01-30,1.68,1.688,1.68,1.682,1.696,-0.014,-0.8255,13872.0,2336.472
spx,2018-01-31,1.67,1.67,1.657,1.666,1.682,-0.016,-0.9512,12473.0,2074.219
spx,2018-02-01,1.665,1.676,1.665,1.67,1.666,0.004,0.2401,16539.0,2762.821
spx,2018-02-02,1.667,1.667,1.656,1.656,1.67,-0.014,-0.8383,9815.0,1628.013
spx,2018-02-05,1.613,1.617,1.606,1.611,1.656,-0.045,-2.7174,41510.4,6680.532
spx,2018-02-06,1.557,1.557,1.509,1.518,1.611,-0.093,-5.7728,117584.4,17834.268
spx,2018-02-07,1.551,1.56,1.54,1.543,1.518,0.025,1.6469,38325.0,5944.589
spx,2018-02-08,1.543,1.57,1.525,1.562,1.543,0.019,1.2314,32091.0,4973.285
spx,2018-02-09,1.512,1.55,1.503,1.513,1.562,-0.049,-3.137,89840.01,13599.784
spx,2018-02-12,1.53,1.535,1.517,1.533,1.513,0.02,1.3219,26295.0,4019.215
spx,2018-02-13,1.548,1.565,1.548,1.555,1.533,0.022,1.4351,13760.0,2139.032
spx,2018-02-14,1.56,1.57,1.556,1.564,1.555,0.009,0.5788,9274.0,1446.534
spx,2018-02-22,1.585,1.585,1.571,1.577,1.564,0.013,0.8312,9100.0,1433.039
spx,2018-02-23,1.577,1.589,1.577,1.588,1.577,0.011,0.6975,10691.0,1694.164
spx,2018-02-26,1.61,1.624,1.609,1.622,1.588,0.034,2.1411,8671.0,1401.656
spx,2018-02-27,1.64,1.642,1.63,1.635,1.622,0.013,0.8015,12302.0,2012.638
spx,2018-02-28,1.613,1.623,1.607,1.623,1.635,-0.012,-0.7339,9912.0,1598.163
spx,2018-03-01,1.613,1.613,1.585,1.602,1.623,-0.021,-1.2939,20640.0,3301.388
spx,2018-03-02,1.582,1.583,1.575,1.576,1.602,-0.026,-1.623,9547.0,1507.64
spx,2018-03-05,1.58,1.582,1.576,1.579,1.576,0.003,0.1904,6715.0,1060.459
spx,2018-03-06,1.599,1.6,1.594,1.596,1.579,0.017,1.0766,8199.0,1308.902
spx,2018-03-07,1.596,1.596,1.583,1.589,1.596,-0.007,-0.4386,8955.0,1422.683
spx,2018-03-08,1.596,1.6,1.594,1.599,1.589,0.01,0.6293,9681.0,1546.108
spx,2018-03-09,1.605,1.61,1.602,1.61,1.599,0.011,0.6879,14283.0,2292.448
spx,2018-03-12,1.637,1.642,1.632,1.64,1.61,0.03,1.8634,12842.01,2101.709
spx,2018-03-13,1.638,1.638,1.628,1.63,1.64,-0.01,-0.6098,6561.0,1071.436
spx,2018-03-14,1.613,1.621,1.613,1.621,1.63,-0.009,-0.5521,4233.01,684.136
spx,2018-03-15,1.614,1.622,1.611,1.62,1.621,-0.001,-0.0617,4180.01,676.858
spx,2018-03-16,1.62,1.622,1.604,1.611,1.62,-0.009,-0.5556,6900.0,1114.538
spx,2018-03-19,1.611,1.613,1.609,1.61,1.611,-0.001,-0.0621,5172.0,832.895
spx,2018-03-20,1.588,1.595,1.588,1.594,1.61,-0.016,-0.9938,6965.0,1107.993
spx,2018-03-21,1.594,1.6,1.594,1.598,1.594,0.004,0.2509,6091.0,973.209
spx,2018-03-22,1.596,1.603,1.594,1.6,1.598,0.002,0.1252,2994.0,478.383
spx,2018-03-23,1.579,1.579,1.543,1.558,1.6,-0.042,-2.625,37023.0,5754.176
spx,2018-03-26,1.527,1.544,1.52,1.541,1.558,-0.017,-1.0911,25106.0,3837.689
spx,2018-03-27,1.559,1.565,1.556,1.561,1.541,0.02,1.2979,13257.0,2067.558
spx,2018-03-28,1.54,1.542,1.526,1.535,1.561,-0.026,-1.6656,25101.0,3855.761
spx,2018-03-29,1.534,1.535,1.524,1.534,1.535,-0.001,-0.0651,14905.0,2277.17
spx,2018-03-30,1.542,1.545,1.532,1.538,1.534,0.004,0.2608,17127.0,2634.154
spx,2018-04-02,1.539,1.539,1.534,1.538,1.538,0.0,0.0,5370.0,825.055
spx,2018-04-03,1.503,1.525,1.503,1.514,1.538,-0.024,-1.5605,12066.0,1822.782
spx,2018-04-04,1.52,1.526,1.517,1.52,1.514,0.006,0.3963,9060.0,1377.613
spx,2018-04-09,1.52,1.527,1.52,1.526,1.52,0.006,0.3947,23070.0,3514.759
spx,2018-04-10,1.526,1.542,1.524,1.541,1.526,0.015,0.983,16765.0,2571.69
spx,2018-04-11,1.553,1.555,1.539,1.54,1.541,-0.001,-0.0649,11961.0,1849.929
spx,2018-04-12,1.547,1.548,1.537,1.538,1.54,-0.002,-0.1299,5190.0,800.732
spx,2018-04-13,1.546,1.552,1.543,1.551,1.538,0.013,0.8453,12351.0,1910.734
spx,2018-04-16,1.548,1.55,1.541,1.543,1.551,-0.008,-0.5158,13867.0,2141.705
spx,2018-04-17,1.555,1.559,1.55,1.558,1.543,0.015,0.9721,26877.0,4175.938
spx,2018-04-18,1.569,1.575,1.568,1.573,1.558,0.015,0.9628,32288.0,5073.121
spx,2018-04-19,1.577,1.577,1.569,1.57,1.573,-0.003,-0.1907,20762.0,3265.336
spx,2018-04-20,1.567,1.57,1.561,1.567,1.57,-0.003,-0.1911,6851.0,1072.624
spx,2018-04-23,1.568,1.568,1.554,1.556,1.567,-0.011,-0.702,10921.0,1699.107
spx,2018-04-24,1.556,1.565,1.556,1.564,1.556,0.008,0.5141,2623.0,409.826
spx,2018-04-25,1.555,1.555,1.54,1.544,1.564,-0.02,-1.2788,9191.0,1418.679
spx,2018-04-26,1.546,1.557,1.542,1.543,1.544,-0.001,-0.0648,8154.0,1262.058
spx,2018-04-27,1.559,1.573,1.552,1.571,1.543,0.028,1.8146,9264.0,1444.988
spx,2018-05-02,1.56,1.567,1.557,1.565,1.571,-0.006,-0.3819,6147.0,960.22
spx,2018-05-03,1.565,1.565,1.556,1.56,1.565,-0.005,-0.3195,7095.0,1106.754
spx,2018-05-04,1.562,1.566,1.556,1.561,1.56,0.001,0.0641,15330.0,2391.638
spx,2018-05-07,1.569,1.575,1.569,1.575,1.561,0.014,0.8969,13347.0,2099.657
spx,2018-05-08,1.575,1.579,1.573,1.574,1.575,-0.001,-0.0635,17992.0,2835.109
spx,2018-05-09,1.584,1.584,1.572,1.573,1.574,-0.001,-0.0635,6970.0,1097.692
spx,2018-05-10,1.589,1.589,1.584,1.587,1.573,0.014,0.89,8088.0,1283.737
spx,2018-05-11,1.599,1.601,1.594,1.596,1.587,0.009,0.5671,10126.0,1616.127
spx,2018-05-14,1.596,1.608,1.596,1.607,1.596,0.011,0.6892,15638.0,2505.32
spx,2018-05-15,1.606,1.606,1.597,1.598,1.607,-0.009,-0.56,8859.0,1417.831
spx,2018-05-16,1.59,1.598,1.59,1.595,1.598,-0.003,-0.1877,8220.0,1310.63
spx,2018-05-17,1.597,1.602,1.597,1.599,1.595,0.004,0.2508,4000.0,639.746
spx,2018-05-18,1.6,1.604,1.6,1.6,1.599,0.001,0.0625,5574.0,892.995
spx,2018-05-21,1.605,1.629,1.605,1.628,1.6,0.028,1.75,9118.0,1474.511
spx,2018-05-22,1.625,1.627,1.62,1.623,1.628,-0.005,-0.3071,5163.0,838.611
spx,2018-05-23,1.622,1.622,1.611,1.612,1.623,-0.011,-0.6778,15729.0,2544.48
spx,2018-05-24,1.614,1.621,1.614,1.62,1.612,0.008,0.4963,19953.0,3230.858
spx,2018-05-25,1.623,1.623,1.615,1.621,1.62,0.001,0.0617,15123.0,2447.764
spx,2018-05-28,1.624,1.63,1.621,1.628,1.621,0.007,0.4318,6811.0,1107.465
spx,2018-05-29,1.628,1.628,1.615,1.618,1.628,-0.01,-0.6143,2294.0,371.51
spx,2018-05-30,1.614,1.614,1.558,1.597,1.618,-0.021,-1.2979,23546.0,3731.553
spx,2018-05-31,1.612,1.616,1.61,1.614,1.597,0.017,1.0645,4136.0,666.784
spx,2018-06-01,1.614,1.614,1.601,1.607,1.614,-0.007,-0.4337,5456.0,875.754
spx,2018-06-04,1.617,1.631,1.617,1.629,1.607,0.022,1.369,10856.0,1767.225
spx,2018-06-05,1.633,1.645,1.632,1.639,1.629,0.01,0.6139,6021.0,986.812
spx,2018-06-06,1.639,1.642,1.636,1.636,1.639,-0.003,-0.183,6575.0,1078.104
spx,2018-06-07,1.646,1.65,1.645,1.648,1.636,0.012,0.7335,13244.0,2181.773
spx,2018-06-08,1.648,1.648,1.632,1.643,1.648,-0.005,-0.3034,13786.0,2263.893
spx,2018-06-11,1.645,1.657,1.645,1.657,1.643,0.014,0.8521,14539.0,2403.337
spx,2018-06-12,1.657,1.67,1.654,1.668,1.657,0.011,0.6639,11724.0,1951.183
spx,2018-06-13,1.667,1.675,1.664,1.671,1.668,0.003,0.1799,10475.0,1751.14
spx,2018-06-14,1.668,1.668,1.659,1.66,1.671,-0.011,-0.6583,12619.0,2096.415
spx,2018-06-15,1.662,1.675,1.662,1.673,1.66,0.013,0.7831,9981.0,1668.268
spx,2018-06-19,1.668,1.668,1.635,1.638,1.673,-0.035,-2.0921,15634.0,2578.158
spx,2018-06-20,1.635,1.658,1.635,1.654,1.638,0.016,0.9768,20069.0,3302.305
spx,2018-06-21,1.658,1.676,1.658,1.673,1.654,0.019,1.1487,13103.0,2183.363
spx,2018-06-22,1.66,1.667,1.647,1.664,1.673,-0.009,-0.538,12626.0,2096.162
spx,2018-06-25,1.664,1.69,1.659,1.678,1.664,0.014,0.8413,13142.0,2201.221
spx,2018-06-26,1.662,1.662,1.644,1.661,1.678,-0.017,-1.0131,13157.0,2172.476
spx,2018-06-27,1.657,1.667,1.641,1.647,1.661,-0.014,-0.8429,21950.0,3623.278
spx,2018-06-28,1.637,1.655,1.637,1.64,1.647,-0.007,-0.425,13260.0,2175.53
spx,2018-06-29,1.655,1.683,1.654,1.67,1.64,0.03,1.8293,11614.0,1936.199
spx,2018-07-02,1.675,1.685,1.66,1.66,1.67,-0.01,-0.5988,12596.0,2105.452
spx,2018-07-03,1.677,1.69,1.677,1.689,1.66,0.029,1.747,23932.0,4034.887
spx,2018-07-04,1.678,1.678,1.665,1.671,1.689,-0.018,-1.0657,6733.0,1127.458
spx,2018-07-05,1.667,1.698,1.663,1.687,1.671,0.016,0.9575,15638.0,2632.438
spx,2018-07-06,1.699,1.708,1.697,1.702,1.687,0.015,0.8892,9904.5,1685.372
spx,2018-07-09,1.712,1.72,1.711,1.718,1.702,0.016,0.9401,20754.0,3562.588
spx,2018-07-10,1.723,1.728,1.722,1.726,1.718,0.008,0.4657,23079.0,3982.989
spx,2018-07-11,1.704,1.731,1.704,1.729,1.726,0.003,0.1738,31637.0,5460.54
spx,2018-07-12,1.729,1.742,1.709,1.741,1.729,0.012,0.694,20124.0,3490.662
spx,2018-07-13,1.745,1.754,1.725,1.74,1.741,-0.001,-0.0574,23104.0,4030.395
spx,2018-07-16,1.745,1.745,1.739,1.74,1.74,0.0,0.0,9041.0,1574.023
spx,2018-07-17,1.739,1.741,1.728,1.73,1.74,-0.01,-0.5747,13635.0,2360.437
spx,2018-07-18,1.74,1.748,1.74,1.748,1.73,0.018,1.0405,15830.0,2762.765
spx,2018-07-19,1.75,1.761,1.748,1.76,1.748,0.012,0.6865,29176.0,5126.09
spx,2018-07-20,1.76,1.763,1.745,1.762,1.76,0.002,0.1136,21329.0,3753.48
spx,2018-07-23,1.759,1.76,1.749,1.755,1.762,-0.007,-0.3973,35904.0,6295.194
spx,2018-07-24,1.761,1.778,1.761,1.777,1.755,0.022,1.2536,31544.0,5589.608
spx,2018-07-25,1.779,1.785,1.776,1.777,1.777,0.0,0.0,29611.0,5269.56
spx,2018-07-26,1.79,1.791,1.781,1.789,1.777,0.012,0.6753,17858.0,3191.973
spx,2018-07-27,1.791,1.812,1.79,1.811,1.789,0.022,1.2297,66180.0,11944.387
spx,2018-07-30,1.806,1.806,1.785,1.79,1.811,-0.021,-1.1596,42006.0,7520.522
spx,2018-07-31,1.777,1.779,1.759,1.761,1.79,-0.029,-1.6201,63570.0,11238.928
spx,2018-08-01,1.775,1.779,1.773,1.779,1.761,0.018,1.0221,33483.0,5943.396
spx,2018-08-02,1.778,1.782,1.77,1.773,1.779,-0.006,-0.3373,27413.0,4866.266
spx,2018-08-03,1.79,1.807,1.785,1.804,1.773,0.031,1.7484,47233.0,8499.118
spx,2018-08-06,1.815,1.825,1.807,1.824,1.804,0.02,1.1086,138528.0,25171.052
spx,2018-08-07,1.833,1.88,1.833,1.856,1.824,0.032,1.7544,96985.0,18016.618
spx,2018-08-08,1.859,1.859,1.827,1.83,1.856,-0.026,-1.4009,92395.0,16963.097
spx,2018-08-09,1.818,1.818,1.809,1.812,1.83,-0.018,-0.9836,90239.0,16353.14
spx,2018-08-10,1.808,1.815,1.804,1.813,1.812,0.001,0.0552,62744.0,11355.727
spx,2018-08-13,1.789,1.8,1.789,1.8,1.813,-0.013,-0.717,38933.0,6989.969
spx,2018-08-14,1.796,1.807,1.796,1.804,1.8,0.004,0.2222,28055.0,5059.342
spx,2018-08-15,1.811,1.825,1.811,1.825,1.804,0.021,1.1641,88580.0,16125.451
spx,2018-08-16,1.802,1.816,1.799,1.8,1.825,-0.025,-1.3699,107796.0,19496.02
spx,2018-08-17,1.817,1.822,1.813,1.822,1.8,0.022,1.2222,79176.0,14394.209
spx,2018-08-20,1.825,1.83,1.812,1.821,1.822,-0.001,-0.0549,152890.0,27828.952
spx,2018-08-21,1.822,1.822,1.81,1.816,1.821,-0.005,-0.2746,193581.0,35134.074
spx,2018-08-22,1.818,1.818,1.812,1.814,1.816,-0.002,-0.1101,74453.0,13507.793
spx,2018-08-23,1.814,1.82,1.813,1.817,1.814,0.003,0.1654,74733.0,13578.224
spx,2018-08-24,1.816,1.82,1.813,1.814,1.817,-0.003,-0.1651,156547.0,28427.688
spx,2018-08-27,1.822,1.823,1.816,1.821,1.814,0.007,0.3859,96155.0,17488.526
spx,2018-08-28,1.839,1.841,1.828,1.837,1.821,0.016,0.8786,164418.0,30218.409
spx,2018-08-29,1.838,1.842,1.837,1.842,1.837,0.005,0.2722,242219.0,44557.19
spx,2018-08-30,1.844,1.851,1.844,1.85,1.842,0.008,0.4343,88162.0,16293.474
spx,2018-08-31,1.847,1.847,1.841,1.844,1.85,-0.006,-0.3243,37065.0,6828.483
spx,2018-09-03,1.847,1.847,1.834,1.836,1.844,-0.008,-0.4338,80475.0,14790.409
spx,2018-09-04,1.84,1.842,1.836,1.841,1.836,0.005,0.2723,43494.0,8000.321
spx,2018-09-05,1.839,1.839,1.833,1.833,1.841,-0.008,-0.4345,32448.0,5957.023
spx,2018-09-06,1.83,1.83,1.824,1.826,1.833,-0.007,-0.3819,32389.0,5918.75
spx,2018-09-07,1.82,1.822,1.814,1.821,1.826,-0.005,-0.2738,85085.0,15460.136
spx,2018-09-10,1.822,1.829,1.816,1.829,1.821,0.008,0.4393,56207.0,10262.386
spx,2018-09-11,1.833,1.836,1.829,1.835,1.829,0.006,0.328,68159.0,12495.509
spx,2018-09-12,1.842,1.847,1.842,1.844,1.835,0.009,0.4905,75811.0,13984.539
spx,2018-09-13,1.843,1.843,1.837,1.839,1.844,-0.005,-0.2711,33748.0,6204.008
spx,2018-09-14,1.848,1.85,1.841,1.85,1.839,0.011,0.5982,49145.0,9075.773
spx,2018-09-17,1.848,1.853,1.848,1.85,1.85,0.0,0.0,45358.0,8395.523
spx,2018-09-18,1.831,1.837,1.831,1.836,1.85,-0.014,-0.7568,67155.0,12305.122
spx,2018-09-19,1.846,1.849,1.845,1.845,1.836,0.009,0.4902,56754.0,10479.441
spx,2018-09-20,1.848,1.851,1.848,1.851,1.845,0.006,0.3252,95807.0,17725.736
spx,2018-09-21,1.862,1.866,1.862,1.865,1.851,0.014,0.7563,89121.0,16610.054
spx,2018-09-25,1.854,1.86,1.854,1.859,1.865,-0.006,-0.3217,70267.0,13042.806
spx,2018-09-26,1.858,1.87,1.857,1.869,1.859,0.01,0.5379,132569.0,24717.282
spx,2018-09-27,1.865,1.865,1.854,1.854,1.869,-0.015,-0.8026,54035.0,10043.461
spx,2018-09-28,1.857,1.859,1.854,1.858,1.854,0.004,0.2157,136915.0,25410.921
spx,2018-10-08,1.839,1.845,1.825,1.841,1.858,-0.017,-0.915,131356.0,24175.293
spx,2018-10-09,1.841,1.849,1.841,1.848,1.841,0.007,0.3802,92935.0,17168.115
spx,2018-10-10,1.848,1.853,1.847,1.853,1.848,0.005,0.2706,65769.0,12170.379
spx,2018-10-11,1.78,1.793,1.748,1.763,1.853,-0.09,-4.857,388419.0,68493.676
spx,2018-10-12,1.738,1.778,1.738,1.775,1.763,0.012,0.6807,166438.0,29302.009
spx,2018-10-15,1.775,1.775,1.757,1.759,1.775,-0.016,-0.9014,96672.0,17070.966
spx,2018-10-16,1.759,1.77,1.755,1.766,1.759,0.007,0.398,178353.0,31465.375
spx,2018-10-17,1.8,1.804,1.797,1.802,1.766,0.036,2.0385,87140.0,15686.787
spx,2018-10-18,1.8,1.8,1.79,1.793,1.802,-0.009,-0.4994,107098.0,19208.828
spx,2018-10-19,1.771,1.782,1.771,1.782,1.793,-0.011,-0.6135,102503.0,18226.216
spx,2018-10-22,1.777,1.782,1.769,1.781,1.782,-0.001,-0.0561,96227.0,17098.327
spx,2018-10-23,1.77,1.77,1.754,1.755,1.781,-0.026,-1.4599,82693.0,14568.007
spx,2018-10-24,1.753,1.763,1.749,1.755,1.755,0.0,0.0,130580.0,22932.029
spx,2018-10-25,1.701,1.72,1.695,1.713,1.755,-0.042,-2.3932,185323.0,31660.876
spx,2018-10-26,1.72,1.722,1.71,1.718,1.713,0.005,0.2919,209286.0,35909.537
spx,2018-10-29,1.712,1.713,1.705,1.708,1.718,-0.01,-0.5821,121584.0,20784.189
spx,2018-10-30,1.707,1.723,1.704,1.709,1.708,0.001,0.0585,307686.0,52673.792
spx,2018-10-31,1.726,1.736,1.72,1.735,1.709,0.026,1.5214,118049.04,20446.96
spx,2018-11-01,1.754,1.758,1.744,1.745,1.735,0.01,0.5764,83321.0,14608.54
spx,2018-11-02,1.751,1.764,1.747,1.763,1.745,0.018,1.0315,194484.0,34112.291
spx,2018-11-05,1.755,1.755,1.741,1.744,1.763,-0.019,-1.0777,65941.01,11496.384
spx,2018-11-06,1.747,1.779,1.747,1.763,1.744,0.019,1.0894,302909.17,53382.747
spx,2018-11-07,1.768,1.778,1.768,1.772,1.763,0.009,0.5105,188889.0,33517.483
spx,2018-11-08,1.804,1.821,1.802,1.807,1.772,0.035,1.9752,103122.0,18638.671
spx,2018-11-09,1.806,1.806,1.788,1.799,1.807,-0.008,-0.4427,171116.0,30792.498
spx,2018-11-12,1.785,1.798,1.785,1.797,1.799,-0.002,-0.1112,55700.0,9978.466
spx,2018-11-13,1.765,1.765,1.752,1.759,1.797,-0.038,-2.1146,158558.0,27870.556
spx,2018-11-14,1.759,1.762,1.758,1.76,1.759,0.001,0.0569,70018.0,12325.91
spx,2018-11-15,1.752,1.752,1.741,1.745,1.76,-0.015,-0.8523,155880.0,27199.933
spx,2018-11-16,1.755,1.762,1.746,1.749,1.745,0.004,0.2292,691414.0,121336.144
spx,2018-11-19,1.755,1.759,1.754,1.754,1.749,0.005,0.2859,232923.78,40914.528
spx,2018-11-20,1.723,1.735,1.723,1.729,1.754,-0.025,-1.4253,245906.0,42502.281
spx,2018-11-21,1.7,1.71,1.686,1.704,1.729,-0.025,-1.4459,310732.0,52770.057
spx,2018-11-22,1.704,1.704,1.701,1.703,1.704,-0.001,-0.0587,22040.62,3752.187
spx,2018-11-23,1.702,1.705,1.698,1.699,1.703,-0.004,-0.2349,94728.35,16121.709
spx,2018-11-26,1.698,1.704,1.693,1.703,1.699,0.004,0.2354,356152.0,60563.233
spx,2018-11-27,1.716,1.716,1.709,1.715,1.703,0.012,0.7046,137831.0,23596.603
spx,2018-11-28,1.734,1.737,1.718,1.729,1.715,0.014,0.8163,366696.0,63380.754
spx,2018-11-29,1.763,1.769,1.751,1.753,1.729,0.024,1.3881,236818.2,41700.196
spx,2018-11-30,1.753,1.762,1.753,1.762,1.753,0.009,0.5134,116474.0,20491.965
spx,2018-12-03,1.795,1.803,1.782,1.8,1.762,0.038,2.1566,290735.0,52294.069
spx,2018-12-04,1.796,1.796,1.769,1.769,1.8,-0.031,-1.7222,186521.0,33179.696
spx,2018-12-05,1.73,1.74,1.729,1.734,1.769,-0.035,-1.9785,102156.0,17737.773
spx,2018-12-06,1.72,1.72,1.708,1.709,1.734,-0.025,-1.4418,331422.0,56779.534
spx,2018-12-07,1.72,1.728,1.72,1.721,1.709,0.012,0.7022,112176.0,19341.378
spx,2018-12-10,1.699,1.699,1.671,1.673,1.721,-0.048,-2.7891,347029.0,58295.257
spx,2018-12-11,1.679,1.691,1.679,1.688,1.673,0.015,0.8966,1419209.0,239153.657
spx,2018-12-12,1.69,1.714,1.686,1.696,1.688,0.008,0.4739,1443350.0,244869.732
spx,2018-12-13,1.706,1.711,1.695,1.7,1.696,0.004,0.2358,1200625.0,204130.995
spx,2018-12-14,1.695,1.7,1.682,1.683,1.7,-0.017,-1.0,346361.0,58629.337
spx,2018-12-17,1.666,1.671,1.666,1.669,1.683,-0.014,-0.8318,85681.0,14296.097
spx,2018-12-18,1.636,1.638,1.627,1.633,1.669,-0.036,-2.157,405196.03,66116.617
spx,2018-12-19,1.634,1.634,1.625,1.629,1.633,-0.004,-0.2449,507673.0,82722.655
spx,2018-12-20,1.614,1.614,1.586,1.593,1.629,-0.036,-2.2099,753911.0,120347.05
spx,2018-12-21,1.583,1.59,1.576,1.588,1.593,-0.005,-0.3139,243087.0,38455.511
spx,2018-12-24,1.559,1.56,1.549,1.555,1.588,-0.033,-2.0781,743953.0,115573.974
spx,2018-12-25,1.508,1.508,1.496,1.499,1.555,-0.056,-3.6013,184096.0,27611.44
spx,2018-12-26,1.503,1.507,1.487,1.496,1.499,-0.003,-0.2001,695183.0,103783.41
spx,2018-12-27,1.56,1.58,1.56,1.567,1.496,0.071,4.746,1524212.0,239621.901
spx,2018-12-28,1.578,1.588,1.575,1.576,1.567,0.009,0.5743,290556.0,45935.237
spx,2019-01-02,1.593,1.598,1.572,1.573,1.576,-0.003,-0.1904,339152.0,53656.898
spx,2019-01-03,1.574,1.58,1.57,1.572,1.573,-0.001,-0.0636,225109.0,35457.375
spx,2019-01-04,1.556,1.57,1.508,1.57,1.572,-0.002,-0.1272,663591.0,103504.37
spx,2019-01-07,1.607,1.617,1.602,1.607,1.57,0.037,2.3567,654274.0,105072.908
spx,2019-01-08,1.618,1.629,1.616,1.625,1.607,0.018,1.1201,362081.0,58809.162
spx,2019-01-09,1.633,1.644,1.633,1.639,1.625,0.014,0.8615,941359.7,154403.978
spx,2019-01-10,1.636,1.637,1.62,1.621,1.639,-0.018,-1.0982,1743871.0,283800.066
spx,2019-01-11,1.64,1.64,1.633,1.635,1.621,0.014,0.8637,230051.0,37630.119
spx,2019-01-14,1.633,1.633,1.619,1.621,1.635,-0.014,-0.8563,478013.0,77520.848
spx,2019-01-15,1.627,1.636,1.623,1.631,1.621,0.01,0.6169,635878.0,103638.021
spx,2019-01-16,1.635,1.64,1.635,1.64,1.631,0.009,0.5518,352708.0,57777.197
spx,2019-01-17,1.64,1.64,1.632,1.632,1.64,-0.008,-0.4878,1239423.0,202833.322
spx,2019-01-18,1.655,1.664,1.655,1.663,1.632,0.031,1.8995,130161.0,21608.383
spx,2019-01-21,1.674,1.682,1.674,1.678,1.663,0.015,0.902,515753.0,86571.199
spx,2019-01-22,1.679,1.679,1.671,1.672,1.678,-0.006,-0.3576,748703.0,125347.071
spx,2019-01-23,1.66,1.664,1.656,1.659,1.672,-0.013,-0.7775,645240.0,107057.338
spx,2019-01-24,1.66,1.663,1.658,1.66,1.659,0.001,0.0603,979858.0,162703.443
spx,2019-01-25,1.663,1.668,1.659,1.665,1.66,0.005,0.3012,838770.0,139467.491
spx,2019-01-28,1.667,1.669,1.656,1.659,1.665,-0.006,-0.3604,290285.0,48189.504
spx,2019-01-29,1.651,1.654,1.646,1.65,1.659,-0.009,-0.5425,209785.0,34601.178
spx,2019-01-30,1.65,1.654,1.649,1.649,1.65,-0.001,-0.0606,355611.0,58750.616
spx,2019-01-31,1.667,1.677,1.667,1.669,1.649,0.02,1.2129,286866.0,47938.095
spx,2019-02-01,1.677,1.692,1.676,1.691,1.669,0.022,1.3182,396150.0,66849.971
spx,2019-02-11,1.69,1.701,1.688,1.698,1.691,0.007,0.414,249588.0,42318.031
spx,2019-02-12,1.704,1.714,1.704,1.709,1.698,0.011,0.6478,1541554.0,263604.555
spx,2019-02-13,1.722,1.729,1.721,1.727,1.709,0.018,1.0532,438075.0,75639.947
spx,2019-02-14,1.728,1.735,1.728,1.731,1.727,0.004,0.2316,363052.0,62876.025
spx,2019-02-15,1.722,1.725,1.718,1.72,1.731,-0.011,-0.6355,136216.0,23432.776
spx,2019-02-18,1.736,1.749,1.736,1.748,1.72,0.028,1.6279,242222.0,42292.768
spx,2019-02-19,1.751,1.751,1.744,1.748,1.748,0.0,0.0,450576.34,78786.701
spx,2019-02-20,1.749,1.749,1.735,1.737,1.748,-0.011,-0.6293,371514.0,64634.808
spx,2019-02-21,1.739,1.745,1.738,1.744,1.737,0.007,0.403,426842.0,74367.505
spx,2019-02-22,1.741,1.741,1.734,1.739,1.744,-0.005,-0.2867,394096.0,68437.742
spx,2019-02-25,1.747,1.747,1.738,1.74,1.739,0.001,0.0575,349995.0,60940.441
spx,2019-02-26,1.735,1.736,1.729,1.733,1.74,-0.007,-0.4023,752988.0,130418.846
spx,2019-02-27,1.733,1.738,1.729,1.732,1.733,-0.001,-0.0577,1576620.0,273296.711
spx,2019-02-28,1.732,1.735,1.727,1.728,1.732,-0.004,-0.2309,469116.0,81190.712
spx,2019-03-01,1.732,1.744,1.731,1.743,1.728,0.015,0.8681,710911.27,123477.164
spx,2019-03-04,1.75,1.755,1.748,1.75,1.743,0.007,0.4016,1074373.0,188077.498
spx,2019-03-05,1.739,1.741,1.734,1.737,1.75,-0.013,-0.7429,1039470.0,180390.472
spx,2019-03-06,1.734,1.737,1.73,1.735,1.737,-0.002,-0.1151,1213763.0,210516.866
spx,2019-03-07,1.728,1.728,1.721,1.721,1.735,-0.014,-0.8069,1849624.05,318851.11
spx,2019-03-08,1.715,1.721,1.708,1.709,1.721,-0.012,-0.6973,726275.0,124513.349
spx,2019-03-11,1.709,1.716,1.708,1.716,1.709,0.007,0.4096,879342.0,150706.517
spx,2019-03-12,1.735,1.744,1.735,1.739,1.716,0.023,1.3403,1620742.0,282163.267
spx,2019-03-13,1.741,1.743,1.734,1.737,1.739,-0.002,-0.115,1538842.0,267285.73
spx,2019-03-14,1.749,1.758,1.745,1.753,1.737,0.016,0.9211,866041.0,151797.501
spx,2019-03-15,1.753,1.759,1.753,1.755,1.753,0.002,0.1141,616233.0,108184.448
spx,2019-03-18,1.758,1.763,1.756,1.761,1.755,0.006,0.3419,593350.0,104358.547
spx,2019-03-19,1.766,1.769,1.766,1.769,1.761,0.008,0.4543,428839.0,75808.481
spx,2019-03-20,1.766,1.766,1.761,1.765,1.769,-0.004,-0.2261,722460.0,127388.284
spx,2019-03-21,1.76,1.76,1.747,1.749,1.765,-0.016,-0.9065,1170093.0,205239.522
spx,2019-03-22,1.776,1.782,1.775,1.78,1.749,0.031,1.7724,1900056.0,338110.418
spx,2019-03-25,1.742,1.749,1.739,1.74,1.78,-0.04,-2.2472,1088561.0,189759.844
spx,2019-03-26,1.746,1.756,1.746,1.75,1.74,0.01,0.5747,1852550.0,324549.933
spx,2019-03-27,1.756,1.765,1.756,1.763,1.75,0.013,0.7429,494155.0,87068.693
spx,2019-03-28,1.747,1.757,1.746,1.75,1.763,-0.013,-0.7374,1308221.0,229076.036
spx,2019-03-29,1.758,1.763,1.758,1.762,1.75,0.012,0.6857,1137697.0,200463.651
spx,2019-04-01,1.77,1.782,1.77,1.777,1.762,0.015,0.8513,1037685.0,184431.91
spx,2019-04-02,1.79,1.798,1.787,1.788,1.777,0.011,0.619,4751793.0,852237.396
spx,2019-04-03,1.792,1.8,1.79,1.798,1.788,0.01,0.5593,1378792.81,247787.567
spx,2019-04-04,1.798,1.808,1.795,1.797,1.798,-0.001,-0.0556,2829172.0,510392.657
spx,2019-04-08,1.811,1.827,1.81,1.819,1.797,0.022,1.2243,1558073.0,283393.198
spx,2019-04-09,1.827,1.827,1.808,1.811,1.819,-0.008,-0.4398,3194058.15,581077.521
spx,2019-04-10,1.805,1.805,1.798,1.798,1.811,-0.013,-0.7178,641020.0,115393.945
spx,2019-04-11,1.804,1.811,1.804,1.806,1.798,0.008,0.4449,1807152.77,326532.462
spx,2019-04-12,1.807,1.817,1.806,1.809,1.806,0.003,0.1661,1706372.77,308729.56
spx,2019-04-15,1.818,1.821,1.813,1.815,1.809,0.006,0.3317,707283.9,128545.997
spx,2019-04-16,1.817,1.826,1.817,1.825,1.815,0.01,0.551,1017846.0,185432.089
spx,2019-04-17,1.822,1.828,1.818,1.82,1.825,-0.005,-0.274,2218347.0,404408.365
spx,2019-04-18,1.811,1.826,1.806,1.806,1.82,-0.014,-0.7692,1117642.0,202979.736
spx,2019-04-19,1.818,1.831,1.815,1.816,1.806,0.01,0.5537,2261094.0,412107.764
spx,2019-04-22,1.821,1.821,1.812,1.816,1.816,0.0,0.0,2052894.0,372741.831
spx,2019-04-23,1.818,1.823,1.817,1.821,1.816,0.005,0.2753,1103513.0,200912.807
spx,2019-04-24,1.839,1.841,1.835,1.838,1.821,0.017,0.9336,1160661.0,213408.274
spx,2019-04-25,1.837,1.841,1.836,1.837,1.838,-0.001,-0.0544,915671.0,168330.597
spx,2019-04-26,1.837,1.839,1.835,1.839,1.837,0.002,0.1089,1886491.0,346764.684
spx,2019-04-29,1.847,1.853,1.847,1.853,1.839,0.014,0.7613,632016.88,116987.397
spx,2019-04-30,1.854,1.858,1.851,1.858,1.853,0.005,0.2698,268723.89,49802.087
spx,2019-05-06,1.837,1.843,1.828,1.829,1.858,-0.029,-1.5608,1039509.0,190863.569
spx,2019-05-07,1.841,1.851,1.841,1.849,1.829,0.02,1.0935,609497.89,112399.795
spx,2019-05-08,1.815,1.824,1.815,1.816,1.849,-0.033,-1.7847,923192.0,168062.488
spx,2019-05-09,1.816,1.826,1.815,1.816,1.816,0.0,0.0,1392813.5,253419.156
spx,2019-05-10,1.819,1.827,1.815,1.817,1.816,0.001,0.0551,1761232.77,320885.302
spx,2019-05-13,1.818,1.826,1.818,1.826,1.817,0.009,0.4953,1165770.65,212633.512
spx,2019-05-14,1.796,1.806,1.79,1.804,1.826,-0.022,-1.2048,788802.0,142239.561
spx,2019-05-15,1.817,1.82,1.814,1.819,1.804,0.015,0.8315,2013785.0,366118.967
spx,2019-05-16,1.826,1.826,1.817,1.819,1.819,0.0,0.0,1003183.0,182559.136
spx,2019-05-17,1.84,1.847,1.839,1.842,1.819,0.023,1.2644,251812.0,46419.042
spx,2019-05-20,1.844,1.845,1.84,1.841,1.842,-0.001,-0.0543,612462.0,112839.434
spx,2019-05-21,1.838,1.838,1.83,1.833,1.841,-0.008,-0.4345,716961.0,131296.738
spx,2019-05-22,1.842,1.842,1.835,1.837,1.833,0.004,0.2182,625198.0,114989.758
spx,2019-05-23,1.832,1.832,1.823,1.824,1.837,-0.013,-0.7077,431241.0,78798.524
spx,2019-05-24,1.821,1.821,1.813,1.814,1.824,-0.01,-0.5482,417069.0,75737.555
spx,2019-05-27,1.813,1.816,1.809,1.815,1.814,0.001,0.0551,575143.0,104261.03
spx,2019-05-28,1.816,1.824,1.816,1.821,1.815,0.006,0.3306,970573.03,176764.254
spx,2019-05-29,1.803,1.803,1.792,1.792,1.821,-0.029,-1.5925,1350196.44,242769.544
spx,2019-05-30,1.783,1.801,1.783,1.789,1.792,-0.003,-0.1674,2202696.0,394053.567
spx,2019-05-31,1.781,1.784,1.774,1.774,1.789,-0.015,-0.8385,2346282.0,417502.458
spx,2019-06-03,1.758,1.764,1.755,1.757,1.774,-0.017,-0.9583,1600044.0,281254.634
spx,2019-06-04,1.759,1.767,1.759,1.763,1.757,0.006,0.3415,665521.0,117343.885
spx,2019-06-05,1.8,1.807,1.799,1.803,1.763,0.04,2.2689,698271.0,125978.081
spx,2019-06-06,1.812,1.819,1.811,1.814,1.803,0.011,0.6101,808496.0,146707.774
spx,2019-06-10,1.852,1.858,1.85,1.857,1.814,0.043,2.3705,1320797.77,245090.165
spx,2019-06-11,1.858,1.86,1.857,1.858,1.857,0.001,0.0539,660238.75,122698.782
spx,2019-06-12,1.855,1.855,1.847,1.847,1.858,-0.011,-0.592,826184.0,152903.818
spx,2019-06-13,1.851,1.853,1.842,1.847,1.847,0.0,0.0,1334262.0,246184.692
spx,2019-06-14,1.855,1.862,1.854,1.856,1.847,0.009,0.4873,888685.0,165252.001
spx,2019-06-17,1.859,1.863,1.858,1.859,1.856,0.003,0.1616,274693.0,51100.982
spx,2019-06-18,1.86,1.861,1.856,1.856,1.859,-0.003,-0.1614,1044004.52,194043.923
spx,2019-06-19,1.88,1.88,1.868,1.872,1.856,0.016,0.8621,1614520.0,302177.379
spx,2019-06-20,1.88,1.882,1.872,1.882,1.872,0.01,0.5342,631503.0,118785.091
spx,2019-06-21,1.885,1.886,1.875,1.881,1.882,-0.001,-0.0531,411013.0,77235.188
spx,2019-06-24,1.883,1.892,1.883,1.886,1.881,0.005,0.2658,724874.0,136696.947
spx,2019-06-25,1.883,1.883,1.876,1.878,1.886,-0.008,-0.4242,1155246.0,216977.841
spx,2019-06-26,1.854,1.867,1.854,1.863,1.878,-0.015,-0.7987,515422.0,96054.244
spx,2019-06-27,1.864,1.871,1.863,1.87,1.863,0.007,0.3757,448365.29,83671.074
spx,2019-06-28,1.871,1.877,1.865,1.866,1.87,-0.004,-0.2139,1623750.15,304286.462
spx,2019-07-01,1.891,1.914,1.89,1.911,1.866,0.045,2.4116,841355.0,160407.059
spx,2019-07-02,1.904,1.905,1.898,1.903,1.911,-0.008,-0.4186,262582.0,49961.492
spx,2019-07-03,1.917,1.917,1.906,1.909,1.903,0.006,0.3153,879453.61,168025.75
spx,2019-07-04,1.936,1.936,1.919,1.925,1.909,0.016,0.8381,313946.39,60441.552
spx,2019-07-05,1.924,1.929,1.919,1.922,1.925,-0.003,-0.1558,475271.63,91343.58
spx,2019-07-08,1.92,1.92,1.909,1.911,1.922,-0.011,-0.5723,1142577.0,218575.144
spx,2019-07-09,1.909,1.909,1.9,1.902,1.911,-0.009,-0.471,909627.0,173237.704
spx,2019-07-10,1.911,1.916,1.907,1.908,1.902,0.006,0.3155,507311.0,96993.461
spx,2019-07-11,1.919,1.926,1.919,1.925,1.908,0.017,0.891,448119.0,86201.776
spx,2019-07-12,1.93,1.933,1.928,1.933,1.925,0.008,0.4156,968929.0,187140.128
spx,2019-07-15,1.938,1.943,1.932,1.942,1.933,0.009,0.4656,450892.3,87424.457
spx,2019-07-16,1.942,1.943,1.936,1.937,1.942,-0.005,-0.2575,242625.0,47043.025
spx,2019-07-17,1.93,1.936,1.922,1.925,1.937,-0.012,-0.6195,1176439.81,227044.296
spx,2019-07-18,1.909,1.914,1.903,1.907,1.925,-0.018,-0.9351,1145697.0,218882.971
spx,2019-07-19,1.92,1.93,1.92,1.927,1.907,0.02,1.0488,690843.0,133134.985
spx,2019-07-22,1.913,1.919,1.908,1.918,1.927,-0.009,-0.467,662596.0,126861.422
spx,2019-07-23,1.92,1.929,1.92,1.926,1.918,0.008,0.4171,943238.0,181617.632
spx,2019-07-24,1.936,1.94,1.93,1.935,1.926,0.009,0.4673,401636.0,77762.815
spx,2019-07-25,1.945,1.946,1.943,1.945,1.935,0.01,0.5168,205954.0,40045.445
spx,2019-07-26,1.933,1.94,1.932,1.939,1.945,-0.006,-0.3085,67988.0,13176.507
spx,2019-07-29,1.949,1.953,1.943,1.949,1.939,0.01,0.5157,124069.0,24197.48
spx,2019-07-30,1.949,1.959,1.947,1.949,1.949,0.0,0.0,432536.82,84502.46
spx,2019-07-31,1.95,1.95,1.945,1.947,1.949,-0.002,-0.1026,666978.0,129940.522
spx,2019-08-01,1.921,1.933,1.921,1.926,1.947,-0.021,-1.0786,366942.14,70788.514
spx,2019-08-02,1.91,1.921,1.908,1.921,1.926,-0.005,-0.2596,172907.18,33133.927
spx,2019-08-05,1.919,1.946,1.905,1.92,1.921,-0.001,-0.0521,319421.0,61293.439
spx,2019-08-06,1.878,1.883,1.847,1.88,1.92,-0.04,-2.0833,688133.64,128611.31
spx,2019-08-07,1.888,1.893,1.886,1.892,1.88,0.012,0.6383,212704.0,40166.99
spx,2019-08-08,1.895,1.907,1.895,1.905,1.892,0.013,0.6871,326170.0,61986.271
spx,2019-08-09,1.925,1.936,1.925,1.929,1.905,0.024,1.2598,886330.0,171389.561
spx,2019-08-12,1.933,1.933,1.929,1.933,1.929,0.004,0.2074,436954.0,84365.16
spx,2019-08-13,1.906,1.91,1.9,1.903,1.933,-0.03,-1.552,316480.0,60296.288
spx,2019-08-14,1.933,1.933,1.916,1.919,1.903,0.016,0.8408,597607.91,114664.323
spx,2019-08-15,1.877,1.883,1.87,1.88,1.919,-0.039,-2.0323,281918.0,52881.003
spx,2019-08-16,1.881,1.885,1.879,1.884,1.88,0.004,0.2128,267960.0,50416.645
spx,2019-08-19,1.901,1.918,1.901,1.916,1.884,0.032,1.6985,113155.0,21604.1
spx,2019-08-20,1.92,1.929,1.92,1.925,1.916,0.009,0.4697,386000.0,74350.906
spx,2019-08-21,1.921,1.921,1.911,1.912,1.925,-0.013,-0.6753,411391.0,78707.805
spx,2019-08-22,1.928,1.931,1.926,1.929,1.912,0.017,0.8891,126291.0,24356.34
spx,2019-08-23,1.929,1.939,1.929,1.938,1.929,0.009,0.4666,171158.0,33125.74
spx,2019-08-26,1.898,1.9,1.887,1.899,1.938,-0.039,-2.0124,336732.0,63698.913
spx,2019-08-27,1.91,1.932,1.91,1.923,1.899,0.024,1.2638,565376.0,108842.549
spx,2019-08-28,1.922,1.922,1.916,1.918,1.923,-0.005,-0.26,874526.3,167817.961
spx,2019-08-29,1.924,1.927,1.92,1.926,1.918,0.008,0.4171,585215.0,112572.104
spx,2019-08-30,1.947,1.952,1.941,1.945,1.926,0.019,0.9865,1041319.73,202829.38
spx,2019-09-02,1.945,1.947,1.939,1.943,1.945,-0.002,-0.1028,555651.27,107982.039
spx,2019-09-03,1.945,1.945,1.938,1.94,1.943,-0.003,-0.1544,375518.0,72937.273
spx,2019-09-04,1.938,1.952,1.935,1.951,1.94,0.011,0.567,778708.0,151396.43
spx,2019-09-05,1.952,1.968,1.952,1.96,1.951,0.009,0.4613,799679.0,157081.671
spx,2019-09-06,1.979,1.98,1.971,1.972,1.96,0.012,0.6122,597629.0,118125.985
spx,2019-09-09,1.973,1.978,1.971,1.975,1.972,0.003,0.1521,747818.0,147668.648
spx,2019-09-10,1.976,1.976,1.964,1.964,1.975,-0.011,-0.557,561714.16,110608.867
spx,2019-09-11,1.966,1.971,1.964,1.968,1.964,0.004,0.2037,278604.84,54798.761
spx,2019-09-12,1.982,1.991,1.981,1.983,1.968,0.015,0.7622,835856.0,166040.099
spx,2019-09-16,1.973,1.973,1.963,1.968,1.983,-0.015,-0.7564,106830.0,20998.217
spx,2019-09-17,1.974,1.976,1.97,1.975,1.968,0.007,0.3557,1105588.0,218183.853
spx,2019-09-18,1.979,1.986,1.977,1.979,1.975,0.004,0.2025,965410.0,191276.235
spx,2019-09-19,1.98,1.985,1.98,1.981,1.979,0.002,0.1011,245013.0,48576.98
spx,2019-09-20,1.984,1.991,1.981,1.982,1.981,0.001,0.0505,362088.0,71893.023
spx,2019-09-23,1.981,1.986,1.98,1.982,1.982,0.0,0.0,274195.0,54356.542
spx,2019-09-24,1.984,1.989,1.981,1.981,1.982,-0.001,-0.0505,89708.0,17809.182
spx,2019-09-25,1.971,1.971,1.963,1.966,1.981,-0.015,-0.7572,155291.0,30537.557
spx,2019-09-26,1.974,1.979,1.97,1.974,1.966,0.008,0.4069,162122.0,31982.965
spx,2019-09-27,1.972,1.975,1.968,1.974,1.974,0.0,0.0,144581.0,28489.706
spx,2019-09-30,1.969,1.972,1.959,1.97,1.974,-0.004,-0.2026,129958.0,25572.877
spx,2019-10-08,1.964,1.964,1.95,1.951,1.97,-0.019,-0.9645,465085.0,90846.46
spx,2019-10-09,1.922,1.929,1.922,1.927,1.951,-0.024,-1.2301,325130.0,62647.457
spx,2019-10-10,1.928,1.933,1.927,1.93,1.927,0.003,0.1557,619813.0,119648.43
spx,2019-10-11,1.942,1.95,1.941,1.95,1.93,0.02,1.0363,215103.0,41831.938
spx,2019-10-14,1.967,1.969,1.956,1.959,1.95,0.009,0.4615,715373.0,140238.527
spx,2019-10-15,1.962,1.963,1.956,1.963,1.959,0.004,0.2042,288847.22,56585.083
spx,2019-10-16,1.974,1.977,1.97,1.974,1.963,0.011,0.5604,87522.0,17284.11
spx,2019-10-17,1.975,1.976,1.967,1.967,1.974,-0.007,-0.3546,398063.25,78466.222
spx,2019-10-18,1.974,1.974,1.966,1.968,1.967,0.001,0.0508,179473.74,35333.072
spx,2019-10-21,1.968,1.968,1.964,1.967,1.968,-0.001,-0.0508,150217.0,29550.489
spx,2019-10-22,1.982,1.983,1.978,1.98,1.967,0.013,0.6609,372116.0,73699.513
spx,2019-10-23,1.98,1.98,1.967,1.968,1.98,-0.012,-0.6061,476667.5,93883.496
spx,2019-10-24,1.978,1.978,1.97,1.977,1.968,0.009,0.4573,115826.72,22889.662
spx,2019-10-25,1.978,1.98,1.975,1.979,1.977,0.002,0.1012,221506.0,43799.2
spx,2019-10-28,1.984,1.992,1.984,1.989,1.979,0.01,0.5053,87462.0,17396.47
spx,2019-10-29,1.998,2.003,1.996,1.998,1.989,0.009,0.4525,106243.0,21242.101
spx,2019-10-30,1.998,2.0,1.995,1.997,1.998,-0.001,-0.0501,324646.0,64876.992
spx,2019-10-31,2.001,2.002,1.998,1.999,1.997,0.002,0.1002,54990.0,10994.88
spx,2019-11-01,1.994,2.0,1.993,2.0,1.999,0.001,0.05,64264.0,12832.035
spx,2019-11-04,2.014,2.015,2.01,2.011,2.0,0.011,0.55,88312.0,17774.09
spx,2019-11-05,2.017,2.017,2.012,2.015,2.011,0.004,0.1989,105016.0,21156.216
spx,2019-11-06,2.013,2.013,2.0,2.002,2.015,-0.013,-0.6452,143652.0,28781.997
spx,2019-11-07,2.009,2.01,2.003,2.006,2.002,0.004,0.1998,80733.0,16203.247
spx,2019-11-08,2.006,2.006,1.997,2.004,2.006,-0.002,-0.0997,353507.0,70766.002
spx,2019-11-11,2.004,2.011,2.004,2.009,2.004,0.005,0.2495,81207.0,16317.494
spx,2019-11-12,2.009,2.017,2.007,2.017,2.009,0.008,0.3982,224180.0,45124.346
spx,2019-11-13,2.015,2.022,2.015,2.016,2.017,-0.001,-0.0496,86872.0,17539.663
spx,2019-11-14,2.022,2.025,2.021,2.023,2.016,0.007,0.3472,98097.0,19842.422
spx,2019-11-15,2.026,2.039,2.026,2.03,2.023,0.007,0.346,181793.0,36886.929
spx,2019-11-18,2.041,2.059,2.04,2.058,2.03,0.028,1.3793,164266.0,33639.056
spx,2019-11-19,2.058,2.095,2.058,2.082,2.058,0.024,1.1662,181919.32,37856.721
spx,2019-11-20,2.08,2.083,2.05,2.053,2.082,-0.029,-1.3929,117273.0,24166.314
spx,2019-11-21,2.047,2.047,2.034,2.035,2.053,-0.018,-0.8768,202598.0,41248.999
spx,2019-11-22,2.034,2.043,2.034,2.037,2.035,0.002,0.0983,617880.0,125962.167
spx,2019-11-25,2.045,2.052,2.041,2.05,2.037,0.013,0.6382,110722.0,22671.724
spx,2019-11-26,2.065,2.072,2.062,2.065,2.05,0.015,0.7317,253778.0,52421.142
spx,2019-11-27,2.067,2.072,2.067,2.072,2.065,0.007,0.339,63998.0,13247.966
spx,2019-11-28,2.078,2.084,2.076,2.082,2.072,0.01,0.4826,383871.0,79853.426
spx,2019-11-29,2.081,2.089,2.08,2.084,2.082,0.002,0.0961,77054.0,16062.479
spx,2019-12-02,2.084,2.109,2.078,2.107,2.084,0.023,1.1036,159708.0,33483.366
spx,2019-12-03,2.059,2.082,2.059,2.073,2.107,-0.034,-1.6137,155230.0,32165.869
spx,2019-12-04,2.053,2.055,2.043,2.049,2.073,-0.024,-1.1577,271754.0,55672.432
spx,2019-12-05,2.053,2.056,2.05,2.051,2.049,0.002,0.0976,336221.0,69005.946
spx,2019-12-06,2.055,2.058,2.053,2.058,2.051,0.007,0.3413,271470.0,55801.999
spx,2019-12-09,2.07,2.079,2.068,2.077,2.058,0.019,0.9232,239035.0,49507.275
spx,2019-12-10,2.071,2.071,2.065,2.07,2.077,-0.007,-0.337,460973.0,95364.02
spx,2019-12-11,2.067,2.068,2.061,2.068,2.07,-0.002,-0.0966,173801.0,35875.046
spx,2019-12-12,2.071,2.081,2.071,2.08,2.068,0.012,0.5803,281388.0,58427.886
spx,2019-12-13,2.089,2.097,2.085,2.086,2.08,0.006,0.2885,266565.3,55697.533
spx,2019-12-16,2.085,2.092,2.081,2.09,2.086,0.004,0.1918,343935.17,71774.539
spx,2019-12-17,2.098,2.104,2.095,2.102,2.09,0.012,0.5742,497599.0,104501.95
spx,2019-12-18,2.099,2.101,2.09,2.091,2.102,-0.011,-0.5233,552645.4,115866.419
spx,2019-12-19,2.091,2.094,2.083,2.084,2.091,-0.007,-0.3348,344491.68,72026.928
spx,2019-12-20,2.094,2.098,2.093,2.097,2.084,0.013,0.6238,108409.36,22707.39
spx,2019-12-23,2.108,2.116,2.105,2.114,2.097,0.017,0.8107,470403.81,99275.843
spx,2019-12-24,2.114,2.118,2.112,2.115,2.114,0.001,0.0473,371048.35,78495.843
spx,2019-12-25,2.114,2.115,2.107,2.107,2.115,-0.008,-0.3783,185397.68,39156.23
spx,2019-12-26,2.109,2.119,2.109,2.118,2.107,0.011,0.5221,353293.0,74619.289
spx,2019-12-27,2.13,2.144,2.126,2.13,2.118,0.012,0.5666,229443.0,48990.786
spx,2019-12-30,2.126,2.129,2.113,2.125,2.13,-0.005,-0.2347,286535.34,60789.668
spx,2019-12-31,2.115,2.115,2.106,2.111,2.125,-0.014,-0.6588,256100.31,53972.871
spx,2020-01-02,2.113,2.129,2.113,2.129,2.111,0.018,0.8527,326859.1,69265.892
spx,2020-01-03,2.134,2.158,2.129,2.151,2.129,0.022,1.0333,376425.98,80600.358
spx,2020-01-06,2.13,2.13,2.109,2.109,2.151,-0.042,-1.9526,721321.6,152549.201
spx,2020-01-07,2.119,2.124,2.116,2.118,2.109,0.009,0.4267,713366.57,151147.063
spx,2020-01-08,2.092,2.102,2.071,2.092,2.118,-0.026,-1.2276,665629.04,139372.777
spx,2020-01-09,2.115,2.12,2.113,2.117,2.092,0.025,1.195,926987.2,196258.831
spx,2020-01-10,2.129,2.143,2.125,2.139,2.117,0.022,1.0392,242718.04,51779.958
spx,2020-01-13,2.125,2.137,2.124,2.133,2.139,-0.006,-0.2805,625713.19,133328.624
spx,2020-01-14,2.144,2.154,2.14,2.148,2.133,0.015,0.7032,524091.19,112492.235
spx,2020-01-15,2.143,2.143,2.13,2.141,2.148,-0.007,-0.3259,501524.0,107015.865
spx,2020-01-16,2.139,2.139,2.128,2.129,2.141,-0.012,-0.5605,511188.0,108975.283
spx,2020-01-17,2.143,2.148,2.135,2.136,2.129,0.007,0.3288,541676.0,115872.833
spx,2020-01-20,2.143,2.144,2.136,2.138,2.136,0.002,0.0936,404572.0,86615.744
spx,2020-01-21,2.138,2.14,2.135,2.138,2.138,0.0,0.0,773490.0,165401.406
spx,2020-01-22,2.138,2.155,2.138,2.155,2.138,0.017,0.7951,468017.0,100640.562
spx,2020-01-23,2.144,2.154,2.139,2.148,2.155,-0.007,-0.3248,852205.8,183100.501
spx,2020-02-03,2.055,2.123,2.055,2.115,2.148,-0.033,-1.5363,260097.3,54962.042
spx,2020-02-04,2.13,2.133,2.116,2.129,2.115,0.014,0.6619,266740.0,56749.175
spx,2020-02-05,2.143,2.15,2.14,2.142,2.129,0.013,0.6106,458401.04,98262.546
spx,2020-02-06,2.169,2.181,2.168,2.18,2.142,0.038,1.774,504273.0,109705.336
spx,2020-02-07,2.179,2.185,2.175,2.185,2.18,0.005,0.2294,536055.0,116818.628
spx,2020-02-10,2.175,2.189,2.172,2.189,2.185,0.004,0.1831,299269.55,65247.135
spx,2020-02-11,2.194,2.223,2.194,2.219,2.189,0.03,1.3705,457386.1,101232.204
spx,2020-02-12,2.226,2.26,2.222,2.258,2.219,0.039,1.7575,336644.0,75232.899
spx,2020-02-13,2.3,2.368,2.278,2.349,2.258,0.091,4.0301,639500.02,148562.35
spx,2020-02-14,2.33,2.33,2.24,2.248,2.349,-0.101,-4.2997,627195.0,143374.794
spx,2020-02-17,2.252,2.282,2.232,2.262,2.248,0.014,0.6228,556279.0,125729.731
spx,2020-02-18,2.253,2.256,2.227,2.23,2.262,-0.032,-1.4147,382636.6,85624.104
spx,2020-02-19,2.223,2.235,2.215,2.223,2.23,-0.007,-0.3139,407545.0,90804.362
spx,2020-02-20,2.239,2.246,2.226,2.238,2.223,0.015,0.6748,653223.0,145952.579
spx,2020-02-21,2.219,2.248,2.216,2.216,2.238,-0.022,-0.983,873559.09,193989.669
spx,2020-02-24,2.18,2.183,2.166,2.168,2.216,-0.048,-2.1661,673218.0,146230.463
spx,2020-02-25,2.127,2.168,2.127,2.167,2.168,-0.001,-0.0461,1083573.83,232300.434
spx,2020-02-26,2.088,2.128,2.087,2.11,2.167,-0.057,-2.6304,460208.56,97047.799
spx,2020-02-27,2.111,2.111,2.095,2.098,2.11,-0.012,-0.5687,396568.0,83298.617
spx,2020-02-28,2.023,2.044,2.016,2.03,2.098,-0.068,-3.2412,435728.19,88402.403
spx,2020-03-02,2.03,2.088,1.993,2.069,2.03,0.039,1.9212,1512524.0,305415.892
spx,2020-03-03,2.12,2.136,2.05,2.059,2.069,-0.01,-0.4833,1389349.99,289265.293
spx,2020-03-04,2.02,2.038,2.007,2.034,2.059,-0.025,-1.2142,553585.78,111790.76
spx,2020-03-05,2.07,2.076,2.052,2.062,2.034,0.028,1.3766,562564.75,116086.18
spx,2020-03-06,2.033,2.033,2.015,2.017,2.062,-0.045,-2.1823,282658.75,57100.391
spx,2020-03-09,1.964,1.964,1.9,1.907,2.017,-0.11,-5.4536,486579.61,94062.476
spx,2020-03-10,1.888,1.97,1.879,1.965,1.907,0.058,3.0414,639131.0,123117.829
spx,2020-03-11,1.958,1.958,1.919,1.929,1.965,-0.036,-1.8321,514738.66,99515.912
spx,2020-03-12,1.885,1.885,1.831,1.86,1.929,-0.069,-3.577,661926.92,122520.028
spx,2020-03-13,1.688,1.888,1.674,1.823,1.86,-0.037,-1.9892,962318.0,171590.771
spx,2020-03-16,1.784,1.81,1.748,1.779,1.823,-0.044,-2.4136,754649.72,134831.046
spx,2020-03-17,1.764,1.89,1.75,1.764,1.779,-0.015,-0.8432,824210.0,146522.292
spx,2020-03-18,1.769,1.785,1.704,1.705,1.764,-0.059,-3.3447,501323.01,87991.411
spx,2020-03-19,1.72,1.728,1.634,1.7,1.705,-0.005,-0.2933,722202.12,121464.186
spx,2020-03-20,1.71,1.765,1.704,1.758,1.7,0.058,3.4118,593959.5,102626.896
spx,2020-03-23,1.676,1.703,1.647,1.652,1.758,-0.106,-6.0296,558706.26,93798.651
spx,2020-03-24,1.7,1.719,1.67,1.717,1.652,0.065,3.9346,1125579.69,191094.859
spx,2020-03-25,1.77,1.788,1.758,1.785,1.717,0.068,3.9604,1184248.02,209861.207
spx,2020-03-26,1.783,1.783,1.744,1.764,1.785,-0.021,-1.1765,505634.0,89475.901
spx,2020-03-27,1.804,1.808,1.766,1.768,1.764,0.004,0.2268,722728.32,129463.641
spx,2020-03-30,1.733,1.757,1.712,1.74,1.768,-0.028,-1.5837,582996.48,101150.098
spx,2020-03-31,1.771,1.777,1.759,1.764,1.74,0.024,1.3793,403906.0,71419.325
spx,2020-04-01,1.74,1.761,1.723,1.725,1.764,-0.039,-2.2109,363958.35,63506.19
spx,2020-04-02,1.722,1.745,1.701,1.743,1.725,0.018,1.0435,557313.37,95972.857
spx,2020-04-03,1.733,1.741,1.72,1.725,1.743,-0.018,-1.0327,280043.4,48500.757
spx,2020-04-07,1.79,1.812,1.781,1.81,1.725,0.085,4.9275,540223.74,96889.589
spx,2020-04-08,1.798,1.811,1.788,1.796,1.81,-0.014,-0.7735,446020.0,80164.356
spx,2020-04-09,1.827,1.853,1.827,1.849,1.796,0.053,2.951,882001.0,162384.224
spx,2020-04-10,1.858,1.868,1.841,1.847,1.849,-0.002,-0.1082,607176.09,112715.346
spx,2020-04-13,1.838,1.838,1.824,1.831,1.847,-0.016,-0.8663,471164.09,86281.031
spx,2020-04-14,1.841,1.868,1.836,1.867,1.831,0.036,1.9661,457153.09,84841.053
spx,2020-04-15,1.885,1.896,1.878,1.882,1.867,0.015,0.8034,765100.0,144483.009
spx,2020-04-16,1.851,1.882,1.845,1.871,1.882,-0.011,-0.5845,654698.0,121530.011
spx,2020-04-17,1.915,1.922,1.905,1.912,1.871,0.041,2.1913,984691.97,188644.24
spx,2020-04-20,1.915,1.917,1.903,1.912,1.912,0.0,0.0,346759.0,66273.312
spx,2020-04-21,1.902,1.902,1.862,1.873,1.912,-0.039,-2.0397,653200.76,122566.905
spx,2020-04-22,1.831,1.859,1.831,1.852,1.873,-0.021,-1.1212,835998.06,153945.525
spx,2020-04-23,1.867,1.875,1.858,1.871,1.852,0.019,1.0259,548458.0,102383.38
spx,2020-04-24,1.853,1.86,1.847,1.859,1.871,-0.012,-0.6414,385822.01,71528.773
spx,2020-04-27,1.884,1.912,1.88,1.898,1.859,0.039,2.0979,462839.0,87820.314
spx,2020-04-28,1.913,1.919,1.903,1.916,1.898,0.018,0.9484,476583.0,91166.199
spx,2020-04-29,1.928,1.941,1.923,1.931,1.916,0.015,0.7829,489329.0,94552.377
spx,2020-04-30,1.969,1.979,1.96,1.971,1.931,0.04,2.0715,531510.01,104607.514
spx,2020-05-06,1.934,1.948,1.924,1.947,1.971,-0.024,-1.2177,718563.0,138804.293
spx,2020-05-07,1.934,1.934,1.917,1.923,1.947,-0.024,-1.2327,688961.02,132435.178
spx,2020-05-08,1.94,1.948,1.934,1.941,1.923,0.018,0.936,826418.76,160644.204
spx,2020-05-11,1.96,1.968,1.956,1.962,1.941,0.021,1.0819,871086.3,170846.858
spx,2020-05-12,1.951,1.953,1.933,1.934,1.962,-0.028,-1.4271,720454.12,139762.225
spx,2020-05-13,1.901,1.915,1.895,1.912,1.934,-0.022,-1.1375,670650.74,127756.292
spx,2020-05-14,1.886,1.889,1.876,1.883,1.912,-0.029,-1.5167,960035.12,180691.52
spx,2020-05-15,1.905,1.911,1.9,1.908,1.883,0.025,1.3277,768740.5,146498.719
spx,2020-05-18,1.925,1.937,1.921,1.936,1.908,0.028,1.4675,374285.36,72209.607
spx,2020-05-19,1.971,1.988,1.965,1.986,1.936,0.05,2.5826,494835.0,97586.796
spx,2020-05-20,1.969,1.97,1.958,1.963,1.986,-0.023,-1.1581,1400237.0,275000.003
spx,2020-05-21,1.981,1.982,1.968,1.968,1.963,0.005,0.2547,931974.0,183865.68
spx,2020-05-22,1.967,1.97,1.949,1.954,1.968,-0.014,-0.7114,450563.0,88246.807
spx,2020-05-25,1.97,1.989,1.969,1.987,1.954,0.033,1.6888,729416.0,144250.138
spx,2020-05-26,2.004,2.02,2.0,2.019,1.987,0.032,1.6105,473933.0,95133.831
spx,2020-05-27,2.009,2.023,2.005,2.019,2.019,0.0,0.0,459596.0,92477.522
spx,2020-05-28,2.04,2.052,2.039,2.043,2.019,0.024,1.1887,463557.0,94870.495
spx,2020-05-29,2.021,2.032,2.019,2.029,2.043,-0.014,-0.6853,592143.0,120063.213
spx,2020-06-01,2.032,2.04,2.029,2.033,2.029,0.004,0.1971,500418.0,101810.279
spx,2020-06-02,2.034,2.04,2.03,2.036,2.033,0.003,0.1476,555707.0,113069.241
spx,2020-06-03,2.056,2.065,2.052,2.062,2.036,0.026,1.277,489800.0,100897.093
spx,2020-06-04,2.079,2.082,2.069,2.07,2.062,0.008,0.388,319910.0,66394.956
spx,2020-06-05,2.07,2.088,2.067,2.087,2.07,0.017,0.8213,352392.0,73259.69
spx,2020-06-08,2.114,2.12,2.114,2.117,2.087,0.03,1.4375,368785.93,78030.587
spx,2020-06-09,2.143,2.15,2.131,2.147,2.117,0.03,1.4171,418668.2,89760.629
spx,2020-06-10,2.145,2.147,2.135,2.142,2.147,-0.005,-0.2329,515340.0,110410.278
spx,2020-06-11,2.123,2.123,2.079,2.084,2.142,-0.058,-2.7077,780986.87,163614.744
spx,2020-06-12,2.002,2.034,2.0,2.02,2.084,-0.064,-3.071,804377.9,162379.617
spx,2020-06-15,2.0,2.002,1.958,1.961,2.02,-0.059,-2.9208,860692.47,170553.054
spx,2020-06-16,2.035,2.073,2.031,2.058,1.961,0.097,4.9465,786171.75,161223.219
spx,2020-06-17,2.074,2.084,2.066,2.079,2.058,0.021,1.0204,376929.0,78282.095
spx,2020-06-18,2.05,2.064,2.046,2.06,2.079,-0.019,-0.9139,498375.0,102260.612
spx,2020-06-19,2.064,2.072,2.063,2.072,2.06,0.012,0.5825,1141279.5,235886.672
spx,2020-06-22,2.059,2.059,2.042,2.049,2.072,-0.023,-1.11,527486.0,108065.016
spx,2020-06-23,2.05,2.071,2.045,2.066,2.049,0.017,0.8297,474752.0,97801.17
spx,2020-06-24,2.073,2.075,2.066,2.071,2.066,0.005,0.242,380053.0,78679.95
spx,2020-06-29,2.015,2.015,1.998,2.006,2.071,-0.065,-3.1386,543937.5,109047.641
spx,2020-06-30,2.021,2.027,2.008,2.013,2.006,0.007,0.349,449848.0,90763.2
spx,2020-07-01,2.04,2.043,2.034,2.043,2.013,0.03,1.4903,431428.5,87941.081
spx,2020-07-02,2.049,2.06,2.048,2.059,2.043,0.016,0.7832,303132.0,62234.286
spx,2020-07-03,2.064,2.072,2.061,2.071,2.059,0.012,0.5828,444248.0,91784.15
spx,2020-07-06,2.074,2.087,2.072,2.086,2.071,0.015,0.7243,677160.0,140753.994
spx,2020-07-07,2.091,2.091,2.063,2.068,2.086,-0.018,-0.8629,505729.0,104853.467
spx,2020-07-08,2.066,2.068,2.059,2.059,2.068,-0.009,-0.4352,789733.0,162993.795
spx,2020-07-09,2.068,2.078,2.058,2.062,2.059,0.003,0.1457,1723360.8,356996.391
spx,2020-07-10,2.058,2.058,2.024,2.037,2.062,-0.025,-1.2124,646928.0,132303.806
spx,2020-07-13,2.076,2.091,2.07,2.088,2.037,0.051,2.5037,781987.55,162610.522
spx,2020-07-14,2.065,2.073,2.052,2.072,2.088,-0.016,-0.7663,635419.0,131198.803
spx,2020-07-15,2.095,2.107,2.095,2.103,2.072,0.031,1.4961,294266.9,61822.154
spx,2020-07-16,2.118,2.118,2.091,2.095,2.103,-0.008,-0.3804,279309.0,58618.857
spx,2020-07-17,2.097,2.109,2.084,2.106,2.095,0.011,0.5251,306770.0,64489.982
spx,2020-07-20,2.106,2.107,2.092,2.097,2.106,-0.009,-0.4274,327955.0,68764.926
spx,2020-07-21,2.121,2.136,2.117,2.132,2.097,0.035,1.6691,552390.52,117624.873
spx,2020-07-22,2.128,2.139,2.119,2.126,2.132,-0.006,-0.2814,593722.93,126233.272
spx,2020-07-23,2.137,2.148,2.137,2.148,2.126,0.022,1.0348,222792.58,47719.828
spx,2020-07-24,2.118,2.125,2.102,2.107,2.148,-0.041,-1.9088,298085.39,62966.217
spx,2020-07-27,2.107,2.122,2.106,2.109,2.107,0.002,0.0949,398525.0,84127.881
spx,2020-07-28,2.124,2.133,2.119,2.121,2.109,0.012,0.569,413818.0,87943.411
spx,2020-07-29,2.113,2.117,2.106,2.116,2.121,-0.005,-0.2357,255381.0,53925.394
spx,2020-07-30,2.128,2.133,2.124,2.124,2.116,0.008,0.3781,172959.0,36809.047
spx,2020-07-31,2.134,2.147,2.128,2.134,2.124,0.01,0.4708,554485.69,118438.993
spx,2020-08-03,2.142,2.154,2.135,2.136,2.134,0.002,0.0937,442982.0,94831.762
spx,2020-08-04,2.148,2.157,2.147,2.154,2.136,0.018,0.8427,365512.0,78650.174
spx,2020-08-05,2.154,2.169,2.154,2.161,2.154,0.007,0.325,177122.0,38258.841
spx,2020-08-06,2.173,2.177,2.168,2.176,2.161,0.015,0.6941,257608.35,55971.774
spx,2020-08-07,2.183,2.2,2.183,2.199,2.176,0.023,1.057,256034.0,56174.298
spx,2020-08-10,2.199,2.218,2.195,2.213,2.199,0.014,0.6367,143616.0,31721.588
spx,2020-08-11,2.212,2.22,2.202,2.205,2.213,-0.008,-0.3615,147061.0,32510.914
spx,2020-08-12,2.184,2.19,2.17,2.187,2.205,-0.018,-0.8163,360321.0,78462.11
spx,2020-08-13,2.202,2.216,2.202,2.212,2.187,0.025,1.1431,631756.0,139569.511
spx,2020-08-14,2.21,2.214,2.205,2.212,2.212,0.0,0.0,100449.0,22208.823
spx,2020-08-17,2.211,2.214,2.203,2.212,2.212,0.0,0.0,214915.0,47503.519
spx,2020-08-18,2.214,2.225,2.209,2.209,2.212,-0.003,-0.1356,321946.0,71302.719
spx,2020-08-19,2.213,2.222,2.213,2.222,2.209,0.013,0.5885,139257.0,30881.725
spx,2020-08-20,2.209,2.209,2.192,2.196,2.222,-0.026,-1.1701,298162.0,65484.405
spx,2020-08-21,2.202,2.21,2.202,2.206,2.196,0.01,0.4554,396084.0,87418.038
spx,2020-08-24,2.217,2.229,2.214,2.227,2.206,0.021,0.9519,450820.02,100178.128
spx,2020-08-25,2.249,2.294,2.248,2.284,2.227,0.057,2.5595,351831.0,79794.965
spx,2020-08-26,2.297,2.302,2.254,2.259,2.284,-0.025,-1.0946,455716.0,103498.361
spx,2020-08-27,2.29,2.292,2.271,2.289,2.259,0.03,1.328,314175.0,71874.859
spx,2020-08-28,2.288,2.326,2.278,2.306,2.289,0.017,0.7427,246264.0,56690.662
spx,2020-08-31,2.318,2.329,2.316,2.326,2.306,0.02,0.8673,155453.01,36144.362
spx,2020-09-01,2.327,2.335,2.28,2.295,2.326,-0.031,-1.3328,314731.02,72502.213
spx,2020-09-02,2.324,2.334,2.309,2.334,2.295,0.039,1.6993,261266.0,60551.013
spx,2020-09-03,2.38,2.476,2.354,2.465,2.334,0.131,5.6127,548908.15,132702.466
spx,2020-09-04,2.3,2.378,2.28,2.317,2.465,-0.148,-6.0041,872064.44,203538.183
spx,2020-09-07,2.308,2.308,2.21,2.21,2.317,-0.107,-4.618,606961.0,136266.285
spx,2020-09-08,2.238,2.256,2.215,2.251,2.21,0.041,1.8552,670513.0,149729.81
spx,2020-09-09,2.155,2.189,2.152,2.168,2.251,-0.083,-3.6873,350910.98,76061.858
spx,2020-09-10,2.215,2.216,2.194,2.195,2.168,0.027,1.2454,583825.41,128637.555
spx,2020-09-11,2.165,2.175,2.152,2.173,2.195,-0.022,-1.0023,348856.0,75481.559
spx,2020-09-14,2.17,2.177,2.162,2.176,2.173,0.003,0.1381,418738.86,90831.898
spx,2020-09-15,2.18,2.186,2.17,2.178,2.176,0.002,0.0919,554114.93,120580.539
spx,2020-09-16,2.183,2.202,2.183,2.189,2.178,0.011,0.5051,389099.0,85238.413
spx,2020-09-17,2.175,2.175,2.144,2.146,2.189,-0.043,-1.9644,358529.99,77540.577
spx,2020-09-18,2.14,2.155,2.133,2.154,2.146,0.008,0.3728,321077.99,68900.605
spx,2020-09-21,2.139,2.141,2.119,2.126,2.154,-0.028,-1.2999,204634.0,43614.224
spx,2020-09-22,2.112,2.113,2.095,2.099,2.126,-0.027,-1.27,241743.0,50867.547
spx,2020-09-23,2.118,2.123,2.109,2.12,2.099,0.021,1.0005,199328.0,42193.13
spx,2020-09-24,2.078,2.096,2.071,2.072,2.12,-0.048,-2.2642,221173.0,45933.911
spx,2020-09-25,2.085,2.094,2.085,2.089,2.072,0.017,0.8205,144410.0,30187.151
spx,2020-09-28,2.12,2.131,2.112,2.124,2.089,0.035,1.6754,646055.0,137047.72
spx,2020-09-29,2.147,2.156,2.145,2.147,2.124,0.023,1.0829,662784.0,142540.306
spx,2020-09-30,2.147,2.15,2.115,2.124,2.147,-0.023,-1.0713,310263.0,66159.25
spx,2020-10-09,2.195,2.195,2.18,2.192,2.124,0.068,3.2015,354009.0,77572.175
spx,2020-10-12,2.204,2.21,2.202,2.207,2.192,0.015,0.6843,418924.0,92417.054
spx,2020-10-13,2.236,2.256,2.231,2.243,2.207,0.036,1.6312,656110.61,147324.042
spx,2020-10-14,2.232,2.236,2.224,2.234,2.243,-0.009,-0.4012,638822.0,142470.741
spx,2020-10-15,2.212,2.212,2.197,2.199,2.234,-0.035,-1.5667,867347.0,190909.291
spx,2020-10-16,2.205,2.216,2.204,2.21,2.199,0.011,0.5002,266119.0,58861.428
spx,2020-10-19,2.217,2.223,2.207,2.212,2.21,0.002,0.0905,468339.0,103654.385
spx,2020-10-20,2.181,2.181,2.171,2.176,2.212,-0.036,-1.6275,180874.0,39323.071
spx,2020-10-21,2.176,2.183,2.172,2.182,2.176,0.006,0.2757,200681.0,43662.846
spx,2020-10-22,2.168,2.168,2.15,2.155,2.182,-0.027,-1.2374,547833.0,118065.093
spx,2020-10-23,2.166,2.18,2.164,2.173,2.155,0.018,0.8353,257091.0,55889.837
spx,2020-10-26,2.171,2.171,2.156,2.161,2.173,-0.012,-0.5522,237301.0,51299.663
spx,2020-10-27,2.14,2.156,2.138,2.155,2.161,-0.006,-0.2776,474406.0,101869.719
spx,2020-10-28,2.136,2.138,2.125,2.126,2.155,-0.029,-1.3457,296093.0,63049.62
spx,2020-10-29,2.081,2.092,2.08,2.088,2.126,-0.038,-1.7874,350239.0,73038.132
spx,2020-10-30,2.076,2.076,2.043,2.048,2.088,-0.04,-1.9157,505095.0,104140.51
spx,2020-11-02,2.058,2.073,2.058,2.068,2.048,0.02,0.9766,284003.0,58673.992
spx,2020-11-03,2.091,2.109,2.091,2.106,2.068,0.038,1.8375,291233.0,61188.422
spx,2020-11-04,2.124,2.177,2.124,2.14,2.106,0.034,1.6144,1028181.0,221138.483
spx,2020-11-05,2.174,2.186,2.156,2.167,2.14,0.027,1.2617,548292.0,118942.878
spx,2020-11-06,2.186,2.186,2.17,2.176,2.167,0.009,0.4153,341082.0,74290.769
spx,2020-11-09,2.207,2.223,2.206,2.21,2.176,0.034,1.5625,517038.0,114516.514
spx,2020-11-10,2.21,2.217,2.191,2.2,2.21,-0.01,-0.4525,391081.0,86236.154
spx,2020-11-11,2.199,2.211,2.19,2.21,2.2,0.01,0.4545,218038.98,48060.676
spx,2020-11-12,2.215,2.225,2.21,2.214,2.21,0.004,0.181,200302.0,44375.432
spx,2020-11-13,2.206,2.214,2.185,2.212,2.214,-0.002,-0.0903,230811.0,50778.61
spx,2020-11-16,2.234,2.247,2.234,2.242,2.212,0.03,1.3562,183637.0,41150.846
spx,2020-11-17,2.255,2.256,2.228,2.234,2.242,-0.008,-0.3568,262215.0,58615.528
spx,2020-11-18,2.229,2.229,2.211,2.212,2.234,-0.022,-0.9848,178998.98,39739.925
spx,2020-11-19,2.203,2.211,2.197,2.211,2.212,-0.001,-0.0452,214330.76,47204.355
spx,2020-11-20,2.202,2.22,2.198,2.202,2.211,-0.009,-0.4071,179998.0,39647.223
spx,2020-11-23,2.2,2.201,2.194,2.199,2.202,-0.003,-0.1362,150697.0,33102.414
spx,2020-11-24,2.216,2.232,2.215,2.232,2.199,0.033,1.5007,166707.0,37089.357
spx,2020-11-25,2.258,2.261,2.246,2.249,2.232,0.017,0.7616,505098.89,113701.413
spx,2020-11-26,2.245,2.252,2.235,2.249,2.249,0.0,0.0,818768.0,183768.889
spx,2020-11-27,2.246,2.249,2.236,2.243,2.249,-0.006,-0.2668,806015.0,180682.525
spx,2020-11-30,2.242,2.246,2.229,2.232,2.243,-0.011,-0.4904,159098.0,35634.686
spx,2020-12-01,2.254,2.259,2.248,2.256,2.232,0.024,1.0753,200050.0,45107.295
spx,2020-12-02,2.254,2.254,2.245,2.25,2.256,-0.006,-0.266,149253.38,33547.055
spx,2020-12-03,2.257,2.27,2.254,2.259,2.25,0.009,0.4,336100.89,75959.975
spx,2020-12-04,2.258,2.261,2.252,2.253,2.259,-0.006,-0.2656,206688.0,46629.272
spx,2020-12-07,2.264,2.267,2.26,2.262,2.253,0.009,0.3995,186832.0,42290.95
spx,2020-12-08,2.26,2.26,2.253,2.257,2.262,-0.005,-0.221,177942.0,40155.561
spx,2020-12-09,2.269,2.278,2.268,2.277,2.257,0.02,0.8861,194483.0,44216.14
spx,2020-12-10,2.255,2.265,2.254,2.264,2.277,-0.013,-0.5709,654541.98,148123.645
spx,2020-12-11,2.264,2.271,2.259,2.265,2.264,0.001,0.0442,566550.0,128262.23
spx,2020-12-14,2.265,2.297,2.265,2.272,2.265,0.007,0.3091,464936.0,105918.588
spx,2020-12-15,2.261,2.264,2.243,2.252,2.272,-0.02,-0.8803,215240.0,48472.64
spx,2020-12-16,2.267,2.274,2.267,2.27,2.252,0.018,0.7993,101978.0,23151.042
spx,2020-12-17,2.278,2.278,2.27,2.278,2.27,0.008,0.3524,50351.0,11452.852
spx,2020-12-18,2.285,2.286,2.27,2.285,2.278,0.007,0.3073,154878.0,35305.136
spx,2020-12-21,2.284,2.299,2.276,2.279,2.285,-0.006,-0.2626,131674.0,30046.448
spx,2020-12-22,2.269,2.284,2.253,2.258,2.279,-0.021,-0.9215,237570.69,53844.836
spx,2020-12-23,2.257,2.263,2.25,2.26,2.258,0.002,0.0886,105347.0,23785.348
spx,2020-12-24,2.263,2.276,2.261,2.266,2.26,0.006,0.2655,238479.31,54032.064
spx,2020-12-25,2.269,2.279,2.268,2.272,2.266,0.006,0.2648,105772.0,24030.893
spx,2020-12-28,2.273,2.285,2.273,2.283,2.272,0.011,0.4842,105758.0,24122.188
spx,2020-12-29,2.293,2.305,2.293,2.304,2.283,0.021,0.9198,133658.0,30724.876
spx,2020-12-30,2.295,2.295,2.288,2.289,2.304,-0.015,-0.651,151725.0,34756.653
spx,2020-12-31,2.29,2.298,2.283,2.292,2.289,0.003,0.1311,154073.96,35270.039
spx,2021-01-04,2.293,2.297,2.278,2.28,2.292,-0.012,-0.5236,436978.0,99991.782
spx,2021-01-05,2.26,2.26,2.241,2.245,2.28,-0.035,-1.5351,289516.0,65093.511
spx,2021-01-06,2.249,2.257,2.246,2.249,2.245,0.004,0.1782,188659.0,42436.696
spx,2021-01-07,2.275,2.285,2.271,2.283,2.249,0.034,1.5118,167648.77,38244.635
spx,2021-01-08,2.308,2.322,2.308,2.318,2.283,0.035,1.5331,227211.0,52640.169
spx,2021-01-11,2.318,2.323,2.306,2.308,2.318,-0.01,-0.4314,240130.0,55597.07
spx,2021-01-12,2.312,2.317,2.297,2.312,2.308,0.004,0.1733,146251.0,33817.94
spx,2021-01-13,2.308,2.309,2.302,2.306,2.312,-0.006,-0.2595,176732.0,40745.858
spx,2021-01-14,2.31,2.323,2.31,2.321,2.306,0.015,0.6505,131723.0,30549.346
spx,2021-01-15,2.302,2.309,2.297,2.301,2.321,-0.02,-0.8617,98972.0,22801.179
spx,2021-01-18,2.3,2.3,2.285,2.294,2.301,-0.007,-0.3042,160565.0,36777.335
spx,2021-01-19,2.304,2.317,2.304,2.311,2.294,0.017,0.7411,389491.0,90092.185
spx,2021-01-20,2.316,2.325,2.305,2.307,2.311,-0.004,-0.1731,209534.0,48423.469
spx,2021-01-21,2.335,2.348,2.333,2.347,2.307,0.04,1.7339,303626.0,71019.799
spx,2021-01-22,2.344,2.345,2.331,2.335,2.347,-0.012,-0.5113,323820.0,75706.894
spx,2021-01-25,2.338,2.353,2.337,2.348,2.335,0.013,0.5567,221094.0,51864.194
spx,2021-01-26,2.345,2.345,2.325,2.327,2.348,-0.021,-0.8944,83511.0,19480.568
spx,2021-01-27,2.336,2.343,2.33,2.338,2.327,0.011,0.4727,100612.0,23484.046
spx,2021-01-28,2.303,2.303,2.277,2.277,2.338,-0.061,-2.6091,126387.0,28872.777
spx,2021-01-29,2.292,2.307,2.265,2.281,2.277,0.004,0.1757,610635.0,138934.45
spx,2021-02-01,2.255,2.268,2.239,2.267,2.281,-0.014,-0.6138,167103.0,37657.232
spx,2021-02-02,2.292,2.307,2.292,2.305,2.267,0.038,1.6762,175776.0,40447.426
spx,2021-02-03,2.33,2.339,2.323,2.331,2.305,0.026,1.128,74778.0,17420.735
spx,2021-02-04,2.329,2.336,2.315,2.33,2.331,-0.001,-0.0429,145408.0,33818.7
spx,2021-02-05,2.349,2.369,2.349,2.369,2.33,0.039,1.6738,161819.0,38193.949
spx,2021-02-08,2.377,2.41,2.366,2.37,2.369,0.001,0.0422,308732.0,73391.186
spx,2021-02-09,2.398,2.398,2.372,2.384,2.37,0.014,0.5907,75464.0,17973.515
spx,2021-02-10,2.384,2.385,2.373,2.382,2.384,-0.002,-0.0839,120172.0,28610.802
spx,2021-02-18,2.386,2.386,2.377,2.385,2.382,0.003,0.1259,161708.0,38520.93
spx,2021-02-19,2.382,2.382,2.366,2.378,2.385,-0.007,-0.2935,80807.0,19161.683
spx,2021-02-22,2.376,2.38,2.368,2.37,2.378,-0.008,-0.3364,152073.0,36077.288
spx,2021-02-23,2.363,2.372,2.342,2.37,2.37,0.0,0.0,96866.0,22883.659
spx,2021-02-24,2.37,2.371,2.349,2.351,2.37,-0.019,-0.8017,188612.0,44444.918
spx,2021-02-25,2.382,2.398,2.381,2.39,2.351,0.039,1.6589,419496.0,100191.691
spx,2021-02-26,2.333,2.35,2.324,2.326,2.39,-0.064,-2.6778,269814.0,63038.885
spx,2021-03-01,2.362,2.362,2.333,2.343,2.326,0.017,0.7309,115218.0,27012.786
spx,2021-03-02,2.379,2.379,2.364,2.377,2.343,0.034,1.4511,139574.4,33102.65
spx,2021-03-03,2.367,2.378,2.357,2.376,2.377,-0.001,-0.0421,137428.0,32591.393
spx,2021-03-04,2.359,2.359,2.322,2.327,2.376,-0.049,-2.0623,121460.0,28305.718
spx,2021-03-05,2.276,2.31,2.276,2.304,2.327,-0.023,-0.9884,144597.0,33131.716
spx,2021-03-08,2.351,2.358,2.341,2.353,2.304,0.049,2.1267,200356.0,47063.224
spx,2021-03-09,2.356,2.385,2.352,2.375,2.353,0.022,0.935,594387.0,140818.903
spx,2021-03-10,2.38,2.391,2.371,2.373,2.375,-0.002,-0.0842,108377.0,25792.025
spx,2021-03-11,2.391,2.413,2.391,2.411,2.373,0.038,1.6013,298746.0,71854.664
spx,2021-03-12,2.435,2.435,2.411,2.413,2.411,0.002,0.083,155710.0,37684.589
spx,2021-03-15,2.417,2.431,2.417,2.428,2.413,0.015,0.6216,169258.0,41065.442
spx,2021-03-16,2.442,2.448,2.431,2.443,2.428,0.015,0.6178,250327.0,61033.723
spx,2021-03-17,2.439,2.439,2.425,2.433,2.443,-0.01,-0.4093,137450.0,33410.619
spx,2021-03-18,2.446,2.45,2.432,2.435,2.433,0.002,0.0822,157202.07,38306.987
spx,2021-03-19,2.403,2.418,2.401,2.405,2.435,-0.03,-1.232,153796.0,37020.663
spx,2021-03-22,2.399,2.407,2.386,2.405,2.405,0.0,0.0,101484.0,24364.215
spx,2021-03-23,2.425,2.427,2.405,2.416,2.405,0.011,0.4574,155972.0,37654.909
spx,2021-03-24,2.415,2.415,2.396,2.4,2.416,-0.016,-0.6623,202643.0,48631.705
spx,2021-03-25,2.382,2.4,2.382,2.399,2.4,-0.001,-0.0417,235640.0,56431.863
spx,2021-03-26,2.408,2.426,2.408,2.426,2.399,0.027,1.1255,86344.0,20894.159
spx,2021-03-29,2.431,2.446,2.431,2.444,2.426,0.018,0.742,173413.06,42292.248
spx,2021-03-30,2.45,2.464,2.446,2.46,2.444,0.016,0.6547,91590.0,22523.49
spx,2021-03-31,2.479,2.479,2.446,2.448,2.46,-0.012,-0.4878,86925.0,21314.655
spx,2021-04-01,2.46,2.474,2.46,2.473,2.448,0.025,1.0212,75012.0,18504.332
spx,2021-04-02,2.497,2.503,2.488,2.497,2.473,0.024,0.9705,143960.0,35911.823
spx,2021-04-06,2.527,2.535,2.52,2.53,2.497,0.033,1.3216,236974.0,59847.136
spx,2021-04-07,2.527,2.53,2.511,2.526,2.53,-0.004,-0.1581,165311.0,41652.682
spx,2021-04-08,2.531,2.54,2.531,2.536,2.526,0.01,0.3959,208352.0,52828.867
spx,2021-04-09,2.592,2.592,2.536,2.541,2.536,0.005,0.1972,236071.0,59995.769
spx,2021-04-12,2.55,2.559,2.55,2.558,2.541,0.017,0.669,189187.0,48336.945
spx,2021-04-13,2.557,2.561,2.55,2.557,2.558,-0.001,-0.0391,118240.26,30215.231
spx,2021-04-14,2.564,2.569,2.561,2.569,2.557,0.012,0.4693,187550.0,48103.736
spx,2021-04-15,2.56,2.564,2.55,2.564,2.569,-0.005,-0.1946,246880.0,63100.023
spx,2021-04-16,2.578,2.59,2.576,2.583,2.564,0.019,0.741,239290.0,61817.005
spx,2021-04-19,2.585,2.59,2.578,2.58,2.583,-0.003,-0.1161,170224.0,44006.701
spx,2021-04-20,2.568,2.57,2.56,2.56,2.58,-0.02,-0.7752,200978.0,51566.871
spx,2021-04-21,2.533,2.546,2.527,2.543,2.56,-0.017,-0.6641,237937.0,60329.804
spx,2021-04-22,2.561,2.563,2.553,2.558,2.543,0.015,0.5899,100321.0,25649.884
spx,2021-04-23,2.539,2.542,2.532,2.535,2.558,-0.023,-0.8991,131813.0,33445.243
spx,2021-04-26,2.557,2.562,2.554,2.56,2.535,0.025,0.9862,100418.0,25682.621
spx,2021-04-27,2.564,2.574,2.564,2.573,2.56,0.013,0.5078,110228.0,28323.636
spx,2021-04-28,2.572,2.572,2.565,2.569,2.573,-0.004,-0.1555,73685.0,18912.92
spx,2021-04-29,2.572,2.58,2.572,2.58,2.569,0.011,0.4282,102160.0,26313.427
spx,2021-04-30,2.58,2.582,2.567,2.58,2.58,0.0,0.0,182736.0,47015.398
spx,2021-05-06,2.568,2.568,2.548,2.566,2.58,-0.014,-0.5426,143093.0,36594.324
spx,2021-05-07,2.585,2.586,2.569,2.579,2.566,0.013,0.5066,154925.01,39895.52
spx,2021-05-10,2.592,2.595,2.583,2.585,2.579,0.006,0.2326,213150.0,55198.281
spx,2021-05-11,2.546,2.547,2.524,2.546,2.585,-0.039,-1.5087,214659.0,54427.34
spx,2021-05-12,2.525,2.529,2.513,2.527,2.546,-0.019,-0.7463,273711.0,68976.293
spx,2021-05-13,2.479,2.485,2.479,2.48,2.527,-0.047,-1.8599,224489.0,55712.319
spx,2021-05-14,2.502,2.519,2.502,2.518,2.48,0.038,1.5323,197900.0,49671.999
spx,2021-05-17,2.537,2.544,2.531,2.538,2.518,0.02,0.7943,257536.99,65328.383
spx,2021-05-18,2.537,2.548,2.535,2.545,2.538,0.007,0.2758,134573.0,34186.369
spx,2021-05-19,2.509,2.509,2.5,2.504,2.545,-0.041,-1.611,170668.0,42732.631
spx,2021-05-20,2.5,2.508,2.495,2.501,2.504,-0.003,-0.1198,163317.0,40914.988
spx,2021-05-21,2.525,2.537,2.523,2.533,2.501,0.032,1.2795,149868.0,37919.294
spx,2021-05-24,2.531,2.537,2.531,2.537,2.533,0.004,0.1579,169091.0,42854.931
spx,2021-05-25,2.554,2.556,2.545,2.551,2.537,0.014,0.5518,329308.0,83964.136
spx,2021-05-26,2.549,2.549,2.536,2.54,2.551,-0.011,-0.4312,208999.0,53125.503
spx,2021-05-27,2.535,2.535,2.521,2.522,2.54,-0.018,-0.7087,145477.09,36794.726
spx,2021-05-28,2.53,2.547,2.53,2.537,2.522,0.015,0.5948,211970.73,53796.017
spx,2021-05-31,2.535,2.54,2.531,2.532,2.537,-0.005,-0.1971,173225.28,43920.989
spx,2021-06-01,2.534,2.534,2.525,2.534,2.532,0.002,0.079,99355.33,25129.701
spx,2021-06-02,2.535,2.535,2.531,2.533,2.534,-0.001,-0.0395,78516.0,19886.657
spx,2021-06-03,2.536,2.539,2.533,2.537,2.533,0.004,0.1579,80162.0,20331.704
spx,2021-06-04,2.536,2.536,2.526,2.533,2.537,-0.004,-0.1577,177806.01,44971.808
spx,2021-06-07,2.545,2.557,2.544,2.557,2.533,0.024,0.9475,104389.0,26615.401
spx,2021-06-08,2.557,2.561,2.553,2.557,2.557,0.0,0.0,122304.0,31285.153
spx,2021-06-09,2.559,2.56,2.554,2.558,2.557,0.001,0.0391,74973.0,19173.071
spx,2021-06-10,2.558,2.558,2.546,2.549,2.558,-0.009,-0.3518,66054.0,16850.231
spx,2021-06-11,2.559,2.562,2.554,2.557,2.549,0.008,0.3138,65792.0,16831.72
spx,2021-06-15,2.572,2.577,2.301,2.573,2.557,0.016,0.6257,227268.0,58318.068
spx,2021-06-16,2.567,2.567,2.561,2.564,2.573,-0.009,-0.3498,94407.0,24209.634
spx,2021-06-17,2.548,2.559,2.545,2.551,2.564,-0.013,-0.507,82439.0,21016.377
spx,2021-06-18,2.56,2.568,2.56,2.563,2.551,0.012,0.4704,236224.84,60566.571
spx,2021-06-21,2.535,2.535,2.52,2.529,2.563,-0.034,-1.3266,279683.0,70638.117
spx,2021-06-22,2.553,2.577,2.553,2.577,2.529,0.048,1.898,258770.0,66562.812
spx,2021-06-23,2.59,2.602,2.587,2.6,2.577,0.023,0.8925,149401.0,38760.829
spx,2021-06-24,2.597,2.597,2.593,2.596,2.6,-0.004,-0.1538,56575.0,14685.374
spx,2021-06-25,2.608,2.612,2.603,2.603,2.596,0.007,0.2696,80851.0,21070.547
spx,2021-06-28,2.611,2.626,2.6,2.608,2.603,0.005,0.1921,103000.0,26878.569
spx,2021-06-29,2.615,2.617,2.607,2.609,2.608,0.001,0.0383,71608.0,18684.914
spx,2021-06-30,2.613,2.618,2.612,2.616,2.609,0.007,0.2683,41054.0,10738.063
spx,2021-07-01,2.622,2.626,2.621,2.623,2.616,0.007,0.2676,44941.47,11789.998
spx,2021-07-02,2.633,2.646,2.633,2.645,2.623,0.022,0.8387,100007.63,26405.646
spx,2021-07-05,2.659,2.666,2.653,2.659,2.645,0.014,0.5293,355104.0,94385.701
spx,2021-07-06,2.66,2.668,2.655,2.664,2.659,0.005,0.188,276096.0,73470.519
spx,2021-07-07,2.66,2.663,2.653,2.66,2.664,-0.004,-0.1502,124329.0,33051.141
spx,2021-07-08,2.662,2.669,2.651,2.652,2.66,-0.008,-0.3008,113101.0,30090.346
spx,2021-07-09,2.632,2.656,2.63,2.654,2.652,0.002,0.0754,204859.0,54135.247
spx,2021-07-12,2.667,2.678,2.667,2.677,2.654,0.023,0.8666,153100.98,40931.617
spx,2021-07-13,2.682,2.687,2.674,2.675,2.677,-0.002,-0.0747,162622.0,43610.965
spx,2021-07-14,2.674,2.678,2.667,2.671,2.675,-0.004,-0.1495,157537.0,42115.674
spx,2021-07-15,2.665,2.678,2.665,2.674,2.671,0.003,0.1123,94855.0,25360.845
spx,2021-07-16,2.668,2.669,2.663,2.668,2.674,-0.006,-0.2244,161566.0,43082.283
spx,2021-07-19,2.638,2.65,2.633,2.646,2.668,-0.022,-0.8246,62457.0,16496.781
spx,2021-07-20,2.635,2.641,2.614,2.636,2.646,-0.01,-0.3779,215494.0,56685.402
spx,2021-07-21,2.655,2.659,2.645,2.655,2.636,0.019,0.7208,137800.0,36561.789
spx,2021-07-22,2.672,2.673,2.665,2.671,2.655,0.016,0.6026,41430.0,11060.396
spx,2021-07-23,2.671,2.671,2.671,2.671,2.671,0.0,0.0,186278.0,49875.969
spx,2021-07-26,2.688,2.699,2.688,2.693,2.677,0.016,0.5977,159720.0,43016.832
spx,2021-07-27,2.702,2.712,2.7,2.706,2.693,0.013,0.4827,124408.0,33679.65
spx,2021-07-28,2.705,2.715,2.698,2.703,2.706,-0.003,-0.1109,151373.0,40942.932
spx,2021-07-29,2.702,2.702,2.687,2.697,2.703,-0.006,-0.222,112832.0,30375.04
spx,2021-07-30,2.7,2.7,2.676,2.68,2.697,-0.017,-0.6303,207817.0,55714.347
spx,2021-08-02,2.695,2.707,2.692,2.704,2.68,0.024,0.8955,124214.0,33563.569
spx,2021-08-03,2.689,2.693,2.681,2.691,2.704,-0.013,-0.4808,182306.0,49026.54
spx,2021-08-04,2.706,2.713,2.698,2.7,2.691,0.009,0.3344,141328.0,38197.245
spx,2021-08-05,2.694,2.699,2.689,2.694,2.7,-0.006,-0.2222,144168.0,38845.081
spx,2021-08-06,2.705,2.71,2.7,2.708,2.694,0.014,0.5197,122655.0,33163.08
spx,2021-08-09,2.709,2.72,2.705,2.715,2.708,0.007,0.2585,103183.0,28001.748
spx,2021-08-10,2.715,2.721,2.706,2.712,2.715,-0.003,-0.1105,196291.0,53211.842
spx,2021-08-11,2.713,2.721,2.713,2.716,2.712,0.004,0.1475,86216.38,23418.204
spx,2021-08-12,2.72,2.725,2.717,2.718,2.716,0.002,0.0736,159511.0,43402.382
spx,2021-08-13,2.729,2.737,2.724,2.736,2.718,0.018,0.6623,271125.0,73990.755
spx,2021-08-16,2.735,2.737,2.724,2.725,2.736,-0.011,-0.402,200723.0,54779.334
spx,2021-08-17,2.732,2.74,2.728,2.731,2.725,0.006,0.2202,200067.17,54707.517
spx,2021-08-18,2.722,2.73,2.716,2.729,2.731,-0.002,-0.0732,121581.24,33106.368
spx,2021-08-19,2.702,2.706,2.682,2.685,2.729,-0.044,-1.6123,182790.0,49239.284
spx,2021-08-20,2.701,2.706,2.695,2.7,2.685,0.015,0.5587,161773.0,43696.289
spx,2021-08-23,2.723,2.738,2.723,2.738,2.7,0.038,1.4074,113332.0,30964.816
spx,2021-08-24,2.753,2.755,2.748,2.753,2.738,0.015,0.5478,144024.0,39638.119
spx,2021-08-25,2.752,2.752,2.742,2.744,2.753,-0.009,-0.3269,203596.0,55893.13
spx,2021-08-26,2.745,2.747,2.743,2.746,2.744,0.002,0.0729,131541.0,36111.084
spx,2021-08-27,2.736,2.752,2.733,2.748,2.746,0.002,0.0728,162648.0,44590.567
spx,2021-08-30,2.758,2.765,2.755,2.758,2.748,0.01,0.3639,127619.0,35202.488
spx,2021-08-31,2.769,2.782,2.766,2.78,2.758,0.022,0.7977,172084.0,47769.482
spx,2021-09-01,2.775,2.78,2.767,2.779,2.78,-0.001,-0.036,134069.0,37152.674
spx,2021-09-02,2.776,2.776,2.758,2.762,2.779,-0.017,-0.6117,191007.0,52760.282
spx,2021-09-03,2.768,2.778,2.767,2.773,2.762,0.011,0.3983,134615.0,37320.01
spx,2021-09-06,2.769,2.773,2.761,2.77,2.773,-0.003,-0.1082,146825.0,40614.335
spx,2021-09-07,2.769,2.771,2.766,2.77,2.77,0.0,0.0,139167.0,38541.786
spx,2021-09-08,2.763,2.765,2.755,2.757,2.77,-0.013,-0.4693,143531.0,39612.296
spx,2021-09-09,2.75,2.75,2.744,2.748,2.757,-0.009,-0.3264,150507.0,41337.797
spx,2021-09-10,2.743,2.75,2.74,2.749,2.748,0.001,0.0364,116373.0,31940.831
spx,2021-09-13,2.728,2.73,2.719,2.729,2.749,-0.02,-0.7275,153850.0,41914.931
spx,2021-09-14,2.73,2.736,2.726,2.728,2.729,-0.001,-0.0366,381864.0,104266.393
spx,2021-09-15,2.711,2.718,2.707,2.711,2.728,-0.017,-0.6232,114578.92,31062.623
spx,2021-09-16,2.729,2.735,2.717,2.721,2.711,0.01,0.3689,317691.0,86555.103
spx,2021-09-17,2.722,2.737,2.719,2.736,2.721,0.015,0.5513,136877.0,37350.789
spx,2021-09-22,2.673,2.684,2.664,2.68,2.736,-0.056,-2.0468,364049.0,97294.493
spx,2021-09-23,2.704,2.705,2.695,2.701,2.68,0.021,0.7836,175087.0,47249.611
spx,2021-09-24,2.721,2.725,2.716,2.718,2.701,0.017,0.6294,239278.0,65074.318
spx,2021-09-27,2.729,2.736,2.723,2.735,2.718,0.017,0.6255,166971.0,45598.45
spx,2021-09-28,2.72,2.72,2.702,2.709,2.735,-0.026,-0.9506,168626.0,45683.48
spx,2021-09-29,2.66,2.677,2.66,2.668,2.709,-0.041,-1.5135,359890.0,96087.379
spx,2021-09-30,2.668,2.685,2.668,2.683,2.668,0.015,0.5622,153168.0,41023.427
spx,2021-10-08,2.697,2.699,2.681,2.681,2.683,-0.002,-0.0745,108196.0,29083.269
spx,2021-10-11,2.68,2.681,2.664,2.665,2.681,-0.016,-0.5968,190157.0,50800.177
spx,2021-10-12,2.649,2.66,2.636,2.638,2.665,-0.027,-1.0131,361280.0,95660.178
spx,2021-10-13,2.643,2.653,2.641,2.652,2.638,0.014,0.5307,136520.0,36111.66
spx,2021-10-14,2.661,2.677,2.661,2.676,2.652,0.024,0.905,113381.48,30257.657
spx,2021-10-15,2.709,2.717,2.693,2.71,2.676,0.034,1.2706,158495.0,42930.764
spx,2021-10-18,2.714,2.738,2.708,2.71,2.71,0.0,0.0,145710.0,39585.701
spx,2021-10-19,2.72,2.73,2.717,2.728,2.71,0.018,0.6642,165303.0,45022.922
spx,2021-10-20,2.734,2.74,2.731,2.735,2.728,0.007,0.2566,145412.0,39762.523
spx,2021-10-21,2.74,2.74,2.733,2.735,2.735,0.0,0.0,196687.0,53836.739
spx,2021-10-22,2.743,2.749,2.743,2.747,2.735,0.012,0.4388,81219.0,22302.464
spx,2021-10-25,2.735,2.749,2.735,2.747,2.747,0.0,0.0,248207.0,68074.682
spx,2021-10-26,2.762,2.767,2.762,2.766,2.747,0.019,0.6917,48771.0,13478.55
spx,2021-10-27,2.767,2.768,2.757,2.764,2.766,-0.002,-0.0723,84600.0,23357.951
spx,2021-10-28,2.749,2.756,2.749,2.753,2.764,-0.011,-0.398,95716.0,26355.8
spx,2021-10-29,2.772,2.779,2.758,2.758,2.753,0.005,0.1816,99502.0,27508.611
spx,2021-11-01,2.785,2.796,2.785,2.792,2.758,0.034,1.2328,95751.0,26736.153
spx,2021-11-02,2.792,2.792,2.781,2.786,2.792,-0.006,-0.2149,72157.0,20095.923
spx,2021-11-03,2.797,2.806,2.796,2.805,2.786,0.019,0.682,81429.0,22805.422
spx,2021-11-04,2.815,2.821,2.815,2.82,2.805,0.015,0.5348,60028.0,16916.933
spx,2021-11-05,2.825,2.833,2.825,2.832,2.82,0.012,0.4255,89743.0,25402.984
spx,2021-11-08,2.832,2.848,2.83,2.835,2.832,0.003,0.1059,438967.0,124521.74
spx,2021-11-09,2.834,2.851,2.831,2.834,2.835,-0.001,-0.0353,668167.0,189815.558
spx,2021-11-10,2.831,2.832,2.819,2.822,2.834,-0.012,-0.4234,225055.0,63589.798
spx,2021-11-11,2.811,2.819,2.81,2.815,2.822,-0.007,-0.2481,109908.7,30931.571
spx,2021-11-12,2.816,2.821,2.813,2.813,2.815,-0.002,-0.071,78888.0,22215.219
spx,2021-11-15,2.826,2.836,2.826,2.832,2.813,0.019,0.6754,135007.0,38241.651
spx,2021-11-16,2.832,2.835,2.822,2.824,2.832,-0.008,-0.2825,107436.0,30401.878
spx,2021-11-17,2.84,2.843,2.836,2.843,2.824,0.019,0.6728,72040.3,20455.534
spx,2021-11-18,2.841,2.841,2.83,2.833,2.843,-0.01,-0.3517,265195.0,75078.05
spx,2021-11-19,2.84,2.852,2.84,2.851,2.833,0.018,0.6354,452044.97,128736.711
spx,2021-11-22,2.845,2.85,2.842,2.847,2.851,-0.004,-0.1403,183413.0,52203.637
spx,2021-11-23,2.83,2.835,2.821,2.822,2.847,-0.025,-0.8781,447957.0,126663.593
spx,2021-11-24,2.833,2.835,2.828,2.832,2.822,0.01,0.3544,131444.0,37220.231
spx,2021-11-25,2.846,2.852,2.844,2.851,2.832,0.019,0.6709,108500.99,30885.757
spx,2021-11-26,2.834,2.834,2.805,2.808,2.851,-0.043,-1.5082,295835.0,83344.739
spx,2021-11-29,2.79,2.807,2.783,2.806,2.808,-0.002,-0.0712,219059.99,61300.38
spx,2021-11-30,2.82,2.824,2.771,2.789,2.806,-0.017,-0.6058,470950.0,131673.156
spx,2021-12-01,2.775,2.78,2.765,2.778,2.789,-0.011,-0.3944,636716.0,176601.592
spx,2021-12-02,2.733,2.744,2.728,2.74,2.778,-0.038,-1.3679,626371.08,171304.506
spx,2021-12-03,2.749,2.763,2.74,2.758,2.74,0.018,0.6569,215842.0,59399.423
spx,2021-12-06,2.753,2.753,2.742,2.75,2.758,-0.008,-0.2901,113591.0,31201.06
spx,2021-12-07,2.772,2.786,2.767,2.783,2.75,0.033,1.2,201695.93,55993.783
spx,2021-12-08,2.823,2.83,2.823,2.826,2.783,0.043,1.5451,120813.16,34139.378
spx,2021-12-09,2.825,2.827,2.813,2.826,2.826,0.0,0.0,220508.0,62227.713
spx,2021-12-10,2.814,2.819,2.809,2.813,2.826,-0.013,-0.46,89169.0,25083.017
spx,2021-12-13,2.842,2.848,2.841,2.845,2.813,0.032,1.1376,116137.0,33030.118
spx,2021-12-14,2.82,2.82,2.811,2.812,2.845,-0.033,-1.1599,908895.0,255792.669
spx,2021-12-15,2.786,2.804,2.786,2.797,2.812,-0.015,-0.5334,335238.38,93746.698
spx,2021-12-16,2.84,2.857,2.824,2.856,2.797,0.059,2.1094,627040.0,178377.701
spx,2021-12-17,2.832,2.832,2.806,2.807,2.856,-0.049,-1.7157,172666.0,48583.951
spx,2021-12-20,2.78,2.78,2.76,2.762,2.807,-0.045,-1.6031,292416.0,81012.259
spx,2021-12-21,2.761,2.821,2.761,2.777,2.762,0.015,0.5431,645011.0,179632.708
spx,2021-12-22,2.804,2.804,2.791,2.8,2.777,0.023,0.8282,302479.0,84657.928
spx,2021-12-23,2.823,2.835,2.823,2.83,2.8,0.03,1.0714,133884.0,37887.243
spx,2021-12-24,2.848,2.848,2.841,2.846,2.83,0.016,0.5654,95693.0,27214.789
spx,2021-12-27,2.847,2.855,2.847,2.851,2.846,0.005,0.1757,124908.0,35591.551
spx,2021-12-28,2.88,2.887,2.878,2.882,2.851,0.031,1.0873,128646.0,37101.446
spx,2021-12-29,2.883,2.891,2.88,2.888,2.882,0.006,0.2082,285632.0,82469.785
spx,2021-12-30,2.885,2.892,2.882,2.887,2.888,-0.001,-0.0346,996026.0,287665.099
spx,2021-12-31,2.881,2.881,2.862,2.879,2.887,-0.008,-0.2771,239721.0,68955.127
spx,2022-01-04,2.894,2.898,2.889,2.897,2.879,0.018,0.6252,143700.5,41589.242
spx,2022-01-05,2.892,2.892,2.879,2.886,2.897,-0.011,-0.3797,184573.0,53198.128
spx,2022-01-06,2.832,2.85,2.815,2.817,2.886,-0.069,-2.3909,341038.0,96322.243
spx,2022-01-07,2.832,2.84,2.831,2.835,2.817,0.018,0.639,185530.0,52600.42
spx,2022-01-10,2.81,2.818,2.798,2.816,2.835,-0.019,-0.6702,458966.0,128987.875
spx,2022-01-11,2.815,2.815,2.801,2.804,2.816,-0.012,-0.4261,285060.0,80023.017
spx,2022-01-12,2.832,2.836,2.828,2.836,2.804,0.032,1.1412,392037.0,111025.442
spx,2022-01-13,2.837,2.837,2.826,2.829,2.836,-0.007,-0.2468,182299.0,51572.56
spx,2022-01-14,2.788,2.802,2.788,2.802,2.829,-0.027,-0.9544,209279.0,58496.121
spx,2022-01-17,2.794,2.8,2.788,2.794,2.802,-0.008,-0.2855,180071.0,50279.908
spx,2022-01-18,2.796,2.798,2.781,2.783,2.794,-0.011,-0.3937,127913.0,35663.596
spx,2022-01-19,2.754,2.759,2.734,2.739,2.783,-0.044,-1.581,394009.09,108093.394
spx,2022-01-20,2.723,2.726,2.714,2.724,2.739,-0.015,-0.5476,1053730.91,286354.818
spx,2022-01-21,2.669,2.672,2.658,2.67,2.724,-0.054,-1.9824,814385.86,217050.126
spx,2022-01-24,2.653,2.653,2.636,2.638,2.67,-0.032,-1.1985,890515.0,235197.771
spx,2022-01-25,2.61,2.615,2.593,2.605,2.638,-0.033,-1.2509,729030.0,189966.114
spx,2022-01-26,2.599,2.606,2.594,2.601,2.605,-0.004,-0.1536,378514.0,98475.734
spx,2022-01-27,2.588,2.588,2.546,2.552,2.601,-0.049,-1.8839,1414609.0,362641.162
spx,2022-01-28,2.595,2.603,2.574,2.597,2.552,0.045,1.7633,902588.0,234214.486
spx,2022-02-07,2.675,2.694,2.668,2.693,2.597,0.096,3.6966,606852.0,162822.983
spx,2022-02-08,2.684,2.692,2.68,2.687,2.693,-0.006,-0.2228,512353.0,137523.454
spx,2022-02-09,2.708,2.724,2.708,2.722,2.687,0.035,1.3026,478095.5,129923.733
spx,2022-02-10,2.751,2.76,2.739,2.754,2.722,0.032,1.1756,926129.07,254481.004
spx,2022-02-11,2.696,2.702,2.673,2.679,2.754,-0.075,-2.7233,1180552.0,316668.218
spx,2022-02-14,2.654,2.657,2.646,2.655,2.679,-0.024,-0.8959,806724.0,213902.458
spx,2022-02-15,2.647,2.648,2.631,2.638,2.655,-0.017,-0.6403,652310.0,172173.445
spx,2022-02-16,2.67,2.672,2.665,2.671,2.638,0.033,1.2509,341096.0,91049.323
spx,2022-02-17,2.666,2.675,2.656,2.664,2.671,-0.007,-0.2621,575826.0,153464.109
spx,2022-02-18,2.622,2.639,2.616,2.628,2.664,-0.036,-1.3514,757719.0,199425.804
spx,2022-02-21,2.612,2.618,2.601,2.617,2.628,-0.011,-0.4186,1231244.0,321153.177
spx,2022-02-22,2.561,2.568,2.553,2.561,2.617,-0.056,-2.1399,946668.0,242480.96
spx,2022-02-23,2.582,2.602,2.57,2.574,2.561,0.013,0.5076,1462951.0,376855.113
spx,2022-02-24,2.5,2.508,2.46,2.465,2.574,-0.109,-4.2347,1874264.0,465698.735
spx,2022-02-25,2.542,2.545,2.531,2.534,2.465,0.069,2.7992,1726450.0,437802.92
spx,2022-02-28,2.563,2.566,2.538,2.553,2.534,0.019,0.7498,651208.0,166028.08
spx,2022-03-01,2.594,2.607,2.594,2.605,2.553,0.052,2.0368,1248063.0,324572.829
spx,2022-03-02,2.575,2.575,2.563,2.566,2.605,-0.039,-1.4971,835690.0,214771.605
spx,2022-03-03,2.608,2.612,2.599,2.612,2.566,0.046,1.7927,797863.0,207904.055
spx,2022-03-04,2.573,2.591,2.568,2.588,2.612,-0.024,-0.9188,1042313.02,269056.233
spx,2022-03-07,2.544,2.563,2.538,2.554,2.588,-0.034,-1.3138,749157.0,190841.515
spx,2022-03-08,2.53,2.53,2.467,2.473,2.554,-0.081,-3.1715,1444796.92,359116.062
spx,2022-03-09,2.489,2.502,2.482,2.5,2.473,0.027,1.0918,1162538.95,289907.411
spx,2022-03-10,2.546,2.551,2.541,2.545,2.5,0.045,1.8,389132.72,99085.152
spx,2022-03-11,2.53,2.545,2.524,2.544,2.545,-0.001,-0.0393,642366.0,162830.03
spx,2022-03-14,2.53,2.542,2.525,2.537,2.544,-0.007,-0.2752,583592.0,147812.644
spx,2022-03-15,2.514,2.517,2.502,2.503,2.537,-0.034,-1.3402,1429063.0,358354.412
spx,2022-03-16,2.55,2.572,2.548,2.57,2.503,0.067,2.6768,963753.0,246211.511
spx,2022-03-17,2.614,2.621,2.599,2.62,2.57,0.05,1.9455,924635.0,241262.691
spx,2022-03-18,2.628,2.641,2.625,2.638,2.62,0.018,0.687,585142.0,154180.977
spx,2022-03-21,2.673,2.677,2.666,2.675,2.638,0.037,1.4026,495459.0,132415.791
spx,2022-03-22,2.667,2.687,2.667,2.678,2.675,0.003,0.1121,817059.01,218952.108
spx,2022-03-23,2.71,2.724,2.71,2.722,2.678,0.044,1.643,1681555.0,457585.069
spx,2022-03-24,2.683,2.695,2.682,2.688,2.722,-0.034,-1.2491,826157.0,222046.021
spx,2022-03-25,2.712,2.73,2.712,2.729,2.688,0.041,1.5253,848564.0,230969.683
spx,2022-03-28,2.729,2.742,2.727,2.735,2.729,0.006,0.2199,1795435.86,490897.868
spx,2022-03-30,1.395,1.396,1.385,1.39,1.378,0.012,0.8708,936969.11,130319.91
spx,2022-03-31,1.386,1.392,1.384,1.387,1.39,-0.003,-0.2158,1392305.0,193176.001
spx,2022-04-01,1.365,1.371,1.365,1.371,1.387,-0.016,-1.1536,973527.0,133194.856
spx,2022-04-06,1.36,1.372,1.36,1.371,1.371,0.0,0.0,529802.0,72386.047
spx,2022-04-07,1.351,1.353,1.345,1.352,1.371,-0.019,-1.3858,725145.0,97846.124
spx,2022-04-08,1.356,1.365,1.356,1.365,1.352,0.013,0.9615,1049582.0,142793.148
spx,2022-04-11,1.355,1.356,1.349,1.353,1.365,-0.012,-0.8791,857063.0,115894.329
spx,2022-04-12,1.33,1.333,1.324,1.327,1.353,-0.026,-1.9217,1388819.0,184299.794
spx,2022-04-13,1.329,1.339,1.328,1.338,1.327,0.011,0.8289,1185768.0,158249.594
spx,2022-04-14,1.345,1.348,1.34,1.347,1.338,0.009,0.6726,805672.0,108374.964
spx,2022-04-15,1.327,1.335,1.327,1.334,1.347,-0.013,-0.9651,809510.0,107823.836
spx,2022-04-18,1.328,1.328,1.32,1.324,1.334,-0.01,-0.7496,520349.0,68879.478
spx,2022-04-19,1.334,1.336,1.331,1.334,1.324,0.01,0.7553,476947.0,63622.862
spx,2022-04-20,1.355,1.355,1.35,1.355,1.334,0.021,1.5742,995290.0,134629.415
spx,2022-04-21,1.361,1.375,1.359,1.372,1.355,0.017,1.2546,983871.0,134718.64
spx,2022-04-22,1.336,1.357,1.336,1.354,1.372,-0.018,-1.312,1055022.52,142491.568
spx,2022-04-25,1.317,1.319,1.309,1.31,1.354,-0.044,-3.2496,2119051.0,278860.658
spx,2022-04-26,1.327,1.337,1.327,1.334,1.31,0.024,1.8321,1218795.0,162619.244
spx,2022-04-27,1.299,1.305,1.298,1.302,1.334,-0.032,-2.3988,2396586.69,311885.452
spx,2022-04-28,1.306,1.321,1.305,1.319,1.302,0.017,1.3057,1093081.0,143531.96
spx,2022-04-29,1.336,1.347,1.333,1.34,1.319,0.021,1.5921,1740012.0,233425.007
spx,2022-05-05,1.354,1.354,1.34,1.341,1.34,0.001,0.0746,1997448.6,268849.082
spx,2022-05-06,1.3,1.315,1.295,1.309,1.341,-0.032,-2.3863,2360962.0,309364.739
spx,2022-05-09,1.295,1.303,1.291,1.302,1.309,-0.007,-0.5348,1542129.0,199806.016
spx,2022-05-10,1.272,1.278,1.269,1.278,1.302,-0.024,-1.8433,3437210.0,437417.663
spx,2022-05-11,1.274,1.28,1.27,1.277,1.278,-0.001,-0.0782,1829531.0,233306.881
spx,2022-05-12,1.256,1.261,1.253,1.255,1.277,-0.022,-1.7228,1556284.96,195707.928
spx,2022-05-13,1.268,1.275,1.267,1.275,1.255,0.02,1.5936,1556556.0,197806.63
spx,2022-05-16,1.297,1.299,1.277,1.281,1.275,0.006,0.4706,2104944.29,269852.607
spx,2022-05-17,1.286,1.288,1.283,1.287,1.281,0.006,0.4684,1734699.0,223039.721
spx,2022-05-18,1.302,1.304,1.297,1.299,1.287,0.012,0.9324,733864.0,95343.12
spx,2022-05-19,1.25,1.258,1.247,1.251,1.299,-0.048,-3.6952,3109521.0,388945.606
spx,2022-05-20,1.249,1.251,1.242,1.243,1.251,-0.008,-0.6395,2550865.0,317890.111
spx,2022-05-23,1.246,1.248,1.241,1.247,1.243,0.004,0.3218,1801333.0,224100.164
spx,2022-05-24,1.245,1.246,1.235,1.237,1.247,-0.01,-0.8019,1950109.0,241799.542
spx,2022-05-25,1.241,1.249,1.241,1.248,1.237,0.011,0.8892,2957436.0,368371.397
spx,2022-05-26,1.256,1.26,1.253,1.259,1.248,0.011,0.8814,3729271.0,468429.031
spx,2022-05-27,1.285,1.295,1.282,1.287,1.259,0.028,2.224,2031444.0,260967.437
spx,2022-05-30,1.318,1.318,1.304,1.309,1.287,0.022,1.7094,1728891.0,226547.066
spx,2022-05-31,1.303,1.309,1.301,1.304,1.309,-0.005,-0.382,1425599.0,186132.82
spx,2022-06-01,1.305,1.309,1.303,1.307,1.304,0.003,0.2301,1209276.88,157939.699
spx,2022-06-02,1.295,1.297,1.29,1.292,1.307,-0.015,-1.1477,1206947.24,156096.109
spx,2022-06-06,1.289,1.296,1.286,1.296,1.292,0.004,0.3096,1445314.0,186652.376
spx,2022-06-07,1.292,1.292,1.285,1.289,1.296,-0.007,-0.5401,1013821.0,130597.471
spx,2022-06-08,1.305,1.307,1.302,1.305,1.289,0.016,1.2413,726959.0,94833.133
spx,2022-06-09,1.296,1.298,1.292,1.294,1.305,-0.011,-0.8429,856815.0,110955.405
spx,2022-06-10,1.268,1.273,1.266,1.271,1.294,-0.023,-1.7774,1370379.0,173938.837
spx,2022-06-13,1.23,1.23,1.215,1.218,1.271,-0.053,-4.1699,1958988.52,239416.26
spx,2022-06-14,1.2,1.206,1.196,1.205,1.218,-0.013,-1.0673,3055580.0,367066.849
spx,2022-06-15,1.196,1.196,1.187,1.192,1.205,-0.013,-1.0788,2917586.0,347426.66
spx,2022-06-16,1.21,1.21,1.187,1.188,1.192,-0.004,-0.3356,2164642.0,259934.027
spx,2022-06-17,1.166,1.173,1.16,1.169,1.188,-0.019,-1.5993,2246812.0,262352.339
spx,2022-06-20,1.167,1.168,1.162,1.167,1.169,-0.002,-0.1711,1760526.0,204968.305
spx,2022-06-21,1.173,1.184,1.171,1.181,1.167,0.014,1.1997,2478063.0,292227.894
spx,2022-06-22,1.186,1.19,1.179,1.182,1.181,0.001,0.0847,1954714.0,231377.5
spx,2022-06-23,1.188,1.191,1.184,1.19,1.182,0.008,0.6768,2356021.0,279913.628
spx,2022-06-24,1.198,1.211,1.198,1.209,1.19,0.019,1.5966,1842788.02,222113.11
spx,2022-06-27,1.23,1.24,1.229,1.235,1.209,0.026,2.1505,1954253.29,241362.488
spx,2022-06-28,1.235,1.238,1.228,1.237,1.235,0.002,0.1619,1312903.37,161835.751
spx,2022-06-29,1.208,1.214,1.207,1.208,1.237,-0.029,-2.3444,1223090.0,148026.369
spx,2022-06-30,1.207,1.208,1.193,1.195,1.208,-0.013,-1.0762,1620303.0,194600.694
spx,2022-07-01,1.196,1.198,1.188,1.191,1.195,-0.004,-0.3347,1386357.0,165232.776
spx,2022-07-04,1.197,1.207,1.195,1.206,1.191,0.015,1.2594,2024509.0,243543.815
spx,2022-07-05,1.213,1.216,1.21,1.216,1.206,0.01,0.8292,1809278.0,219497.716
spx,2022-07-06,1.216,1.218,1.205,1.21,1.216,-0.006,-0.4934,1780000.78,215553.295
spx,2022-07-07,1.214,1.223,1.213,1.221,1.21,0.011,0.9091,1981103.0,241355.403
spx,2022-07-08,1.236,1.238,1.228,1.23,1.221,0.009,0.7371,2175950.0,267989.789
spx,2022-07-11,1.23,1.23,1.222,1.223,1.23,-0.007,-0.5691,1659244.0,203382.821
spx,2022-07-12,1.219,1.221,1.215,1.217,1.223,-0.006,-0.4906,1607641.0,195748.438
spx,2022-07-13,1.215,1.217,1.212,1.217,1.217,0.0,0.0,2053090.0,249221.769
spx,2022-07-14,1.21,1.21,1.201,1.204,1.217,-0.013,-1.0682,1617663.0,194891.743
spx,2022-07-15,1.21,1.215,1.208,1.209,1.204,0.005,0.4153,1646054.0,199349.816
spx,2022-07-18,1.229,1.238,1.228,1.237,1.209,0.028,2.316,1916848.0,236362.441
spx,2022-07-19,1.222,1.224,1.22,1.222,1.237,-0.015,-1.2126,1819476.0,222399.656
spx,2022-07-20,1.255,1.26,1.255,1.259,1.222,0.037,3.0278,2289537.0,287928.358
spx,2022-07-21,1.261,1.265,1.258,1.262,1.259,0.003,0.2383,1954638.0,246499.461
spx,2022-07-22,1.27,1.272,1.268,1.271,1.262,0.009,0.7132,1500782.0,190583.09
spx,2022-07-25,1.258,1.262,1.257,1.26,1.271,-0.011,-0.8655,1612424.0,203040.025
spx,2022-07-26,1.259,1.262,1.257,1.259,1.26,-0.001,-0.0794,1504244.0,189497.706
spx,2022-07-27,1.259,1.263,1.258,1.263,1.259,0.004,0.3177,2044830.2,257880.636
spx,2022-07-28,1.279,1.281,1.275,1.277,1.263,0.014,1.1085,1588838.0,202903.31
spx,2022-07-29,1.3,1.306,1.299,1.304,1.277,0.027,2.1143,1940370.0,252934.269
spx,2022-08-01,1.309,1.313,1.307,1.31,1.304,0.006,0.4601,3034474.0,397646.153
spx,2022-08-02,1.31,1.311,1.306,1.306,1.31,-0.004,-0.3053,2229976.0,291656.158
spx,2022-08-03,1.306,1.307,1.303,1.306,1.306,0.0,0.0,1954403.0,255130.594
spx,2022-08-04,1.321,1.324,1.319,1.319,1.306,0.013,0.9954,1891833.0,249963.417
spx,2022-08-05,1.322,1.325,1.32,1.324,1.319,0.005,0.3791,1574873.0,208375.769
spx,2022-08-08,1.32,1.328,1.317,1.328,1.324,0.004,0.3021,3391028.0,448479.874
spx,2022-08-09,1.32,1.323,1.319,1.321,1.328,-0.007,-0.5271,1440125.0,190285.688
spx,2022-08-10,1.316,1.317,1.312,1.313,1.321,-0.008,-0.6056,1637385.0,215162.656
spx,2022-08-11,1.341,1.344,1.339,1.342,1.313,0.029,2.2087,1046644.0,140408.581
spx,2022-08-12,1.338,1.343,1.338,1.342,1.342,0.0,0.0,898166.0,120400.914
spx,2022-08-15,1.356,1.363,1.356,1.361,1.342,0.019,1.4158,1905373.0,259179.746
spx,2022-08-16,1.372,1.375,1.371,1.373,1.361,0.012,0.8817,1547767.0,212639.633
spx,2022-08-17,1.376,1.378,1.374,1.374,1.373,0.001,0.0728,1280062.02,176138.669
spx,2022-08-18,1.365,1.369,1.365,1.365,1.374,-0.009,-0.655,1615584.0,220870.189
spx,2022-08-19,1.373,1.376,1.367,1.367,1.365,0.002,0.1465,1557222.0,213796.003
spx,2022-08-22,1.353,1.357,1.352,1.353,1.367,-0.014,-1.0241,1893823.0,256707.522
spx,2022-08-23,1.339,1.341,1.332,1.335,1.353,-0.018,-1.3304,1946537.0,260273.612
spx,2022-08-24,1.334,1.336,1.327,1.335,1.335,0.0,0.0,1768178.02,235595.407
spx,2022-08-25,1.34,1.352,1.34,1.351,1.335,0.016,1.1985,1439837.0,193781.906
spx,2022-08-26,1.355,1.359,1.355,1.358,1.351,0.007,0.5181,867581.0,117705.679
spx,2022-08-29,1.311,1.316,1.3,1.314,1.358,-0.044,-3.2401,3354632.0,439613.662
spx,2022-08-30,1.314,1.319,1.312,1.318,1.314,0.004,0.3044,1790069.0,235538.895
spx,2022-08-31,1.302,1.307,1.302,1.305,1.318,-0.013,-0.9863,1684580.0,219688.77
spx,2022-09-01,1.284,1.285,1.277,1.282,1.305,-0.023,-1.7625,1868294.0,239306.609
spx,2022-09-02,1.29,1.295,1.289,1.295,1.282,0.013,1.014,1294544.0,167202.243
spx,2022-09-05,1.281,1.291,1.281,1.291,1.295,-0.004,-0.3089,1175273.0,151175.663
spx,2022-09-06,1.294,1.294,1.287,1.291,1.291,0.0,0.0,1835147.0,236634.761
spx,2022-09-07,1.278,1.282,1.274,1.281,1.291,-0.01,-0.7746,4379781.0,559296.212
spx,2022-09-08,1.303,1.308,1.302,1.304,1.281,0.023,1.7955,2356394.0,307364.221
spx,2022-09-09,1.312,1.315,1.31,1.312,1.304,0.008,0.6135,1836649.0,241082.341
spx,2022-09-13,1.338,1.345,1.338,1.345,1.312,0.033,2.5152,1753779.0,235091.545
spx,2022-09-14,1.291,1.293,1.284,1.29,1.345,-0.055,-4.0892,4208355.0,542604.414
spx,2022-09-15,1.29,1.294,1.29,1.291,1.29,0.001,0.0775,1966013.0,253921.431
spx,2022-09-16,1.273,1.274,1.268,1.27,1.291,-0.021,-1.6266,3293881.0,419029.84
spx,2022-09-19,1.271,1.274,1.266,1.267,1.27,-0.003,-0.2362,2604021.0,330500.709
spx,2022-09-20,1.281,1.285,1.279,1.284,1.267,0.017,1.3418,1895304.0,243235.737
spx,2022-09-21,1.269,1.272,1.265,1.267,1.284,-0.017,-1.324,3222044.0,409054.361
spx,2022-09-22,1.24,1.248,1.238,1.245,1.267,-0.022,-1.7364,4325231.0,538335.403
spx,2022-09-23,1.244,1.244,1.236,1.238,1.245,-0.007,-0.5622,1358245.0,168314.141
spx,2022-09-26,1.218,1.225,1.214,1.216,1.238,-0.022,-1.7771,2563223.0,312388.661
spx,2022-09-27,1.22,1.232,1.22,1.231,1.216,0.015,1.2336,1873079.0,229490.182
spx,2022-09-28,1.223,1.223,1.212,1.216,1.231,-0.015,-1.2185,1609753.54,195840.448
spx,2022-09-29,1.239,1.242,1.233,1.238,1.216,0.022,1.8092,1678345.0,208003.811
spx,2022-09-30,1.215,1.219,1.21,1.215,1.238,-0.023,-1.8578,2513905.46,305236.657
spx,2022-10-10,1.21,1.212,1.203,1.207,1.215,-0.008,-0.6584,923625.0,111703.378
spx,2022-10-11,1.209,1.214,1.205,1.205,1.207,-0.002,-0.1657,3630838.0,438532.172
spx,2022-10-12,1.206,1.213,1.203,1.212,1.205,0.007,0.5809,1818027.38,219330.676
spx,2022-10-13,1.202,1.204,1.2,1.202,1.212,-0.01,-0.8251,864297.0,103868.715
spx,2022-10-14,1.228,1.242,1.228,1.24,1.202,0.038,3.1614,1439707.0,178070.346
spx,2022-10-17,1.212,1.217,1.21,1.216,1.24,-0.024,-1.9355,2115781.0,256675.983
spx,2022-10-18,1.243,1.258,1.24,1.256,1.216,0.04,3.2895,1830215.0,228977.96
spx,2022-10-19,1.26,1.264,1.251,1.253,1.256,-0.003,-0.2389,1995524.07,251157.041
spx,2022-10-20,1.237,1.244,1.234,1.242,1.253,-0.011,-0.8779,1787892.0,221536.389
spx,2022-10-21,1.232,1.235,1.229,1.232,1.242,-0.01,-0.8052,1321896.0,162763.316
spx,2022-10-24,1.264,1.271,1.262,1.264,1.232,0.032,2.5974,2352987.52,297749.271
spx,2022-10-25,1.283,1.289,1.282,1.288,1.264,0.024,1.8987,2125839.0,273364.611
spx,2022-10-26,1.292,1.296,1.283,1.286,1.288,-0.002,-0.1553,2638096.0,340069.84
spx,2022-10-27,1.291,1.299,1.29,1.298,1.286,0.012,0.9331,2995979.0,387792.972
spx,2022-10-28,1.286,1.287,1.275,1.275,1.298,-0.023,-1.772,919172.0,117737.83
spx,2022-10-31,1.315,1.321,1.315,1.32,1.275,0.045,3.5294,1743648.0,229798.464
spx,2022-11-01,1.321,1.326,1.317,1.325,1.32,0.005,0.3788,2165247.23,285747.751
spx,2022-11-02,1.315,1.317,1.311,1.313,1.325,-0.012,-0.9057,1545758.0,203101.48
spx,2022-11-03,1.285,1.291,1.283,1.288,1.313,-0.025,-1.904,2687614.46,346024.497
spx,2022-11-04,1.275,1.278,1.268,1.275,1.288,-0.013,-1.0093,5587018.9,710700.847
spx,2022-11-07,1.277,1.284,1.275,1.284,1.275,0.009,0.7059,3063410.0,391915.709
spx,2022-11-08,1.297,1.298,1.294,1.297,1.284,0.013,1.0125,2279690.94,295583.085
spx,2022-11-09,1.301,1.312,1.3,1.302,1.297,0.005,0.3855,2653358.0,346433.406
spx,2022-11-10,1.282,1.284,1.279,1.283,1.302,-0.019,-1.4593,1786420.0,229121.793
spx,2022-11-11,1.349,1.349,1.328,1.339,1.283,0.056,4.3648,3653796.0,489153.559
spx,2022-11-14,1.338,1.34,1.322,1.324,1.339,-0.015,-1.1202,2385792.0,317064.535
spx,2022-11-15,1.321,1.327,1.321,1.326,1.324,0.002,0.1511,2375796.0,314639.851
spx,2022-11-16,1.321,1.339,1.32,1.336,1.326,0.01,0.7541,3282414.43,436599.269
spx,2022-11-17,1.327,1.336,1.326,1.335,1.336,-0.001,-0.0749,1980835.09,264006.149
spx,2022-11-18,1.33,1.333,1.325,1.326,1.335,-0.009,-0.6742,1314593.0,174708.588
spx,2022-11-21,1.328,1.34,1.327,1.336,1.326,0.01,0.7541,3255345.0,434323.462
spx,2022-11-22,1.335,1.341,1.332,1.333,1.336,-0.003,-0.2246,1668971.0,223128.398
spx,2022-11-23,1.346,1.351,1.346,1.351,1.333,0.018,1.3503,733469.66,98995.232
spx,2022-11-24,1.362,1.364,1.36,1.361,1.351,0.01,0.7402,946177.66,128791.079
spx,2022-11-25,1.366,1.367,1.363,1.367,1.361,0.006,0.4409,922633.06,125916.987
spx,2022-11-28,1.365,1.367,1.358,1.361,1.367,-0.006,-0.4389,1581041.0,215241.983
spx,2022-11-29,1.349,1.351,1.342,1.346,1.361,-0.015,-1.1021,2072365.0,278882.846
spx,2022-11-30,1.336,1.339,1.335,1.337,1.346,-0.009,-0.6686,1741530.0,232780.322
spx,2022-12-01,1.363,1.371,1.358,1.363,1.337,0.026,1.9447,2540018.52,346037.824
spx,2022-12-02,1.354,1.358,1.354,1.358,1.363,-0.005,-0.3668,958300.48,130007.882
spx,2022-12-05,1.345,1.348,1.334,1.337,1.358,-0.021,-1.5464,1998270.0,267658.353
spx,2022-12-06,1.32,1.321,1.315,1.316,1.337,-0.021,-1.5707,2509067.0,330666.594
spx,2022-12-07,1.299,1.302,1.297,1.298,1.316,-0.018,-1.3678,2886954.0,375107.179
spx,2022-12-08,1.29,1.295,1.289,1.295,1.298,-0.003,-0.2311,1751827.0,226414.225
spx,2022-12-09,1.3,1.305,1.299,1.305,1.295,0.01,0.7722,1380899.95,179775.915
spx,2022-12-12,1.292,1.295,1.292,1.294,1.305,-0.011,-0.8429,1087827.56,140708.951
spx,2022-12-13,1.312,1.315,1.311,1.314,1.294,0.02,1.5456,1366820.0,179426.001
spx,2022-12-14,1.322,1.325,1.321,1.325,1.314,0.011,0.8371,1064716.0,140917.034
spx,2022-12-15,1.314,1.315,1.31,1.313,1.325,-0.012,-0.9057,981047.0,128728.052
spx,2022-12-16,1.282,1.285,1.281,1.284,1.313,-0.029,-2.2087,1928690.0,247407.881
spx,2022-12-19,1.271,1.273,1.27,1.27,1.284,-0.014,-1.0903,1404986.0,178594.36
spx,2022-12-20,1.26,1.263,1.246,1.251,1.27,-0.019,-1.4961,3250357.0,407574.049
spx,2022-12-21,1.262,1.267,1.262,1.266,1.251,0.015,1.199,1783451.89,225451.241
spx,2022-12-22,1.282,1.284,1.281,1.281,1.266,0.015,1.1848,1125892.0,144390.364
spx,2022-12-23,1.261,1.266,1.261,1.266,1.281,-0.015,-1.171,1950698.0,246507.747
spx,2022-12-26,1.27,1.272,1.269,1.27,1.266,0.004,0.316,704950.0,89536.036
spx,2022-12-27,1.276,1.277,1.272,1.274,1.27,0.004,0.315,801649.67,102176.77
spx,2022-12-28,1.26,1.262,1.258,1.26,1.274,-0.014,-1.0989,1935517.0,243878.627
spx,2022-12-29,1.245,1.248,1.242,1.244,1.26,-0.016,-1.2698,2058254.1,256176.093
spx,2022-12-30,1.261,1.263,1.255,1.255,1.244,0.011,0.8842,1614353.0,203266.527
spx,2023-01-03,1.25,1.252,1.246,1.25,1.255,-0.005,-0.3984,3182964.0,397489.635
spx,2023-01-04,1.247,1.249,1.243,1.245,1.25,-0.005,-0.4,2553710.0,318032.859
spx,2023-01-05,1.25,1.251,1.245,1.246,1.245,0.001,0.0803,3550161.0,443052.569
spx,2023-01-06,1.237,1.241,1.235,1.238,1.246,-0.008,-0.6421,2835184.3,350939.931
spx,2023-01-09,1.254,1.255,1.251,1.254,1.238,0.016,1.2924,1975587.9,247437.439
spx,2023-01-10,1.248,1.249,1.242,1.248,1.254,-0.006,-0.4785,2871258.0,357545.502
spx,2023-01-11,1.255,1.258,1.254,1.256,1.248,0.008,0.641,2254070.0,283026.151
spx,2023-01-12,1.264,1.266,1.262,1.264,1.256,0.008,0.6369,2048980.0,259038.965
spx,2023-01-13,1.263,1.263,1.259,1.261,1.264,-0.003,-0.2373,1108487.95,139741.108
spx,2023-01-16,1.263,1.264,1.26,1.262,1.261,0.001,0.0793,1859250.01,234611.931
spx,2023-01-17,1.264,1.268,1.263,1.267,1.262,0.005,0.3962,1193614.0,151152.514
spx,2023-01-18,1.266,1.275,1.265,1.273,1.267,0.006,0.4736,1366547.66,173665.543
spx,2023-01-19,1.25,1.252,1.248,1.248,1.273,-0.025,-1.9639,2060328.0,257536.771
spx,2023-01-20,1.243,1.251,1.242,1.25,1.248,0.002,0.1603,1691937.0,210963.045
spx,2023-01-30,1.284,1.287,1.283,1.284,1.25,0.034,2.72,2964520.15,380899.356
spx,2023-01-31,1.276,1.278,1.272,1.273,1.284,-0.011,-0.8567,1279524.0,163122.9
spx,2023-02-01,1.287,1.29,1.286,1.29,1.273,0.017,1.3354,1557982.34,200668.242
spx,2023-02-02,1.301,1.304,1.3,1.303,1.29,0.013,1.0078,1328144.35,172868.356
spx,2023-02-03,1.315,1.316,1.313,1.314,1.303,0.011,0.8442,1382468.0,181780.775
spx,2023-02-06,1.315,1.318,1.309,1.309,1.314,-0.005,-0.3805,1244153.0,163404.771
spx,2023-02-07,1.312,1.313,1.31,1.311,1.309,0.002,0.1528,708030.0,92867.246
spx,2023-02-08,1.321,1.326,1.321,1.325,1.311,0.014,1.0679,1501436.14,198742.625
spx,2023-02-09,1.315,1.321,1.315,1.32,1.325,-0.005,-0.3774,2589860.0,341501.559
spx,2023-02-10,1.302,1.305,1.302,1.302,1.32,-0.018,-1.3636,1090537.0,142110.073
spx,2023-02-13,1.304,1.309,1.304,1.309,1.302,0.007,0.5376,797244.0,104255.585
spx,2023-02-14,1.322,1.326,1.322,1.326,1.309,0.017,1.2987,1167357.0,154576.51
spx,2023-02-15,1.325,1.326,1.322,1.323,1.326,-0.003,-0.2262,736631.17,97497.933
spx,2023-02-16,1.336,1.339,1.335,1.338,1.323,0.015,1.1338,940281.0,125698.929
spx,2023-02-17,1.323,1.324,1.315,1.316,1.338,-0.022,-1.6442,731020.69,96343.402
spx,2023-02-20,1.317,1.319,1.315,1.317,1.316,0.001,0.076,914389.0,120418.007
spx,2023-02-21,1.312,1.314,1.311,1.313,1.317,-0.004,-0.3037,659341.76,86529.748
spx,2023-02-22,1.293,1.3,1.293,1.298,1.313,-0.015,-1.1424,948190.0,123053.977
spx,2023-02-23,1.301,1.301,1.298,1.3,1.298,0.002,0.1541,677455.0,88022.29
spx,2023-02-24,1.303,1.308,1.302,1.307,1.3,0.007,0.5385,673538.0,87902.002
spx,2023-02-27,1.302,1.304,1.3,1.301,1.307,-0.006,-0.4591,736889.0,95937.977
spx,2023-02-28,1.307,1.307,1.299,1.301,1.301,0.0,0.0,613022.01,79766.906
spx,2023-03-01,1.293,1.294,1.29,1.291,1.301,-0.01,-0.7686,1822189.72,235345.069
spx,2023-03-02,1.282,1.282,1.274,1.278,1.291,-0.013,-1.007,1685387.0,215275.438
spx,2023-03-03,1.288,1.292,1.287,1.292,1.278,0.014,1.0955,1093549.0,141078.796
spx,2023-03-06,1.312,1.318,1.311,1.316,1.292,0.024,1.8576,1317972.66,173283.97
spx,2023-03-07,1.321,1.324,1.32,1.32,1.316,0.004,0.304,1105346.04,146088.268
spx,2023-03-08,1.306,1.308,1.303,1.304,1.32,-0.016,-1.2121,881025.04,115014.948
spx,2023-03-09,1.305,1.308,1.303,1.307,1.304,0.003,0.2301,744654.0,97232.898
spx,2023-03-10,1.279,1.28,1.273,1.275,1.307,-0.032,-2.4484,1754948.0,224108.587
spx,2023-03-13,1.27,1.278,1.268,1.277,1.275,0.002,0.1569,2489614.0,316623.002
spx,2023-03-14,1.251,1.261,1.246,1.251,1.277,-0.026,-2.036,2231361.36,279318.117
spx,2023-03-15,1.27,1.272,1.268,1.272,1.251,0.021,1.6787,1535255.12,194997.831
spx,2023-03-16,1.265,1.271,1.264,1.264,1.272,-0.008,-0.6289,1174695.0,148922.574
spx,2023-03-17,1.283,1.283,1.278,1.281,1.264,0.017,1.3449,1163352.5,149008.45
spx,2023-03-20,1.275,1.276,1.256,1.259,1.281,-0.022,-1.7174,1780639.0,226098.64
spx,2023-03-21,1.278,1.282,1.278,1.281,1.259,0.022,1.7474,1025774.26,131321.833
spx,2023-03-22,1.293,1.297,1.293,1.295,1.281,0.014,1.0929,1166899.0,151173.6
spx,2023-03-23,1.274,1.277,1.272,1.274,1.295,-0.021,-1.6216,1871087.0,238409.885
spx,2023-03-24,1.273,1.277,1.269,1.276,1.274,0.002,0.157,1251170.0,159369.174
spx,2023-03-27,1.287,1.293,1.287,1.292,1.276,0.016,1.2539,1282238.56,165364.589
spx,2023-03-28,1.287,1.292,1.286,1.291,1.292,-0.001,-0.0774,821433.38,105843.648
spx,2023-03-29,1.29,1.297,1.288,1.296,1.291,0.005,0.3873,787513.0,101781.316
spx,2023-03-30,1.306,1.308,1.304,1.305,1.296,0.009,0.6944,959719.0,125303.019
spx,2023-03-31,1.311,1.311,1.307,1.308,1.305,0.003,0.2299,1014246.0,132738.11
spx,2023-04-03,1.325,1.327,1.324,1.326,1.308,0.018,1.3761,915338.26,121353.062
spx,2023-04-04,1.331,1.334,1.331,1.334,1.326,0.008,0.6033,827667.0,110299.059
spx,2023-04-06,1.322,1.322,1.319,1.321,1.334,-0.013,-0.9745,838756.0,110755.302
spx,2023-04-07,1.326,1.327,1.324,1.326,1.321,0.005,0.3785,948519.0,125722.947
spx,2023-04-10,1.326,1.329,1.324,1.325,1.326,-0.001,-0.0754,438843.0,58230.808
spx,2023-04-11,1.331,1.332,1.33,1.332,1.325,0.007,0.5283,538491.0,71683.614
spx,2023-04-12,1.332,1.332,1.329,1.33,1.332,-0.002,-0.1502,907352.35,120727.16
spx,2023-04-13,1.323,1.326,1.321,1.325,1.33,-0.005,-0.3759,868566.36,114907.997
spx,2023-04-14,1.338,1.339,1.331,1.332,1.325,0.007,0.5283,759902.0,101372.327
spx,2023-04-17,1.339,1.341,1.337,1.339,1.332,0.007,0.5255,531227.9,71140.865
spx,2023-04-18,1.34,1.343,1.34,1.341,1.339,0.002,0.1494,632172.0,84782.497
spx,2023-04-19,1.342,1.342,1.34,1.341,1.341,0.0,0.0,540698.0,72515.36
spx,2023-04-20,1.341,1.344,1.339,1.34,1.341,-0.001,-0.0746,865885.0,116224.039
spx,2023-04-21,1.336,1.337,1.334,1.336,1.34,-0.004,-0.2985,594060.0,79368.562
spx,2023-04-24,1.336,1.339,1.333,1.334,1.336,-0.002,-0.1497,829944.0,110913.656
spx,2023-04-25,1.339,1.34,1.338,1.339,1.334,0.005,0.3748,583123.58,78074.704
spx,2023-04-26,1.333,1.335,1.33,1.33,1.339,-0.009,-0.6721,1161876.0,154650.969
spx,2023-04-27,1.324,1.325,1.323,1.323,1.33,-0.007,-0.5263,791090.0,104735.97
spx,2023-04-28,1.343,1.345,1.341,1.343,1.323,0.02,1.5117,1236774.26,166126.902
spx,2023-05-04,1.327,1.331,1.325,1.331,1.343,-0.012,-0.8935,1196714.0,158912.658
spx,2023-05-05,1.326,1.327,1.323,1.326,1.331,-0.005,-0.3757,667731.92,88467.383
spx,2023-05-08,1.342,1.345,1.342,1.344,1.326,0.018,1.3575,847383.04,113807.663
spx,2023-05-09,1.344,1.346,1.344,1.345,1.344,0.001,0.0744,721541.99,97069.567
spx,2023-05-10,1.343,1.345,1.341,1.345,1.345,0.0,0.0,695832.19,93468.987
spx,2023-05-11,1.351,1.354,1.351,1.352,1.345,0.007,0.5204,1093224.0,147855.616
spx,2023-05-12,1.354,1.355,1.352,1.353,1.352,0.001,0.074,654959.74,88611.604
spx,2023-05-15,1.349,1.354,1.348,1.353,1.353,0.0,0.0,753742.31,101813.188
spx,2023-05-16,1.352,1.354,1.351,1.352,1.353,-0.001,-0.0739,581438.31,78632.358
spx,2023-05-17,1.353,1.357,1.353,1.355,1.352,0.003,0.2219,751271.0,101791.861
spx,2023-05-18,1.369,1.373,1.368,1.373,1.355,0.018,1.3284,918985.8,125987.315
spx,2023-05-19,1.393,1.399,1.393,1.394,1.373,0.021,1.5295,3499717.0,488620.586
spx,2023-05-22,1.385,1.39,1.385,1.388,1.394,-0.006,-0.4304,1259979.0,174884.769
spx,2023-05-23,1.395,1.399,1.393,1.394,1.388,0.006,0.4323,1108184.99,154623.071
spx,2023-05-24,1.381,1.384,1.377,1.381,1.394,-0.013,-0.9326,1451237.0,200277.361
spx,2023-05-25,1.377,1.38,1.375,1.38,1.381,-0.001,-0.0724,1723102.0,237402.357
spx,2023-05-26,1.38,1.381,1.377,1.379,1.38,-0.001,-0.0725,888793.24,122570.791
spx,2023-05-29,1.403,1.407,1.402,1.407,1.379,0.028,2.0305,1224982.0,171992.566
spx,2023-05-30,1.404,1.414,1.403,1.413,1.407,0.006,0.4264,1047513.0,147535.384
spx,2023-05-31,1.406,1.41,1.4,1.402,1.413,-0.011,-0.7785,1270819.0,178656.324
spx,2023-06-01,1.4,1.405,1.397,1.404,1.402,0.002,0.1427,869517.0,121787.54
spx,2023-06-02,1.414,1.415,1.408,1.412,1.404,0.008,0.5698,1172405.0,165474.154
spx,2023-06-05,1.432,1.439,1.431,1.438,1.412,0.026,1.8414,1435973.0,205928.531
spx,2023-06-06,1.434,1.436,1.432,1.433,1.438,-0.005,-0.3477,957900.0,137359.29
spx,2023-06-07,1.436,1.442,1.435,1.44,1.433,0.007,0.4885,1086606.0,156316.741
spx,2023-06-08,1.436,1.439,1.432,1.433,1.44,-0.007,-0.4861,1280196.0,183735.789
spx,2023-06-09,1.44,1.445,1.438,1.441,1.433,0.008,0.5583,1766414.0,254633.322
spx,2023-06-12,1.448,1.453,1.448,1.453,1.441,0.012,0.8328,977433.0,141871.998
spx,2023-06-13,1.465,1.472,1.464,1.471,1.453,0.018,1.2388,1983998.0,291482.207
spx,2023-06-14,1.478,1.478,1.474,1.476,1.471,0.005,0.3399,1242121.14,183331.417
spx,2023-06-15,1.478,1.479,1.469,1.472,1.476,-0.004,-0.271,2172845.18,320317.074
spx,2023-06-16,1.482,1.487,1.481,1.484,1.472,0.012,0.8152,1656276.0,245780.511
spx,2023-06-19,1.483,1.484,1.482,1.484,1.484,0.0,0.0,761145.0,112866.821
spx,2023-06-20,1.484,1.49,1.484,1.487,1.484,0.003,0.2022,787514.0,117154.515
spx,2023-06-21,1.487,1.49,1.486,1.487,1.487,0.0,0.0,1205426.68,179390.533
spx,2023-06-26,1.478,1.483,1.478,1.482,1.487,-0.005,-0.3362,1139579.0,168754.719
spx,2023-06-27,1.478,1.478,1.472,1.474,1.482,-0.008,-0.5398,1126174.0,166023.38
spx,2023-06-28,1.485,1.49,1.485,1.489,1.474,0.015,1.0176,1100214.0,163704.799
spx,2023-06-29,1.494,1.498,1.494,1.496,1.489,0.007,0.4701,1089485.0,163063.0
spx,2023-06-30,1.506,1.507,1.502,1.503,1.496,0.007,0.4679,1328655.11,199933.761
spx,2023-07-03,1.521,1.523,1.518,1.522,1.503,0.019,1.2641,1627550.0,247445.772
spx,2023-07-04,1.52,1.521,1.516,1.516,1.522,-0.006,-0.3942,1039513.0,157947.414
spx,2023-07-05,1.517,1.517,1.514,1.515,1.516,-0.001,-0.066,782437.0,118615.293
spx,2023-07-06,1.517,1.518,1.511,1.512,1.515,-0.003,-0.198,1012752.45,153297.61
spx,2023-07-07,1.503,1.507,1.501,1.502,1.512,-0.01,-0.6614,1689896.0,254041.685
spx,2023-07-10,1.494,1.496,1.492,1.492,1.502,-0.01,-0.6658,826143.0,123392.002
spx,2023-07-11,1.5,1.502,1.495,1.499,1.492,0.007,0.4692,839456.0,125831.93
spx,2023-07-12,1.505,1.506,1.502,1.506,1.499,0.007,0.467,777240.0,116907.368
spx,2023-07-13,1.513,1.517,1.512,1.516,1.506,0.01,0.664,1198616.45,181584.486
spx,2023-07-14,1.519,1.519,1.512,1.513,1.516,-0.003,-0.1979,1136577.2,172293.529
spx,2023-07-17,1.515,1.521,1.514,1.521,1.513,0.008,0.5288,1015648.88,154184.212
spx,2023-07-18,1.525,1.529,1.524,1.528,1.521,0.007,0.4602,868372.88,132566.475
spx,2023-07-19,1.543,1.553,1.543,1.552,1.528,0.024,1.5707,1695440.9,262667.172
spx,2023-07-20,1.549,1.549,1.54,1.541,1.552,-0.011,-0.7088,1605044.67,247848.04
spx,2023-07-21,1.531,1.537,1.53,1.536,1.541,-0.005,-0.3245,1284214.0,196982.269
spx,2023-07-24,1.535,1.542,1.534,1.541,1.536,0.005,0.3255,1330105.0,204719.275
spx,2023-07-25,1.54,1.54,1.535,1.538,1.541,-0.003,-0.1947,1532622.0,235640.147
spx,2023-07-26,1.541,1.542,1.539,1.541,1.538,0.003,0.1951,805480.0,124061.086
spx,2023-07-27,1.542,1.546,1.537,1.545,1.541,0.004,0.2596,1521880.0,234557.145
spx,2023-07-28,1.535,1.537,1.531,1.534,1.545,-0.011,-0.712,1831845.0,280991.135
spx,2023-07-31,1.542,1.543,1.537,1.539,1.534,0.005,0.3259,1466143.0,225672.475
spx,2023-08-01,1.546,1.55,1.545,1.549,1.539,0.01,0.6498,1157801.0,179340.86
spx,2023-08-02,1.542,1.543,1.536,1.537,1.549,-0.012,-0.7747,1725216.0,265534.069
spx,2023-08-03,1.525,1.529,1.523,1.523,1.537,-0.014,-0.9109,1695615.55,258874.1
spx,2023-08-04,1.52,1.529,1.519,1.526,1.523,0.003,0.197,1343717.34,204825.892
spx,2023-08-07,1.517,1.521,1.517,1.518,1.526,-0.008,-0.5242,1327261.81,201557.687
spx,2023-08-08,1.528,1.53,1.526,1.529,1.518,0.011,0.7246,806955.53,123330.002
spx,2023-08-09,1.528,1.529,1.525,1.529,1.529,0.0,0.0,779762.0,119053.853
spx,2023-08-10,1.52,1.521,1.517,1.521,1.529,-0.008,-0.5232,679413.0,103234.355
spx,2023-08-11,1.521,1.523,1.519,1.522,1.521,0.001,0.0657,566344.0,86134.817
spx,2023-08-14,1.523,1.525,1.52,1.525,1.522,0.003,0.1971,1079149.0,164310.36
spx,2023-08-15,1.538,1.543,1.538,1.541,1.525,0.016,1.0492,1362642.0,210011.098
spx,2023-08-16,1.528,1.528,1.522,1.524,1.541,-0.017,-1.1032,1042731.0,158923.696
spx,2023-08-17,1.513,1.517,1.512,1.515,1.524,-0.009,-0.5906,1335221.24,202204.468
spx,2023-08-18,1.495,1.499,1.494,1.497,1.515,-0.018,-1.1881,1720350.0,257391.709
spx,2023-08-21,1.497,1.503,1.496,1.503,1.497,0.006,0.4008,2291253.0,343838.014
spx,2023-08-22,1.503,1.51,1.501,1.509,1.503,0.006,0.3992,2101003.96,316377.723
spx,2023-08-23,1.507,1.51,1.506,1.51,1.509,0.001,0.0663,999433.0,150749.653
spx,2023-08-24,1.528,1.536,1.527,1.532,1.51,0.022,1.457,3891148.5,596423.92
spx,2023-08-25,1.503,1.504,1.499,1.501,1.532,-0.031,-2.0235,1152175.0,173088.603
spx,2023-08-28,1.508,1.516,1.507,1.515,1.501,0.014,0.9327,827523.88,125195.727
spx,2023-08-29,1.523,1.526,1.521,1.524,1.515,0.009,0.5941,1029964.0,156899.341
spx,2023-08-30,1.544,1.547,1.544,1.545,1.524,0.021,1.378,1083161.0,167450.217
spx,2023-08-31,1.549,1.556,1.549,1.553,1.545,0.008,0.5178,1472921.24,228790.957
spx,2023-09-01,1.542,1.547,1.541,1.544,1.553,-0.009,-0.5795,772000.0,119258.53
spx,2023-09-04,1.546,1.549,1.545,1.547,1.544,0.003,0.1943,802455.0,124155.903
spx,2023-09-05,1.546,1.55,1.546,1.548,1.547,0.001,0.0646,615692.0,95314.229
spx,2023-09-06,1.548,1.55,1.546,1.548,1.548,0.0,0.0,681220.0,105487.353
spx,2023-09-07,1.538,1.539,1.535,1.535,1.548,-0.013,-0.8398,714217.0,109788.928
spx,2023-09-08,1.538,1.545,1.537,1.544,1.535,0.009,0.5863,816142.0,125779.708
spx,2023-09-11,1.543,1.544,1.531,1.536,1.544,-0.008,-0.5181,1248707.0,191839.268
spx,2023-09-12,1.539,1.542,1.538,1.541,1.536,0.005,0.3255,596768.0,91894.098
spx,2023-09-13,1.532,1.533,1.528,1.53,1.541,-0.011,-0.7138,1126912.0,172364.91
spx,2023-09-14,1.533,1.538,1.532,1.537,1.53,0.007,0.4575,891516.0,136897.242
spx,2023-09-15,1.549,1.55,1.542,1.548,1.537,0.011,0.7157,1146131.0,177250.631
spx,2023-09-18,1.528,1.533,1.528,1.531,1.548,-0.017,-1.0982,754705.12,115535.324
spx,2023-09-19,1.531,1.533,1.529,1.53,1.531,-0.001,-0.0653,641513.0,98202.785
spx,2023-09-20,1.528,1.53,1.526,1.528,1.53,-0.002,-0.1307,687076.0,104991.679
spx,2023-09-21,1.512,1.512,1.507,1.512,1.528,-0.016,-1.0471,1292650.3,195069.029
spx,2023-09-22,1.489,1.493,1.488,1.493,1.512,-0.019,-1.2566,1386959.18,206749.98
spx,2023-09-25,1.488,1.491,1.485,1.49,1.493,-0.003,-0.2009,1158746.0,172555.291
spx,2023-09-26,1.489,1.49,1.483,1.483,1.49,-0.007,-0.4698,1050651.0,156163.815
spx,2023-09-27,1.473,1.476,1.47,1.475,1.483,-0.008,-0.5394,2182767.0,321435.784
spx,2023-09-28,1.477,1.477,1.47,1.471,1.475,-0.004,-0.2712,1316512.0,193887.436
spx,2023-10-09,1.472,1.473,1.466,1.47,1.471,-0.001,-0.068,1404122.0,206162.15
spx,2023-10-10,1.489,1.49,1.487,1.49,1.47,0.02,1.3605,867845.29,129144.761
spx,2023-10-11,1.496,1.5,1.495,1.499,1.49,0.009,0.604,722789.0,108209.114
spx,2023-10-12,1.507,1.51,1.507,1.51,1.499,0.011,0.7338,808137.0,121905.495
spx,2023-10-13,1.5,1.5,1.496,1.497,1.51,-0.013,-0.8609,857126.0,128370.545
spx,2023-10-16,1.492,1.496,1.492,1.496,1.497,-0.001,-0.0668,979112.0,146295.118
spx,2023-10-17,1.506,1.507,1.504,1.507,1.496,0.011,0.7353,751921.0,113195.4
spx,2023-10-18,1.504,1.508,1.502,1.505,1.507,-0.002,-0.1327,1129600.0,170000.655
spx,2023-10-19,1.493,1.494,1.482,1.485,1.505,-0.02,-1.3289,1162066.0,172581.928
spx,2023-10-20,1.471,1.472,1.465,1.467,1.485,-0.018,-1.2121,2137497.0,313750.072
spx,2023-10-23,1.455,1.457,1.453,1.457,1.467,-0.01,-0.6817,1795474.0,261300.294
spx,2023-10-24,1.453,1.456,1.448,1.455,1.457,-0.002,-0.1373,1462603.0,212426.433
spx,2023-10-25,1.458,1.46,1.455,1.456,1.455,0.001,0.0687,605334.0,88245.906
spx,2023-10-26,1.433,1.435,1.43,1.433,1.456,-0.023,-1.5797,1447441.0,207356.604
spx,2023-10-27,1.43,1.433,1.429,1.433,1.433,0.0,0.0,1032017.0,147787.861
spx,2023-10-30,1.426,1.427,1.422,1.427,1.433,-0.006,-0.4187,994988.0,141695.776
spx,2023-10-31,1.432,1.433,1.428,1.431,1.427,0.004,0.2803,967181.0,138344.813
spx,2023-11-01,1.44,1.447,1.439,1.446,1.431,0.015,1.0482,1081064.0,155904.984
spx,2023-11-02,1.462,1.466,1.461,1.463,1.446,0.017,1.1757,1046117.0,153153.689
spx,2023-11-03,1.485,1.487,1.484,1.486,1.463,0.023,1.5721,810324.0,120362.178
spx,2023-11-06,1.494,1.496,1.493,1.494,1.486,0.008,0.5384,783588.0,117057.745
spx,2023-11-07,1.492,1.494,1.49,1.492,1.494,-0.002,-0.1339,838509.0,125072.506
spx,2023-11-08,1.497,1.499,1.495,1.497,1.492,0.005,0.3351,635199.0,95077.602
spx,2023-11-09,1.498,1.505,1.497,1.505,1.497,0.008,0.5344,741040.0,111264.734
spx,2023-11-10,1.495,1.495,1.49,1.493,1.505,-0.012,-0.7973,567001.0,84601.334
spx,2023-11-13,1.512,1.514,1.51,1.513,1.493,0.02,1.3396,959236.0,144972.12
spx,2023-11-14,1.512,1.518,1.511,1.518,1.513,0.005,0.3305,976650.0,148105.059
spx,2023-11-15,1.543,1.544,1.537,1.539,1.518,0.021,1.3834,926938.0,142647.425
spx,2023-11-16,1.538,1.542,1.535,1.541,1.539,0.002,0.13,1063853.0,163653.862
spx,2023-11-17,1.542,1.544,1.538,1.54,1.541,-0.001,-0.0649,2421909.0,373296.843
spx,2023-11-20,1.532,1.534,1.523,1.524,1.54,-0.016,-1.039,1830395.0,279585.298
spx,2023-11-21,1.53,1.533,1.529,1.53,1.524,0.006,0.3937,524085.0,80237.75
spx,2023-11-22,1.528,1.528,1.525,1.528,1.53,-0.002,-0.1307,1348124.0,205787.769
spx,2023-11-23,1.534,1.537,1.531,1.533,1.528,0.005,0.3272,892123.0,136818.386
spx,2023-11-24,1.534,1.536,1.533,1.535,1.533,0.002,0.1305,439638.0,67484.102
spx,2023-11-27,1.534,1.534,1.53,1.534,1.535,-0.001,-0.0651,644983.0,98798.698
spx,2023-11-28,1.533,1.535,1.533,1.535,1.534,0.001,0.0652,471473.0,72330.386
spx,2023-11-29,1.532,1.533,1.53,1.532,1.535,-0.003,-0.1954,525499.0,80490.523
spx,2023-11-30,1.532,1.535,1.529,1.531,1.532,-0.001,-0.0653,699741.0,107205.923
spx,2023-12-01,1.535,1.54,1.535,1.539,1.531,0.008,0.5225,802561.0,123446.965
spx,2023-12-04,1.544,1.548,1.543,1.547,1.539,0.008,0.5198,940068.02,145265.024
spx,2023-12-05,1.539,1.539,1.534,1.534,1.547,-0.013,-0.8403,473204.0,72759.454
spx,2023-12-06,1.545,1.546,1.544,1.546,1.534,0.012,0.7823,609862.0,94254.615
spx,2023-12-07,1.536,1.539,1.533,1.533,1.546,-0.013,-0.8409,674724.0,103580.225
spx,2023-12-08,1.544,1.547,1.543,1.545,1.533,0.012,0.7828,846715.47,130842.642
spx,2023-12-11,1.557,1.562,1.556,1.559,1.545,0.014,0.9061,868830.0,135457.083
spx,2023-12-12,1.566,1.57,1.565,1.567,1.559,0.008,0.5131,1286467.0,201633.245
spx,2023-12-13,1.575,1.579,1.574,1.576,1.567,0.009,0.5743,1033878.0,163077.527
spx,2023-12-14,1.594,1.596,1.591,1.593,1.576,0.017,1.0787,1773817.0,282561.453
spx,2023-12-15,1.587,1.589,1.584,1.586,1.593,-0.007,-0.4394,1354442.0,214910.818
spx,2023-12-18,1.59,1.593,1.589,1.593,1.586,0.007,0.4414,728628.0,115947.167
spx,2023-12-19,1.598,1.601,1.597,1.601,1.593,0.008,0.5022,679754.44,108695.549
spx,2023-12-20,1.605,1.61,1.605,1.609,1.601,0.008,0.4997,1119707.0,180050.612
spx,2023-12-21,1.587,1.589,1.583,1.588,1.609,-0.021,-1.3052,2964855.47,470164.68
spx,2023-12-22,1.598,1.599,1.594,1.597,1.588,0.009,0.5668,985222.12,157222.034
spx,2023-12-25,1.6,1.602,1.598,1.6,1.597,0.003,0.1879,387992.0,62040.307
spx,2023-12-26,1.601,1.606,1.6,1.605,1.6,0.005,0.3125,1171437.96,187859.736
spx,2023-12-27,1.608,1.609,1.605,1.608,1.605,0.003,0.1869,1087975.99,174885.022
spx,2023-12-28,1.61,1.61,1.603,1.605,1.608,-0.003,-0.1866,1131789.0,181858.431
spx,2023-12-29,1.602,1.605,1.598,1.603,1.605,-0.002,-0.1246,1387400.0,222283.371
spx,2024-01-02,1.6,1.607,1.6,1.607,1.603,0.004,0.2495,635475.0,101959.791
spx,2024-01-03,1.597,1.6,1.595,1.595,1.607,-0.012,-0.7467,1084673.02,173260.596
spx,2024-01-04,1.588,1.59,1.586,1.589,1.595,-0.006,-0.3762,683809.0,108630.401
spx,2024-01-05,1.586,1.588,1.582,1.582,1.589,-0.007,-0.4405,866172.0,137329.775
spx,2024-01-08,1.586,1.587,1.583,1.584,1.582,0.002,0.1264,931610.0,147615.543
spx,2024-01-09,1.605,1.611,1.605,1.611,1.584,0.027,1.7045,1970037.0,317031.26
spx,2024-01-10,1.611,1.613,1.609,1.61,1.611,-0.001,-0.0621,1277460.0,205829.049
spx,2024-01-11,1.62,1.623,1.619,1.623,1.61,0.013,0.8075,1368573.59,221892.302
spx,2024-01-12,1.615,1.616,1.612,1.616,1.623,-0.007,-0.4313,923408.0,149069.908
spx,2024-01-15,1.619,1.625,1.618,1.624,1.616,0.008,0.495,1240203.0,201070.93
spx,2024-01-16,1.619,1.62,1.616,1.616,1.624,-0.008,-0.4926,853985.0,138176.678
spx,2024-01-17,1.619,1.62,1.608,1.609,1.616,-0.007,-0.4332,2173807.78,350979.166
spx,2024-01-18,1.609,1.611,1.605,1.61,1.609,0.001,0.0622,1319013.04,212185.97
spx,2024-01-19,1.623,1.628,1.622,1.626,1.61,0.016,0.9938,2108837.99,342871.913
spx,2024-01-22,1.651,1.655,1.648,1.652,1.626,0.026,1.599,3260748.0,538244.701
spx,2024-01-23,1.651,1.665,1.645,1.656,1.652,0.004,0.2421,3124120.74,516504.622
spx,2024-01-24,1.66,1.688,1.658,1.674,1.656,0.018,1.087,2486817.42,416181.248
spx,2024-01-25,1.672,1.672,1.655,1.666,1.674,-0.008,-0.4779,1586860.0,263800.332
spx,2024-01-26,1.665,1.671,1.653,1.654,1.666,-0.012,-0.7203,2177410.0,361309.906
spx,2024-01-29,1.654,1.662,1.654,1.661,1.654,0.007,0.4232,968075.0,160492.883
spx,2024-01-30,1.674,1.681,1.673,1.681,1.661,0.02,1.2041,1393901.0,233778.745
spx,2024-01-31,1.67,1.676,1.666,1.674,1.681,-0.007,-0.4164,1602878.67,267863.633
spx,2024-02-01,1.655,1.662,1.649,1.66,1.674,-0.014,-0.8363,1660663.63,274483.266
spx,2024-02-02,1.677,1.689,1.677,1.688,1.66,0.028,1.6867,1270891.67,213788.705
spx,2024-02-05,1.702,1.703,1.683,1.695,1.688,0.007,0.4147,1756807.0,297280.23
spx,2024-02-06,1.692,1.699,1.686,1.695,1.695,0.0,0.0,1301725.0,220149.046
spx,2024-02-07,1.694,1.705,1.691,1.701,1.695,0.006,0.354,1249245.0,212010.19
spx,2024-02-08,1.715,1.75,1.715,1.745,1.701,0.044,2.5867,1725307.0,298901.827
spx,2024-02-19,1.739,1.741,1.719,1.737,1.745,-0.008,-0.4585,970140.0,168324.183
spx,2024-02-20,1.738,1.739,1.727,1.731,1.737,-0.006,-0.3454,733833.0,127020.254
spx,2024-02-21,1.72,1.723,1.712,1.717,1.731,-0.014,-0.8088,1890579.0,324557.056
spx,2024-02-22,1.729,1.742,1.728,1.741,1.717,0.024,1.3978,936389.37,162574.149
spx,2024-02-23,1.762,1.775,1.762,1.766,1.741,0.025,1.436,1187910.0,210113.441
spx,2024-02-26,1.764,1.764,1.752,1.755,1.766,-0.011,-0.6229,1003777.3,176391.082
spx,2024-02-27,1.751,1.764,1.747,1.761,1.755,0.006,0.3419,1475569.11,259525.661
spx,2024-02-28,1.762,1.786,1.759,1.783,1.761,0.022,1.2493,1679058.0,297610.305
spx,2024-02-29,1.777,1.778,1.765,1.772,1.783,-0.011,-0.6169,2247553.0,397959.269
spx,2024-03-01,1.782,1.789,1.78,1.781,1.772,0.009,0.5079,1586048.0,282869.633
spx,2024-03-04,1.789,1.796,1.789,1.794,1.781,0.013,0.7299,1256753.0,225420.086
spx,2024-03-05,1.784,1.792,1.781,1.789,1.794,-0.005,-0.2787,1200737.0,214805.007
spx,2024-03-06,1.776,1.784,1.772,1.781,1.789,-0.008,-0.4472,1700494.0,302389.889
spx,2024-03-07,1.784,1.788,1.772,1.776,1.781,-0.005,-0.2807,1545117.91,275174.455
spx,2024-03-08,1.791,1.801,1.791,1.8,1.776,0.024,1.3514,1533657.0,275511.518
spx,2024-03-11,1.79,1.794,1.78,1.794,1.8,-0.006,-0.3333,1488653.91,266138.06
spx,2024-03-12,1.794,1.799,1.785,1.788,1.794,-0.006,-0.3344,1399737.0,250544.879
spx,2024-03-13,1.8,1.8,1.78,1.783,1.788,-0.005,-0.2796,1416734.0,253649.927
spx,2024-03-14,1.784,1.784,1.778,1.784,1.783,0.001,0.0561,751823.0,133876.895
spx,2024-03-15,1.778,1.782,1.774,1.775,1.784,-0.009,-0.5045,1072428.0,190751.816
spx,2024-03-18,1.773,1.782,1.764,1.781,1.775,0.006,0.338,1535795.0,272051.795
spx,2024-03-19,1.775,1.78,1.772,1.774,1.781,-0.007,-0.393,1177598.0,209153.468
spx,2024-03-20,1.783,1.792,1.779,1.79,1.774,0.016,0.9019,1261109.0,225248.737
spx,2024-03-21,1.801,1.84,1.8,1.826,1.79,0.036,2.0112,2423572.66,440845.424
spx,2024-03-22,1.827,1.852,1.819,1.837,1.826,0.011,0.6024,2359895.0,434298.642
spx,2024-03-25,1.838,1.846,1.816,1.825,1.837,-0.012,-0.6532,2226642.0,407909.894
spx,2024-03-26,1.826,1.833,1.821,1.832,1.825,0.007,0.3836,1045619.0,191047.358
spx,2024-03-27,1.827,1.848,1.825,1.844,1.832,0.012,0.655,1283638.0,235426.261
spx,2024-03-28,1.851,1.877,1.848,1.868,1.844,0.024,1.3015,3028368.0,564050.725
spx,2024-03-29,1.868,1.899,1.852,1.856,1.868,-0.012,-0.6424,3633389.24,683046.836
spx,2024-04-01,1.863,1.886,1.845,1.849,1.856,-0.007,-0.3772,1996979.15,371698.861
spx,2024-04-02,1.844,1.848,1.831,1.842,1.849,-0.007,-0.3786,2725711.0,501474.728
spx,2024-04-03,1.83,1.831,1.797,1.802,1.842,-0.04,-2.1716,3380552.0,612744.381
spx,2024-04-08,1.807,1.811,1.791,1.807,1.802,0.005,0.2775,2210781.0,398359.495
spx,2024-04-09,1.806,1.819,1.795,1.813,1.807,0.006,0.332,2603800.18,470570.689
spx,2024-04-10,1.815,1.818,1.8,1.81,1.813,-0.003,-0.1655,1042371.0,188859.687
spx,2024-04-11,1.79,1.793,1.783,1.788,1.81,-0.022,-1.2155,1672230.0,299127.628
spx,2024-04-12,1.801,1.807,1.799,1.802,1.788,0.014,0.783,1279001.59,230452.366
spx,2024-04-15,1.776,1.785,1.771,1.783,1.802,-0.019,-1.0544,1198736.0,213407.735
spx,2024-04-16,1.76,1.76,1.74,1.741,1.783,-0.042,-2.3556,2160224.46,377589.234
spx,2024-04-17,1.742,1.747,1.733,1.734,1.741,-0.007,-0.4021,1254792.0,218425.316
spx,2024-04-18,1.725,1.732,1.723,1.73,1.734,-0.004,-0.2307,1443337.0,249246.455
spx,2024-04-19,1.71,1.71,1.693,1.709,1.73,-0.021,-1.2139,2029284.99,345125.581
spx,2024-04-22,1.702,1.716,1.701,1.716,1.709,0.007,0.4096,1694642.32,289500.589
spx,2024-04-23,1.722,1.731,1.719,1.728,1.716,0.012,0.6993,1779765.0,306957.407
spx,2024-04-24,1.75,1.768,1.75,1.766,1.728,0.038,2.1991,1869810.0,329559.684
spx,2024-04-25,1.749,1.753,1.737,1.739,1.766,-0.027,-1.5289,1279029.77,222962.829
spx,2024-04-26,1.754,1.758,1.745,1.746,1.739,0.007,0.4025,1290618.0,225996.482
spx,2024-04-29,1.758,1.76,1.75,1.754,1.746,0.008,0.4582,1007109.0,176655.255
spx,2024-04-30,1.755,1.76,1.753,1.758,1.754,0.004,0.2281,823675.0,144685.815
spx,2024-05-06,1.758,1.76,1.753,1.759,1.758,0.001,0.0569,920988.0,161668.409
spx,2024-05-07,1.772,1.781,1.771,1.777,1.759,0.018,1.0233,1147035.0,203714.23
spx,2024-05-08,1.779,1.785,1.775,1.784,1.777,0.007,0.3939,1091684.0,194404.807
spx,2024-05-09,1.786,1.789,1.779,1.779,1.784,-0.005,-0.2803,1466309.71,261538.378
spx,2024-05-10,1.789,1.8,1.788,1.799,1.779,0.02,1.1242,878813.0,157798.275
spx,2024-05-13,1.801,1.81,1.799,1.807,1.799,0.008,0.4447,788139.0,142362.76
spx,2024-05-14,1.801,1.809,1.797,1.807,1.807,0.0,0.0,991864.0,178681.894
spx,2024-05-15,1.817,1.827,1.816,1.826,1.807,0.019,1.0515,1092086.0,199126.588
spx,2024-05-16,1.849,1.858,1.845,1.85,1.826,0.024,1.3143,1233365.0,228477.271
spx,2024-05-17,1.844,1.846,1.84,1.844,1.85,-0.006,-0.3243,942090.0,173663.357
spx,2024-05-20,1.844,1.85,1.829,1.834,1.844,-0.01,-0.5423,1863960.0,342511.523
spx,2024-05-21,1.836,1.84,1.832,1.835,1.834,0.001,0.0545,1113187.0,204337.625
spx,2024-05-22,1.84,1.845,1.837,1.844,1.835,0.009,0.4905,897985.0,165358.63
spx,2024-05-23,1.843,1.853,1.841,1.849,1.844,0.005,0.2711,1331571.0,246087.391
spx,2024-05-24,1.829,1.829,1.818,1.818,1.849,-0.031,-1.6766,1587953.0,289723.851
spx,2024-05-27,1.829,1.836,1.828,1.834,1.818,0.016,0.8801,654352.0,119941.475
spx,2024-05-28,1.836,1.841,1.834,1.838,1.834,0.004,0.2181,572041.0,105029.202
spx,2024-05-29,1.835,1.835,1.827,1.829,1.838,-0.009,-0.4897,509011.0,93167.502
spx,2024-05-30,1.807,1.817,1.805,1.806,1.829,-0.023,-1.2575,930375.0,168493.054
spx,2024-05-31,1.793,1.808,1.793,1.807,1.806,0.001,0.0554,823001.0,148206.18
spx,2024-06-03,1.826,1.836,1.825,1.835,1.807,0.028,1.5495,875753.0,160339.675
spx,2024-06-04,1.835,1.838,1.827,1.838,1.835,0.003,0.1635,775006.0,142122.496
spx,2024-06-05,1.841,1.848,1.84,1.847,1.838,0.009,0.4897,590447.0,108923.787
spx,2024-06-06,1.874,1.88,1.871,1.873,1.847,0.026,1.4077,984800.0,184513.785
spx,2024-06-07,1.87,1.883,1.87,1.882,1.873,0.009,0.4805,678200.0,127227.173
spx,2024-06-11,1.884,1.897,1.884,1.889,1.882,0.007,0.3719,989433.0,187055.379
spx,2024-06-12,1.896,1.898,1.89,1.892,1.889,0.003,0.1588,1141583.0,216208.726
spx,2024-06-13,1.908,1.913,1.906,1.909,1.892,0.017,0.8985,818673.0,156262.512
spx,2024-06-14,1.907,1.909,1.9,1.903,1.909,-0.006,-0.3143,1048154.0,199476.777
spx,2024-06-17,1.903,1.907,1.883,1.893,1.903,-0.01,-0.5255,1632288.0,308484.825
spx,2024-06-18,1.906,1.909,1.899,1.902,1.893,0.009,0.4754,1149279.0,218732.442
spx,2024-06-19,1.904,1.907,1.902,1.904,1.902,0.002,0.1052,634291.9,120798.663
spx,2024-06-20,1.905,1.922,1.905,1.921,1.904,0.017,0.8929,759909.0,145252.308
spx,2024-06-21,1.907,1.916,1.9,1.914,1.921,-0.007,-0.3644,1133320.0,216565.112
spx,2024-06-24,1.912,1.913,1.904,1.91,1.914,-0.004,-0.209,621390.0,118578.073
spx,2024-06-25,1.901,1.91,1.898,1.907,1.91,-0.003,-0.1571,992034.0,189011.969
spx,2024-06-26,1.92,1.935,1.914,1.933,1.907,0.026,1.3634,941852.0,181025.789
spx,2024-06-27,1.933,1.95,1.927,1.948,1.933,0.015,0.776,1468851.0,285262.029
spx,2024-06-28,1.955,1.985,1.955,1.971,1.948,0.023,1.1807,2087549.0,411417.226
spx,2024-07-01,1.965,1.978,1.958,1.967,1.971,-0.004,-0.2029,1245455.0,245424.744
spx,2024-07-02,1.975,1.987,1.969,1.971,1.967,0.004,0.2034,1405085.0,277974.283
spx,2024-07-03,1.99,2.0,1.989,1.999,1.971,0.028,1.4206,1121194.0,223767.306
spx,2024-07-04,2.018,2.035,1.968,1.977,1.999,-0.022,-1.1006,2556542.0,512772.665
spx,2024-07-05,1.974,1.996,1.973,1.993,1.977,0.016,0.8093,1339065.0,265391.096
spx,2024-07-08,2.004,2.008,1.989,1.999,1.993,0.006,0.3011,1127275.0,225055.158
spx,2024-07-09,2.001,2.002,1.993,1.996,1.999,-0.003,-0.1501,1207070.0,240932.768
spx,2024-07-10,1.995,1.996,1.97,1.985,1.996,-0.011,-0.5511,1315036.0,260874.591
spx,2024-07-11,1.999,2.004,1.996,2.004,1.985,0.019,0.9572,988551.0,197745.919
spx,2024-07-12,1.984,1.984,1.945,1.974,2.004,-0.03,-1.497,1707796.0,335666.717
spx,2024-07-15,1.983,2.025,1.983,2.024,1.974,0.05,2.5329,1978925.0,397678.548
spx,2024-07-16,2.029,2.045,2.015,2.028,2.024,0.004,0.1976,1253185.0,254176.798
spx,2024-07-17,2.039,2.067,2.038,2.053,2.028,0.025,1.2327,1799227.9,369343.22
spx,2024-07-18,2.002,2.032,1.984,2.027,2.053,-0.026,-1.2664,1748145.0,351129.421
spx,2024-07-19,2.01,2.014,1.977,1.979,2.027,-0.048,-2.368,1583370.0,315386.066
spx,2024-07-22,1.955,1.965,1.95,1.956,1.979,-0.023,-1.1622,1377124.0,269304.619
spx,2024-07-23,1.979,1.992,1.978,1.983,1.956,0.027,1.3804,1081700.0,214517.304
spx,2024-07-24,1.975,1.98,1.966,1.968,1.983,-0.015,-0.7564,776452.0,153084.792
spx,2024-07-25,1.912,1.918,1.9,1.911,1.968,-0.057,-2.8963,1311021.35,250565.375
spx,2024-07-26,1.901,1.929,1.901,1.927,1.911,0.016,0.8373,929012.0,177838.478
spx,2024-07-29,1.948,1.973,1.948,1.972,1.927,0.045,2.3352,1068189.91,209239.324
spx,2024-07-30,1.963,1.97,1.947,1.962,1.972,-0.01,-0.5071,944175.0,184836.702
spx,2024-07-31,1.959,1.962,1.94,1.948,1.962,-0.014,-0.7136,2268018.0,442118.228
spx,2024-08-01,1.979,1.98,1.967,1.972,1.948,0.024,1.232,1343518.0,265159.446
spx,2024-08-02,1.928,1.943,1.908,1.912,1.972,-0.06,-3.0426,1486308.0,285775.705
spx,2024-08-05,1.84,1.84,1.773,1.785,1.912,-0.127,-6.6423,3336797.21,603682.558
spx,2024-08-06,1.813,1.826,1.799,1.804,1.785,0.019,1.0644,2723550.0,493594.092
spx,2024-08-07,1.807,1.826,1.803,1.811,1.804,0.007,0.388,1790875.0,325373.767
spx,2024-08-08,1.793,1.802,1.782,1.799,1.811,-0.012,-0.6626,1068806.0,191472.37
spx,2024-08-09,1.836,1.847,1.83,1.835,1.799,0.036,2.0011,1285068.01,236124.039
spx,2024-08-12,1.842,1.861,1.841,1.86,1.835,0.025,1.3624,1351842.97,250633.332
spx,2024-08-13,1.862,1.891,1.861,1.887,1.86,0.027,1.4516,1171965.0,219812.695
spx,2024-08-14,1.914,1.925,1.91,1.922,1.887,0.035,1.8548,1271305.0,243992.675
spx,2024-08-15,1.936,1.957,1.93,1.948,1.922,0.026,1.3528,1198460.0,233038.944
spx,2024-08-16,1.994,1.996,1.962,1.975,1.948,0.027,1.386,1957543.0,386697.068
spx,2024-08-19,1.978,1.978,1.941,1.942,1.975,-0.033,-1.6709,1397669.0,273725.415
spx,2024-08-20,1.968,1.974,1.962,1.966,1.942,0.024,1.2358,842582.0,165657.345
spx,2024-08-21,1.957,1.969,1.948,1.967,1.966,0.001,0.0509,689837.0,135278.774
spx,2024-08-22,1.978,1.993,1.963,1.971,1.967,0.004,0.2034,1484566.0,293437.622
spx,2024-08-23,1.95,1.965,1.948,1.964,1.971,-0.007,-0.3551,894428.0,174893.337
spx,2024-08-26,1.988,1.993,1.97,1.978,1.964,0.014,0.7128,851835.0,168536.095
spx,2024-08-27,1.971,1.98,1.962,1.978,1.978,0.0,0.0,661214.0,130475.26
spx,2024-08-28,1.982,2.008,1.975,1.997,1.978,0.019,0.9606,2227796.0,443932.422
spx,2024-08-29,1.971,1.981,1.961,1.974,1.997,-0.023,-1.1517,1381173.0,272224.371
spx,2024-08-30,1.977,1.983,1.972,1.978,1.974,0.004,0.2026,765073.0,151214.193
spx,2024-09-02,1.99,2.004,1.99,1.999,1.978,0.021,1.0617,1087548.64,217328.243
spx,2024-09-03,2.001,2.011,1.992,1.998,1.999,-0.001,-0.05,1059450.0,212181.623
spx,2024-09-04,1.925,1.943,1.917,1.919,1.998,-0.079,-3.954,1798985.0,347089.858
spx,2024-09-05,1.933,1.94,1.923,1.929,1.919,0.01,0.5211,825363.06,159293.426
spx,2024-09-06,1.92,1.925,1.912,1.919,1.929,-0.01,-0.5184,885552.89,169995.694
spx,2024-09-09,1.894,1.906,1.884,1.905,1.919,-0.014,-0.7295,1459737.0,276656.954
spx,2024-09-10,1.92,1.927,1.894,1.895,1.905,-0.01,-0.5249,1678850.48,320438.384
spx,2024-09-11,1.908,1.91,1.893,1.899,1.895,0.004,0.2111,790319.0,150085.077
spx,2024-09-12,1.927,1.937,1.923,1.931,1.899,0.032,1.6851,1318808.91,254485.023
spx,2024-09-13,1.944,1.95,1.939,1.941,1.931,0.01,0.5179,1310968.0,254941.475
spx,2024-09-18,1.95,1.954,1.935,1.939,1.941,-0.002,-0.103,918491.0,178481.808
spx,2024-09-19,1.944,1.967,1.942,1.965,1.939,0.026,1.3409,1012686.0,197650.366
spx,2024-09-20,1.986,1.989,1.967,1.97,1.965,0.005,0.2545,1256529.98,248683.191
spx,2024-09-23,1.974,1.979,1.969,1.974,1.97,0.004,0.203,671940.99,132631.408
spx,2024-09-24,1.977,1.978,1.95,1.96,1.974,-0.014,-0.7092,1208341.98,236781.221
spx,2024-09-25,1.951,1.954,1.938,1.945,1.96,-0.015,-0.7653,1239281.7,241033.989
spx,2024-09-26,1.949,1.955,1.938,1.948,1.945,0.003,0.1542,1650332.0,321326.369
spx,2024-09-27,1.92,1.934,1.916,1.919,1.948,-0.029,-1.4887,985058.0,189629.055
spx,2024-09-30,1.893,1.917,1.881,1.908,1.919,-0.011,-0.5732,4295250.0,816931.7
spx,2024-10-08,1.886,1.914,1.879,1.893,1.908,-0.015,-0.7862,3528083.0,668954.192
spx,2024-10-09,1.914,1.929,1.91,1.925,1.893,0.032,1.6904,2960690.0,568195.657
spx,2024-10-10,1.943,1.961,1.943,1.956,1.925,0.031,1.6104,2530206.0,493894.382
spx,2024-10-11,1.955,1.97,1.951,1.967,1.956,0.011,0.5624,1730693.0,339865.272
spx,2024-10-14,1.984,1.992,1.971,1.988,1.967,0.021,1.0676,2086676.0,413857.0
spx,2024-10-15,2.005,2.048,2.005,2.047,1.988,0.059,2.9678,3144859.0,638535.349
spx,2024-10-16,2.025,2.034,2.005,2.024,2.047,-0.023,-1.1236,2328863.06,471282.771
spx,2024-10-17,2.03,2.048,2.03,2.045,2.024,0.021,1.0375,2033645.0,414747.36
spx,2024-10-18,2.036,2.041,2.015,2.027,2.045,-0.018,-0.8802,3077818.0,624928.096
spx,2024-10-21,2.027,2.036,2.015,2.018,2.027,-0.009,-0.444,2048371.0,414005.126
spx,2024-10-22,2.015,2.015,2.005,2.006,2.018,-0.012,-0.5946,1531023.0,307483.169
spx,2024-10-23,2.006,2.011,1.998,1.999,2.006,-0.007,-0.349,1162316.9,232829.859
spx,2024-10-24,1.986,1.992,1.982,1.991,1.999,-0.008,-0.4002,1646827.0,327050.735
spx,2024-10-25,1.992,1.998,1.99,1.991,1.991,0.0,0.0,1019866.0,203282.53
spx,2024-10-28,2.0,2.016,1.998,2.012,1.991,0.021,1.0547,2281468.0,457702.429
spx,2024-10-29,2.005,2.009,2.0,2.005,2.012,-0.007,-0.3479,1346075.9,269768.058
spx,2024-10-30,2.016,2.023,2.012,2.02,2.005,0.015,0.7481,1395275.0,281485.234
spx,2024-10-31,2.008,2.008,1.995,1.996,2.02,-0.024,-1.1881,1048135.83,209557.47
spx,2024-11-01,1.965,1.977,1.957,1.971,1.996,-0.025,-1.2525,1676200.52,329692.566
spx,2024-11-04,1.966,1.972,1.961,1.963,1.971,-0.008,-0.4059,1533905.0,301514.919
spx,2024-11-05,1.96,1.962,1.953,1.961,1.963,-0.002,-0.1019,1124936.0,220171.828
spx,2024-11-06,1.996,2.03,1.988,2.029,1.961,0.068,3.4676,3330988.0,668346.837
spx,2024-11-07,2.065,2.079,2.038,2.045,2.029,0.016,0.7886,3815080.0,785647.567
spx,2024-11-08,2.047,2.063,2.047,2.063,2.045,0.018,0.8802,2309078.6,474479.084
spx,2024-11-11,2.065,2.091,2.065,2.089,2.063,0.026,1.2603,1935111.98,402809.887
spx,2024-11-12,2.092,2.126,2.092,2.113,2.089,0.024,1.1489,2807170.0,592152.067
spx,2024-11-13,2.109,2.109,2.09,2.095,2.113,-0.018,-0.8519,1987802.0,416707.171
spx,2024-11-14,2.097,2.131,2.097,2.122,2.095,0.027,1.2888,3260906.0,690846.954
spx,2024-11-15,2.104,2.105,2.083,2.088,2.122,-0.034,-1.6023,2328753.0,488041.641
spx,2024-11-18,2.067,2.107,2.067,2.102,2.088,0.014,0.6705,2789811.51,582560.336
spx,2024-11-19,2.102,2.121,2.098,2.106,2.102,0.004,0.1903,2558811.0,540066.146
spx,2024-11-20,2.122,2.123,2.108,2.112,2.106,0.006,0.2849,1737842.0,367150.693
spx,2024-11-21,2.105,2.109,2.096,2.107,2.112,-0.005,-0.2367,1156296.0,243073.501
spx,2024-11-22,2.121,2.134,2.115,2.128,2.107,0.021,0.9967,2244053.98,476760.461
spx,2024-11-25,2.141,2.178,2.141,2.177,2.128,0.049,2.3026,3434824.0,743479.42
spx,2024-11-26,2.181,2.187,2.143,2.181,2.177,0.004,0.1837,3995963.0,865450.138
spx,2024-11-27,2.197,2.236,2.174,2.18,2.181,-0.001,-0.0459,5099924.0,1127500.408
spx,2024-11-28,2.173,2.19,2.16,2.178,2.18,-0.002,-0.0917,2601024.0,565729.812
spx,2024-11-29,2.182,2.188,2.17,2.182,2.178,0.004,0.1837,2147402.0,468217.485
spx,2024-12-02,2.199,2.202,2.184,2.199,2.182,0.017,0.7791,2388134.0,523979.093
spx,2024-12-03,2.21,2.222,2.207,2.217,2.199,0.018,0.8186,1921348.32,425336.733
spx,2024-12-04,2.22,2.221,2.208,2.217,2.217,0.0,0.0,1570989.0,347907.504
spx,2024-12-05,2.23,2.235,2.225,2.233,2.217,0.016,0.7217,1565477.34,348941.541
spx,2024-12-06,2.228,2.231,2.21,2.228,2.233,-0.005,-0.2239,1458954.01,324657.582
spx,2024-12-09,2.233,2.233,2.225,2.227,2.228,-0.001,-0.0449,1365980.0,304320.476
spx,2024-12-10,2.182,2.21,2.182,2.207,2.227,-0.02,-0.8981,2246211.0,494108.24
spx,2024-12-11,2.2,2.229,2.199,2.227,2.207,0.02,0.9062,2116906.1,469439.403
spx,2024-12-12,2.248,2.25,2.226,2.232,2.227,0.005,0.2245,2115516.0,473526.91
spx,2024-12-13,2.226,2.246,2.223,2.244,2.232,0.012,0.5376,1507002.68,336943.663
spx,2024-12-16,2.244,2.285,2.241,2.274,2.244,0.03,1.3369,3267669.1,741900.043
spx,2024-12-17,2.501,2.501,2.047,2.254,2.274,-0.02,-0.8795,4655671.12,1049725.544
spx,2024-12-18,2.248,2.248,2.22,2.229,2.254,-0.025,-1.1091,2469285.27,550314.036
spx,2024-12-19,2.149,2.195,2.149,2.157,2.229,-0.072,-3.2301,3024560.0,655842.108
spx,2024-12-20,2.155,2.174,2.12,2.144,2.157,-0.013,-0.6027,2840518.66,609192.968
spx,2024-12-23,2.176,2.2,2.176,2.194,2.144,0.05,2.3321,2725915.88,596921.049
spx,2024-12-24,2.213,2.217,2.181,2.186,2.194,-0.008,-0.3646,1996193.07,439050.636
spx,2024-12-25,2.198,2.205,2.191,2.197,2.186,0.011,0.5032,1035301.07,227341.259
spx,2024-12-26,2.199,2.2,2.185,2.2,2.197,0.003,0.1365,930462.76,204243.215
spx,2024-12-27,2.197,2.199,2.19,2.191,2.2,-0.009,-0.4091,824590.0,180878.807
spx,2024-12-30,2.17,2.172,2.161,2.165,2.191,-0.026,-1.1867,1165096.21,252314.636
spx,2024-12-31,2.151,2.178,2.143,2.162,2.165,-0.003,-0.1386,1603419.86,346082.143
spx,2025-01-02,2.163,2.185,2.16,2.183,2.162,0.021,0.9713,1579558.88,343892.662
spx,2025-01-03,2.181,2.186,2.167,2.17,2.183,-0.013,-0.5955,1141237.0,248381.322
spx,2025-01-06,2.188,2.213,2.188,2.211,2.17,0.041,1.8894,1848995.0,406253.316
spx,2025-01-07,2.22,2.238,2.18,2.193,2.211,-0.018,-0.8141,3000408.9,664862.836
spx,2025-01-08,2.172,2.197,2.17,2.19,2.193,-0.003,-0.1368,1411850.76,308438.227
spx,2025-01-09,2.193,2.2,2.184,2.186,2.19,-0.004,-0.1826,955483.0,209257.322
spx,2025-01-10,2.181,2.198,2.172,2.173,2.186,-0.013,-0.5947,1352753.0,295580.973
spx,2025-01-13,2.152,2.16,2.135,2.139,2.173,-0.034,-1.5647,1128826.0,242217.021
spx,2025-01-14,2.152,2.164,2.146,2.162,2.139,0.023,1.0753,1149907.67,247714.743
spx,2025-01-15,2.161,2.167,2.152,2.158,2.162,-0.004,-0.185,749169.0,161694.815
spx,2025-01-16,2.198,2.2,2.187,2.193,2.158,0.035,1.6219,1182130.0,259124.857
spx,2025-01-17,2.189,2.192,2.177,2.191,2.193,-0.002,-0.0912,656203.0,143488.589
spx,2025-01-20,2.202,2.207,2.197,2.201,2.191,0.01,0.4564,960154.0,211359.301
spx,2025-01-21,2.202,2.203,2.193,2.2,2.201,-0.001,-0.0454,662008.9,145588.046
spx,2025-01-22,2.212,2.22,2.209,2.218,2.2,0.018,0.8182,927383.23,205164.97
spx,2025-01-23,2.225,2.228,2.204,2.205,2.218,-0.013,-0.5861,1259120.0,279258.164
spx,2025-01-24,2.214,2.22,2.212,2.214,2.205,0.009,0.4082,995621.0,220647.07
spx,2025-01-27,2.2,2.2,2.165,2.196,2.214,-0.018,-0.813,2484108.0,542361.318
spx,2025-02-05,2.191,2.195,2.178,2.192,2.196,-0.004,-0.1821,894929.0,196034.692
spx,2025-02-06,2.2,2.203,2.195,2.198,2.192,0.006,0.2737,712735.0,156722.141
spx,2025-02-07,2.198,2.201,2.187,2.192,2.198,-0.006,-0.273,934739.01,204945.87
spx,2025-02-10,2.18,2.188,2.17,2.187,2.192,-0.005,-0.2281,1013117.46,220606.595
spx,2025-02-11,2.187,2.192,2.18,2.183,2.187,-0.004,-0.1829,663169.0,144937.696
spx,2025-02-12,2.183,2.185,2.17,2.175,2.183,-0.008,-0.3665,584026.0,127052.105
spx,2025-02-13,2.179,2.179,2.165,2.172,2.175,-0.003,-0.1379,756592.0,164142.548
spx,2025-02-14,2.18,2.184,2.171,2.173,2.172,0.001,0.046,912017.0,198616.671
spx,2025-02-17,2.172,2.172,2.16,2.17,2.173,-0.003,-0.1381,757004.9,163890.755
spx,2025-02-18,2.17,2.189,2.167,2.185,2.17,0.015,0.6912,693092.99,150851.653
spx,2025-02-19,2.185,2.185,2.175,2.176,2.185,-0.009,-0.4119,597853.92,130322.495
spx,2025-02-20,2.18,2.181,2.173,2.174,2.176,-0.002,-0.0919,464705.0,101094.249
spx,2025-02-21,2.168,2.168,2.15,2.154,2.174,-0.02,-0.92,1217864.0,262620.382
spx,2025-02-24,2.118,2.138,2.112,2.125,2.154,-0.029,-1.3463,1481295.0,313781.187
spx,2025-02-25,2.11,2.116,2.092,2.094,2.125,-0.031,-1.4588,1422639.0,298776.741
spx,2025-02-26,2.092,2.092,2.077,2.091,2.094,-0.003,-0.1433,1666490.0,347204.187
spx,2025-02-27,2.089,2.089,2.079,2.084,2.091,-0.007,-0.3348,1367344.1,284837.163
spx,2025-02-28,2.05,2.051,2.028,2.032,2.084,-0.052,-2.4952,3038343.1,619549.043
spx,2025-03-03,2.052,2.071,2.052,2.07,2.032,0.038,1.8701,2279092.0,470010.561
spx,2025-03-04,2.034,2.034,2.028,2.031,2.07,-0.039,-1.8841,1637668.0,332659.212
spx,2025-03-05,2.015,2.027,2.011,2.024,2.031,-0.007,-0.3447,2151237.0,434704.451
spx,2025-03-06,2.031,2.034,2.022,2.025,2.024,0.001,0.0494,1229199.0,248988.491
spx,2025-03-07,2.0,2.006,1.998,2.001,2.025,-0.024,-1.1852,1436892.14,287561.166
spx,2025-03-10,1.998,2.004,1.995,1.999,2.001,-0.002,-0.1,868611.0,173702.613
spx,2025-03-11,1.937,1.949,1.931,1.949,1.999,-0.05,-2.5013,2298535.22,446390.669
spx,2025-03-12,1.938,1.941,1.93,1.938,1.949,-0.011,-0.5644,1650503.26,319446.678
spx,2025-03-13,1.944,1.947,1.927,1.932,1.938,-0.006,-0.3096,1300855.36,251960.402
spx,2025-03-14,1.92,1.931,1.917,1.93,1.932,-0.002,-0.1035,1954379.0,375685.735
spx,2025-03-17,1.94,1.943,1.928,1.929,1.93,-0.001,-0.0518,1647829.0,318907.564
spx,2025-03-18,1.938,1.949,1.938,1.948,1.929,0.019,0.985,2093329.0,406509.362
spx,2025-03-19,1.935,1.935,1.928,1.933,1.948,-0.015,-0.77,814493.0,157344.155
spx,2025-03-20,1.955,1.983,1.951,1.981,1.933,0.048,2.4832,3178334.0,625048.37
spx,2025-03-21,1.979,1.979,1.962,1.973,1.981,-0.008,-0.4038,2256099.0,444398.783
spx,2025-03-24,1.984,1.999,1.983,1.999,1.973,0.026,1.3178,2507265.0,498843.424
spx,2025-03-25,2.025,2.026,2.01,2.017,1.999,0.018,0.9005,2451370.82,494670.766
spx,2025-03-26,2.028,2.028,2.008,2.011,2.017,-0.006,-0.2975,1746172.67,351534.941
spx,2025-03-27,1.98,1.986,1.98,1.983,2.011,-0.028,-1.3923,1622047.63,321567.798
spx,2025-03-28,1.974,1.976,1.962,1.963,1.983,-0.02,-1.0086,1564705.0,307933.305
spx,2025-03-31,1.91,1.92,1.906,1.907,1.963,-0.056,-2.8528,2001722.1,382813.852
spx,2025-04-01,1.917,1.939,1.917,1.937,1.907,0.03,1.5732,2248768.0,433956.103
spx,2025-04-02,1.94,1.942,1.936,1.937,1.937,0.0,0.0,1966888.2,381332.128
spx,2025-04-03,1.903,1.912,1.895,1.897,1.937,-0.04,-2.065,3416120.79,649805.361
spx,2025-04-07,1.707,1.725,1.707,1.707,1.897,-0.19,-10.0158,5655431.98,967455.0
spx,2025-04-08,1.737,1.793,1.737,1.776,1.707,0.069,4.0422,5082647.22,902064.322
spx,2025-04-09,1.707,1.729,1.695,1.722,1.776,-0.054,-3.0405,7420048.0,1270310.189
spx,2025-04-10,1.881,1.888,1.831,1.886,1.722,0.164,9.5238,6701700.0,1258236.161
spx,2025-04-11,1.807,1.849,1.802,1.841,1.886,-0.045,-2.386,6209563.0,1132299.293
spx,2025-04-14,1.864,1.875,1.857,1.872,1.841,0.031,1.6839,2963731.0,552969.796
spx,2025-04-15,1.868,1.869,1.863,1.865,1.872,-0.007,-0.3739,1515088.0,282637.848
spx,2025-04-16,1.854,1.854,1.835,1.842,1.865,-0.023,-1.2332,2154094.0,397627.015
spx,2025-04-17,1.831,1.84,1.826,1.835,1.842,-0.007,-0.38,2632814.0,482965.469
spx,2025-04-18,1.826,1.832,1.823,1.829,1.835,-0.006,-0.327,928764.0,169737.482
spx,2025-04-21,1.811,1.815,1.804,1.806,1.829,-0.023,-1.2575,1841734.0,333078.425
spx,2025-04-22,1.792,1.804,1.787,1.803,1.806,-0.003,-0.1661,2202368.0,394712.388
spx,2025-04-23,1.846,1.858,1.842,1.855,1.803,0.052,2.8841,5282818.0,976671.444
spx,2025-04-24,1.855,1.859,1.846,1.846,1.855,-0.009,-0.4852,3137396.0,580635.067
spx,2025-04-25,1.891,1.898,1.889,1.895,1.846,0.049,2.6544,3776175.0,714619.713
spx,2025-04-28,1.892,1.902,1.889,1.901,1.895,0.006,0.3166,2329212.0,440889.329
spx,2025-04-29,1.903,1.907,1.895,1.897,1.901,-0.004,-0.2104,2139831.0,406460.194
spx,2025-04-30,1.903,1.903,1.897,1.9,1.897,0.003,0.1581,1698314.1,322624.589
spx,2025-05-06,1.922,1.927,1.915,1.918,1.9,0.018,0.9474,1988920.0,381842.614
spx,2025-05-07,1.92,1.925,1.919,1.922,1.918,0.004,0.2086,1310773.3,251884.332
spx,2025-05-08,1.931,1.942,1.93,1.94,1.922,0.018,0.9365,2398358.0,464530.057
spx,2025-05-09,1.94,1.944,1.937,1.942,1.94,0.002,0.1031,1534709.45,297822.421
spx,2025-05-12,1.964,1.966,1.957,1.963,1.942,0.021,1.0814,2372225.0,465200.929
spx,2025-05-13,1.987,1.987,1.977,1.977,1.963,0.014,0.7132,2743637.98,543744.972
spx,2025-05-14,1.998,2.013,1.998,2.013,1.977,0.036,1.8209,2628048.24,527519.45
spx,2025-05-15,2.007,2.007,1.998,1.999,2.013,-0.014,-0.6955,1748776.26,350126.886
spx,2025-05-16,2.007,2.014,2.007,2.012,1.999,0.013,0.6503,1262025.0,253887.95
spx,2025-05-19,2.009,2.015,2.006,2.006,2.012,-0.006,-0.2982,2086891.12,419552.696
spx,2025-05-20,2.026,2.032,2.024,2.025,2.006,0.019,0.9472,1626987.0,329917.246
spx,2025-05-21,2.019,2.021,2.009,2.01,2.025,-0.015,-0.7407,1497481.5,301800.188
spx,2025-05-22,1.989,1.994,1.985,1.989,2.01,-0.021,-1.0448,2545229.02,506324.576
spx,2025-05-23,1.987,1.993,1.983,1.986,1.989,-0.003,-0.1508,1561138.0,310360.084
spx,2025-05-26,1.985,1.992,1.983,1.991,1.986,0.005,0.2518,1193597.0,237213.052
spx,2025-05-27,1.99,1.997,1.987,1.997,1.991,0.006,0.3014,1011548.0,201499.546
spx,2025-05-28,2.015,2.017,2.011,2.012,1.997,0.015,0.7511,1574523.0,317073.426
spx,2025-05-29,2.032,2.036,2.031,2.032,2.012,0.02,0.994,2589658.0,526612.025
spx,2025-05-30,2.001,2.009,1.999,2.004,2.032,-0.028,-1.378,2605744.0,522435.89
spx,2025-06-03,2.013,2.016,2.009,2.01,2.004,0.006,0.2994,1371410.09,275982.174
spx,2025-06-04,2.026,2.03,2.023,2.029,2.01,0.019,0.9453,1210579.0,245333.025
spx,2025-06-05,2.025,2.027,2.023,2.025,2.029,-0.004,-0.1971,1524792.0,308752.909
spx,2025-06-06,2.018,2.025,2.016,2.024,2.025,-0.001,-0.0494,850335.0,171815.58
spx,2025-06-09,2.032,2.036,2.031,2.035,2.024,0.011,0.5435,963823.0,195963.652
spx,2025-06-10,2.042,2.047,2.033,2.036,2.035,0.001,0.0491,1493926.0,304991.763
spx,2025-06-11,2.044,2.046,2.042,2.046,2.036,0.01,0.4912,1041704.0,212936.476
spx,2025-06-12,2.04,2.042,2.036,2.04,2.046,-0.006,-0.2933,1100902.0,224477.655
spx,2025-06-13,2.02,2.025,2.011,2.023,2.04,-0.017,-0.8333,2221110.0,448583.843
spx,2025-06-16,2.029,2.038,2.028,2.038,2.023,0.015,0.7415,1144822.0,232755.129
spx,2025-06-17,2.039,2.043,2.036,2.038,2.038,0.0,0.0,1200707.0,244912.091
spx,2025-06-18,2.033,2.039,2.032,2.035,2.038,-0.003,-0.1472,1089067.0,221672.42
spx,2025-06-19,2.028,2.03,2.022,2.025,2.035,-0.01,-0.4914,1583901.0,320773.947
spx,2025-06-20,2.023,2.03,2.019,2.027,2.025,0.002,0.0988,956389.0,193698.039
spx,2025-06-23,2.015,2.027,2.014,2.025,2.027,-0.002,-0.0987,906971.0,183385.729
spx,2025-06-24,2.051,2.062,2.048,2.061,2.025,0.036,1.7778,2045860.0,420011.976
spx,2025-06-25,2.062,2.066,2.059,2.065,2.061,0.004,0.1941,1719257.05,354755.895
spx,2025-06-26,2.063,2.072,2.061,2.071,2.065,0.006,0.2906,1542598.0,318743.666
spx,2025-06-27,2.08,2.093,2.08,2.091,2.071,0.02,0.9657,2724124.99,568793.085
spx,2025-06-30,2.102,2.104,2.096,2.102,2.091,0.011,0.5261,1622426.0,340760.803
spx,2025-07-01,2.102,2.104,2.095,2.096,2.102,-0.006,-0.2854,1275137.0,267681.078
spx,2025-07-02,2.098,2.111,2.098,2.11,2.096,0.014,0.6679,1391608.0,292831.012
spx,2025-07-03,2.114,2.115,2.109,2.114,2.11,0.004,0.1896,1254423.0,264905.09
spx,2025-07-04,2.125,2.132,2.122,2.125,2.114,0.011,0.5203,2325591.0,494655.928
spx,2025-07-07,2.121,2.127,2.118,2.121,2.125,-0.004,-0.1882,1579035.0,335143.449
spx,2025-07-08,2.114,2.121,2.112,2.121,2.121,0.0,0.0,1542762.79,326431.335
spx,2025-07-09,2.118,2.118,2.112,2.113,2.121,-0.008,-0.3772,1277141.0,269935.967
spx,2025-07-10,2.119,2.128,2.119,2.121,2.113,0.008,0.3786,1892997.0,402102.4
spx,2025-07-11,2.124,2.126,2.122,2.124,2.121,0.003,0.1414,1390238.0,295298.38
spx,2025-07-14,2.115,2.116,2.107,2.107,2.124,-0.017,-0.8004,2687672.0,567341.891
spx,2025-07-15,2.118,2.131,2.117,2.131,2.107,0.024,1.1391,1781706.0,378798.895
spx,2025-07-16,2.117,2.119,2.114,2.115,2.131,-0.016,-0.7508,1539316.0,325773.543
spx,2025-07-17,2.123,2.135,2.123,2.131,2.115,0.016,0.7565,2251254.0,478820.205
spx,2025-07-18,2.141,2.146,2.141,2.143,2.131,0.012,0.5631,1031171.0,221116.721
spx,2025-07-21,2.142,2.142,2.137,2.14,2.143,-0.003,-0.14,1491099.71,318907.452
spx,2025-07-22,2.138,2.141,2.135,2.136,2.14,-0.004,-0.1869,1336900.0,285823.611
spx,2025-07-23,2.137,2.144,2.137,2.144,2.136,0.008,0.3745,1257314.0,269212.29
spx,2025-07-24,2.155,2.156,2.152,2.153,2.144,0.009,0.4198,1308245.99,281799.074
spx,2025-07-25,2.157,2.167,2.156,2.164,2.153,0.011,0.5109,1355979.88,293261.577
spx,2025-07-28,2.176,2.187,2.176,2.185,2.164,0.021,0.9704,1825007.0,398525.387
spx,2025-07-29,2.183,2.185,2.173,2.184,2.185,-0.001,-0.0458,1609620.0,350776.379
spx,2025-07-30,2.175,2.181,2.174,2.18,2.184,-0.004,-0.1832,974192.0,212245.186
spx,2025-07-31,2.196,2.203,2.188,2.202,2.18,0.022,1.0092,1444080.02,317259.941
spx,2025-08-01,2.17,2.183,2.169,2.172,2.202,-0.03,-1.3624,1791382.0,389956.01
spx,2025-08-04,2.148,2.158,2.137,2.148,2.172,-0.024,-1.105,2940037.8,631886.592
spx,2025-08-05,2.171,2.187,2.171,2.187,2.148,0.039,1.8156,1743225.4,379750.388
spx,2025-08-06,2.167,2.175,2.166,2.174,2.187,-0.013,-0.5944,1897912.07,411725.936
spx,2025-08-07,2.185,2.19,2.173,2.174,2.174,0.0,0.0,1354707.0,295467.872
spx,2025-08-08,2.176,2.181,2.169,2.174,2.174,0.0,0.0,988570.99,215020.382
spx,2025-08-11,2.185,2.194,2.185,2.192,2.174,0.018,0.828,1470858.98,322205.083
spx,2025-08-12,2.188,2.191,2.183,2.187,2.192,-0.005,-0.2281,1011301.0,221215.835
spx,2025-08-13,2.202,2.207,2.202,2.204,2.187,0.017,0.7773,830205.9,183018.098
spx,2025-08-14,2.207,2.209,2.201,2.203,2.204,-0.001,-0.0454,913248.0,201366.577
spx,2025-08-15,2.208,2.218,2.205,2.217,2.203,0.014,0.6355,923013.14,204050.352
spx,2025-08-18,2.209,2.211,2.201,2.203,2.217,-0.014,-0.6315,1457107.0,321469.548
spx,2025-08-19,2.202,2.203,2.192,2.197,2.203,-0.006,-0.2724,1035037.0,227386.808
spx,2025-08-20,2.182,2.194,2.178,2.185,2.197,-0.012,-0.5462,2200807.0,480671.46
spx,2025-08-21,2.177,2.194,2.177,2.183,2.185,-0.002,-0.0915,1907261.45,416738.825
spx,2025-08-22,2.179,2.18,2.169,2.17,2.183,-0.013,-0.5955,1850136.0,402171.439
spx,2025-08-25,2.197,2.203,2.194,2.2,2.17,0.03,1.3825,3091222.0,679463.343
spx,2025-08-26,2.19,2.193,2.188,2.191,2.2,-0.009,-0.4091,836753.0,183275.193
spx,2025-08-27,2.2,2.207,2.198,2.206,2.191,0.015,0.6846,1081363.0,238003.767
spx,2025-08-28,2.201,2.203,2.192,2.194,2.206,-0.012,-0.544,1538029.0,337939.087
spx,2025-08-29,2.196,2.201,2.194,2.195,2.194,0.001,0.0456,912789.25,200542.341
spx,2025-09-01,2.193,2.193,2.18,2.185,2.195,-0.01,-0.4556,1191555.0,260374.423
spx,2025-09-02,2.185,2.188,2.182,2.187,2.185,0.002,0.0915,799735.0,174775.783
spx,2025-09-03,2.177,2.18,2.173,2.177,2.187,-0.01,-0.4572,1060301.0,230688.514
spx,2025-09-04,2.187,2.192,2.185,2.189,2.177,0.012,0.5512,869275.0,190254.702
spx,2025-09-05,2.21,2.219,2.203,2.204,2.189,0.015,0.6852,1296751.0,285989.781
spx,2025-09-08,2.195,2.197,2.191,2.195,2.204,-0.009,-0.4083,951844.0,208836.035
spx,2025-09-09,2.197,2.2,2.194,2.198,2.195,0.003,0.1367,1351638.1,296827.81
spx,2025-09-10,2.202,2.208,2.202,2.207,2.198,0.009,0.4095,1016543.99,224235.307
spx,2025-09-11,2.21,2.211,2.206,2.21,2.207,0.003,0.1359,1063295.0,234839.312
spx,2025-09-12,2.221,2.224,2.22,2.222,2.21,0.012,0.543,1133534.51,251905.102
spx,2025-09-15,2.223,2.23,2.222,2.229,2.222,0.007,0.315,999886.0,222659.03
spx,2025-09-16,2.234,2.239,2.233,2.238,2.229,0.009,0.4038,1234160.0,276028.433
spx,2025-09-17,2.235,2.235,2.227,2.23,2.238,-0.008,-0.3575,922670.0,205754.218
spx,2025-09-18,2.231,2.243,2.231,2.241,2.23,0.011,0.4933,1405032.0,314534.944
spx,2025-09-19,2.249,2.254,2.244,2.252,2.241,0.011,0.4909,1847226.55,415538.204
spx,2025-09-22,2.258,2.271,2.258,2.269,2.252,0.017,0.7549,1818886.0,412369.338
spx,2025-09-23,2.283,2.291,2.282,2.288,2.269,0.019,0.8374,1364793.31,311952.891
spx,2025-09-24,2.275,2.28,2.267,2.28,2.288,-0.008,-0.3497,1385152.0,314996.646
spx,2025-09-25,2.277,2.278,2.267,2.27,2.28,-0.01,-0.4386,1043312.0,237136.548
spx,2025-09-26,2.264,2.266,2.256,2.265,2.27,-0.005,-0.2203,956785.0,216391.365
spx,2025-09-29,2.275,2.282,2.275,2.281,2.265,0.016,0.7064,1117309.69,254634.215
spx,2025-09-30,2.286,2.287,2.28,2.284,2.281,0.003,0.1315,1351413.0,308672.332
spx,2025-10-09,2.304,2.33,2.304,2.322,2.284,0.038,1.6637,2187954.92,506846.872
spx,2025-10-10,2.321,2.333,2.318,2.329,2.322,0.007,0.3015,1567534.0,364530.745
spx,2025-10-13,2.284,2.318,2.275,2.294,2.329,-0.035,-1.5028,5482609.83,1254096.297
spx,2025-10-14,2.306,2.32,2.254,2.263,2.294,-0.031,-1.3514,3404703.44,779169.082
spx,2025-10-15,2.278,2.29,2.273,2.289,2.263,0.026,1.1489,1381868.55,315208.496
spx,2025-10-16,2.289,2.289,2.275,2.285,2.289,-0.004,-0.1747,2726402.0,621936.028
spx,2025-10-17,2.269,2.28,2.261,2.263,2.285,-0.022,-0.9628,2266907.31,515010.125
spx,2025-10-20,2.293,2.323,2.285,2.321,2.263,0.058,2.563,2509999.12,579052.814
spx,2025-10-21,2.342,2.349,2.313,2.326,2.321,0.005,0.2154,2737634.0,638265.666
spx,2025-10-22,2.325,2.351,2.32,2.348,2.326,0.022,0.9458,1775665.95,414709.461
spx,2025-10-23,2.348,2.359,2.333,2.352,2.348,0.004,0.1704,1974015.69,463589.988
spx,2025-10-24,2.367,2.371,2.352,2.36,2.352,0.008,0.3401,2050907.0,483874.231
spx,2025-10-27,2.383,2.418,2.381,2.415,2.36,0.055,2.3305,2546133.0,611188.346
spx,2025-10-28,2.433,2.457,2.412,2.421,2.415,0.006,0.2484,2146901.2,521970.12
spx,2025-10-29,2.435,2.469,2.43,2.468,2.421,0.047,1.9413,2075647.76,508267.427
spx,2025-10-30,2.469,2.504,2.449,2.473,2.468,0.005,0.2026,3503014.05,868002.797
spx,2025-10-31,2.47,2.479,2.439,2.454,2.473,-0.019,-0.7683,2090275.9,513387.221
spx,2025-11-03,2.454,2.49,2.454,2.479,2.454,0.025,1.0187,2281028.21,565683.027
spx,2025-11-04,2.479,2.479,2.407,2.415,2.479,-0.064,-2.5817,2340533.0,571021.789
spx,2025-11-05,2.376,2.389,2.336,2.388,2.415,-0.027,-1.118,2664473.0,630792.576
spx,2025-11-06,2.4,2.412,2.385,2.389,2.388,0.001,0.0419,2455362.0,589224.875
spx,2025-11-07,2.365,2.399,2.36,2.384,2.389,-0.005,-0.2093,1949887.63,464112.012
spx,2025-11-10,2.405,2.436,2.403,2.424,2.384,0.04,1.6779,2032831.0,491738.955
spx,2025-11-11,2.451,2.457,2.413,2.43,2.424,0.006,0.2475,1895394.0,461648.515
spx,2025-11-12,2.434,2.464,2.434,2.463,2.43,0.033,1.358,2040667.79,499866.109
spx,2025-11-13,2.468,2.49,2.466,2.488,2.463,0.025,1.015,1791790.65,444674.646
spx,2025-11-14,2.447,2.466,2.441,2.448,2.488,-0.04,-1.6077,2013308.6,493740.532
spx,2025-11-17,2.46,2.488,2.449,2.454,2.448,0.006,0.2451,2102620.12,518388.874
spx,2025-11-18,2.44,2.44,2.39,2.399,2.454,-0.055,-2.2412,1953771.19,471412.67
spx,2025-11-19,2.388,2.405,2.317,2.359,2.399,-0.04,-1.6674,4080812.0,963669.934
spx,2025-11-20,2.399,2.417,2.396,2.413,2.359,0.054,2.2891,1933380.24,464943.581
spx,2025-11-21,2.366,2.37,2.334,2.355,2.413,-0.058,-2.4036,2843167.0,667176.47
spx,2025-11-24,2.382,2.396,2.359,2.39,2.355,0.035,1.4862,2575877.9,611843.089
spx,2025-11-25,2.435,2.435,2.395,2.404,2.39,0.014,0.5858,2150812.5,520332.369
spx,2025-11-26,2.424,2.449,2.42,2.447,2.404,0.043,1.7887,2240962.26,545226.576
spx,2025-11-27,2.46,2.47,2.43,2.433,2.447,-0.014,-0.5721,1330255.08,326656.18
spx,2025-11-28,2.441,2.467,2.438,2.463,2.433,0.03,1.233,1759636.1,431107.474
spx,2025-12-01,2.462,2.475,2.443,2.46,2.463,-0.003,-0.1218,2340864.12,576541.307
spx,2025-12-02,2.459,2.468,2.454,2.46,2.46,0.0,0.0,1225922.56,301511.235
spx,2025-12-03,2.468,2.48,2.466,2.469,2.46,0.009,0.3659,1877449.16,463889.674
spx,2025-12-04,2.474,2.476,2.456,2.461,2.469,-0.008,-0.324,1767662.0,435409.336
spx,2025-12-05,2.464,2.466,2.445,2.451,2.461,-0.01,-0.4063,2605216.0,638904.446
spx,2025-12-08,2.451,2.452,2.439,2.444,2.451,-0.007,-0.2856,1432267.0,350060.356
spx,2025-12-09,2.44,2.44,2.416,2.42,2.444,-0.024,-0.982,1172529.07,283732.69
spx,2025-12-10,2.42,2.447,2.42,2.443,2.42,0.023,0.9504,1613499.85,393017.95
spx,2025-12-11,2.449,2.46,2.429,2.432,2.443,-0.011,-0.4503,1538183.09,375690.745
spx,2025-12-12,2.45,2.461,2.441,2.453,2.432,0.021,0.8635,1471310.38,360817.935
spx,2025-12-15,2.437,2.448,2.429,2.447,2.453,-0.006,-0.2446,1353797.0,330201.296
spx,2025-12-16,2.429,2.438,2.411,2.42,2.447,-0.027,-1.1034,1233409.38,298956.198
spx,2025-12-17,2.421,2.442,2.42,2.435,2.42,0.015,0.6198,1341277.82,325954.115
spx,2025-12-18,2.412,2.428,2.41,2.426,2.435,-0.009,-0.3696,1162285.91,281527.361
spx,2025-12-19,2.439,2.456,2.439,2.451,2.426,0.025,1.0305,1515402.09,370941.332
spx,2025-12-22,2.47,2.471,2.455,2.456,2.451,0.005,0.204,1914873.0,471557.552
spx,2025-12-23,2.463,2.465,2.444,2.447,2.456,-0.009,-0.3664,1329278.45,326302.453
spx,2025-12-24,2.456,2.459,2.448,2.455,2.447,0.008,0.3269,1117995.0,274331.495
spx,2025-12-25,2.456,2.464,2.455,2.458,2.455,0.003,0.1222,1114147.0,274121.507
spx,2025-12-26,2.461,2.464,2.453,2.461,2.458,0.003,0.1221,817915.31,201181.275
spx,2025-12-29,2.461,2.465,2.44,2.447,2.461,-0.014,-0.5689,1139450.0,278960.675
spx,2025-12-30,2.444,2.451,2.426,2.439,2.447,-0.008,-0.3269,1064966.0,259660.252
spx,2025-12-31,2.436,2.437,2.426,2.432,2.439,-0.007,-0.287,655885.98,159366.671
spx,2026-01-05,2.437,2.469,2.435,2.468,2.432,0.036,1.4803,1332764.54,327515.74
spx,2026-01-06,2.47,2.472,2.455,2.467,2.468,-0.001,-0.0405,1096968.13,270270.708
spx,2026-01-07,2.47,2.477,2.462,2.465,2.467,-0.002,-0.0811,1003026.85,247803.068
spx,2026-01-08,2.465,2.465,2.455,2.458,2.465,-0.007,-0.284,608726.0,149608.354
spx,2026-01-09,2.458,2.46,2.451,2.46,2.458,0.002,0.0814,724800.73,178078.83
spx,2026-01-12,2.46,2.468,2.446,2.458,2.46,-0.002,-0.0813,1213196.25,298222.237
spx,2026-01-13,2.458,2.461,2.454,2.46,2.458,0.002,0.0814,1045582.2,256912.01
spx,2026-01-14,2.46,2.46,2.45,2.452,2.46,-0.008,-0.3252,822805.68,201788.696
spx,2026-01-15,2.44,2.447,2.434,2.445,2.452,-0.007,-0.2855,909693.0,221936.222
spx,2026-01-16,2.445,2.456,2.439,2.455,2.445,0.01,0.409,840316.04,205389.208
spx,2026-01-19,2.446,2.452,2.435,2.441,2.455,-0.014,-0.5703,892266.0,217940.965
spx,2026-01-20,2.44,2.44,2.43,2.432,2.441,-0.009,-0.3687,718749.12,174895.441
spx,2026-01-21,2.41,2.437,2.408,2.427,2.432,-0.005,-0.2056,1463315.08,354995.055
spx,2026-01-22,2.439,2.46,2.439,2.459,2.427,0.032,1.3185,986568.36,241793.589
spx,2026-01-23,2.463,2.468,2.431,2.434,2.459,-0.025,-1.0167,2354760.0,575366.469
spx,2026-01-26,2.433,2.433,2.41,2.412,2.434,-0.022,-0.9039,1147890.7,277478.262
spx,2026-01-27,2.422,2.429,2.42,2.424,2.412,0.012,0.4975,736775.18,178696.105
spx,2026-01-28,2.432,2.438,2.426,2.433,2.424,0.009,0.3713,889876.13,216431.23
spx,2026-01-29,2.432,2.437,2.411,2.425,2.433,-0.008,-0.3288,869670.16,210615.271
spx,2026-01-30,2.423,2.439,2.415,2.439,2.425,0.014,0.5773,1609273.74,390528.595
spx,2026-02-02,2.435,2.435,2.358,2.364,2.439,-0.075,-3.075,2449969.0,585376.559
spx,2026-02-03,2.399,2.405,2.368,2.375,2.364,0.011,0.4653,2452086.0,583504.312
spx,2026-02-04,2.355,2.38,2.344,2.375,2.375,0.0,0.0,1082316.13,256084.005
spx,2026-02-05,2.369,2.372,2.352,2.368,2.375,-0.007,-0.2947,843090.87,199129.865
spx,2026-02-06,2.34,2.348,2.324,2.326,2.368,-0.042,-1.7736,1654298.0,386590.793
spx,2026-02-09,2.371,2.384,2.353,2.383,2.326,0.057,2.4506,1894998.76,448827.819
spx,2026-02-10,2.384,2.399,2.378,2.394,2.383,0.011,0.4616,839064.0,200550.816
spx,2026-02-11,2.395,2.397,2.384,2.395,2.394,0.001,0.0418,575007.26,137614.929
spx,2026-02-12,2.393,2.4,2.385,2.389,2.395,-0.006,-0.2505,872677.0,208980.467
spx,2026-02-13,2.363,2.383,2.36,2.382,2.389,-0.007,-0.293,796423.0,189134.457
spx,2026-02-24,2.381,2.391,2.362,2.385,2.382,0.003,0.1259,944075.2,224565.635
spx,2026-02-25,2.393,2.407,2.378,2.382,2.385,-0.003,-0.1258,994516.0,237869.422
spx,2026-02-26,2.391,2.394,2.379,2.384,2.382,0.002,0.084,723444.01,172427.157
spx,2026-02-27,2.381,2.391,2.367,2.387,2.384,0.003,0.1258,674735.24,160348.302
spx,2026-03-02,2.375,2.379,2.356,2.358,2.387,-0.029,-1.2149,1202995.11,284646.607
spx,2026-03-03,2.36,2.369,2.359,2.367,2.358,0.009,0.3817,934609.0,220839.405
spx,2026-03-04,2.355,2.355,2.338,2.338,2.367,-0.029,-1.2252,854841.92,200477.593
spx,2026-03-05,2.35,2.364,2.35,2.361,2.338,0.023,0.9837,1287539.2,303551.956
spx,2026-03-06,2.358,2.358,2.335,2.35,2.361,-0.011,-0.4659,1039132.0,243510.294
spx,2026-03-09,2.306,2.31,2.28,2.294,2.35,-0.056,-2.383,1444542.42,331334.253
spx,2026-03-10,2.32,2.325,2.302,2.311,2.294,0.017,0.7411,1234062.35,285001.492
spx,2026-03-11,2.312,2.317,2.309,2.313,2.311,0.002,0.0865,706047.73,163223.058
spx,2026-03-12,2.304,2.327,2.3,2.318,2.313,0.005,0.2162,1056923.47,244563.895
spx,2026-03-13,2.307,2.307,2.28,2.286,2.318,-0.032,-1.3805,1299375.0,297833.618
spx,2026-03-16,2.284,2.285,2.27,2.279,2.286,-0.007,-0.3062,1346419.39,306552.733
spx,2026-03-17,2.286,2.294,2.279,2.283,2.279,0.004,0.1755,990190.57,226386.446
spx,2026-03-18,2.292,2.296,2.281,2.284,2.283,0.001,0.0438,1289379.44,294979.066
spx,2026-03-19,2.259,2.271,2.255,2.259,2.284,-0.025,-1.0946,1092605.0,247382.597
spx,2026-03-20,2.258,2.27,2.242,2.244,2.259,-0.015,-0.664,1036483.0,234074.387
spx,2026-03-23,2.225,2.225,2.13,2.149,2.244,-0.095,-4.2335,3025264.72,655501.492
spx,2026-03-24,2.171,2.195,2.161,2.19,2.149,0.041,1.9079,2319159.5,503666.036
spx,2026-03-25,2.199,2.236,2.199,2.213,2.19,0.023,1.0502,2273940.34,504334.465
spx,2026-03-26,2.222,2.23,2.215,2.219,2.213,0.006,0.2711,921780.29,204841.595
spx,2026-03-27,2.19,2.218,2.182,2.209,2.219,-0.01,-0.4507,1026026.55,225904.762
spx,2026-03-30,2.159,2.18,2.156,2.171,2.209,-0.038,-1.7202,1862202.88,403404.287
spx,2026-03-31,2.168,2.192,2.16,2.164,2.171,-0.007,-0.3224,1228516.28,266858.623
spx,2026-04-01,2.217,2.244,2.203,2.238,2.164,0.074,3.4196,1905976.88,423326.447
spx,2026-04-02,2.241,2.241,2.186,2.206,2.238,-0.032,-1.4298,1565827.91,346060.998
spx,2026-04-03,2.223,2.227,2.205,2.206,2.206,0.0,0.0,859305.5,190245.0
spx,2026-04-07,2.209,2.222,2.206,2.207,2.206,0.001,0.0453,1158436.1,256235.833
spx,2026-04-08,2.261,2.292,2.257,2.29,2.207,0.083,3.7608,1973051.08,448561.585
spx,2026-04-09,2.264,2.289,2.26,2.275,2.29,-0.015,-0.655,1172983.0,267149.97
spx,2026-04-10,2.3,2.312,2.29,2.294,2.275,0.019,0.8352,1007993.62,231876.381
spx,2026-04-13,2.28,2.29,2.272,2.281,2.294,-0.013,-0.5667,1005119.0,229069.452
spx,2026-04-14,2.314,2.319,2.305,2.313,2.281,0.032,1.4029,1218483.34,281563.92
spx,2026-04-15,2.334,2.352,2.33,2.337,2.313,0.024,1.0376,1363408.26,318993.288
spx,2026-04-16,2.362,2.366,2.357,2.365,2.337,0.028,1.1981,1444987.0,341136.313
spx,2026-04-17,2.365,2.366,2.354,2.361,2.365,-0.004,-0.1691,1348054.04,318013.156
spx,2026-04-20,2.372,2.376,2.358,2.36,2.361,-0.001,-0.0424,1304514.0,308732.215
spx,2026-04-21,2.37,2.37,2.355,2.37,2.36,0.01,0.4237,888684.0,209948.363
spx,2026-04-22,2.369,2.377,2.358,2.373,2.37,0.003,0.1266,950650.56,224895.473
spx,2026-04-23,2.378,2.384,2.365,2.369,2.373,-0.004,-0.1686,1179817.0,279918.38
spx,2026-04-24,2.37,2.372,2.362,2.366,2.369,-0.003,-0.1266,651124.0,154091.129
spx,2026-04-27,2.383,2.385,2.373,2.384,2.366,0.018,0.7608,1213047.43,288834.952
spx,2026-04-28,2.385,2.41,2.384,2.407,2.384,0.023,0.9648,1418572.24,340428.341
spx,2026-04-29,2.4,2.432,2.395,2.411,2.407,0.004,0.1662,1348281.5,325480.773
spx,2026-04-30,2.42,2.431,2.411,2.419,2.411,0.008,0.3318,1041308.17,251959.868
spx,2026-05-06,2.455,2.463,2.448,2.454,2.419,0.035,1.4469,1650967.68,404804.617
spx,2026-05-07,2.469,2.483,2.469,2.482,2.454,0.028,1.141,1502243.13,372240.031
spx,2026-05-08,2.479,2.484,2.45,2.483,2.482,0.001,0.0403,1238383.58,306273.81
spx,2026-05-11,2.493,2.497,2.483,2.492,2.483,0.009,0.3625,1605489.58,399511.372
spx,2026-05-12,2.491,2.491,2.476,2.477,2.492,-0.015,-0.6019,1177569.98,292344.1
spx,2026-05-13,2.475,2.489,2.469,2.488,2.477,0.011,0.4441,1042329.12,258669.507
spx,2026-05-14,2.499,2.507,2.486,2.489,2.488,0.001,0.0402,1146810.11,285769.004
spx,2026-05-15,2.491,2.505,2.473,2.48,2.489,-0.009,-0.3616,1811004.36,450878.665
spx,2026-05-18,2.44,2.456,2.433,2.44,2.48,-0.04,-1.6129,1967608.39,480784.78
spx,2026-05-19,2.441,2.452,2.432,2.44,2.44,0.0,0.0,1165104.0,284376.955
spx,2026-05-20,2.427,2.439,2.417,2.432,2.44,-0.008,-0.3279,1295225.8,314089.872
spx,2026-05-21,2.454,2.469,2.448,2.452,2.432,0.02,0.8224,1491904.06,366944.675
spx,2026-05-22,2.465,2.49,2.465,2.485,2.452,0.033,1.3458,1701672.0,422074.238
spx,2026-05-25,2.531,2.548,2.515,2.546,2.485,0.061,2.4547,2963297.72,749639.938
spx,2026-05-26,2.546,2.56,2.525,2.529,2.546,-0.017,-0.6677,1457970.0,370062.377
spx,2026-05-27,2.545,2.552,2.535,2.541,2.529,0.012,0.4745,1190641.0,302954.03
spx,2026-05-28,2.547,2.548,2.503,2.524,2.541,-0.017,-0.67,1850242.0,466739.421
spx,2026-05-29,2.537,2.558,2.536,2.557,2.524,0.033,1.31,1646606.0,419622.616
spx,2026-06-01,2.562,2.63,2.562,2.625,2.557,0.068,2.66,2755650.66,717273.487
spx,2026-06-02,2.636,2.671,2.591,2.611,2.625,-0.014,-0.53,3664452.34,962948.706
spx,2026-06-03,2.623,2.634,2.593,2.602,2.611,-0.009,-0.35,1641120.9,428875.903
spx,2026-06-04,2.564,2.575,2.555,2.566,2.602,-0.036,-1.38,1428359.4,366198.544
spx,2026-06-05,2.569,2.588,2.561,2.568,2.566,0.002,0.08,1771835.03,456557.101
spx,2026-06-08,2.499,2.525,2.49,2.515,2.568,-0.053,-2.06,2252619.0,565643.202
spx,2026-06-09,2.522,2.554,2.522,2.552,2.515,0.037,1.47,1620886.88,411308.249
spx,2026-06-10,2.522,2.54,2.501,2.515,2.552,-0.037,-1.45,1406704.98,353349.269
spx,2026-06-11,2.482,2.503,2.451,2.498,2.515,-0.017,-0.68,1829083.06,453590.999
spx,2026-06-12,2.55,2.558,2.512,2.515,2.498,0.017,0.68,1564367.58,396814.492
spx,2026-06-15,2.555,2.575,2.554,2.574,2.515,0.059,2.35,2043624.56,524742.744
spx,2026-06-16,2.581,2.596,2.576,2.586,2.574,0.012,0.47,1815490.1,469277.694
spx,2026-06-17,2.581,2.584,2.571,2.578,2.586,-0.008,-0.31,1293941.0,333463.238
spx,2026-06-18,2.57,2.57,2.557,2.564,2.578,-0.014,-0.54,1426884.9,365584.594
spx,2026-06-22,2.569,2.58,2.549,2.565,2.564,0.001,0.04,1407050.1,361067.592
spx,2026-06-23,2.54,2.552,2.496,2.505,2.565,-0.06,-2.34,1739871.99,438937.236
spx,2026-06-24,2.501,2.534,2.486,2.523,2.505,0.018,0.72,1686225.96,422403.058
spx,2026-06-25,2.528,2.535,2.506,2.518,2.523,-0.005,-0.2,1375455.01,346327.74
spx,2026-06-26,2.5,2.508,2.461,2.482,2.518,-0.036,-1.43,1586904.84,393775.432
spx,2026-06-29,2.492,2.498,2.469,2.478,2.482,-0.004,-0.16,2325150.22,576619.649
spx,2026-06-30,2.496,2.5,2.473,2.483,2.478,0.005,0.2,2478969.96,615749.444
spx,2026-07-01,2.498,2.5,2.486,2.491,2.483,0.008,0.32,1351139.9,336503.742
spx,2026-07-02,2.49,2.502,2.48,2.483,2.491,-0.008,-0.32,1425867.1,355300.454
spx,2026-07-03,2.49,2.509,2.488,2.503,2.483,0.02,0.81,1513511.3,378185.082
spx,2026-07-06,2.507,2.512,2.496,2.511,2.503,0.008,0.32,1108433.0,277461.481
spx,2026-07-07,2.52,2.529,2.511,2.528,2.511,0.017,0.68,1530330.0,385423.57
spx,2026-07-08,2.528,2.528,2.502,2.503,2.528,-0.025,-0.99,1142889.0,287046.949
spx,2026-07-09,2.497,2.515,2.497,2.515,2.503,0.012,0.48,857058.56,214853.918
spx,2026-07-10,2.525,2.53,2.521,2.527,2.515,0.012,0.48,1229347.56,310549.419
spx,2026-07-13,2.531,2.533,2.514,2.522,2.527,-0.005,-0.2,1003827.05,253261.834
spx,2026-07-14,2.51,2.544,2.504,2.54,2.522,0.018,0.71,1891978.7,477852.921
spx,2026-07-15,2.543,2.566,2.542,2.564,2.54,0.024,0.95,1678617.01,428732.483
spx,2026-07-16,2.564,2.579,2.557,2.577,2.564,0.013,0.51,1318423.0,339076.631
spx,2026-07-17,2.548,2.554,2.5,2.503,2.577,-0.074,-2.87,1930238.5,487860.147
spx,2026-07-20,2.503,2.522,2.491,2.498,2.503,-0.005,-0.2,1351755.97,339174.396
spx,2026-07-21,2.507,2.543,2.503,2.526,2.498,0.028,1.12,2109092.0,532903.263
spx,2026-07-22,2.538,2.551,2.514,2.523,2.526,-0.003,-0.12,1503889.84,380796.049
spx,2026-07-23,2.532,2.533,2.515,2.524,2.523,0.001,0.04,1275490.0,321842.733
spx,2026-07-24,2.5,2.519,2.496,2.506,2.524,-0.018,-0.71,1033752.0,259097.932
spx,2026-07-27,2.508,2.521,2.504,2.52,2.506,0.014,0.56,1142222.78,287055.184
spx,2026-07-28,2.499,2.503,2.482,2.484,2.52,-0.036,-1.43,1449122.0,360890.154
spx,2026-07-29,2.495,2.511,2.486,2.511,2.484,0.027,1.09,1042015.0,260550.713
spx,2026-07-30,2.49,2.493,2.473,2.479,2.511,-0.032,-1.27,1211027.0,300210.022
spx,2026-07-31,2.522,2.523,2.506,2.509,2.479,0.03,1.21,1541939.96,387383.537
spx,2026-08-03,2.522,2.535,2.513,2.533,2.509,0.024,0.96,1595496.17,402746.735
spx,2026-08-04,2.563,2.583,2.562,2.582,2.533,0.049,1.93,1934292.87,497432.59
spx,2026-08-05,2.632,2.671,2.631,2.669,2.582,0.087,3.37,3234253.77,858003.234
spx,2026-08-06,2.658,2.696,2.618,2.69,2.669,0.021,0.79,3028908.48,809923.73
spx,2026-08-07,2.682,2.699,2.675,2.695,2.69,0.005,0.19,1743220.74,468173.714
spx,2026-08-10,2.695,2.719,2.695,2.696,2.695,0.001,0.04,1866145.77,505309.481
spx,2026-08-11,2.693,2.722,2.679,2.716,2.696,0.02,0.74,2517163.11,681583.564
spx,2026-08-12,2.705,2.716,2.681,2.698,2.716,-0.018,-0.66,1932346.16,520993.237
spx,2026-08-13,2.701,2.738,2.7,2.711,2.698,0.013,0.48,1472224.08,400244.073
spx,2026-08-14,2.738,2.778,2.734,2.778,2.711,0.067,2.47,2546090.25,701615.727
spx,2026-08-17,2.778,2.778,2.732,2.748,2.778,-0.03,-1.08,2486737.65,682766.736
spx,2026-08-18,2.72,2.721,2.672,2.688,2.748,-0.06,-2.18,2092319.8,562192.95
spx,2026-08-19,2.654,2.654,2.63,2.642,2.688,-0.046,-1.71,1780473.0,469993.92
spx,2026-08-20,2.665,2.686,2.662,2.675,2.642,0.033,1.25,1211625.51,324010.588
spx,2026-08-21,2.64,2.68,2.637,2.672,2.675,-0.003,-0.11,858605.0,228746.612
spx,2026-08-24,2.683,2.695,2.672,2.672,2.672,0.0,0.0,1056228.8,283014.642
spx,2026-08-25,2.668,2.699,2.658,2.695,2.672,0.023,0.86,1005775.69,270319.333
spx,2026-08-26,2.695,2.72,2.691,2.708,2.695,0.013,0.48,1025538.83,278160.896
spx,2026-08-27,2.73,2.733,2.708,2.708,2.708,0.0,0.0,824129.0,224475.812
spx,2026-08-28,2.714,2.732,2.714,2.722,2.708,0.014,0.52,689191.9,187382.303
gold,2013-07-29,2.633,2.64,2.614,2.626,2.649,-0.023,-0.8683,1404335.77,369215.419
gold,2013-07-30,2.632,2.648,2.632,2.646,2.626,0.02,0.7616,929931.09,245720.397
gold,2013-07-31,2.643,2.659,2.64,2.657,2.646,0.011,0.4157,699761.56,185580.104
gold,2013-08-01,2.653,2.656,2.635,2.643,2.657,-0.014,-0.5269,300064.38,79324.519
gold,2013-08-02,2.63,2.632,2.558,2.578,2.643,-0.065,-2.4593,330218.91,85778.129
gold,2013-08-05,2.621,2.642,2.621,2.63,2.578,0.052,2.0171,240120.32,63166.351
gold,2013-08-06,2.62,2.62,2.586,2.591,2.63,-0.039,-1.4829,223360.52,58084.51
gold,2013-08-07,2.562,2.582,2.56,2.574,2.591,-0.017,-0.6561,195018.57,50050.021
gold,2013-08-08,2.588,2.597,2.583,2.586,2.574,0.012,0.4662,126268.96,32693.272
gold,2013-08-09,2.625,2.63,2.611,2.616,2.586,0.03,1.1601,132137.95,34637.968
gold,2013-08-12,2.656,2.66,2.649,2.659,2.616,0.043,1.6437,199163.6,52878.978
gold,2013-08-13,2.662,2.68,2.658,2.675,2.659,0.016,0.6017,147181.6,39244.984
gold,2013-08-14,2.64,2.652,2.637,2.64,2.675,-0.035,-1.3084,111303.51,29422.493
gold,2013-08-15,2.68,2.689,2.674,2.68,2.64,0.04,1.5152,171919.89,46071.956
gold,2013-08-16,2.73,2.743,2.71,2.712,2.68,0.032,1.194,186648.81,50870.624
gold,2013-08-19,2.74,2.752,2.733,2.737,2.712,0.025,0.9218,142285.39,39063.11
gold,2013-08-20,2.725,2.729,2.699,2.705,2.737,-0.032,-1.1692,89213.62,24188.967
gold,2013-08-21,2.72,2.734,2.718,2.724,2.705,0.019,0.7024,63690.08,17360.25
gold,2013-08-22,2.717,2.721,2.71,2.714,2.724,-0.01,-0.3671,47564.43,12908.053
gold,2013-08-23,2.731,2.737,2.724,2.733,2.714,0.019,0.7001,93611.62,25579.826
gold,2013-08-26,2.77,2.781,2.765,2.772,2.733,0.039,1.427,87272.86,24191.025
gold,2013-08-27,2.772,2.782,2.771,2.779,2.772,0.007,0.2525,63368.02,17597.326
gold,2013-08-28,2.81,2.837,2.8,2.827,2.779,0.048,1.7272,142398.69,40124.193
gold,2013-08-29,2.808,2.808,2.784,2.796,2.827,-0.031,-1.0966,73965.74,20657.726
gold,2013-08-30,2.781,2.798,2.781,2.787,2.796,-0.009,-0.3219,86311.78,24067.701
gold,2013-09-02,2.77,2.775,2.761,2.767,2.787,-0.02,-0.7176,68968.95,19087.47
gold,2013-09-03,2.77,2.77,2.76,2.762,2.767,-0.005,-0.1807,38968.15,10769.305
gold,2013-09-04,2.791,2.802,2.784,2.787,2.762,0.025,0.9051,94806.1,26491.338
gold,2013-09-05,2.765,2.767,2.745,2.751,2.787,-0.036,-1.2917,57504.74,15841.541
gold,2013-09-06,2.73,2.73,2.719,2.725,2.751,-0.026,-0.9451,65942.94,17973.865
gold,2013-09-09,2.751,2.761,2.751,2.756,2.725,0.031,1.1376,40793.57,11246.274
gold,2013-09-10,2.756,2.756,2.737,2.742,2.756,-0.014,-0.508,92940.01,25512.955
gold,2013-09-11,2.712,2.722,2.7,2.722,2.742,-0.02,-0.7294,59378.09,16104.834
gold,2013-09-12,2.714,2.714,2.676,2.682,2.722,-0.04,-1.4695,48855.75,13180.908
gold,2013-09-13,2.655,2.655,2.608,2.622,2.682,-0.06,-2.2371,93029.31,24509.099
gold,2013-09-16,2.636,2.647,2.631,2.631,2.622,0.009,0.3432,47277.27,12488.037
gold,2013-09-17,2.615,2.616,2.604,2.609,2.631,-0.022,-0.8362,40417.27,10552.216
gold,2013-09-18,2.585,2.59,2.568,2.589,2.609,-0.02,-0.7666,96926.51,24994.132
gold,2013-09-23,2.618,2.636,2.609,2.629,2.589,0.04,1.545,78602.73,20603.288
gold,2013-09-24,2.628,2.633,2.621,2.622,2.629,-0.007,-0.2663,52454.88,13793.657
gold,2013-09-25,2.622,2.633,2.621,2.629,2.622,0.007,0.267,31174.44,8191.142
gold,2013-09-26,2.636,2.644,2.631,2.632,2.629,0.003,0.1141,35588.17,9385.271
gold,2013-09-27,2.625,2.626,2.618,2.622,2.632,-0.01,-0.3799,57375.01,15045.611
gold,2013-09-30,2.633,2.65,2.633,2.649,2.622,0.027,1.0297,31665.58,8377.748
gold,2013-10-08,2.638,2.638,2.626,2.63,2.649,-0.019,-0.7173,31198.27,8203.747
gold,2013-10-09,2.625,2.625,2.612,2.615,2.63,-0.015,-0.5703,49583.16,12967.363
gold,2013-10-10,2.588,2.598,2.588,2.595,2.615,-0.02,-0.7648,49411.13,12809.231
gold,2013-10-11,2.574,2.576,2.566,2.569,2.595,-0.026,-1.0019,63011.04,16193.471
gold,2013-10-14,2.54,2.543,2.532,2.543,2.569,-0.026,-1.0121,77807.25,19735.928
gold,2013-10-15,2.538,2.539,2.529,2.533,2.543,-0.01,-0.3932,96916.03,24561.294
gold,2013-10-16,2.54,2.55,2.538,2.549,2.533,0.016,0.6317,109261.77,27813.807
gold,2013-10-17,2.552,2.555,2.525,2.531,2.549,-0.018,-0.7062,47166.29,11973.287
gold,2013-10-18,2.591,2.606,2.591,2.605,2.531,0.074,2.9237,120446.91,31287.651
gold,2013-10-21,2.6,2.608,2.56,2.608,2.605,0.003,0.1152,55430.57,14395.73
gold,2013-10-22,2.589,2.595,2.586,2.595,2.608,-0.013,-0.4985,28213.1,7308.767
gold,2013-10-23,2.623,2.637,2.621,2.624,2.595,0.029,1.1175,54894.47,14437.5
gold,2013-10-24,2.626,2.626,2.614,2.624,2.624,0.0,0.0,47254.35,12392.309
gold,2013-10-25,2.624,2.631,2.616,2.619,2.624,-0.005,-0.1905,35936.92,9431.93
gold,2013-10-28,2.634,2.638,2.624,2.626,2.619,0.007,0.2673,133324.69,35073.919
gold,2013-10-29,2.632,2.645,2.63,2.639,2.626,0.013,0.495,50239.58,13246.586
gold,2013-10-30,2.62,2.634,2.612,2.631,2.639,-0.008,-0.3031,45218.49,11852.405
gold,2013-10-31,2.618,2.62,2.607,2.613,2.631,-0.018,-0.6842,19668.79,5144.079
gold,2013-11-01,2.595,2.603,2.589,2.602,2.613,-0.011,-0.421,24407.23,6336.936
gold,2013-11-04,2.603,2.603,2.58,2.584,2.602,-0.018,-0.6918,52318.83,13528.022
gold,2013-11-05,2.585,2.589,2.578,2.582,2.584,-0.002,-0.0774,37578.52,9704.347
gold,2013-11-06,2.579,2.58,2.57,2.578,2.582,-0.004,-0.1549,23676.48,6101.922
gold,2013-11-07,2.58,2.589,2.579,2.589,2.578,0.011,0.4267,22695.0,5865.485
gold,2013-11-08,2.58,2.58,2.565,2.573,2.589,-0.016,-0.618,25257.69,6487.039
gold,2013-11-11,2.535,2.535,2.523,2.529,2.573,-0.044,-1.7101,51218.55,12952.71
gold,2013-11-12,2.527,2.527,2.511,2.517,2.529,-0.012,-0.4745,66276.77,16684.276
gold,2013-11-13,2.503,2.505,2.496,2.501,2.517,-0.016,-0.6357,43158.85,10788.173
gold,2013-11-14,2.506,2.523,2.506,2.516,2.501,0.015,0.5998,44468.58,11180.836
gold,2013-11-15,2.521,2.532,2.519,2.526,2.516,0.01,0.3975,37517.44,9485.611
gold,2013-11-18,2.529,2.529,2.515,2.527,2.526,0.001,0.0396,36230.36,9147.981
gold,2013-11-19,2.52,2.52,2.496,2.501,2.527,-0.026,-1.0289,50720.62,12676.373
gold,2013-11-20,2.501,2.508,2.5,2.508,2.501,0.007,0.2799,38386.39,9620.056
gold,2013-11-21,2.488,2.489,2.461,2.463,2.508,-0.045,-1.7943,59866.67,14752.285
gold,2013-11-22,2.463,2.463,2.453,2.458,2.463,-0.005,-0.203,97282.84,23884.0
gold,2013-11-25,2.457,2.457,2.433,2.437,2.458,-0.021,-0.8544,62200.43,15217.224
gold,2013-11-26,2.449,2.465,2.449,2.465,2.437,0.028,1.149,89389.21,21986.002
gold,2013-11-27,2.45,2.46,2.446,2.453,2.465,-0.012,-0.4868,50793.9,12442.511
gold,2013-11-28,2.446,2.448,2.439,2.44,2.453,-0.013,-0.53,118762.8,29016.605
gold,2013-11-29,2.44,2.446,2.44,2.443,2.44,0.003,0.123,53523.64,13075.825
gold,2013-12-02,2.444,2.454,2.444,2.45,2.443,0.007,0.2865,40138.6,9824.568
gold,2013-12-03,2.421,2.423,2.404,2.411,2.45,-0.039,-1.5918,70180.5,16895.692
gold,2013-12-04,2.411,2.411,2.404,2.408,2.411,-0.003,-0.1244,90739.77,21832.444
gold,2013-12-05,2.431,2.435,2.41,2.429,2.408,0.021,0.8721,113112.19,27447.013
gold,2013-12-06,2.416,2.42,2.411,2.418,2.429,-0.011,-0.4529,60664.61,14651.773
gold,2013-12-09,2.424,2.427,2.417,2.425,2.418,0.007,0.2895,53406.91,12928.44
gold,2013-12-10,2.43,2.445,2.424,2.445,2.425,0.02,0.8247,53829.39,13123.441
gold,2013-12-11,2.461,2.465,2.45,2.462,2.445,0.017,0.6953,51594.06,12680.502
gold,2013-12-12,2.454,2.456,2.448,2.45,2.462,-0.012,-0.4874,35714.56,8759.018
gold,2013-12-13,2.415,2.415,2.404,2.41,2.45,-0.04,-1.6327,74635.46,17972.503
gold,2013-12-16,2.412,2.417,2.409,2.411,2.41,0.001,0.0415,46971.54,11336.049
gold,2013-12-17,2.419,2.441,2.417,2.438,2.411,0.027,1.1199,70375.15,17084.126
gold,2013-12-18,2.42,2.423,2.411,2.419,2.438,-0.019,-0.7793,58829.43,14236.918
gold,2013-12-19,2.413,2.413,2.393,2.4,2.419,-0.019,-0.7854,52429.56,12581.426
gold,2013-12-20,2.371,2.372,2.342,2.342,2.4,-0.058,-2.4167,52003.02,12241.838
gold,2013-12-23,2.355,2.369,2.354,2.366,2.342,0.024,1.0248,56512.78,13339.387
gold,2013-12-24,2.357,2.37,2.355,2.366,2.366,0.0,0.0,59566.02,14085.139
gold,2013-12-25,2.361,2.38,2.361,2.376,2.366,0.01,0.4227,52927.06,12564.635
gold,2013-12-26,2.376,2.382,2.369,2.377,2.376,0.001,0.0421,31208.47,7419.58
gold,2013-12-27,2.38,2.405,2.38,2.401,2.377,0.024,1.0097,26783.99,6414.319
gold,2013-12-30,2.402,2.402,2.375,2.377,2.401,-0.024,-0.9996,20350.76,4866.385
gold,2013-12-31,2.366,2.38,2.366,2.376,2.377,-0.001,-0.0421,44013.38,10447.337
gold,2014-01-02,2.389,2.408,2.381,2.403,2.376,0.027,1.1364,31415.13,7533.644
gold,2014-01-03,2.413,2.425,2.411,2.424,2.403,0.021,0.8739,38246.67,9242.622
gold,2014-01-06,2.437,2.445,2.41,2.435,2.424,0.011,0.4538,48167.21,11737.239
gold,2014-01-07,2.43,2.445,2.43,2.442,2.435,0.007,0.2875,51298.54,12525.11
gold,2014-01-08,2.415,2.422,2.41,2.411,2.442,-0.031,-1.2695,20957.33,5062.486
gold,2014-01-09,2.41,2.42,2.41,2.412,2.411,0.001,0.0415,20285.33,4891.434
gold,2014-01-10,2.414,2.432,2.414,2.428,2.412,0.016,0.6633,25304.11,6131.493
gold,2014-01-13,2.451,2.458,2.446,2.448,2.428,0.02,0.8237,23396.67,5742.569
gold,2014-01-14,2.449,2.457,2.449,2.455,2.448,0.007,0.2859,17557.47,4308.451
gold,2014-01-15,2.44,2.442,2.427,2.434,2.455,-0.021,-0.8554,18030.48,4386.132
gold,2014-01-16,2.432,2.439,2.43,2.437,2.434,0.003,0.1233,20871.18,5077.849
gold,2014-01-17,2.434,2.438,2.434,2.435,2.437,-0.002,-0.0821,25661.26,6252.599
gold,2014-01-20,2.436,2.461,2.436,2.459,2.435,0.024,0.9856,19586.02,4815.435
gold,2014-01-21,2.456,2.457,2.451,2.451,2.459,-0.008,-0.3253,19581.63,4805.098
gold,2014-01-22,2.439,2.439,2.428,2.432,2.451,-0.019,-0.7752,15284.07,3718.872
gold,2014-01-23,2.428,2.428,2.415,2.426,2.432,-0.006,-0.2467,26984.97,6528.089
gold,2014-01-24,2.458,2.469,2.458,2.46,2.426,0.034,1.4015,33875.0,8341.125
gold,2014-01-27,2.47,2.487,2.47,2.476,2.46,0.016,0.6504,33903.78,8413.307
gold,2014-01-28,2.468,2.47,2.442,2.463,2.476,-0.013,-0.525,51353.38,12644.872
gold,2014-01-29,2.452,2.464,2.45,2.455,2.463,-0.008,-0.3248,44123.6,10824.403
gold,2014-01-30,2.465,2.474,2.459,2.461,2.455,0.006,0.2444,33175.0,8177.206
gold,2014-02-07,2.461,2.486,2.414,2.48,2.461,0.019,0.772,58620.77,14400.251
gold,2014-02-10,2.49,2.501,2.485,2.501,2.48,0.021,0.8468,42950.22,10721.038
gold,2014-02-11,2.508,2.524,2.508,2.515,2.501,0.014,0.5598,32897.86,8278.028
gold,2014-02-12,2.519,2.521,2.509,2.521,2.515,0.006,0.2386,28034.7,7055.295
gold,2014-02-13,2.523,2.523,2.514,2.517,2.521,-0.004,-0.1587,29734.73,7491.333
gold,2014-02-14,2.531,2.553,2.531,2.552,2.517,0.035,1.3905,36169.3,9213.427
gold,2014-02-17,2.592,2.6,2.582,2.596,2.552,0.044,1.7241,37161.8,9633.252
gold,2014-02-18,2.596,2.596,2.558,2.57,2.596,-0.026,-1.0015,62343.95,16066.056
gold,2014-02-19,2.568,2.576,2.568,2.575,2.57,0.005,0.1946,28824.95,7416.553
gold,2014-02-20,2.563,2.573,2.556,2.566,2.575,-0.009,-0.3495,32613.3,8357.379
gold,2014-02-21,2.566,2.587,2.566,2.582,2.566,0.016,0.6235,30077.13,7758.69
gold,2014-02-24,2.57,2.599,2.57,2.599,2.582,0.017,0.6584,40635.49,10517.777
gold,2014-02-25,2.609,2.618,2.608,2.612,2.599,0.013,0.5002,27051.28,7067.536
gold,2014-02-26,2.617,2.652,2.617,2.651,2.612,0.039,1.4931,36598.18,9631.037
gold,2014-02-27,2.639,2.64,2.595,2.602,2.651,-0.049,-1.8484,74666.2,19445.533
gold,2014-02-28,2.611,2.625,2.611,2.621,2.602,0.019,0.7302,29558.79,7747.748
gold,2014-03-03,2.643,2.654,2.643,2.651,2.621,0.03,1.1446,25625.9,6788.19
gold,2014-03-04,2.675,2.704,2.64,2.643,2.651,-0.008,-0.3018,55112.49,14703.596
gold,2014-03-05,2.626,2.637,2.621,2.624,2.643,-0.019,-0.7189,32537.88,8549.536
gold,2014-03-06,2.624,2.65,2.618,2.623,2.624,-0.001,-0.0381,32203.21,8477.39
gold,2014-03-07,2.648,2.652,2.642,2.649,2.623,0.026,0.9912,16643.09,4405.917
gold,2014-03-10,2.625,2.625,2.6,2.61,2.649,-0.039,-1.4723,51929.27,13560.415
gold,2014-03-11,2.615,2.642,2.615,2.641,2.61,0.031,1.1877,27814.44,7313.91
gold,2014-03-12,2.651,2.678,2.651,2.668,2.641,0.027,1.0223,27800.65,7415.915
gold,2014-03-13,2.689,2.704,2.689,2.694,2.668,0.026,0.9745,31293.3,8443.842
gold,2014-03-14,2.705,2.71,2.69,2.692,2.694,-0.002,-0.0742,23216.01,6263.647
gold,2014-03-17,2.701,2.722,2.701,2.722,2.692,0.03,1.1144,26181.33,7107.938
gold,2014-03-18,2.704,2.704,2.673,2.686,2.722,-0.036,-1.3226,38297.56,10268.808
gold,2014-03-19,2.67,2.684,2.668,2.68,2.686,-0.006,-0.2234,22124.94,5923.933
gold,2014-03-20,2.64,2.652,2.638,2.647,2.68,-0.033,-1.2313,15572.14,4121.288
gold,2014-03-21,2.659,2.659,2.645,2.647,2.647,0.0,0.0,24329.02,6447.109
gold,2014-03-24,2.65,2.65,2.633,2.64,2.647,-0.007,-0.2645,32179.1,8492.673
gold,2014-03-25,2.624,2.624,2.602,2.608,2.64,-0.032,-1.2121,29173.27,7605.013
gold,2014-03-26,2.623,2.623,2.609,2.614,2.608,0.006,0.2301,12539.6,3275.81
gold,2014-03-27,2.605,2.606,2.58,2.58,2.614,-0.034,-1.3007,21387.5,5546.857
gold,2014-03-28,2.574,2.588,2.573,2.588,2.58,0.008,0.3101,29384.68,7583.561
gold,2014-03-31,2.57,2.587,2.57,2.573,2.588,-0.015,-0.5796,25186.63,6495.078
gold,2014-04-01,2.564,2.564,2.552,2.555,2.573,-0.018,-0.6996,22039.89,5632.7
gold,2014-04-02,2.553,2.561,2.552,2.561,2.555,0.006,0.2348,13536.13,3460.223
gold,2014-04-03,2.571,2.581,2.57,2.573,2.561,0.012,0.4686,9675.58,2489.604
gold,2014-04-04,2.559,2.573,2.557,2.564,2.573,-0.009,-0.3498,11781.01,3018.561
gold,2014-04-08,2.58,2.607,2.58,2.606,2.564,0.042,1.6381,35538.2,9200.829
gold,2014-04-09,2.609,2.615,2.606,2.61,2.606,0.004,0.1535,20978.06,5475.162
gold,2014-04-10,2.62,2.62,2.612,2.618,2.61,0.008,0.3065,18848.68,4930.264
gold,2014-04-11,2.603,2.625,2.603,2.62,2.618,0.002,0.0764,22740.45,5963.882
gold,2014-04-14,2.629,2.649,2.629,2.649,2.62,0.029,1.1069,25168.96,6644.342
gold,2014-04-15,2.646,2.646,2.41,2.61,2.649,-0.039,-1.4723,28738.34,7557.597
gold,2014-04-16,2.585,2.59,2.573,2.59,2.61,-0.02,-0.7663,11396.84,2941.806
gold,2014-04-17,2.604,2.604,2.58,2.586,2.59,-0.004,-0.1544,18382.64,4764.124
gold,2014-04-18,2.59,2.59,2.575,2.579,2.586,-0.007,-0.2707,18044.9,4655.819
gold,2014-04-21,2.575,2.575,2.558,2.565,2.579,-0.014,-0.5428,32859.82,8420.441
gold,2014-04-22,2.561,2.579,2.561,2.577,2.565,0.012,0.4678,12109.0,3105.415
gold,2014-04-23,2.567,2.582,2.566,2.575,2.577,-0.002,-0.0776,13370.99,3434.607
gold,2014-04-24,2.575,2.577,2.567,2.573,2.575,-0.002,-0.0777,20407.02,5244.711
gold,2014-04-25,2.585,2.596,2.585,2.59,2.573,0.017,0.6607,24299.2,6295.861
gold,2014-04-28,2.613,2.635,2.613,2.631,2.59,0.041,1.583,23276.96,6117.071
gold,2014-04-29,2.628,2.628,2.599,2.603,2.631,-0.028,-1.0642,27691.18,7217.447
gold,2014-04-30,2.605,2.615,2.602,2.612,2.603,0.009,0.3458,17222.06,4493.227
gold,2014-05-05,2.632,2.634,2.616,2.624,2.612,0.012,0.4594,25404.55,6667.665
gold,2014-05-06,2.627,2.63,2.616,2.626,2.624,0.002,0.0762,11678.39,3067.458
gold,2014-05-07,2.614,2.631,2.614,2.625,2.626,-0.001,-0.0381,5624.48,1477.853
gold,2014-05-08,2.59,2.596,2.582,2.587,2.625,-0.038,-1.4476,12130.07,3140.341
gold,2014-05-09,2.592,2.592,2.58,2.588,2.587,0.001,0.0387,5999.64,1552.198
gold,2014-05-12,2.586,2.593,2.57,2.593,2.588,0.005,0.1932,14320.97,3704.24
gold,2014-05-13,2.592,2.602,2.582,2.595,2.593,0.002,0.0771,27192.04,7061.519
gold,2014-05-14,2.596,2.6,2.588,2.598,2.595,0.003,0.1156,32023.88,8319.751
gold,2014-05-15,2.61,2.612,2.602,2.61,2.598,0.012,0.4619,16353.7,4266.697
gold,2014-05-16,2.595,2.598,2.591,2.594,2.61,-0.016,-0.613,11813.01,3066.322
gold,2014-05-19,2.586,2.602,2.585,2.596,2.594,0.002,0.0771,42122.17,10938.459
gold,2014-05-20,2.596,2.596,2.592,2.593,2.596,-0.003,-0.1156,18357.64,4762.117
gold,2014-05-21,2.599,2.6,2.585,2.594,2.593,0.001,0.0386,27625.1,7171.543
gold,2014-05-22,2.591,2.598,2.59,2.597,2.594,0.003,0.1157,25542.0,6621.861
gold,2014-05-23,2.601,2.601,2.596,2.597,2.597,0.0,0.0,16422.1,4267.984
gold,2014-05-26,2.59,2.596,2.588,2.594,2.597,-0.003,-0.1155,31912.2,8276.273
gold,2014-05-27,2.594,2.596,2.585,2.589,2.594,-0.005,-0.1928,32630.0,8458.344
gold,2014-05-28,2.575,2.575,2.551,2.553,2.589,-0.036,-1.3905,41108.91,10498.565
gold,2014-05-29,2.558,2.558,2.526,2.526,2.553,-0.027,-1.0576,27692.0,7030.654
gold,2014-05-30,2.546,2.546,2.531,2.535,2.526,0.009,0.3563,19388.51,4911.852
gold,2014-06-03,2.526,2.526,2.508,2.517,2.535,-0.018,-0.7101,38742.3,9730.202
gold,2014-06-04,2.511,2.516,2.511,2.514,2.517,-0.003,-0.1192,28638.0,7197.898
gold,2014-06-05,2.515,2.515,2.509,2.51,2.514,-0.004,-0.1591,38285.0,9612.8
gold,2014-06-06,2.522,2.531,2.522,2.53,2.51,0.02,0.7968,35225.0,8901.507
gold,2014-06-09,2.531,2.531,2.52,2.522,2.53,-0.008,-0.3162,48573.0,12257.305
gold,2014-06-10,2.52,2.525,2.516,2.521,2.522,-0.001,-0.0397,40284.1,10156.587
gold,2014-06-11,2.528,2.533,2.527,2.53,2.521,0.009,0.357,81988.08,20740.983
gold,2014-06-12,2.529,2.533,2.526,2.53,2.53,0.0,0.0,70609.14,17860.61
gold,2014-06-13,2.547,2.549,2.539,2.544,2.53,0.014,0.5534,8873.01,2257.693
gold,2014-06-16,2.551,2.559,2.544,2.555,2.544,0.011,0.4324,73208.01,18651.775
gold,2014-06-17,2.55,2.552,2.534,2.536,2.555,-0.019,-0.7436,100464.24,25555.563
gold,2014-06-18,2.544,2.544,2.534,2.534,2.536,-0.002,-0.0789,62349.22,15842.72
gold,2014-06-19,2.542,2.56,2.542,2.556,2.534,0.022,0.8682,35976.87,9178.306
gold,2014-06-20,2.611,2.63,2.61,2.627,2.556,0.071,2.7778,23964.9,6288.455
gold,2014-06-23,2.604,2.638,2.604,2.637,2.627,0.01,0.3807,15936.23,4191.746
gold,2014-06-24,2.634,2.637,2.629,2.637,2.637,0.0,0.0,66346.45,17465.307
gold,2014-06-25,2.628,2.64,2.625,2.629,2.637,-0.008,-0.3034,79417.83,20874.181
gold,2014-06-26,2.62,2.638,2.62,2.631,2.629,0.002,0.0761,57511.1,15143.916
gold,2014-06-27,2.584,2.639,2.584,2.634,2.631,0.003,0.114,61766.86,16275.359
gold,2014-06-30,2.634,2.639,2.62,2.629,2.634,-0.005,-0.1898,23016.84,6058.112
gold,2014-07-01,2.639,2.645,2.635,2.638,2.629,0.009,0.3423,17405.53,4597.187
gold,2014-07-02,2.64,2.647,2.639,2.644,2.638,0.006,0.2274,4279.0,1131.128
gold,2014-07-03,2.633,2.646,2.633,2.638,2.644,-0.006,-0.2269,17555.01,4633.663
gold,2014-07-04,2.63,2.638,2.63,2.635,2.638,-0.003,-0.1137,10874.48,2862.7
gold,2014-07-07,2.631,2.631,2.615,2.617,2.635,-0.018,-0.6831,9428.78,2470.347
gold,2014-07-08,2.622,2.634,2.62,2.629,2.617,0.012,0.4585,10329.26,2709.638
gold,2014-07-09,2.619,2.637,2.619,2.633,2.629,0.004,0.1521,5641.52,1483.841
gold,2014-07-10,2.642,2.66,2.642,2.645,2.633,0.012,0.4558,12503.71,3309.057
gold,2014-07-11,2.667,2.672,2.651,2.669,2.645,0.024,0.9074,19526.12,5210.375
gold,2014-07-14,2.671,2.672,2.63,2.63,2.669,-0.039,-1.4612,14186.01,3762.691
gold,2014-07-15,2.609,2.612,2.603,2.61,2.63,-0.02,-0.7605,16586.27,4323.467
gold,2014-07-16,2.609,2.609,2.59,2.591,2.61,-0.019,-0.728,16156.86,4188.286
gold,2014-07-17,2.594,2.61,2.594,2.604,2.591,0.013,0.5017,7199.11,1875.007
gold,2014-07-18,2.626,2.639,2.616,2.62,2.604,0.016,0.6144,30321.58,7960.965
gold,2014-07-21,2.618,2.62,2.612,2.62,2.62,0.0,0.0,100128.41,26192.204
gold,2014-07-22,2.62,2.62,2.603,2.608,2.62,-0.012,-0.458,58879.76,15384.55
gold,2014-07-23,2.604,2.608,2.603,2.605,2.608,-0.003,-0.115,54853.01,14293.943
gold,2014-07-24,2.603,2.603,2.582,2.59,2.605,-0.015,-0.5758,98657.0,25568.755
gold,2014-07-25,2.58,2.58,2.569,2.579,2.59,-0.011,-0.4247,53079.03,13664.622
gold,2014-07-28,2.59,2.601,2.59,2.598,2.579,0.019,0.7367,52683.26,13678.651
gold,2014-07-29,2.595,2.604,2.595,2.596,2.598,-0.002,-0.077,27817.35,7225.782
gold,2014-07-30,2.58,2.593,2.575,2.585,2.596,-0.011,-0.4237,4052.0,1047.988
gold,2014-07-31,2.58,2.581,2.57,2.577,2.585,-0.008,-0.3095,23750.0,6121.794
gold,2014-08-01,2.575,2.576,2.553,2.56,2.577,-0.017,-0.6597,10596.0,2710.401
gold,2014-08-04,2.584,2.584,2.571,2.578,2.56,0.018,0.7031,4179.79,1075.555
gold,2014-08-05,2.57,2.573,2.563,2.571,2.578,-0.007,-0.2715,6954.66,1785.346
gold,2014-08-06,2.59,2.59,2.568,2.571,2.571,0.0,0.0,10529.26,2705.492
gold,2014-08-07,2.589,2.598,2.589,2.592,2.571,0.021,0.8168,18952.62,4917.417
gold,2014-08-08,2.598,2.621,2.596,2.616,2.592,0.024,0.9259,43632.85,11387.382
gold,2014-08-11,2.616,2.616,2.59,2.596,2.616,-0.02,-0.7645,25976.0,6739.978
gold,2014-08-12,2.598,2.599,2.592,2.598,2.596,0.002,0.077,11999.0,3114.88
gold,2014-08-13,2.595,2.6,2.593,2.598,2.598,0.0,0.0,29626.95,7690.039
gold,2014-08-14,2.605,2.605,2.597,2.598,2.598,0.0,0.0,27938.24,7262.541
gold,2014-08-15,2.599,2.601,2.596,2.599,2.598,0.001,0.0385,10891.62,2829.848
gold,2014-08-18,2.58,2.581,2.558,2.578,2.599,-0.021,-0.808,10500.0,2705.082
gold,2014-08-19,2.57,2.575,2.562,2.572,2.578,-0.006,-0.2327,10641.8,2737.088
gold,2014-08-20,2.572,2.572,2.566,2.569,2.572,-0.003,-0.1166,9767.0,2507.434
gold,2014-08-21,2.568,2.568,2.538,2.543,2.569,-0.026,-1.0121,26581.51,6776.161
gold,2014-08-22,2.543,2.544,2.535,2.544,2.543,0.001,0.0393,11282.0,2865.072
gold,2014-08-25,2.545,2.545,2.536,2.537,2.544,-0.007,-0.2752,13336.0,3385.826
gold,2014-08-26,2.547,2.557,2.535,2.557,2.537,0.02,0.7883,23249.4,5911.241
gold,2014-08-27,2.553,2.553,2.544,2.549,2.557,-0.008,-0.3129,7072.6,1802.438
gold,2014-08-28,2.545,2.554,2.54,2.551,2.549,0.002,0.0785,9606.27,2447.884
gold,2014-08-29,2.559,2.559,2.549,2.554,2.551,0.003,0.1176,11706.78,2987.678
gold,2014-09-01,2.551,2.554,2.545,2.549,2.554,-0.005,-0.1958,5649.29,1440.064
gold,2014-09-02,2.553,2.553,2.531,2.533,2.549,-0.016,-0.6277,46405.0,11783.731
gold,2014-09-03,2.528,2.528,2.513,2.524,2.533,-0.009,-0.3553,54409.0,13707.045
gold,2014-09-04,2.524,2.528,2.517,2.521,2.524,-0.003,-0.1189,168597.1,42515.719
gold,2014-09-05,2.515,2.519,2.509,2.516,2.521,-0.005,-0.1983,262868.21,66067.546
gold,2014-09-09,2.512,2.512,2.494,2.498,2.516,-0.018,-0.7154,202788.0,50662.093
gold,2014-09-10,2.493,2.495,2.48,2.49,2.498,-0.008,-0.3203,179445.72,44673.885
gold,2014-09-11,2.486,2.486,2.473,2.479,2.49,-0.011,-0.4418,101090.0,25035.756
gold,2014-09-12,2.468,2.468,2.452,2.464,2.479,-0.015,-0.6051,76675.69,18847.924
gold,2014-09-15,2.455,2.459,2.45,2.458,2.464,-0.006,-0.2435,273779.0,67169.731
gold,2014-09-16,2.465,2.465,2.455,2.458,2.458,0.0,0.0,310966.53,76523.491
gold,2014-09-17,2.46,2.462,2.456,2.459,2.458,0.001,0.0407,273200.47,67175.369
gold,2014-09-18,2.439,2.439,2.433,2.435,2.459,-0.024,-0.976,223702.93,54482.617
gold,2014-09-19,2.431,2.439,2.426,2.434,2.435,-0.001,-0.0411,179904.36,43748.253
gold,2014-09-22,2.422,2.426,2.4,2.406,2.434,-0.028,-1.1504,217507.07,52316.554
gold,2014-09-23,2.41,2.414,2.407,2.411,2.406,0.005,0.2078,217956.34,52561.262
gold,2014-09-24,2.416,2.42,2.412,2.418,2.411,0.007,0.2903,222996.28,53898.611
gold,2014-09-25,2.409,2.412,2.399,2.402,2.418,-0.016,-0.6617,168377.35,40515.502
gold,2014-09-26,2.418,2.435,2.416,2.429,2.402,0.027,1.1241,235222.17,56996.147
gold,2014-09-29,2.425,2.425,2.416,2.424,2.429,-0.005,-0.2058,213132.5,51594.602
gold,2014-09-30,2.424,2.433,2.421,2.429,2.424,0.005,0.2063,190490.36,46165.323
gold,2014-10-08,2.418,2.419,2.412,2.418,2.429,-0.011,-0.4529,67807.78,16376.928
gold,2014-10-09,2.429,2.434,2.423,2.431,2.418,0.013,0.5376,254933.0,61881.419
gold,2014-10-10,2.433,2.433,2.423,2.424,2.431,-0.007,-0.2879,135564.08,32883.174
gold,2014-10-13,2.436,2.449,2.432,2.441,2.424,0.017,0.7013,230286.88,56171.706
gold,2014-10-14,2.443,2.448,2.441,2.444,2.441,0.003,0.1229,198355.0,48483.914
gold,2014-10-15,2.44,2.44,2.427,2.428,2.444,-0.016,-0.6547,221777.56,53879.822
gold,2014-10-16,2.442,2.454,2.442,2.446,2.428,0.018,0.7414,203947.0,49964.049
gold,2014-10-17,2.449,2.453,2.444,2.449,2.446,0.003,0.1226,120897.76,29608.112
gold,2014-10-20,2.449,2.451,2.441,2.448,2.449,-0.001,-0.0408,105835.0,25874.114
gold,2014-10-21,2.453,2.463,2.453,2.461,2.448,0.013,0.531,60108.1,14781.606
gold,2014-10-22,2.461,2.465,2.46,2.464,2.461,0.003,0.1219,73536.99,18108.452
gold,2014-10-23,2.454,2.455,2.445,2.448,2.464,-0.016,-0.6494,107892.02,26456.091
gold,2014-10-24,2.435,2.435,2.424,2.431,2.448,-0.017,-0.6944,109975.0,26696.022
gold,2014-10-27,2.435,2.439,2.426,2.427,2.431,-0.004,-0.1645,100759.0,24468.959
gold,2014-10-28,2.425,2.428,2.421,2.422,2.427,-0.005,-0.206,78638.1,19063.946
gold,2014-10-29,2.423,2.429,2.423,2.428,2.422,0.006,0.2477,90717.53,22021.128
gold,2014-10-30,2.417,2.417,2.39,2.396,2.428,-0.032,-1.318,151145.99,36300.268
gold,2014-10-31,2.388,2.388,2.347,2.349,2.396,-0.047,-1.9616,169083.13,40005.843
gold,2014-11-03,2.315,2.319,2.308,2.319,2.349,-0.03,-1.2771,152418.99,35264.258
gold,2014-11-04,2.316,2.317,2.31,2.316,2.319,-0.003,-0.1294,129387.0,29926.659
gold,2014-11-05,2.312,2.313,2.267,2.272,2.316,-0.044,-1.8998,206141.0,47370.109
gold,2014-11-06,2.265,2.268,2.25,2.262,2.272,-0.01,-0.4401,164490.52,37158.326
gold,2014-11-07,2.251,2.261,2.24,2.258,2.262,-0.004,-0.1768,183520.01,41308.733
gold,2014-11-10,2.309,2.312,2.296,2.305,2.258,0.047,2.0815,227297.39,52380.954
gold,2014-11-11,2.289,2.289,2.268,2.271,2.305,-0.034,-1.4751,169198.0,38523.319
gold,2014-11-12,2.285,2.307,2.285,2.303,2.271,0.032,1.4091,210012.53,48270.458
gold,2014-11-13,2.294,2.301,2.29,2.293,2.303,-0.01,-0.4342,227808.29,52292.632
gold,2014-11-14,2.292,2.297,2.275,2.282,2.293,-0.011,-0.4797,307421.76,70410.874
gold,2014-11-17,2.325,2.343,2.325,2.335,2.282,0.053,2.3225,366245.77,85561.645
gold,2014-11-18,2.331,2.342,2.331,2.34,2.335,0.005,0.2141,278453.0,65109.209
gold,2014-11-19,2.35,2.353,2.348,2.35,2.34,0.01,0.4274,241779.97,56835.86
gold,2014-11-20,2.32,2.346,2.32,2.33,2.35,-0.02,-0.8511,257053.38,59914.774
gold,2014-11-21,2.341,2.353,2.341,2.349,2.33,0.019,0.8155,251355.46,59045.424
gold,2014-11-24,2.352,2.366,2.352,2.359,2.349,0.01,0.4257,256202.13,60513.335
gold,2014-11-25,2.359,2.364,2.359,2.361,2.359,0.002,0.0848,266381.04,62895.039
gold,2014-11-26,2.365,2.367,2.361,2.363,2.361,0.002,0.0847,304733.0,72031.616
gold,2014-11-27,2.365,2.37,2.351,2.369,2.363,0.006,0.2539,281140.5,66453.996
gold,2014-11-28,2.358,2.358,2.35,2.353,2.369,-0.016,-0.6754,247461.48,58235.903
gold,2014-12-01,2.305,2.309,2.295,2.302,2.353,-0.051,-2.1674,387141.71,88977.129
gold,2014-12-02,2.36,2.392,2.36,2.39,2.302,0.088,3.8228,262537.78,62483.749
gold,2014-12-03,2.384,2.387,2.37,2.384,2.39,-0.006,-0.251,265889.84,63357.462
gold,2014-12-04,2.392,2.397,2.389,2.392,2.384,0.008,0.3356,282733.02,67684.517
gold,2014-12-05,2.392,2.395,2.389,2.394,2.392,0.002,0.0836,364640.54,87217.859
gold,2014-12-08,2.386,2.386,2.371,2.373,2.394,-0.021,-0.8772,602434.64,143363.259
gold,2014-12-09,2.381,2.41,2.381,2.408,2.373,0.035,1.4749,571829.04,136954.1
gold,2014-12-10,2.445,2.468,2.445,2.463,2.408,0.055,2.2841,892548.79,219297.49
gold,2014-12-11,2.462,2.462,2.439,2.441,2.463,-0.022,-0.8932,705538.03,172993.104
gold,2014-12-12,2.439,2.447,2.432,2.434,2.441,-0.007,-0.2868,925029.21,225886.751
gold,2014-12-15,2.43,2.439,2.42,2.437,2.434,0.003,0.1233,582949.85,141790.925
gold,2014-12-16,2.408,2.408,2.393,2.404,2.437,-0.033,-1.3541,591978.87,142234.939
gold,2014-12-17,2.393,2.407,2.393,2.401,2.404,-0.003,-0.1248,647462.92,155493.872
gold,2014-12-18,2.401,2.43,2.395,2.409,2.401,0.008,0.3332,589126.91,142252.137
gold,2014-12-19,2.407,2.417,2.405,2.414,2.409,0.005,0.2076,758457.2,183012.912
gold,2014-12-22,2.413,2.415,2.409,2.409,2.414,-0.005,-0.2071,468490.11,113049.782
gold,2014-12-23,2.394,2.394,2.379,2.38,2.409,-0.029,-1.2038,67924.98,16179.588
gold,2014-12-24,2.381,2.381,2.373,2.378,2.38,-0.002,-0.084,231393.56,55020.404
gold,2014-12-25,2.374,2.379,2.37,2.376,2.378,-0.002,-0.0841,590743.55,140313.021
gold,2014-12-26,2.37,2.393,2.37,2.386,2.376,0.01,0.4209,445413.76,106291.992
gold,2014-12-29,2.4,2.409,2.398,2.406,2.386,0.02,0.8382,506152.76,121636.766
gold,2014-12-30,2.391,2.396,2.386,2.388,2.406,-0.018,-0.7481,846335.68,202410.187
gold,2014-12-31,2.411,2.417,2.41,2.412,2.388,0.024,1.005,337088.04,81366.36
gold,2015-01-05,2.413,2.416,2.401,2.414,2.412,0.002,0.0829,33343.78,8029.822
gold,2015-01-06,2.416,2.437,2.416,2.435,2.414,0.021,0.8699,40664.54,9863.874
gold,2015-01-07,2.442,2.452,2.435,2.445,2.435,0.01,0.4107,93235.08,22801.209
gold,2015-01-08,2.445,2.445,2.428,2.431,2.445,-0.014,-0.5726,176781.76,43077.253
gold,2015-01-09,2.431,2.441,2.431,2.439,2.431,0.008,0.3291,199429.86,48602.628
gold,2015-01-12,2.456,2.466,2.451,2.458,2.439,0.019,0.779,364325.22,89516.166
gold,2015-01-13,2.472,2.48,2.47,2.471,2.458,0.013,0.5289,104516.5,25880.898
gold,2015-01-14,2.472,2.475,2.451,2.466,2.471,-0.005,-0.2023,104262.11,25655.685
gold,2015-01-15,2.46,2.466,2.456,2.462,2.466,-0.004,-0.1622,71516.0,17603.03
gold,2015-01-16,2.506,2.519,2.506,2.518,2.462,0.056,2.2746,112684.03,28346.642
gold,2015-01-19,2.549,2.572,2.549,2.567,2.518,0.049,1.946,105121.83,26980.973
gold,2015-01-20,2.6,2.6,2.552,2.57,2.567,0.003,0.1169,93652.28,24046.387
gold,2015-01-21,2.598,2.623,2.598,2.62,2.57,0.05,1.9455,80177.8,20930.791
gold,2015-01-22,2.599,2.6,2.58,2.589,2.62,-0.031,-1.1832,80490.02,20852.3
gold,2015-01-23,2.597,2.61,2.597,2.607,2.589,0.018,0.6952,53614.36,13972.48
gold,2015-01-26,2.609,2.616,2.603,2.609,2.607,0.002,0.0767,512699.42,133775.063
gold,2015-01-27,2.59,2.591,2.578,2.589,2.609,-0.02,-0.7666,246700.07,63746.706
gold,2015-01-28,2.605,2.605,2.596,2.598,2.589,0.009,0.3476,27584.1,7173.378
gold,2015-01-29,2.59,2.592,2.581,2.585,2.598,-0.013,-0.5004,17435.0,4505.796
gold,2015-01-30,2.563,2.563,2.511,2.542,2.585,-0.043,-1.6634,512764.0,130202.184
gold,2015-02-02,2.58,2.591,2.58,2.586,2.542,0.044,1.7309,233206.0,60372.961
gold,2015-02-03,2.575,2.589,2.574,2.588,2.586,0.002,0.0773,173179.0,44632.374
gold,2015-02-04,2.559,2.56,2.547,2.56,2.588,-0.028,-1.0819,56298.17,14386.953
gold,2015-02-05,2.563,2.577,2.563,2.576,2.56,0.016,0.625,20872.0,5369.595
gold,2015-02-06,2.56,2.566,2.551,2.564,2.576,-0.012,-0.4658,17998.27,4603.36
gold,2015-02-09,2.539,2.539,2.499,2.504,2.564,-0.06,-2.3401,229841.54,57569.24
gold,2015-02-10,2.504,2.516,2.503,2.514,2.504,0.01,0.3994,104430.0,26206.933
gold,2015-02-11,2.506,2.508,2.502,2.504,2.514,-0.01,-0.3978,31058.75,7778.863
gold,2015-02-12,2.493,2.493,2.475,2.479,2.504,-0.025,-0.9984,30867.0,7649.343
gold,2015-02-13,2.479,2.497,2.479,2.496,2.479,0.017,0.6858,267095.0,66360.738
gold,2015-02-16,2.499,2.499,2.494,2.498,2.496,0.002,0.0801,29501.0,7364.557
gold,2015-02-17,2.498,2.499,2.486,2.488,2.498,-0.01,-0.4003,274851.0,68573.205
gold,2015-02-25,2.48,2.48,2.458,2.466,2.488,-0.022,-0.8842,275515.0,67933.946
gold,2015-02-26,2.462,2.466,2.456,2.464,2.466,-0.002,-0.0811,44691.01,10996.853
gold,2015-02-27,2.467,2.469,2.459,2.465,2.464,0.001,0.0406,289823.0,71507.294
gold,2015-03-02,2.472,2.487,2.472,2.485,2.465,0.02,0.8114,50211.52,12456.56
gold,2015-03-03,2.474,2.474,2.443,2.467,2.485,-0.018,-0.7243,488599.0,120225.156
gold,2015-03-04,2.468,2.468,2.458,2.459,2.467,-0.008,-0.3243,460599.0,113300.42
gold,2015-03-05,2.457,2.457,2.446,2.449,2.459,-0.01,-0.4067,456516.0,111893.124
gold,2015-03-06,2.445,2.445,2.435,2.439,2.449,-0.01,-0.4083,469367.0,114429.46
gold,2015-03-09,2.384,2.392,2.38,2.389,2.439,-0.05,-2.05,678355.0,161791.917
gold,2015-03-10,2.382,2.384,2.363,2.368,2.389,-0.021,-0.879,472611.0,112415.434
gold,2015-03-11,2.368,2.37,2.364,2.369,2.368,0.001,0.0422,490002.0,116030.755
gold,2015-03-12,2.36,2.374,2.349,2.372,2.369,0.003,0.1266,474819.66,111650.609
gold,2015-03-13,2.368,2.368,2.357,2.359,2.372,-0.013,-0.5481,409180.0,96646.456
gold,2015-03-16,2.357,2.374,2.356,2.374,2.359,0.015,0.6359,485224.84,114710.872
gold,2015-03-17,2.364,2.364,2.354,2.358,2.374,-0.016,-0.674,668908.08,157768.166
gold,2015-03-18,2.353,2.353,2.339,2.341,2.358,-0.017,-0.7209,630025.35,147771.592
gold,2015-03-19,2.37,2.373,2.36,2.363,2.341,0.022,0.9398,677691.85,160375.079
gold,2015-03-20,2.365,2.365,2.354,2.354,2.363,-0.009,-0.3809,675293.78,159179.319
gold,2015-03-23,2.369,2.375,2.368,2.374,2.354,0.02,0.8496,596735.31,141436.826
gold,2015-03-24,2.38,2.384,2.376,2.383,2.374,0.009,0.3791,545098.53,129643.163
gold,2015-03-25,2.383,2.384,2.377,2.381,2.383,-0.002,-0.0839,564735.27,134560.044
gold,2015-03-26,2.389,2.405,2.386,2.404,2.381,0.023,0.966,545584.04,130711.947
gold,2015-03-27,2.404,2.408,2.397,2.406,2.404,0.002,0.0832,537158.77,129108.183
gold,2015-03-30,2.398,2.398,2.38,2.38,2.406,-0.026,-1.0806,516803.88,123163.79
gold,2015-03-31,2.369,2.371,2.359,2.366,2.38,-0.014,-0.5882,484022.29,114299.745
gold,2015-04-01,2.366,2.375,2.365,2.371,2.366,0.005,0.2113,479756.05,113816.858
gold,2015-04-02,2.391,2.397,2.386,2.397,2.371,0.026,1.0966,565712.98,135355.739
gold,2015-04-03,2.382,2.392,2.381,2.392,2.397,-0.005,-0.2086,540597.64,128994.304
gold,2015-04-07,2.406,2.407,2.401,2.407,2.392,0.015,0.6271,499490.57,120037.598
gold,2015-04-08,2.401,2.409,2.4,2.408,2.407,0.001,0.0415,528534.13,127055.349
gold,2015-04-09,2.396,2.396,2.383,2.385,2.408,-0.023,-0.9551,530266.41,126661.767
gold,2015-04-10,2.381,2.387,2.372,2.384,2.385,-0.001,-0.0419,507890.17,120923.305
gold,2015-04-13,2.393,2.405,2.392,2.394,2.384,0.01,0.4195,525147.17,125871.929
gold,2015-04-14,2.39,2.39,2.369,2.374,2.394,-0.02,-0.8354,506363.47,120865.316
gold,2015-04-15,2.373,2.378,2.364,2.368,2.374,-0.006,-0.2527,522203.95,123803.395
gold,2015-04-16,2.383,2.387,2.378,2.386,2.368,0.018,0.7601,510264.9,121548.444
gold,2015-04-17,2.38,2.395,2.376,2.395,2.386,0.009,0.3772,527803.61,125883.424
gold,2015-04-20,2.393,2.418,2.393,2.417,2.395,0.022,0.9186,568657.38,136526.551
gold,2015-04-21,2.408,2.408,2.394,2.399,2.417,-0.018,-0.7447,526859.59,126420.923
gold,2015-04-22,2.401,2.413,2.4,2.411,2.399,0.012,0.5002,530807.03,127626.472
gold,2015-04-23,2.392,2.398,2.384,2.39,2.411,-0.021,-0.871,1631424.06,390140.015
gold,2015-04-24,2.393,2.41,2.391,2.399,2.39,0.009,0.3766,452693.66,108339.456
gold,2015-04-27,2.369,2.388,2.369,2.376,2.399,-0.023,-0.9587,459566.22,109525.576
gold,2015-04-28,2.396,2.401,2.392,2.398,2.376,0.022,0.9259,115330.75,27648.095
gold,2015-04-29,2.405,2.413,2.403,2.411,2.398,0.013,0.5421,163897.09,39507.822
gold,2015-04-30,2.409,2.412,2.406,2.409,2.411,-0.002,-0.083,55609.0,13396.72
gold,2015-05-04,2.381,2.39,2.381,2.385,2.409,-0.024,-0.9963,135337.16,32256.213
gold,2015-05-05,2.389,2.389,2.379,2.381,2.385,-0.004,-0.1677,70223.86,16734.653
gold,2015-05-06,2.387,2.387,2.381,2.383,2.381,0.002,0.084,93910.0,22391.846
gold,2015-05-07,2.38,2.38,2.351,2.358,2.383,-0.025,-1.0491,99382.66,23503.031
gold,2015-05-08,2.359,2.369,2.356,2.369,2.358,0.011,0.4665,99077.3,23425.721
gold,2015-05-11,2.37,2.377,2.369,2.377,2.369,0.008,0.3377,97442.56,23129.524
gold,2015-05-12,2.374,2.377,2.37,2.376,2.377,-0.001,-0.0421,93734.35,22251.842
gold,2015-05-13,2.383,2.385,2.376,2.384,2.376,0.008,0.3367,99689.14,23743.55
gold,2015-05-14,2.41,2.422,2.406,2.42,2.384,0.036,1.5101,156352.96,37722.975
gold,2015-05-15,2.422,2.429,2.415,2.425,2.42,0.005,0.2066,114052.92,27619.114
gold,2015-05-18,2.424,2.46,2.421,2.452,2.425,0.027,1.1134,153457.55,37477.404
gold,2015-05-19,2.452,2.452,2.427,2.433,2.452,-0.019,-0.7749,53506.79,13020.152
gold,2015-05-20,2.4,2.41,2.398,2.406,2.433,-0.027,-1.1097,114439.0,27530.942
gold,2015-05-21,2.408,2.41,2.406,2.407,2.406,0.001,0.0416,42661.26,10271.555
gold,2015-05-22,2.404,2.412,2.4,2.411,2.407,0.004,0.1662,90659.43,21815.237
gold,2015-05-25,2.411,2.423,2.406,2.423,2.411,0.012,0.4977,96582.04,23308.971
gold,2015-05-26,2.418,2.429,2.409,2.41,2.423,-0.013,-0.5365,153326.42,37079.267
gold,2015-05-27,2.401,2.401,2.387,2.394,2.41,-0.016,-0.6639,110710.07,26495.227
gold,2015-05-28,2.39,2.396,2.389,2.391,2.394,-0.003,-0.1253,127948.54,30614.871
gold,2015-05-29,2.389,2.389,2.379,2.381,2.391,-0.01,-0.4182,45372.18,10809.497
gold,2015-06-01,2.383,2.388,2.377,2.385,2.381,0.004,0.168,114657.0,27313.352
gold,2015-06-02,2.382,2.383,2.377,2.379,2.385,-0.006,-0.2516,85927.59,20444.58
gold,2015-06-03,2.379,2.382,2.369,2.37,2.379,-0.009,-0.3783,119651.0,28434.03
gold,2015-06-04,2.359,2.366,2.357,2.363,2.37,-0.007,-0.2954,72022.0,17003.727
gold,2015-06-05,2.363,2.371,2.361,2.368,2.363,0.005,0.2116,153325.21,36302.349
gold,2015-06-08,2.37,2.374,2.359,2.369,2.368,0.001,0.0422,170982.0,40449.707
gold,2015-06-09,2.367,2.371,2.365,2.366,2.369,-0.003,-0.1266,125645.95,29755.357
gold,2015-06-10,2.368,2.371,2.36,2.371,2.366,0.005,0.2113,175909.99,41628.171
gold,2015-06-11,2.372,2.377,2.366,2.371,2.371,0.0,0.0,246996.75,58589.8
gold,2015-06-12,2.37,2.379,2.368,2.375,2.371,0.004,0.1687,232343.52,55138.09
gold,2015-06-15,2.377,2.377,2.366,2.372,2.375,-0.003,-0.1263,268024.5,63572.593
gold,2015-06-16,2.375,2.375,2.365,2.368,2.372,-0.004,-0.1686,105252.0,24961.202
gold,2015-06-17,2.367,2.367,2.353,2.361,2.368,-0.007,-0.2956,248764.08,58704.432
gold,2015-06-18,2.365,2.369,2.349,2.36,2.361,-0.001,-0.0424,317469.02,75029.797
gold,2015-06-19,2.373,2.375,2.361,2.364,2.36,0.004,0.1695,132602.01,31404.406
gold,2015-06-23,2.359,2.359,2.346,2.354,2.364,-0.01,-0.423,390011.0,91696.94
gold,2015-06-24,2.354,2.364,2.344,2.363,2.354,0.009,0.3823,862092.87,203146.954
gold,2015-06-25,2.357,2.365,2.356,2.359,2.363,-0.004,-0.1693,538110.0,127023.47
gold,2015-06-26,2.358,2.364,2.35,2.353,2.359,-0.006,-0.2543,452069.26,106667.987
gold,2015-06-29,2.354,2.359,2.347,2.355,2.353,0.002,0.085,133702.33,31440.138
gold,2015-06-30,2.353,2.354,2.331,2.346,2.355,-0.009,-0.3822,84753.52,19846.464
gold,2015-07-01,2.343,2.35,2.341,2.349,2.346,0.003,0.1279,45589.65,10689.574
gold,2015-07-02,2.331,2.338,2.32,2.33,2.349,-0.019,-0.8089,62826.52,14610.841
gold,2015-07-03,2.33,2.33,2.306,2.312,2.33,-0.018,-0.7725,50645.79,11727.606
gold,2015-07-06,2.315,2.336,2.315,2.33,2.312,0.018,0.7785,56655.92,13170.508
gold,2015-07-07,2.326,2.328,2.307,2.313,2.33,-0.017,-0.7296,51654.7,11958.488
gold,2015-07-08,2.296,2.296,2.231,2.236,2.313,-0.077,-3.329,101844.0,22848.882
gold,2015-07-09,2.236,2.347,2.236,2.315,2.236,0.079,3.5331,54197.19,12405.056
gold,2015-07-10,2.298,2.329,2.26,2.301,2.315,-0.014,-0.6048,112869.43,26117.882
gold,2015-07-13,2.301,2.313,2.292,2.31,2.301,0.009,0.3911,31793.0,7335.157
gold,2015-07-14,2.308,2.313,2.303,2.309,2.31,-0.001,-0.0433,32643.78,7537.934
gold,2015-07-15,2.305,2.313,2.303,2.307,2.309,-0.002,-0.0866,29049.2,6703.616
gold,2015-07-16,2.299,2.304,2.281,2.299,2.307,-0.008,-0.3468,23071.76,5295.28
gold,2015-07-17,2.299,2.3,2.28,2.299,2.299,0.0,0.0,28070.83,6446.367
gold,2015-07-20,2.288,2.288,2.231,2.243,2.299,-0.056,-2.4358,306390.0,68725.368
gold,2015-07-21,2.233,2.233,2.222,2.226,2.243,-0.017,-0.7579,426488.65,94931.292
gold,2015-07-22,2.221,2.223,2.2,2.204,2.226,-0.022,-0.9883,146467.01,32358.798
gold,2015-07-23,2.203,2.214,2.201,2.209,2.204,0.005,0.2269,73391.32,16214.168
gold,2015-07-24,2.191,2.193,2.176,2.186,2.209,-0.023,-1.0412,146071.76,31892.749
gold,2015-07-27,2.189,2.215,2.188,2.213,2.186,0.027,1.2351,167699.62,36885.627
gold,2015-07-28,2.201,2.201,2.183,2.192,2.213,-0.021,-0.9489,92131.21,20159.39
gold,2015-07-29,2.192,2.199,2.188,2.197,2.192,0.005,0.2281,32152.78,7051.869
gold,2015-07-30,2.197,2.198,2.177,2.18,2.197,-0.017,-0.7738,66940.0,14643.082
gold,2015-07-31,2.179,2.18,2.161,2.167,2.18,-0.013,-0.5963,87751.0,19017.914
gold,2015-08-03,2.177,2.19,2.174,2.189,2.167,0.022,1.0152,90613.49,19789.305
gold,2015-08-04,2.168,2.181,2.165,2.18,2.189,-0.009,-0.4111,35476.54,7716.406
gold,2015-08-05,2.178,2.181,2.174,2.177,2.18,-0.003,-0.1376,34918.12,7600.229
gold,2015-08-06,2.177,2.178,2.173,2.177,2.177,0.0,0.0,22249.11,4841.778
gold,2015-08-07,2.18,2.188,2.177,2.187,2.177,0.01,0.4593,41330.11,9018.348
gold,2015-08-10,2.19,2.196,2.188,2.195,2.187,0.008,0.3658,75338.0,16514.529
gold,2015-08-11,2.207,2.253,2.202,2.251,2.195,0.056,2.5513,279203.29,62431.353
gold,2015-08-12,2.278,2.329,2.257,2.327,2.251,0.076,3.3763,401911.32,92480.399
gold,2015-08-13,2.35,2.364,2.298,2.315,2.327,-0.012,-0.5157,332521.87,77312.069
gold,2015-08-14,2.292,2.3,2.285,2.299,2.315,-0.016,-0.6911,186174.24,42664.333
gold,2015-08-17,2.295,2.304,2.291,2.301,2.299,0.002,0.087,112092.0,25738.445
gold,2015-08-18,2.305,2.311,2.298,2.302,2.301,0.001,0.0435,97882.56,22551.482
gold,2015-08-19,2.299,2.311,2.288,2.31,2.302,0.008,0.3475,52132.75,11996.758
gold,2015-08-20,2.338,2.373,2.335,2.346,2.31,0.036,1.5584,170051.44,39930.381
gold,2015-08-21,2.395,2.433,2.385,2.39,2.346,0.044,1.8755,278962.93,66964.256
gold,2015-08-24,2.391,2.48,2.376,2.381,2.39,-0.009,-0.3766,617159.67,149258.552
gold,2015-08-25,2.399,2.428,2.367,2.368,2.381,-0.013,-0.546,256393.05,61309.303
gold,2015-08-26,2.349,2.358,2.31,2.349,2.368,-0.019,-0.8024,229947.03,53865.323
gold,2015-08-27,2.321,2.34,2.32,2.322,2.349,-0.027,-1.1494,120835.54,28114.613
gold,2015-08-28,2.327,2.342,2.323,2.333,2.322,0.011,0.4737,150066.58,34980.308
gold,2015-08-31,2.335,2.344,2.331,2.339,2.333,0.006,0.2572,110083.62,25738.415
gold,2015-09-01,2.35,2.362,2.346,2.354,2.339,0.015,0.6413,114696.81,26974.342
gold,2015-09-02,2.354,2.369,2.32,2.351,2.354,-0.003,-0.1274,72884.91,17109.854
gold,2015-09-07,2.328,2.328,2.31,2.313,2.351,-0.038,-1.6163,56620.26,13105.788
gold,2015-09-08,2.304,2.311,2.3,2.303,2.313,-0.01,-0.4323,70381.5,16227.442
gold,2015-09-09,2.307,2.317,2.307,2.313,2.303,0.01,0.4342,68134.48,15766.358
gold,2015-09-10,2.281,2.293,2.281,2.286,2.313,-0.027,-1.1673,100227.0,22919.149
gold,2015-09-11,2.294,2.294,2.285,2.287,2.286,0.001,0.0437,47939.17,10976.045
gold,2015-09-14,2.287,2.288,2.281,2.282,2.287,-0.005,-0.2186,67567.57,15441.054
gold,2015-09-15,2.282,2.284,2.279,2.28,2.282,-0.002,-0.0876,37388.62,8527.454
gold,2015-09-16,2.272,2.28,2.271,2.277,2.28,-0.003,-0.1316,45389.2,10328.036
gold,2015-09-17,2.306,2.308,2.302,2.305,2.277,0.028,1.2297,100170.39,23085.698
gold,2015-09-18,2.328,2.328,2.316,2.318,2.305,0.013,0.564,77967.0,18089.716
gold,2015-09-21,2.329,2.351,2.329,2.347,2.318,0.029,1.2511,100459.41,23511.925
gold,2015-09-22,2.338,2.344,2.332,2.333,2.347,-0.014,-0.5965,45774.57,10691.562
gold,2015-09-23,2.319,2.335,2.311,2.326,2.333,-0.007,-0.3,42303.62,9812.636
gold,2015-09-24,2.333,2.345,2.333,2.344,2.326,0.018,0.7739,102624.01,23988.839
gold,2015-09-25,2.369,2.373,2.355,2.359,2.344,0.015,0.6399,70613.92,16699.018
gold,2015-09-28,2.345,2.359,2.341,2.345,2.359,-0.014,-0.5935,55244.46,12995.439
gold,2015-09-29,2.34,2.34,2.308,2.314,2.345,-0.031,-1.322,58124.56,13530.431
gold,2015-09-30,2.306,2.314,2.305,2.314,2.314,0.0,0.0,40311.26,9309.255
gold,2015-10-08,2.335,2.347,2.335,2.346,2.314,0.032,1.3829,1674430.14,392150.359
gold,2015-10-09,2.34,2.357,2.335,2.35,2.346,0.004,0.1705,59069.58,13874.811
gold,2015-10-12,2.37,2.377,2.36,2.375,2.35,0.025,1.0638,126510.99,29931.349
gold,2015-10-13,2.368,2.368,2.35,2.361,2.375,-0.014,-0.5895,125467.7,29581.321
gold,2015-10-14,2.382,2.397,2.382,2.397,2.361,0.036,1.5248,112470.37,26881.521
gold,2015-10-15,2.415,2.419,2.406,2.407,2.397,0.01,0.4172,103282.5,24894.03
gold,2015-10-16,2.403,2.406,2.395,2.402,2.407,-0.005,-0.2077,115075.56,27639.146
gold,2015-10-19,2.4,2.403,2.393,2.398,2.402,-0.004,-0.1665,52707.75,12629.119
gold,2015-10-20,2.39,2.395,2.385,2.393,2.398,-0.005,-0.2085,64542.14,15421.362
gold,2015-10-21,2.4,2.408,2.398,2.399,2.393,0.006,0.2507,58241.4,13990.908
gold,2015-10-22,2.382,2.389,2.38,2.389,2.399,-0.01,-0.4168,40451.0,9642.951
gold,2015-10-23,2.389,2.405,2.389,2.403,2.389,0.014,0.586,47523.0,11371.711
gold,2015-10-26,2.393,2.393,2.385,2.387,2.403,-0.016,-0.6658,54313.69,12971.758
gold,2015-10-27,2.384,2.398,2.384,2.394,2.387,0.007,0.2933,69073.39,16503.041
gold,2015-10-28,2.39,2.408,2.39,2.406,2.394,0.012,0.5013,67232.97,16134.013
gold,2015-10-29,2.389,2.398,2.37,2.384,2.406,-0.022,-0.9144,118170.08,28161.16
gold,2015-10-30,2.359,2.365,2.348,2.351,2.384,-0.033,-1.3842,127452.0,30018.534
gold,2015-11-02,2.333,2.344,2.328,2.34,2.351,-0.011,-0.4679,76538.99,17868.179
gold,2015-11-03,2.335,2.335,2.327,2.327,2.34,-0.013,-0.5556,84071.5,19580.738
gold,2015-11-04,2.304,2.305,2.298,2.301,2.327,-0.026,-1.1173,298956.0,68778.283
gold,2015-11-05,2.29,2.29,2.279,2.281,2.301,-0.02,-0.8692,355113.76,81023.896
gold,2015-11-06,2.28,2.283,2.277,2.282,2.281,0.001,0.0438,297626.6,67836.794
gold,2015-11-09,2.249,2.254,2.246,2.25,2.282,-0.032,-1.4023,285875.4,64312.14
gold,2015-11-10,2.25,2.253,2.247,2.25,2.25,0.0,0.0,215513.99,48466.128
gold,2015-11-11,2.249,2.251,2.246,2.249,2.25,-0.001,-0.0444,190234.0,42785.587
gold,2015-11-12,2.248,2.248,2.24,2.243,2.249,-0.006,-0.2668,153101.0,34342.944
gold,2015-11-13,2.236,2.237,2.228,2.23,2.243,-0.013,-0.5796,143799.7,32068.875
gold,2015-11-16,2.25,2.261,2.25,2.26,2.23,0.03,1.3453,251558.0,56697.287
gold,2015-11-17,2.24,2.24,2.225,2.226,2.26,-0.034,-1.5044,245274.12,54730.587
gold,2015-11-18,2.206,2.215,2.201,2.212,2.226,-0.014,-0.6289,164906.3,36390.104
gold,2015-11-19,2.219,2.223,2.217,2.221,2.212,0.009,0.4069,98298.46,21829.741
gold,2015-11-20,2.231,2.235,2.226,2.234,2.221,0.013,0.5853,170420.59,38007.156
gold,2015-11-23,2.22,2.222,2.21,2.212,2.234,-0.022,-0.9848,148918.33,32965.095
gold,2015-11-24,2.211,2.214,2.209,2.212,2.212,0.0,0.0,74037.43,16373.848
gold,2015-11-25,2.223,2.231,2.222,2.226,2.212,0.014,0.6329,138038.33,30732.214
gold,2015-11-26,2.213,2.22,2.21,2.217,2.226,-0.009,-0.4043,101499.18,22488.796
gold,2015-11-27,2.216,2.217,2.201,2.206,2.217,-0.011,-0.4962,120021.0,26511.453
gold,2015-11-30,2.177,2.185,2.177,2.183,2.206,-0.023,-1.0426,93668.16,20430.304
gold,2015-12-01,2.196,2.218,2.194,2.216,2.183,0.033,1.5117,135485.11,29952.109
gold,2015-12-02,2.216,2.216,2.204,2.208,2.216,-0.008,-0.361,54272.0,11981.655
gold,2015-12-03,2.175,2.186,2.171,2.182,2.208,-0.026,-1.1775,251488.5,54771.11
gold,2015-12-04,2.198,2.201,2.192,2.2,2.182,0.018,0.8249,161586.39,35502.857
gold,2015-12-07,2.239,2.244,2.237,2.24,2.2,0.04,1.8182,220156.54,49304.514
gold,2015-12-08,2.225,2.226,2.213,2.225,2.24,-0.015,-0.6696,98661.99,21897.792
gold,2015-12-09,2.23,2.233,2.228,2.231,2.225,0.006,0.2697,61879.99,13803.339
gold,2015-12-10,2.231,2.233,2.226,2.23,2.231,-0.001,-0.0448,72242.0,16098.311
gold,2015-12-11,2.221,2.232,2.216,2.23,2.23,0.0,0.0,87324.9,19400.14
gold,2015-12-14,2.236,2.244,2.235,2.242,2.23,0.012,0.5381,120580.1,27017.036
gold,2015-12-15,2.226,2.235,2.224,2.225,2.242,-0.017,-0.7583,121009.0,26956.557
gold,2015-12-16,2.222,2.23,2.222,2.227,2.225,0.002,0.0899,216543.72,48218.527
gold,2015-12-17,2.24,2.24,2.226,2.228,2.227,0.001,0.0449,224636.0,50113.235
gold,2015-12-18,2.206,2.217,2.205,2.217,2.228,-0.011,-0.4937,188840.43,41765.626
gold,2015-12-21,2.232,2.24,2.23,2.238,2.217,0.021,0.9472,204654.81,45738.02
gold,2015-12-22,2.25,2.254,2.24,2.249,2.238,0.011,0.4915,161099.0,36181.363
gold,2015-12-23,2.242,2.25,2.24,2.244,2.249,-0.005,-0.2223,133770.31,30006.547
gold,2015-12-24,2.242,2.245,2.239,2.245,2.244,0.001,0.0446,73588.54,16508.272
gold,2015-12-25,2.247,2.251,2.247,2.25,2.245,0.005,0.2227,66667.53,14989.496
gold,2015-12-28,2.248,2.25,2.239,2.244,2.25,-0.006,-0.2667,93631.57,21006.484
gold,2015-12-29,2.24,2.249,2.24,2.248,2.244,0.004,0.1783,117863.2,26482.326
gold,2015-12-30,2.245,2.249,2.244,2.245,2.248,-0.003,-0.1335,88465.64,19872.379
gold,2015-12-31,2.236,2.236,2.23,2.232,2.245,-0.013,-0.5791,155673.0,34754.965
gold,2016-01-04,2.235,2.253,2.229,2.251,2.232,0.019,0.8513,154728.99,34666.689
gold,2016-01-05,2.257,2.275,2.256,2.27,2.251,0.019,0.8441,222341.02,50342.479
gold,2016-01-06,2.262,2.318,2.261,2.289,2.27,0.019,0.837,486683.8,111354.579
gold,2016-01-07,2.308,2.373,2.308,2.339,2.289,0.05,2.1844,841897.6,197031.762
gold,2016-01-08,2.343,2.347,2.309,2.338,2.339,-0.001,-0.0428,568039.44,132705.908
gold,2016-01-11,2.345,2.358,2.338,2.347,2.338,0.009,0.3849,260971.53,61227.213
gold,2016-01-12,2.319,2.324,2.31,2.318,2.347,-0.029,-1.2356,226556.0,52524.403
gold,2016-01-13,2.299,2.304,2.295,2.3,2.318,-0.018,-0.7765,224189.0,51557.189
gold,2016-01-14,2.308,2.324,2.308,2.317,2.3,0.017,0.7391,239074.5,55420.813
gold,2016-01-15,2.294,2.305,2.291,2.304,2.317,-0.013,-0.5611,198530.0,45590.436
gold,2016-01-18,2.316,2.319,2.311,2.313,2.304,0.009,0.3906,262987.86,60891.451
gold,2016-01-19,2.303,2.316,2.302,2.311,2.313,-0.002,-0.0865,170386.5,39324.883
gold,2016-01-20,2.313,2.33,2.313,2.329,2.311,0.018,0.7789,747691.17,173500.43
gold,2016-01-21,2.334,2.358,2.331,2.35,2.329,0.021,0.9017,955257.42,223816.578
gold,2016-01-22,2.331,2.34,2.327,2.335,2.35,-0.015,-0.6383,348238.2,81317.856
gold,2016-01-25,2.332,2.347,2.332,2.339,2.335,0.004,0.1713,329195.0,77010.652
gold,2016-01-26,2.35,2.385,2.35,2.379,2.339,0.04,1.7101,917047.39,217101.642
gold,2016-01-27,2.38,2.385,2.37,2.375,2.379,-0.004,-0.1681,375957.79,89426.581
gold,2016-01-28,2.375,2.379,2.357,2.361,2.375,-0.014,-0.5895,477642.75,113102.649
gold,2016-01-29,2.357,2.367,2.353,2.363,2.361,0.002,0.0847,493454.09,116442.876
gold,2016-02-01,2.367,2.388,2.367,2.383,2.363,0.02,0.8464,888386.65,211656.656
gold,2016-02-02,2.398,2.398,2.386,2.389,2.383,0.006,0.2518,317837.5,75948.1
gold,2016-02-03,2.388,2.401,2.388,2.399,2.389,0.01,0.4186,521793.61,125104.661
gold,2016-02-04,2.415,2.43,2.415,2.421,2.399,0.022,0.917,436089.93,105572.677
gold,2016-02-05,2.449,2.454,2.443,2.451,2.421,0.03,1.2392,637695.76,156034.577
gold,2016-02-15,2.598,2.6,2.536,2.547,2.451,0.096,3.9168,1149282.56,294435.016
gold,2016-02-16,2.517,2.52,2.496,2.512,2.547,-0.035,-1.3742,1392511.17,349126.102
gold,2016-02-17,2.512,2.539,2.507,2.533,2.512,0.021,0.836,872289.32,220289.372
gold,2016-02-18,2.528,2.539,2.528,2.537,2.533,0.004,0.1579,429882.23,108960.443
gold,2016-02-19,2.561,2.576,2.561,2.574,2.537,0.037,1.4584,697517.65,179266.409
gold,2016-02-22,2.574,2.574,2.55,2.555,2.574,-0.019,-0.7382,605675.88,154940.448
gold,2016-02-23,2.549,2.565,2.542,2.557,2.555,0.002,0.0783,702109.39,179456.362
gold,2016-02-24,2.572,2.6,2.572,2.577,2.557,0.02,0.7822,1134212.14,292865.252
gold,2016-02-25,2.595,2.615,2.593,2.614,2.577,0.037,1.4358,1825517.74,475421.787
gold,2016-02-26,2.608,2.615,2.606,2.612,2.614,-0.002,-0.0765,804296.73,209973.298
gold,2016-02-29,2.591,2.598,2.585,2.587,2.612,-0.025,-0.9571,1566103.29,405843.73
gold,2016-03-01,2.62,2.633,2.611,2.626,2.587,0.039,1.5075,1736668.27,456106.962
gold,2016-03-02,2.593,2.598,2.59,2.595,2.626,-0.031,-1.1805,1883017.65,488600.555
gold,2016-03-03,2.601,2.617,2.601,2.617,2.595,0.022,0.8478,1013862.45,264614.39
gold,2016-03-04,2.645,2.656,2.642,2.651,2.617,0.034,1.2992,1817169.0,481198.3
gold,2016-03-07,2.66,2.663,2.627,2.649,2.651,-0.002,-0.0754,2416500.35,638317.97
gold,2016-03-08,2.655,2.672,2.654,2.662,2.649,0.013,0.4908,1725820.57,459575.812
gold,2016-03-09,2.633,2.642,2.618,2.634,2.662,-0.028,-1.0518,1207645.12,318094.008
gold,2016-03-10,2.621,2.63,2.617,2.618,2.634,-0.016,-0.6074,1534533.68,402471.235
gold,2016-03-11,2.673,2.68,2.648,2.651,2.618,0.033,1.2605,1810934.69,483420.779
gold,2016-03-14,2.622,2.631,2.621,2.624,2.651,-0.027,-1.0185,1345492.16,353519.565
gold,2016-03-15,2.584,2.587,2.568,2.572,2.624,-0.052,-1.9817,1694581.87,436432.547
gold,2016-03-16,2.575,2.591,2.574,2.591,2.572,0.019,0.7387,877549.83,226723.445
gold,2016-03-17,2.625,2.625,2.613,2.617,2.591,0.026,1.0035,2745797.24,718962.677
gold,2016-03-18,2.625,2.628,2.612,2.617,2.617,0.0,0.0,2094822.97,548423.363
gold,2016-03-21,2.599,2.6,2.567,2.576,2.617,-0.041,-1.5667,1977373.44,511271.292
gold,2016-03-22,2.578,2.598,2.578,2.597,2.576,0.021,0.8152,985915.02,255058.454
gold,2016-03-23,2.592,2.592,2.567,2.57,2.597,-0.027,-1.0397,977811.92,251908.951
gold,2016-03-24,2.533,2.546,2.532,2.534,2.57,-0.036,-1.4008,846567.67,214968.984
gold,2016-03-25,2.538,2.551,2.538,2.549,2.534,0.015,0.5919,891149.5,226859.36
gold,2016-03-28,2.539,2.545,2.531,2.541,2.549,-0.008,-0.3138,1182717.0,299873.277
gold,2016-03-29,2.544,2.548,2.54,2.547,2.541,0.006,0.2361,806896.17,205386.73
gold,2016-03-30,2.58,2.582,2.569,2.57,2.547,0.023,0.903,923089.82,237586.805
gold,2016-03-31,2.548,2.553,2.545,2.548,2.57,-0.022,-0.856,1074207.85,273827.186
gold,2016-04-01,2.553,2.566,2.549,2.564,2.548,0.016,0.6279,435370.76,111297.02
gold,2016-04-05,2.548,2.553,2.544,2.552,2.564,-0.012,-0.468,1002492.88,255556.796
gold,2016-04-06,2.558,2.56,2.552,2.554,2.552,0.002,0.0784,394615.75,100882.97
gold,2016-04-07,2.548,2.558,2.546,2.553,2.554,-0.001,-0.0392,458142.74,116928.517
gold,2016-04-08,2.566,2.576,2.566,2.57,2.553,0.017,0.6659,694766.39,178629.674
gold,2016-04-11,2.592,2.598,2.585,2.593,2.57,0.023,0.8949,930210.84,241087.151
gold,2016-04-12,2.6,2.607,2.596,2.607,2.593,0.014,0.5399,607476.8,157931.533
gold,2016-04-13,2.601,2.603,2.583,2.584,2.607,-0.023,-0.8822,966631.0,250600.0
gold,2016-04-14,2.564,2.566,2.558,2.563,2.584,-0.021,-0.8127,934631.35,239486.818
gold,2016-04-15,2.553,2.566,2.552,2.562,2.563,-0.001,-0.039,724693.0,185512.531
gold,2016-04-18,2.57,2.576,2.562,2.564,2.562,0.002,0.0781,504333.0,129611.743
gold,2016-04-19,2.559,2.593,2.556,2.588,2.564,0.024,0.936,522498.98,134031.065
gold,2016-04-20,2.602,2.611,2.582,2.594,2.588,0.006,0.2318,997583.19,259334.489
gold,2016-04-21,2.595,2.631,2.594,2.626,2.594,0.032,1.2336,1325898.53,346097.516
gold,2016-04-22,2.599,2.61,2.59,2.592,2.626,-0.034,-1.2947,817112.42,212586.071
gold,2016-04-25,2.571,2.588,2.569,2.578,2.592,-0.014,-0.5401,686490.0,176951.046
gold,2016-04-26,2.59,2.593,2.572,2.573,2.578,-0.005,-0.1939,472094.18,121868.877
gold,2016-04-27,2.595,2.602,2.591,2.601,2.573,0.028,1.0882,833862.19,216457.084
gold,2016-04-28,2.588,2.618,2.586,2.613,2.601,0.012,0.4614,909578.12,236775.624
gold,2016-04-29,2.634,2.67,2.634,2.66,2.613,0.047,1.7987,2265110.71,601795.368
gold,2016-05-03,2.7,2.711,2.671,2.702,2.66,0.042,1.5789,2192020.49,589987.846
gold,2016-05-04,2.68,2.681,2.674,2.677,2.702,-0.025,-0.9252,1048731.0,280864.238
gold,2016-05-05,2.676,2.69,2.674,2.675,2.677,-0.002,-0.0747,1259979.94,338034.376
gold,2016-05-06,2.674,2.687,2.672,2.68,2.675,0.005,0.1869,1614776.99,432779.503
gold,2016-05-09,2.686,2.693,2.666,2.67,2.68,-0.01,-0.3731,2133353.88,571996.336
gold,2016-05-10,2.647,2.661,2.64,2.657,2.67,-0.013,-0.4869,1692327.85,449050.591
gold,2016-05-11,2.664,2.674,2.66,2.669,2.657,0.012,0.4516,1612958.58,430186.898
gold,2016-05-12,2.674,2.674,2.659,2.66,2.669,-0.009,-0.3372,852978.75,227568.491
gold,2016-05-13,2.659,2.686,2.657,2.682,2.66,0.022,0.8271,2049386.99,548018.391
gold,2016-05-16,2.682,2.699,2.681,2.695,2.682,0.013,0.4847,1915400.49,515260.042
gold,2016-05-17,2.69,2.691,2.678,2.682,2.695,-0.013,-0.4824,1808375.12,485834.343
gold,2016-05-18,2.688,2.691,2.68,2.681,2.682,-0.001,-0.0373,821682.93,220720.767
gold,2016-05-19,2.659,2.66,2.639,2.64,2.681,-0.041,-1.5293,1580448.97,419054.519
gold,2016-05-20,2.641,2.647,2.633,2.638,2.64,-0.002,-0.0758,1150627.39,303808.014
gold,2016-05-23,2.644,2.647,2.634,2.635,2.638,-0.003,-0.1137,1310517.63,346061.796
gold,2016-05-24,2.631,2.636,2.623,2.623,2.635,-0.012,-0.4554,1030176.68,271173.575
gold,2016-05-25,2.595,2.606,2.578,2.581,2.623,-0.042,-1.6012,1618625.5,419415.782
gold,2016-05-26,2.593,2.598,2.587,2.591,2.581,0.01,0.3874,946297.22,245494.24
gold,2016-05-27,2.577,2.584,2.564,2.58,2.591,-0.011,-0.4245,1137192.13,292962.086
gold,2016-05-30,2.55,2.555,2.538,2.554,2.58,-0.026,-1.0078,1078014.73,274562.553
gold,2016-05-31,2.569,2.577,2.566,2.576,2.554,0.022,0.8614,1030173.34,265015.803
gold,2016-06-01,2.583,2.59,2.577,2.579,2.576,0.003,0.1165,932629.67,241001.569
gold,2016-06-02,2.572,2.582,2.57,2.581,2.579,0.002,0.0775,607558.81,156530.819
gold,2016-06-03,2.572,2.575,2.57,2.574,2.581,-0.007,-0.2712,582390.0,149767.188
gold,2016-06-06,2.625,2.629,2.618,2.621,2.574,0.047,1.826,1385638.96,363242.251
gold,2016-06-07,2.626,2.63,2.622,2.625,2.621,0.004,0.1526,693574.74,182178.36
gold,2016-06-08,2.629,2.646,2.627,2.646,2.625,0.021,0.8,788112.27,207896.25
gold,2016-06-13,2.693,2.729,2.693,2.724,2.646,0.078,2.9478,2314037.41,626773.548
gold,2016-06-14,2.722,2.725,2.71,2.717,2.724,-0.007,-0.257,1302619.94,354141.925
gold,2016-06-15,2.727,2.735,2.722,2.73,2.717,0.013,0.4785,1068518.52,291452.88
gold,2016-06-16,2.75,2.785,2.745,2.777,2.73,0.047,1.7216,1309878.18,361593.421
gold,2016-06-17,2.718,2.73,2.711,2.715,2.777,-0.062,-2.2326,1675671.75,455545.346
gold,2016-06-20,2.72,2.724,2.711,2.717,2.715,0.002,0.0737,742614.49,201853.519
gold,2016-06-21,2.721,2.724,2.708,2.712,2.717,-0.005,-0.184,829377.79,225474.935
gold,2016-06-22,2.693,2.694,2.67,2.675,2.712,-0.037,-1.3643,670454.02,179865.129
gold,2016-06-23,2.675,2.69,2.672,2.681,2.675,0.006,0.2243,1075971.76,288220.27
gold,2016-06-24,2.703,2.946,2.686,2.805,2.681,0.124,4.6251,4560087.54,1267108.605
gold,2016-06-27,2.827,2.835,2.823,2.828,2.805,0.023,0.82,1267492.46,358457.614
gold,2016-06-28,2.828,2.828,2.814,2.817,2.828,-0.011,-0.389,944155.01,266386.699
gold,2016-06-29,2.82,2.832,2.819,2.83,2.817,0.013,0.4615,1067751.0,301905.713
gold,2016-06-30,2.822,2.824,2.813,2.818,2.83,-0.012,-0.424,1184713.82,333898.485
gold,2016-07-01,2.839,2.867,2.839,2.858,2.818,0.04,1.4194,1988575.68,567387.96
gold,2016-07-04,2.904,2.917,2.884,2.899,2.858,0.041,1.4346,2089501.49,605771.544
gold,2016-07-05,2.9,2.902,2.871,2.89,2.899,-0.009,-0.3105,1046105.61,301901.606
gold,2016-07-06,2.946,2.96,2.94,2.947,2.89,0.057,1.9723,1866619.05,550636.974
gold,2016-07-07,2.946,2.958,2.934,2.936,2.947,-0.011,-0.3733,1422086.49,419033.142
gold,2016-07-08,2.911,2.926,2.911,2.916,2.936,-0.02,-0.6812,1317558.46,384469.471
gold,2016-07-11,2.945,2.963,2.933,2.942,2.916,0.026,0.8916,2439614.65,719447.21
gold,2016-07-12,2.928,2.929,2.915,2.919,2.942,-0.023,-0.7818,1171359.21,342195.844
gold,2016-07-13,2.863,2.893,2.86,2.892,2.919,-0.027,-0.925,1212283.97,348273.631
gold,2016-07-14,2.9,2.9,2.87,2.872,2.892,-0.02,-0.6916,1046603.0,301490.189
gold,2016-07-15,2.866,2.876,2.859,2.875,2.872,0.003,0.1045,1206896.89,346107.008
gold,2016-07-18,2.864,2.874,2.857,2.865,2.875,-0.01,-0.3478,1219518.0,349494.411
gold,2016-07-19,2.867,2.876,2.861,2.87,2.865,0.005,0.1745,978109.35,280757.653
gold,2016-07-20,2.87,2.877,2.857,2.858,2.87,-0.012,-0.4181,1248879.1,358171.415
gold,2016-07-21,2.826,2.833,2.822,2.83,2.858,-0.028,-0.9797,1071630.1,303038.308
gold,2016-07-22,2.857,2.857,2.84,2.844,2.83,0.014,0.4947,1255486.37,357518.701
gold,2016-07-25,2.826,2.835,2.821,2.83,2.844,-0.014,-0.4923,804345.74,227627.657
gold,2016-07-26,2.838,2.84,2.827,2.834,2.83,0.004,0.1413,707640.56,200526.737
gold,2016-07-27,2.832,2.838,2.827,2.836,2.834,0.002,0.0706,953613.0,270159.821
gold,2016-07-28,2.873,2.878,2.862,2.876,2.836,0.04,1.4104,1346345.66,386652.589
gold,2016-07-29,2.871,2.872,2.855,2.859,2.876,-0.017,-0.5911,732685.08,209971.247
gold,2016-08-01,2.881,2.887,2.876,2.877,2.859,0.018,0.6296,955003.0,275225.034
gold,2016-08-02,2.884,2.895,2.879,2.895,2.877,0.018,0.6257,683898.29,197365.683
gold,2016-08-03,2.907,2.916,2.905,2.912,2.895,0.017,0.5872,1249785.52,363583.722
gold,2016-08-04,2.896,2.901,2.88,2.881,2.912,-0.031,-1.0646,1382043.0,399537.657
gold,2016-08-05,2.902,2.919,2.902,2.918,2.881,0.037,1.2843,1466660.29,426838.822
gold,2016-08-08,2.869,2.87,2.852,2.857,2.918,-0.061,-2.0905,1292583.0,370128.728
gold,2016-08-09,2.859,2.863,2.853,2.855,2.857,-0.002,-0.07,684384.0,195635.11
gold,2016-08-10,2.876,2.899,2.876,2.896,2.855,0.041,1.4361,1243490.25,358862.349
gold,2016-08-11,2.872,2.875,2.868,2.871,2.896,-0.025,-0.8633,705126.0,202446.406
gold,2016-08-12,2.866,2.871,2.865,2.87,2.871,-0.001,-0.0348,564926.25,162024.012
gold,2016-08-15,2.864,2.865,2.857,2.864,2.87,-0.006,-0.2091,895180.75,256125.813
gold,2016-08-16,2.868,2.88,2.865,2.875,2.864,0.011,0.3841,1121153.96,321995.156
gold,2016-08-17,2.87,2.87,2.859,2.861,2.875,-0.014,-0.487,839378.0,240412.116
gold,2016-08-18,2.881,2.886,2.874,2.876,2.861,0.015,0.5243,1203098.46,346747.072
gold,2016-08-19,2.872,2.885,2.869,2.877,2.876,0.001,0.0348,739557.86,212757.477
gold,2016-08-22,2.859,2.861,2.853,2.855,2.877,-0.022,-0.7647,783125.84,223802.355
gold,2016-08-23,2.861,2.862,2.855,2.86,2.855,0.005,0.1751,658069.64,188132.732
gold,2016-08-24,2.86,2.863,2.86,2.861,2.86,0.001,0.035,455655.6,130383.274
gold,2016-08-25,2.835,2.841,2.833,2.837,2.861,-0.024,-0.8389,762898.93,216419.473
gold,2016-08-26,2.831,2.842,2.831,2.841,2.837,0.004,0.141,604934.07,171650.706
gold,2016-08-29,2.83,2.833,2.827,2.83,2.841,-0.011,-0.3872,529243.0,149776.841
gold,2016-08-30,2.841,2.846,2.835,2.836,2.83,0.006,0.212,760291.29,216076.606
gold,2016-08-31,2.829,2.831,2.822,2.823,2.836,-0.013,-0.4584,1294359.0,366014.611
gold,2016-09-01,2.819,2.823,2.814,2.815,2.823,-0.008,-0.2834,773103.38,217959.982
gold,2016-09-02,2.822,2.828,2.817,2.821,2.815,0.006,0.2131,1373418.0,387901.799
gold,2016-09-05,2.843,2.852,2.843,2.851,2.821,0.03,1.0635,1318579.0,375182.321
gold,2016-09-06,2.85,2.854,2.849,2.852,2.851,0.001,0.0351,759612.99,216590.831
gold,2016-09-07,2.889,2.899,2.888,2.891,2.852,0.039,1.3675,1498522.75,433559.188
gold,2016-09-08,2.884,2.89,2.883,2.889,2.891,-0.002,-0.0692,578545.34,166924.255
gold,2016-09-09,2.874,2.877,2.87,2.872,2.889,-0.017,-0.5884,593686.0,170630.736
gold,2016-09-12,2.855,2.855,2.846,2.852,2.872,-0.02,-0.6964,2035189.02,579846.001
gold,2016-09-13,2.855,2.863,2.854,2.857,2.852,0.005,0.1753,912801.0,260887.21
gold,2016-09-14,2.835,2.845,2.831,2.843,2.857,-0.014,-0.49,876061.0,248483.362
gold,2016-09-19,2.826,2.831,2.822,2.826,2.843,-0.017,-0.598,1347658.0,380846.464
gold,2016-09-20,2.828,2.833,2.827,2.831,2.826,0.005,0.1769,552112.0,156279.543
gold,2016-09-21,2.831,2.841,2.827,2.838,2.831,0.007,0.2473,1159943.0,328523.252
gold,2016-09-22,2.86,2.863,2.855,2.859,2.838,0.021,0.74,1274066.0,364224.504
gold,2016-09-23,2.866,2.867,2.861,2.862,2.859,0.003,0.1049,865012.01,247776.04
gold,2016-09-26,2.869,2.87,2.859,2.863,2.862,0.001,0.0349,1164063.0,333323.069
gold,2016-09-27,2.87,2.871,2.857,2.858,2.863,-0.005,-0.1746,1184475.16,338982.804
gold,2016-09-28,2.841,2.844,2.836,2.837,2.858,-0.021,-0.7348,1211647.38,344117.118
gold,2016-09-29,2.84,2.843,2.832,2.832,2.837,-0.005,-0.1762,887863.84,252071.276
gold,2016-09-30,2.838,2.844,2.834,2.843,2.832,0.011,0.3884,1030798.37,292685.841
gold,2016-10-10,2.729,2.739,2.72,2.737,2.843,-0.106,-3.7285,3361635.63,918397.652
gold,2016-10-11,2.729,2.733,2.724,2.731,2.737,-0.006,-0.2192,1402946.63,382668.514
gold,2016-10-12,2.727,2.73,2.724,2.725,2.731,-0.006,-0.2197,819634.0,223540.144
gold,2016-10-13,2.726,2.738,2.726,2.734,2.725,0.009,0.3303,1344222.0,367374.166
gold,2016-10-14,2.731,2.734,2.722,2.724,2.734,-0.01,-0.3658,922034.26,251442.176
gold,2016-10-17,2.722,2.735,2.722,2.734,2.724,0.01,0.3671,1456110.42,397392.669
gold,2016-10-18,2.737,2.745,2.734,2.74,2.734,0.006,0.2195,1411367.9,386439.171
gold,2016-10-19,2.744,2.746,2.739,2.74,2.74,0.0,0.0,1105656.27,303282.832
gold,2016-10-20,2.757,2.766,2.756,2.761,2.74,0.021,0.7664,1113956.51,307674.367
gold,2016-10-21,2.754,2.756,2.749,2.751,2.761,-0.01,-0.3622,1281814.0,352786.799
gold,2016-10-24,2.756,2.764,2.755,2.76,2.751,0.009,0.3272,1763176.6,486304.045
gold,2016-10-25,2.762,2.773,2.762,2.77,2.76,0.01,0.3623,2184866.39,604559.81
gold,2016-10-26,2.784,2.791,2.782,2.783,2.77,0.013,0.4693,1410448.52,393034.899
gold,2016-10-27,2.77,2.775,2.768,2.772,2.783,-0.011,-0.3953,1320655.0,366068.2
gold,2016-10-28,2.778,2.783,2.772,2.775,2.772,0.003,0.1082,1210802.0,336449.077
gold,2016-10-31,2.787,2.795,2.786,2.788,2.775,0.013,0.4685,1944852.0,542831.802
gold,2016-11-01,2.793,2.803,2.791,2.799,2.788,0.011,0.3945,1803009.38,504182.519
gold,2016-11-02,2.818,2.825,2.813,2.824,2.799,0.025,0.8932,2263061.0,637679.784
gold,2016-11-03,2.833,2.833,2.819,2.823,2.824,-0.001,-0.0354,3456987.15,977183.985
gold,2016-11-04,2.829,2.832,2.8,2.804,2.823,-0.019,-0.673,3039600.0,855723.426
gold,2016-11-07,2.806,2.81,2.785,2.792,2.804,-0.012,-0.428,2966980.0,828752.787
gold,2016-11-08,2.778,2.798,2.778,2.798,2.792,0.006,0.2149,3670002.98,1023441.385
gold,2016-11-09,2.786,2.89,2.785,2.865,2.798,0.067,2.3946,9367809.27,2664597.885
gold,2016-11-10,2.799,2.815,2.797,2.813,2.865,-0.052,-1.815,2951478.48,829285.871
gold,2016-11-11,2.779,2.78,2.749,2.769,2.813,-0.044,-1.5642,2712283.96,750070.754
gold,2016-11-14,2.675,2.686,2.675,2.683,2.769,-0.086,-3.1058,3428141.28,918678.95
gold,2016-11-15,2.712,2.713,2.705,2.709,2.683,0.026,0.9691,2698898.93,731104.098
gold,2016-11-16,2.715,2.725,2.715,2.722,2.709,0.013,0.4799,2787344.9,758600.839
gold,2016-11-17,2.722,2.724,2.714,2.716,2.722,-0.006,-0.2204,1532615.0,416814.166
gold,2016-11-18,2.7,2.7,2.684,2.687,2.716,-0.029,-1.0677,2564891.42,689690.891
gold,2016-11-21,2.696,2.711,2.695,2.709,2.687,0.022,0.8188,1930839.51,521697.032
gold,2016-11-22,2.72,2.721,2.713,2.715,2.709,0.006,0.2215,2137221.0,580651.642
gold,2016-11-23,2.715,2.723,2.712,2.717,2.715,0.002,0.0737,4399510.0,1196001.311
gold,2016-11-24,2.686,2.691,2.682,2.684,2.717,-0.033,-1.2146,3734770.36,1003127.866
gold,2016-11-25,2.671,2.675,2.641,2.662,2.684,-0.022,-0.8197,4806399.04,1276397.896
gold,2016-11-28,2.687,2.692,2.677,2.678,2.662,0.016,0.6011,4048898.0,1087289.836
gold,2016-11-29,2.68,2.682,2.665,2.666,2.678,-0.012,-0.4481,3028069.0,809362.874
gold,2016-11-30,2.664,2.667,2.651,2.652,2.666,-0.014,-0.5251,3845407.0,1022256.705
gold,2016-12-01,2.625,2.644,2.619,2.64,2.652,-0.012,-0.4525,3575597.0,940998.381
gold,2016-12-02,2.643,2.644,2.631,2.638,2.64,-0.002,-0.0758,3039143.82,800894.653
gold,2016-12-05,2.64,2.642,2.627,2.629,2.638,-0.009,-0.3412,4143099.96,1091278.025
gold,2016-12-06,2.632,2.636,2.625,2.626,2.629,-0.003,-0.1141,4133492.41,1087667.389
gold,2016-12-07,2.623,2.63,2.621,2.621,2.626,-0.005,-0.1904,3409606.33,894715.01
gold,2016-12-08,2.638,2.65,2.636,2.644,2.621,0.023,0.8775,4624944.54,1223170.4
gold,2016-12-09,2.642,2.644,2.633,2.643,2.644,-0.001,-0.0378,5033719.55,1328455.676
gold,2016-12-12,2.64,2.64,2.624,2.63,2.643,-0.013,-0.4919,4354744.94,1145628.221
gold,2016-12-13,2.634,2.643,2.631,2.632,2.63,0.002,0.076,4189437.0,1104671.215
gold,2016-12-14,2.636,2.652,2.634,2.65,2.632,0.018,0.6839,5472076.85,1445322.694
gold,2016-12-15,2.622,2.627,2.613,2.615,2.65,-0.035,-1.3208,4043550.2,1059735.384
gold,2016-12-16,2.603,2.607,2.6,2.602,2.615,-0.013,-0.4971,3197196.78,832587.854
gold,2016-12-19,2.614,2.617,2.609,2.615,2.602,0.013,0.4996,4066297.0,1062059.368
gold,2016-12-20,2.612,2.616,2.598,2.601,2.615,-0.014,-0.5354,3487188.77,910773.435
gold,2016-12-21,2.581,2.602,2.579,2.595,2.601,-0.006,-0.2307,3510697.06,909646.99
gold,2016-12-22,2.589,2.591,2.575,2.577,2.595,-0.018,-0.6936,5688556.6,1470164.722
gold,2016-12-23,2.584,2.589,2.582,2.583,2.577,0.006,0.2328,3363345.18,869828.792
gold,2016-12-26,2.586,2.595,2.584,2.592,2.583,0.009,0.3484,4447948.0,1150474.023
gold,2016-12-27,2.592,2.6,2.591,2.595,2.592,0.003,0.1157,5348551.0,1388962.753
gold,2016-12-28,2.598,2.609,2.597,2.603,2.595,0.008,0.3083,4231303.1,1101763.178
gold,2016-12-29,2.612,2.617,2.608,2.616,2.603,0.013,0.4994,2973082.48,776700.383
gold,2016-12-30,2.64,2.642,2.626,2.636,2.616,0.02,0.7645,3016085.99,794450.349
gold,2017-01-03,2.635,2.636,2.625,2.626,2.636,-0.01,-0.3794,1810750.0,476438.202
gold,2017-01-04,2.632,2.642,2.632,2.638,2.626,0.012,0.457,2128353.0,561173.609
gold,2017-01-05,2.64,2.641,2.629,2.636,2.638,-0.002,-0.0758,3545702.18,934366.066
gold,2017-01-06,2.637,2.641,2.632,2.633,2.636,-0.003,-0.1138,2607779.0,687845.758
gold,2017-01-09,2.638,2.645,2.638,2.645,2.633,0.012,0.4558,2582297.86,682501.093
gold,2017-01-10,2.656,2.666,2.655,2.663,2.645,0.018,0.6805,3779365.41,1005428.343
gold,2017-01-11,2.665,2.667,2.661,2.664,2.663,0.001,0.0376,3086983.88,822284.157
gold,2017-01-12,2.665,2.671,2.665,2.671,2.664,0.007,0.2628,2783157.72,742442.021
gold,2017-01-13,2.658,2.667,2.655,2.662,2.671,-0.009,-0.337,1974099.0,525206.749
gold,2017-01-16,2.667,2.686,2.666,2.682,2.662,0.02,0.7513,2578644.75,690037.75
gold,2017-01-17,2.685,2.699,2.682,2.694,2.682,0.012,0.4474,3271692.08,880424.131
gold,2017-01-18,2.697,2.697,2.682,2.685,2.694,-0.009,-0.3341,2860817.0,770078.378
gold,2017-01-19,2.669,2.674,2.655,2.662,2.685,-0.023,-0.8566,3952549.48,1053909.932
gold,2017-01-20,2.667,2.672,2.666,2.668,2.662,0.006,0.2254,2441292.52,651831.321
gold,2017-01-23,2.686,2.691,2.681,2.681,2.668,0.013,0.4873,2327551.1,625471.85
gold,2017-01-24,2.684,2.685,2.674,2.677,2.681,-0.004,-0.1492,1877252.0,503504.304
gold,2017-01-25,2.663,2.67,2.65,2.651,2.677,-0.026,-0.9712,2532521.37,674733.302
gold,2017-01-26,2.645,2.645,2.639,2.641,2.651,-0.01,-0.3772,1303537.15,344362.29
gold,2017-02-03,2.678,2.68,2.673,2.674,2.641,0.033,1.2495,1290777.8,345383.599
gold,2017-02-06,2.696,2.703,2.695,2.701,2.674,0.027,1.0097,1276723.72,344649.686
gold,2017-02-07,2.712,2.726,2.712,2.722,2.701,0.021,0.7775,1911133.66,519230.176
gold,2017-02-08,2.726,2.732,2.721,2.722,2.722,0.0,0.0,2196876.63,599386.273
gold,2017-02-09,2.738,2.743,2.738,2.74,2.722,0.018,0.6613,2790735.49,764871.261
gold,2017-02-10,2.709,2.715,2.706,2.712,2.74,-0.028,-1.0219,2015988.14,546651.857
gold,2017-02-13,2.725,2.728,2.718,2.719,2.712,0.007,0.2581,2656028.08,723279.658
gold,2017-02-14,2.713,2.721,2.712,2.72,2.719,0.001,0.0368,1819952.06,494214.53
gold,2017-02-15,2.712,2.715,2.705,2.707,2.72,-0.013,-0.4779,3133006.81,849313.35
gold,2017-02-16,2.727,2.731,2.723,2.725,2.707,0.018,0.6649,2216657.37,604731.202
gold,2017-02-17,2.734,2.739,2.73,2.737,2.725,0.012,0.4404,1947612.0,532662.868
gold,2017-02-20,2.73,2.737,2.726,2.73,2.737,-0.007,-0.2558,2752247.04,751452.299
gold,2017-02-21,2.73,2.737,2.728,2.736,2.73,0.006,0.2198,3487969.0,952890.152
gold,2017-02-22,2.739,2.742,2.733,2.735,2.736,-0.001,-0.0365,1269311.0,347664.908
gold,2017-02-23,2.739,2.741,2.736,2.739,2.735,0.004,0.1463,2520023.87,690222.071
gold,2017-02-24,2.763,2.779,2.761,2.775,2.739,0.036,1.3143,2071424.33,573096.222
gold,2017-02-27,2.781,2.787,2.781,2.784,2.775,0.009,0.3243,2837020.72,789760.452
gold,2017-02-28,2.774,2.778,2.773,2.774,2.784,-0.01,-0.3592,3017583.51,837531.621
gold,2017-03-01,2.752,2.764,2.752,2.755,2.774,-0.019,-0.6849,3791023.4,1045728.385
gold,2017-03-02,2.763,2.763,2.758,2.758,2.755,0.003,0.1089,3126891.64,863349.603
gold,2017-03-03,2.736,2.741,2.736,2.737,2.758,-0.021,-0.7614,3002310.0,822288.615
gold,2017-03-06,2.743,2.745,2.739,2.739,2.737,0.002,0.0731,2930316.94,803679.423
gold,2017-03-07,2.733,2.733,2.729,2.729,2.739,-0.01,-0.3651,2982088.01,814299.064
gold,2017-03-08,2.718,2.722,2.717,2.717,2.729,-0.012,-0.4397,2754049.23,749012.585
gold,2017-03-09,2.71,2.711,2.705,2.708,2.717,-0.009,-0.3312,2541499.99,688503.977
gold,2017-03-10,2.695,2.696,2.688,2.69,2.708,-0.018,-0.6647,2164909.81,582802.606
gold,2017-03-13,2.702,2.719,2.702,2.718,2.69,0.028,1.0409,2409451.18,652628.488
gold,2017-03-14,2.706,2.717,2.706,2.709,2.718,-0.009,-0.3311,3258575.0,884186.89
gold,2017-03-15,2.708,2.714,2.705,2.709,2.709,0.0,0.0,4971248.0,1346723.709
gold,2017-03-16,2.748,2.755,2.746,2.75,2.709,0.041,1.5135,4408380.53,1212160.551
gold,2017-03-17,2.748,2.755,2.747,2.754,2.75,0.004,0.1455,2526456.45,695171.605
gold,2017-03-20,2.759,2.771,2.759,2.766,2.754,0.012,0.4357,2530527.86,700273.047
gold,2017-03-21,2.764,2.766,2.749,2.751,2.766,-0.015,-0.5423,3425635.87,944125.487
gold,2017-03-22,2.768,2.779,2.767,2.776,2.751,0.025,0.9088,2714143.86,753271.979
gold,2017-03-23,2.774,2.781,2.771,2.779,2.776,0.003,0.1081,2627927.0,729253.519
gold,2017-03-24,2.771,2.776,2.769,2.773,2.779,-0.006,-0.2159,2419712.0,671049.216
gold,2017-03-27,2.796,2.802,2.792,2.8,2.773,0.027,0.9737,3061353.93,856367.478
gold,2017-03-28,2.797,2.799,2.79,2.793,2.8,-0.007,-0.25,2081062.53,581916.858
gold,2017-03-29,2.783,2.788,2.782,2.786,2.793,-0.007,-0.2506,2685463.0,747885.279
gold,2017-03-30,2.785,2.787,2.78,2.784,2.786,-0.002,-0.0718,2338242.0,650939.088
gold,2017-03-31,2.767,2.767,2.76,2.761,2.784,-0.023,-0.8261,1698327.0,469312.837
gold,2017-04-05,2.784,2.801,2.781,2.792,2.761,0.031,1.1228,4560012.67,1273020.216
gold,2017-04-06,2.791,2.795,2.791,2.794,2.792,0.002,0.0716,2577953.82,720240.014
gold,2017-04-07,2.809,2.832,2.807,2.819,2.794,0.025,0.8948,4254010.92,1200372.506
gold,2017-04-10,2.799,2.813,2.798,2.808,2.819,-0.011,-0.3902,3451337.03,967833.999
gold,2017-04-11,2.809,2.826,2.806,2.814,2.808,0.006,0.2137,4373356.67,1229963.266
gold,2017-04-12,2.853,2.855,2.838,2.842,2.814,0.028,0.995,3922599.02,1117107.804
gold,2017-04-13,2.86,2.863,2.852,2.853,2.842,0.011,0.3871,4472480.3,1278429.994
gold,2017-04-14,2.86,2.865,2.854,2.859,2.853,0.006,0.2103,7309815.24,2090708.512
gold,2017-04-17,2.861,2.868,2.849,2.852,2.859,-0.007,-0.2448,5356384.11,1533748.482
gold,2017-04-18,2.845,2.848,2.84,2.843,2.852,-0.009,-0.3156,5635795.14,1603213.425
gold,2017-04-19,2.846,2.85,2.84,2.841,2.843,-0.002,-0.0703,3878143.0,1103619.313
gold,2017-04-20,2.839,2.843,2.831,2.836,2.841,-0.005,-0.176,1905307.0,540422.106
gold,2017-04-21,2.836,2.836,2.826,2.827,2.836,-0.009,-0.3173,2548979.0,721079.606
gold,2017-04-24,2.825,2.827,2.804,2.805,2.827,-0.022,-0.7782,2603671.73,733911.105
gold,2017-04-25,2.806,2.811,2.804,2.807,2.805,0.002,0.0713,5222972.32,1466299.634
gold,2017-04-26,2.797,2.8,2.792,2.794,2.807,-0.013,-0.4631,5094034.3,1424421.347
gold,2017-04-27,2.801,2.805,2.8,2.802,2.794,0.008,0.2863,3457906.8,969345.395
gold,2017-04-28,2.803,2.814,2.802,2.812,2.802,0.01,0.3569,2223555.22,624543.768
gold,2017-05-02,2.792,2.797,2.787,2.788,2.812,-0.024,-0.8535,2049374.59,572407.86
gold,2017-05-03,2.79,2.791,2.786,2.788,2.788,0.0,0.0,1402221.0,391097.353
gold,2017-05-04,2.765,2.767,2.736,2.745,2.788,-0.043,-1.5423,4861794.0,1341891.833
gold,2017-05-05,2.732,2.749,2.731,2.747,2.745,0.002,0.0729,2062512.0,564424.839
gold,2017-05-08,2.745,2.748,2.737,2.738,2.747,-0.009,-0.3276,1239770.82,340195.379
gold,2017-05-09,2.741,2.746,2.734,2.741,2.738,0.003,0.1096,2210910.33,606207.63
gold,2017-05-10,2.731,2.731,2.723,2.726,2.741,-0.015,-0.5472,1960839.34,534764.9
gold,2017-05-11,2.726,2.735,2.726,2.731,2.726,0.005,0.1834,2706412.3,738453.701
gold,2017-05-12,2.737,2.743,2.733,2.739,2.731,0.008,0.2929,1912927.0,523800.263
gold,2017-05-15,2.74,2.753,2.739,2.75,2.739,0.011,0.4016,2856468.0,784435.996
gold,2017-05-16,2.753,2.759,2.753,2.757,2.75,0.007,0.2545,3064408.5,844582.407
gold,2017-05-17,2.766,2.771,2.765,2.768,2.757,0.011,0.399,2524692.5,698856.519
gold,2017-05-18,2.803,2.804,2.79,2.791,2.768,0.023,0.8309,2235460.0,625478.341
gold,2017-05-19,2.782,2.787,2.778,2.784,2.791,-0.007,-0.2508,1940811.36,540009.999
gold,2017-05-22,2.785,2.791,2.784,2.79,2.784,0.006,0.2155,1944020.36,541805.458
gold,2017-05-23,2.802,2.807,2.799,2.803,2.79,0.013,0.4659,2396456.0,672045.035
gold,2017-05-24,2.784,2.785,2.77,2.772,2.803,-0.031,-1.106,2339396.0,650283.681
gold,2017-05-25,2.79,2.791,2.784,2.784,2.772,0.012,0.4329,1318344.25,367533.611
gold,2017-05-26,2.776,2.789,2.775,2.788,2.784,0.004,0.1437,1429314.0,397223.771
gold,2017-05-31,2.786,2.788,2.773,2.775,2.788,-0.013,-0.4663,1899737.66,528322.64
gold,2017-06-01,2.779,2.78,2.773,2.777,2.775,0.002,0.0721,1635290.76,454076.921
gold,2017-06-02,2.767,2.774,2.767,2.771,2.777,-0.006,-0.2161,2888691.06,800275.367
gold,2017-06-05,2.81,2.818,2.801,2.805,2.771,0.034,1.227,2575161.34,723130.141
gold,2017-06-06,2.809,2.824,2.807,2.822,2.805,0.017,0.6061,2309035.72,650162.198
gold,2017-06-07,2.823,2.827,2.822,2.823,2.822,0.001,0.0354,1306144.14,368918.985
gold,2017-06-08,2.815,2.816,2.806,2.806,2.823,-0.017,-0.6022,2927502.02,823060.387
gold,2017-06-09,2.785,2.789,2.776,2.78,2.806,-0.026,-0.9266,2428175.43,676061.616
gold,2017-06-12,2.77,2.773,2.767,2.77,2.78,-0.01,-0.3597,2221775.0,615344.667
gold,2017-06-13,2.767,2.777,2.767,2.775,2.77,0.005,0.1805,1670421.79,463302.589
gold,2017-06-14,2.78,2.79,2.778,2.782,2.775,0.007,0.2523,1785083.5,496961.336
gold,2017-06-15,2.781,2.784,2.758,2.759,2.782,-0.023,-0.8267,2635575.08,730719.149
gold,2017-06-16,2.752,2.764,2.75,2.755,2.759,-0.004,-0.145,2837366.09,782181.881
gold,2017-06-19,2.754,2.759,2.75,2.753,2.755,-0.002,-0.0726,2744017.0,755977.159
gold,2017-06-20,2.744,2.748,2.74,2.743,2.753,-0.01,-0.3632,2954828.0,810656.217
gold,2017-06-21,2.742,2.751,2.742,2.745,2.743,0.002,0.0729,2513144.7,690368.641
gold,2017-06-22,2.76,2.765,2.758,2.76,2.745,0.015,0.5464,3226778.0,891227.215
gold,2017-06-23,2.758,2.767,2.757,2.764,2.76,0.004,0.1449,3053844.19,843546.481
gold,2017-06-26,2.766,2.769,2.76,2.764,2.764,0.0,0.0,4045648.05,1118456.821
gold,2017-06-27,2.742,2.754,2.741,2.751,2.764,-0.013,-0.4703,4055552.55,1113662.879
gold,2017-06-28,2.745,2.752,2.744,2.747,2.751,-0.004,-0.1454,2077602.0,570925.945
gold,2017-06-29,2.744,2.746,2.736,2.74,2.747,-0.007,-0.2548,1591419.0,436489.112
gold,2017-06-30,2.731,2.731,2.713,2.714,2.74,-0.026,-0.9489,2436886.0,662949.041
gold,2017-07-03,2.709,2.71,2.704,2.707,2.714,-0.007,-0.2579,1915731.0,518631.13
gold,2017-07-04,2.687,2.692,2.681,2.689,2.707,-0.018,-0.6649,2490954.0,669349.957
gold,2017-07-05,2.695,2.696,2.685,2.688,2.689,-0.001,-0.0372,1817877.0,489323.509
gold,2017-07-06,2.689,2.701,2.689,2.694,2.688,0.006,0.2232,2314962.38,623687.717
gold,2017-07-07,2.688,2.691,2.685,2.686,2.694,-0.008,-0.297,1965936.0,528408.387
gold,2017-07-10,2.663,2.671,2.653,2.658,2.686,-0.028,-1.0424,2689470.39,717032.712
gold,2017-07-11,2.669,2.671,2.664,2.667,2.658,0.009,0.3386,2673483.0,713166.426
gold,2017-07-12,2.682,2.684,2.676,2.676,2.667,0.009,0.3375,2966292.0,794996.087
gold,2017-07-13,2.682,2.687,2.682,2.684,2.676,0.008,0.299,2309100.7,619899.012
gold,2017-07-14,2.671,2.677,2.669,2.675,2.684,-0.009,-0.3353,2131733.0,569367.71
gold,2017-07-17,2.698,2.701,2.695,2.695,2.675,0.02,0.7477,2648071.0,714380.208
gold,2017-07-18,2.71,2.713,2.706,2.708,2.695,0.013,0.4824,2301982.01,623824.307
gold,2017-07-19,2.711,2.712,2.707,2.709,2.708,0.001,0.0369,2080628.14,563886.144
gold,2017-07-20,2.709,2.718,2.707,2.708,2.709,-0.001,-0.0369,2552574.58,691849.209
gold,2017-07-21,2.715,2.726,2.714,2.724,2.708,0.016,0.5908,1915890.73,520943.656
gold,2017-07-24,2.739,2.739,2.727,2.727,2.724,0.003,0.1101,2089433.87,571551.781
gold,2017-07-25,2.728,2.735,2.727,2.733,2.727,0.006,0.22,1746172.49,476772.28
gold,2017-07-26,2.718,2.72,2.708,2.71,2.733,-0.023,-0.8416,2827647.83,767879.074
gold,2017-07-27,2.742,2.743,2.737,2.739,2.71,0.029,1.0701,1887941.11,517510.026
gold,2017-07-28,2.738,2.74,2.734,2.735,2.739,-0.004,-0.146,1386603.87,379564.623
gold,2017-07-31,2.749,2.749,2.741,2.742,2.735,0.007,0.2559,2271040.0,623648.538
gold,2017-08-01,2.74,2.75,2.74,2.745,2.742,0.003,0.1094,2731491.0,749945.756
gold,2017-08-02,2.742,2.745,2.74,2.742,2.745,-0.003,-0.1093,2917077.01,799946.685
gold,2017-08-03,2.735,2.739,2.73,2.731,2.742,-0.011,-0.4012,3688207.0,1008841.436
gold,2017-08-04,2.741,2.75,2.741,2.748,2.731,0.017,0.6225,1864234.97,511638.872
gold,2017-08-07,2.727,2.738,2.723,2.725,2.748,-0.023,-0.837,2060753.98,561732.575
gold,2017-08-08,2.726,2.727,2.717,2.72,2.725,-0.005,-0.1835,1839057.0,500685.353
gold,2017-08-09,2.727,2.731,2.726,2.727,2.72,0.007,0.2574,1891003.69,515920.965
gold,2017-08-10,2.74,2.751,2.739,2.749,2.727,0.022,0.8067,3007502.88,825343.717
gold,2017-08-11,2.758,2.767,2.758,2.763,2.749,0.014,0.5093,2680248.0,740661.602
gold,2017-08-14,2.761,2.767,2.758,2.76,2.763,-0.003,-0.1086,2703399.16,746352.986
gold,2017-08-15,2.74,2.741,2.734,2.74,2.76,-0.02,-0.7246,2243366.0,614244.459
gold,2017-08-16,2.735,2.74,2.732,2.733,2.74,-0.007,-0.2555,1903536.0,521083.477
gold,2017-08-17,2.764,2.766,2.758,2.76,2.733,0.027,0.9879,1935891.0,534817.37
gold,2017-08-18,2.76,2.764,2.758,2.763,2.76,0.003,0.1087,1948933.0,538053.26
gold,2017-08-21,2.751,2.756,2.75,2.752,2.763,-0.011,-0.3981,2178386.48,599768.357
gold,2017-08-22,2.754,2.756,2.748,2.749,2.752,-0.003,-0.109,1347798.55,371113.341
gold,2017-08-23,2.745,2.752,2.745,2.75,2.749,0.001,0.0364,1416612.0,389189.867
gold,2017-08-24,2.753,2.757,2.75,2.751,2.75,0.001,0.0364,1241541.46,341740.995
gold,2017-08-25,2.748,2.751,2.746,2.749,2.751,-0.002,-0.0727,2429664.84,667715.482
gold,2017-08-28,2.757,2.766,2.756,2.762,2.749,0.013,0.4729,3005553.0,829280.148
gold,2017-08-29,2.782,2.797,2.782,2.792,2.762,0.03,1.0862,2756485.88,769525.427
gold,2017-08-30,2.778,2.778,2.758,2.76,2.792,-0.032,-1.1461,3540883.0,981249.347
gold,2017-08-31,2.76,2.763,2.751,2.756,2.76,-0.004,-0.1449,2358606.28,650036.772
gold,2017-09-01,2.778,2.781,2.773,2.775,2.756,0.019,0.6894,2779186.68,772272.223
gold,2017-09-04,2.794,2.798,2.789,2.796,2.775,0.021,0.7568,2910573.02,813127.736
gold,2017-09-05,2.79,2.795,2.788,2.792,2.796,-0.004,-0.1431,3249790.2,907323.559
gold,2017-09-06,2.795,2.798,2.794,2.795,2.792,0.003,0.1074,3759506.65,1050922.014
gold,2017-09-07,2.782,2.79,2.78,2.786,2.795,-0.009,-0.322,3496733.0,973746.75
gold,2017-09-08,2.794,2.795,2.788,2.794,2.786,0.008,0.2872,3875593.16,1082006.018
gold,2017-09-11,2.783,2.784,2.78,2.781,2.794,-0.013,-0.4653,2734476.46,760754.336
gold,2017-09-12,2.775,2.775,2.767,2.769,2.781,-0.012,-0.4315,2955341.92,819265.065
gold,2017-09-13,2.774,2.779,2.773,2.773,2.769,0.004,0.1445,3678098.65,1021249.324
gold,2017-09-14,2.767,2.77,2.766,2.768,2.773,-0.005,-0.1803,3461892.0,958111.462
gold,2017-09-15,2.783,2.786,2.78,2.78,2.768,0.012,0.4335,4683004.0,1303710.611
gold,2017-09-18,2.77,2.77,2.757,2.758,2.78,-0.022,-0.7914,4682705.63,1293152.797
gold,2017-09-19,2.753,2.764,2.753,2.759,2.758,0.001,0.0363,5063499.65,1397177.844
gold,2017-09-20,2.761,2.766,2.761,2.762,2.759,0.003,0.1087,4778976.6,1321021.965
gold,2017-09-21,2.749,2.749,2.733,2.733,2.762,-0.029,-1.05,4659146.92,1277994.249
gold,2017-09-22,2.737,2.738,2.733,2.738,2.733,0.005,0.1829,5573383.0,1524243.104
gold,2017-09-25,2.735,2.736,2.732,2.734,2.738,-0.004,-0.1461,3339947.0,913015.812
gold,2017-09-26,2.772,2.779,2.77,2.772,2.734,0.038,1.3899,4831800.0,1341054.614
gold,2017-09-27,2.753,2.754,2.746,2.748,2.772,-0.024,-0.8658,4056378.85,1116471.965
gold,2017-09-28,2.737,2.738,2.731,2.732,2.748,-0.016,-0.5822,5949819.0,1627146.903
gold,2017-09-29,2.741,2.745,2.739,2.742,2.732,0.01,0.366,3235503.0,887042.249
gold,2017-10-09,2.732,2.736,2.727,2.729,2.742,-0.013,-0.4741,4932696.0,1348077.617
gold,2017-10-10,2.735,2.735,2.728,2.73,2.729,0.001,0.0366,5645581.0,1542378.014
gold,2017-10-11,2.731,2.731,2.723,2.724,2.73,-0.006,-0.2198,6208642.0,1692706.286
gold,2017-10-12,2.73,2.737,2.729,2.734,2.724,0.01,0.3671,5236131.8,1430845.947
gold,2017-10-13,2.735,2.737,2.73,2.734,2.734,0.0,0.0,4465029.0,1220213.562
gold,2017-10-16,2.742,2.749,2.74,2.748,2.734,0.014,0.5121,9209933.02,2527873.646
gold,2017-10-17,2.735,2.738,2.732,2.735,2.748,-0.013,-0.4731,7808543.86,2135942.202
gold,2017-10-18,2.731,2.733,2.727,2.729,2.735,-0.006,-0.2194,7972363.86,2176611.575
gold,2017-10-19,2.727,2.733,2.72,2.724,2.729,-0.005,-0.1832,5135830.0,1400333.915
gold,2017-10-20,2.729,2.73,2.722,2.723,2.724,-0.001,-0.0367,8351074.0,2275544.649
gold,2017-10-23,2.71,2.717,2.71,2.713,2.723,-0.01,-0.3672,9172741.0,2489948.594
gold,2017-10-24,2.722,2.734,2.721,2.723,2.713,0.01,0.3686,7624493.25,2077655.729
gold,2017-10-25,2.719,2.722,2.711,2.712,2.723,-0.011,-0.404,10251238.06,2785039.572
gold,2017-10-26,2.718,2.724,2.718,2.723,2.712,0.011,0.4056,15934898.0,4335282.918
gold,2017-10-27,2.71,2.712,2.704,2.706,2.723,-0.017,-0.6243,14914886.0,4039753.412
gold,2017-10-30,2.711,2.718,2.709,2.711,2.706,0.005,0.1848,13986726.0,3794279.097
gold,2017-10-31,2.716,2.723,2.715,2.718,2.711,0.007,0.2582,17556161.0,4773804.273
gold,2017-11-01,2.714,2.715,2.702,2.711,2.718,-0.007,-0.2575,18748141.8,5077799.161
gold,2017-11-02,2.713,2.716,2.709,2.712,2.711,0.001,0.0369,11311823.0,3066896.999
gold,2017-11-03,2.712,2.716,2.712,2.713,2.712,0.001,0.0369,10496067.0,2848263.39
gold,2017-11-06,2.709,2.71,2.706,2.707,2.713,-0.006,-0.2212,8497228.0,2300864.744
gold,2017-11-07,2.716,2.722,2.716,2.719,2.707,0.012,0.4433,19985768.74,5436449.158
gold,2017-11-08,2.72,2.728,2.719,2.72,2.719,0.001,0.0368,15667017.06,4264990.249
gold,2017-11-09,2.725,2.731,2.723,2.729,2.72,0.009,0.3309,26831449.05,7312325.368
gold,2017-11-10,2.738,2.74,2.734,2.735,2.729,0.006,0.2199,7672058.0,2100756.303
gold,2017-11-13,2.728,2.728,2.723,2.724,2.735,-0.011,-0.4022,8919367.0,2430827.15
gold,2017-11-14,2.724,2.725,2.719,2.719,2.724,-0.005,-0.1836,10441416.24,2842156.04
gold,2017-11-15,2.725,2.73,2.724,2.724,2.719,0.005,0.1839,11260987.78,3070873.459
gold,2017-11-16,2.721,2.723,2.717,2.719,2.724,-0.005,-0.1836,9968618.0,2711614.54
gold,2017-11-17,2.721,2.729,2.721,2.728,2.719,0.009,0.331,8171339.0,2227299.26
gold,2017-11-20,2.742,2.745,2.74,2.742,2.728,0.014,0.5132,9536512.0,2614906.338
gold,2017-11-21,2.726,2.728,2.724,2.726,2.742,-0.016,-0.5835,6608565.02,1801489.69
gold,2017-11-22,2.727,2.728,2.723,2.726,2.726,0.0,0.0,5683540.7,1548843.541
gold,2017-11-23,2.732,2.732,2.727,2.728,2.726,0.002,0.0734,4654873.0,1270061.94
gold,2017-11-24,2.729,2.733,2.726,2.732,2.728,0.004,0.1466,6454680.95,1761473.939
gold,2017-11-27,2.727,2.732,2.726,2.731,2.732,-0.001,-0.0366,4551695.5,1242200.743
gold,2017-11-28,2.74,2.746,2.736,2.736,2.731,0.005,0.1831,7203472.5,1975118.382
gold,2017-11-29,2.739,2.742,2.736,2.738,2.736,0.002,0.0731,5291183.53,1449446.238
gold,2017-11-30,2.726,2.726,2.715,2.72,2.738,-0.018,-0.6574,5880015.89,1599612.734
gold,2017-12-01,2.709,2.71,2.701,2.702,2.72,-0.018,-0.6618,4897742.47,1325141.024
gold,2017-12-04,2.701,2.702,2.696,2.7,2.702,-0.002,-0.074,4617758.17,1246273.843
gold,2017-12-05,2.702,2.705,2.7,2.702,2.7,0.002,0.0741,4487403.94,1212601.179
gold,2017-12-06,2.684,2.687,2.682,2.686,2.702,-0.016,-0.5922,6747182.0,1810774.561
gold,2017-12-07,2.683,2.683,2.66,2.668,2.686,-0.018,-0.6701,5992792.0,1604437.466
gold,2017-12-08,2.65,2.653,2.647,2.651,2.668,-0.017,-0.6372,7942550.07,2104402.512
gold,2017-12-11,2.65,2.654,2.649,2.653,2.651,0.002,0.0754,4857406.0,1287631.525
gold,2017-12-12,2.649,2.651,2.643,2.649,2.653,-0.004,-0.1508,8197933.66,2169357.435
gold,2017-12-13,2.646,2.654,2.646,2.65,2.649,0.001,0.0378,5734789.2,1520164.147
gold,2017-12-14,2.672,2.683,2.672,2.674,2.65,0.024,0.9057,7722029.63,2065945.925
gold,2017-12-15,2.672,2.675,2.67,2.673,2.674,-0.001,-0.0374,7208895.0,1926460.35
gold,2017-12-18,2.673,2.676,2.669,2.674,2.673,0.001,0.0374,7135948.94,1907203.728
gold,2017-12-19,2.68,2.69,2.679,2.686,2.674,0.012,0.4488,6244089.05,1675684.335
gold,2017-12-20,2.685,2.687,2.678,2.68,2.686,-0.006,-0.2234,5944634.2,1595562.987
gold,2017-12-21,2.679,2.68,2.675,2.676,2.68,-0.004,-0.1493,8770102.04,2348958.641
gold,2017-12-22,2.676,2.68,2.676,2.678,2.676,0.002,0.0747,5737221.65,1536146.022
gold,2017-12-25,2.691,2.696,2.691,2.693,2.678,0.015,0.5601,7624917.85,2053857.083
gold,2017-12-26,2.692,2.692,2.677,2.677,2.693,-0.016,-0.5941,8572793.16,2303826.198
gold,2017-12-27,2.688,2.696,2.685,2.691,2.677,0.014,0.523,11075233.65,2979307.738
gold,2017-12-28,2.698,2.712,2.691,2.692,2.691,0.001,0.0372,14425286.42,3899335.308
gold,2017-12-29,2.703,2.71,2.7,2.708,2.692,0.016,0.5944,12580801.19,3402792.619
gold,2018-01-02,2.722,2.724,2.72,2.723,2.708,0.015,0.5539,2680398.6,729608.524
gold,2018-01-03,2.74,2.744,2.731,2.733,2.723,0.01,0.3672,3542791.82,969424.736
gold,2018-01-04,2.719,2.721,2.713,2.719,2.733,-0.014,-0.5123,6329382.21,1719136.278
gold,2018-01-05,2.73,2.733,2.727,2.728,2.719,0.009,0.331,5429541.0,1482382.898
gold,2018-01-08,2.73,2.734,2.729,2.73,2.728,0.002,0.0733,4714531.29,1287659.383
gold,2018-01-09,2.734,2.742,2.734,2.736,2.73,0.006,0.2198,4059238.83,1110875.211
gold,2018-01-10,2.73,2.736,2.726,2.729,2.736,-0.007,-0.2558,5728276.92,1565606.259
gold,2018-01-11,2.739,2.745,2.733,2.734,2.729,0.005,0.1832,6366798.0,1744747.729
gold,2018-01-12,2.74,2.776,2.74,2.774,2.734,0.04,1.4631,5445688.06,1506885.037
gold,2018-01-15,2.783,2.79,2.781,2.783,2.774,0.009,0.3244,4249009.92,1183267.274
gold,2018-01-16,2.783,2.786,2.78,2.781,2.783,-0.002,-0.0719,5321787.0,1480677.737
gold,2018-01-17,2.783,2.79,2.774,2.774,2.781,-0.007,-0.2517,4983514.76,1386868.262
gold,2018-01-18,2.76,2.763,2.755,2.759,2.774,-0.015,-0.5407,4530782.71,1250024.564
gold,2018-01-19,2.755,2.757,2.75,2.751,2.759,-0.008,-0.29,3874187.0,1066946.566
gold,2018-01-22,2.758,2.759,2.753,2.754,2.751,0.003,0.1091,4059922.32,1119283.422
gold,2018-01-23,2.758,2.765,2.758,2.762,2.754,0.008,0.2905,4774920.94,1318830.47
gold,2018-01-24,2.767,2.775,2.766,2.774,2.762,0.012,0.4345,3293314.18,911691.07
gold,2018-01-25,2.782,2.789,2.781,2.784,2.774,0.01,0.3605,5053467.42,1407225.27
gold,2018-01-26,2.767,2.786,2.763,2.767,2.784,-0.017,-0.6106,6328179.67,1751054.457
gold,2018-01-29,2.759,2.76,2.752,2.754,2.767,-0.013,-0.4698,4044733.0,1114673.959
gold,2018-01-30,2.743,2.745,2.729,2.731,2.754,-0.023,-0.8351,4752085.0,1299930.246
gold,2018-01-31,2.734,2.739,2.732,2.735,2.731,0.004,0.1465,5094171.94,1393400.836
gold,2018-02-01,2.731,2.735,2.727,2.729,2.735,-0.006,-0.2194,3390874.46,926041.188
gold,2018-02-02,2.733,2.737,2.729,2.731,2.729,0.002,0.0733,5089665.72,1391368.086
gold,2018-02-05,2.712,2.713,2.704,2.705,2.731,-0.026,-0.952,3812830.05,1032886.687
gold,2018-02-06,2.722,2.743,2.721,2.726,2.705,0.021,0.7763,3208401.16,876004.305
gold,2018-02-07,2.686,2.689,2.683,2.689,2.726,-0.037,-1.3573,2915508.02,783049.101
gold,2018-02-08,2.674,2.68,2.667,2.68,2.689,-0.009,-0.3347,2133135.73,570211.767
gold,2018-02-09,2.696,2.699,2.688,2.692,2.68,0.012,0.4478,2356175.77,634159.377
gold,2018-02-12,2.683,2.7,2.682,2.694,2.692,0.002,0.0743,3143116.0,846225.568
gold,2018-02-13,2.701,2.709,2.696,2.708,2.694,0.014,0.5197,2193080.49,592244.82
gold,2018-02-14,2.717,2.735,2.716,2.73,2.708,0.022,0.8124,1810686.2,493752.135
gold,2018-02-22,2.707,2.709,2.703,2.704,2.73,-0.026,-0.9524,2412994.45,652812.472
gold,2018-02-23,2.712,2.715,2.71,2.712,2.704,0.008,0.2959,2198338.71,596452.249
gold,2018-02-26,2.714,2.728,2.713,2.727,2.712,0.015,0.5531,2891669.34,786966.152
gold,2018-02-27,2.717,2.717,2.711,2.712,2.727,-0.015,-0.5501,2917639.05,791643.751
gold,2018-02-28,2.695,2.697,2.691,2.692,2.712,-0.02,-0.7375,2214504.72,596369.643
gold,2018-03-01,2.692,2.697,2.684,2.689,2.692,-0.003,-0.1114,2287426.11,615727.965
gold,2018-03-02,2.693,2.704,2.693,2.7,2.689,0.011,0.4091,2499874.51,675152.925
gold,2018-03-05,2.71,2.712,2.706,2.71,2.7,0.01,0.3704,1798835.57,487269.413
gold,2018-03-06,2.703,2.709,2.702,2.709,2.71,-0.001,-0.0369,3633456.24,983298.187
gold,2018-03-07,2.723,2.732,2.717,2.719,2.709,0.01,0.3691,4092240.62,1114654.718
gold,2018-03-08,2.71,2.715,2.709,2.714,2.719,-0.005,-0.1839,1843641.97,500121.376
gold,2018-03-09,2.703,2.704,2.698,2.7,2.714,-0.014,-0.5158,6570868.32,1774820.384
gold,2018-03-12,2.701,2.706,2.698,2.699,2.7,-0.001,-0.037,4229370.78,1142810.713
gold,2018-03-13,2.701,2.703,2.696,2.698,2.699,-0.001,-0.0371,3201149.99,864291.359
gold,2018-03-14,2.703,2.71,2.701,2.702,2.698,0.004,0.1483,2422192.47,655473.126
gold,2018-03-15,2.701,2.705,2.698,2.699,2.702,-0.003,-0.111,4451692.79,1202578.218
gold,2018-03-16,2.687,2.692,2.685,2.688,2.699,-0.011,-0.4076,4582715.01,1232577.338
gold,2018-03-19,2.682,2.691,2.674,2.678,2.688,-0.01,-0.372,4328441.64,1161846.42
gold,2018-03-20,2.687,2.69,2.684,2.689,2.678,0.011,0.4108,3656352.61,982684.226
gold,2018-03-21,2.685,2.69,2.684,2.69,2.689,0.001,0.0372,3091067.16,830143.685
gold,2018-03-22,2.715,2.716,2.709,2.713,2.69,0.023,0.855,3241389.38,879137.258
gold,2018-03-23,2.73,2.742,2.729,2.741,2.713,0.028,1.0321,3357520.03,918154.8
gold,2018-03-26,2.743,2.75,2.736,2.738,2.741,-0.003,-0.1094,2767357.17,759387.377
gold,2018-03-27,2.732,2.737,2.731,2.736,2.738,-0.002,-0.073,4317155.86,1180057.317
gold,2018-03-28,2.727,2.729,2.718,2.721,2.736,-0.015,-0.5482,3238022.91,882613.502
gold,2018-03-29,2.701,2.705,2.686,2.688,2.721,-0.033,-1.2128,3443513.89,929985.826
gold,2018-03-30,2.69,2.693,2.689,2.692,2.688,0.004,0.1488,3124990.45,841145.675
gold,2018-04-02,2.698,2.699,2.694,2.696,2.692,0.004,0.1486,3842012.57,1035776.874
gold,2018-04-03,2.717,2.717,2.712,2.716,2.696,0.02,0.7418,3447000.34,935773.464
gold,2018-04-04,2.703,2.714,2.701,2.712,2.716,-0.004,-0.1473,4801825.02,1300629.736
gold,2018-04-09,2.707,2.718,2.706,2.707,2.712,-0.005,-0.1844,5458659.34,1479962.502
gold,2018-04-10,2.717,2.72,2.708,2.71,2.707,0.003,0.1108,6397260.61,1735734.389
gold,2018-04-11,2.717,2.727,2.716,2.726,2.71,0.016,0.5904,4856586.78,1321125.084
gold,2018-04-12,2.732,2.737,2.731,2.735,2.726,0.009,0.3302,4531931.11,1238966.735
gold,2018-04-13,2.717,2.725,2.713,2.714,2.735,-0.021,-0.7678,3527672.0,959467.48
gold,2018-04-16,2.728,2.732,2.722,2.725,2.714,0.011,0.4053,4503442.24,1228333.084
gold,2018-04-17,2.728,2.731,2.724,2.729,2.725,0.004,0.1468,4290795.0,1170548.423
gold,2018-04-18,2.726,2.73,2.724,2.727,2.729,-0.002,-0.0733,4108788.18,1120114.973
gold,2018-04-19,2.729,2.735,2.729,2.734,2.727,0.007,0.2567,3905602.82,1066754.715
gold,2018-04-20,2.726,2.726,2.718,2.722,2.734,-0.012,-0.4389,3527495.19,959688.215
gold,2018-04-23,2.707,2.71,2.705,2.708,2.722,-0.014,-0.5143,4441615.63,1203016.328
gold,2018-04-24,2.698,2.705,2.698,2.7,2.708,-0.008,-0.2954,5089945.88,1375662.968
gold,2018-04-25,2.704,2.705,2.697,2.699,2.7,-0.001,-0.037,2384890.21,644372.34
gold,2018-04-26,2.698,2.704,2.698,2.702,2.699,0.003,0.1112,5543277.31,1497289.479
gold,2018-04-27,2.691,2.696,2.69,2.692,2.702,-0.01,-0.3701,2933020.14,790112.46
gold,2018-05-02,2.681,2.687,2.68,2.684,2.692,-0.008,-0.2972,4652986.28,1249022.671
gold,2018-05-03,2.69,2.691,2.683,2.684,2.684,0.0,0.0,3799778.58,1020999.456
gold,2018-05-04,2.688,2.689,2.686,2.687,2.684,0.003,0.1118,4906694.0,1318744.557
gold,2018-05-07,2.7,2.701,2.693,2.694,2.687,0.007,0.2605,3475926.28,937567.247
gold,2018-05-08,2.696,2.697,2.691,2.692,2.694,-0.002,-0.0742,4500321.3,1212195.506
gold,2018-05-09,2.693,2.693,2.688,2.689,2.692,-0.003,-0.1114,4015025.69,1080635.069
gold,2018-05-10,2.693,2.696,2.689,2.69,2.689,0.001,0.0372,5640859.4,1519223.089
gold,2018-05-11,2.694,2.697,2.693,2.693,2.69,0.003,0.1115,4380754.85,1180540.148
gold,2018-05-14,2.694,2.696,2.693,2.694,2.693,0.001,0.0371,3730265.25,1004948.678
gold,2018-05-15,2.685,2.686,2.68,2.68,2.694,-0.014,-0.5197,3064992.97,822339.888
gold,2018-05-16,2.654,2.656,2.652,2.654,2.68,-0.026,-0.9701,4639303.1,1231226.247
gold,2018-05-17,2.646,2.651,2.641,2.642,2.654,-0.012,-0.4521,3711928.4,982737.336
gold,2018-05-18,2.644,2.652,2.643,2.644,2.642,0.002,0.0757,5005510.06,1324801.608
gold,2018-05-21,2.649,2.651,2.638,2.639,2.644,-0.005,-0.1891,4746012.98,1256578.754
gold,2018-05-22,2.648,2.65,2.645,2.646,2.639,0.007,0.2653,2997715.0,793872.853
gold,2018-05-23,2.652,2.653,2.649,2.649,2.646,0.003,0.1134,2417673.19,640946.079
gold,2018-05-24,2.659,2.667,2.658,2.665,2.649,0.016,0.604,3667102.65,976295.541
gold,2018-05-25,2.676,2.683,2.675,2.678,2.665,0.013,0.4878,4158392.0,1113744.468
gold,2018-05-28,2.67,2.676,2.665,2.667,2.678,-0.011,-0.4108,5579338.0,1490148.523
gold,2018-05-29,2.678,2.68,2.676,2.676,2.667,0.009,0.3375,3941768.82,1055614.95
gold,2018-05-30,2.688,2.688,2.68,2.683,2.676,0.007,0.2616,2004174.32,538060.18
gold,2018-05-31,2.684,2.687,2.682,2.686,2.683,0.003,0.1118,1961293.07,526461.469
gold,2018-06-01,2.677,2.682,2.676,2.68,2.686,-0.006,-0.2234,2023132.0,541971.938
gold,2018-06-04,2.671,2.672,2.664,2.665,2.68,-0.015,-0.5597,1732607.02,462374.599
gold,2018-06-05,2.662,2.664,2.659,2.662,2.665,-0.003,-0.1126,2761006.0,734832.948
gold,2018-06-06,2.668,2.67,2.666,2.666,2.662,0.004,0.1503,5237691.0,1397343.395
gold,2018-06-07,2.664,2.668,2.663,2.664,2.666,-0.002,-0.075,5717691.56,1523767.313
gold,2018-06-08,2.665,2.668,2.663,2.664,2.664,0.0,0.0,4224984.0,1126436.235
gold,2018-06-11,2.67,2.678,2.67,2.671,2.664,0.007,0.2628,3009840.0,805182.488
gold,2018-06-12,2.674,2.678,2.668,2.669,2.671,-0.002,-0.0749,4384093.0,1171735.903
gold,2018-06-13,2.669,2.671,2.666,2.667,2.669,-0.002,-0.0749,4816646.78,1285134.024
gold,2018-06-14,2.669,2.679,2.668,2.677,2.667,0.01,0.375,6562936.25,1752696.913
gold,2018-06-15,2.686,2.695,2.679,2.682,2.677,0.005,0.1868,5735062.4,1540298.177
gold,2018-06-19,2.678,2.678,2.657,2.659,2.682,-0.023,-0.8576,6830265.4,1816821.35
gold,2018-06-20,2.656,2.657,2.65,2.651,2.659,-0.008,-0.3009,4584222.0,1216373.197
gold,2018-06-21,2.643,2.646,2.639,2.641,2.651,-0.01,-0.3772,5254597.0,1388712.45
gold,2018-06-22,2.649,2.654,2.648,2.653,2.641,0.012,0.4544,3743039.0,992396.651
gold,2018-06-25,2.663,2.665,2.657,2.658,2.653,0.005,0.1885,2907224.0,773730.968
gold,2018-06-26,2.659,2.665,2.657,2.657,2.658,-0.001,-0.0376,3438644.0,915045.531
gold,2018-06-27,2.658,2.663,2.657,2.663,2.657,0.006,0.2258,2551590.02,678693.529
gold,2018-06-28,2.663,2.665,2.654,2.655,2.663,-0.008,-0.3004,3658279.0,973286.941
gold,2018-06-29,2.66,2.663,2.658,2.661,2.655,0.006,0.226,3408271.0,906592.944
gold,2018-07-02,2.665,2.669,2.664,2.667,2.661,0.006,0.2255,2311520.0,616390.889
gold,2018-07-03,2.665,2.671,2.664,2.665,2.667,-0.002,-0.075,6013719.0,1604266.766
gold,2018-07-04,2.679,2.684,2.672,2.673,2.665,0.008,0.3002,3262579.0,873650.061
gold,2018-07-05,2.676,2.679,2.674,2.675,2.673,0.002,0.0748,2002000.52,535788.537
gold,2018-07-06,2.678,2.682,2.676,2.68,2.675,0.005,0.1869,3212012.0,860557.856
gold,2018-07-09,2.678,2.68,2.674,2.677,2.68,-0.003,-0.1119,2419430.0,647556.561
gold,2018-07-10,2.668,2.673,2.666,2.668,2.677,-0.009,-0.3362,2261411.0,603637.094
gold,2018-07-11,2.674,2.677,2.674,2.676,2.668,0.008,0.2999,1630486.0,436291.468
gold,2018-07-12,2.674,2.676,2.667,2.668,2.676,-0.008,-0.299,2783643.0,743851.17
gold,2018-07-13,2.668,2.669,2.664,2.665,2.668,-0.003,-0.1124,2638201.0,703686.667
gold,2018-07-16,2.668,2.673,2.668,2.669,2.665,0.004,0.1501,2106019.18,562463.708
gold,2018-07-17,2.658,2.665,2.657,2.664,2.669,-0.005,-0.1873,3477246.0,924949.83
gold,2018-07-18,2.647,2.647,2.635,2.639,2.664,-0.025,-0.9384,3381520.0,893513.392
gold,2018-07-19,2.644,2.652,2.644,2.65,2.639,0.011,0.4168,2884562.0,763833.552
gold,2018-07-20,2.653,2.658,2.652,2.655,2.65,0.005,0.1887,3772271.0,1001564.271
gold,2018-07-23,2.667,2.67,2.666,2.668,2.655,0.013,0.4896,3756756.0,1002327.146
gold,2018-07-24,2.668,2.671,2.664,2.666,2.668,-0.002,-0.075,2760631.0,736680.083
gold,2018-07-25,2.669,2.671,2.666,2.668,2.666,0.002,0.075,2798902.01,746776.67
gold,2018-07-26,2.667,2.673,2.666,2.672,2.668,0.004,0.1499,4101787.0,1095118.337
gold,2018-07-27,2.67,2.67,2.666,2.669,2.672,-0.003,-0.1123,5965359.0,1591947.745
gold,2018-07-30,2.67,2.676,2.67,2.671,2.669,0.002,0.0749,5151222.0,1376743.397
gold,2018-07-31,2.671,2.675,2.671,2.673,2.671,0.002,0.0749,3879433.0,1037209.098
gold,2018-08-01,2.672,2.673,2.667,2.672,2.673,-0.001,-0.0374,4344039.0,1160191.539
gold,2018-08-02,2.665,2.669,2.664,2.664,2.672,-0.008,-0.2994,3098751.0,826275.299
gold,2018-08-03,2.661,2.665,2.659,2.663,2.664,-0.001,-0.0375,2648597.0,704899.112
gold,2018-08-06,2.665,2.669,2.662,2.663,2.663,0.0,0.0,3819222.0,1017735.578
gold,2018-08-07,2.661,2.667,2.66,2.662,2.663,-0.001,-0.0376,4056458.0,1080264.293
gold,2018-08-08,2.653,2.658,2.652,2.658,2.662,-0.004,-0.1503,3050587.77,809776.979
gold,2018-08-09,2.659,2.659,2.655,2.658,2.658,0.0,0.0,3091427.0,821487.081
gold,2018-08-10,2.658,2.66,2.654,2.656,2.658,-0.002,-0.0752,1890360.0,502471.368
gold,2018-08-13,2.664,2.666,2.662,2.664,2.656,0.008,0.3012,3592741.0,957317.056
gold,2018-08-14,2.641,2.645,2.64,2.641,2.664,-0.023,-0.8634,5317436.0,1405199.6
gold,2018-08-15,2.64,2.642,2.636,2.637,2.641,-0.004,-0.1515,3896087.0,1028119.148
gold,2018-08-16,2.61,2.639,2.595,2.604,2.637,-0.033,-1.2514,6456043.0,1683257.8
gold,2018-08-17,2.602,2.607,2.598,2.598,2.604,-0.006,-0.2304,4078965.0,1061857.834
gold,2018-08-20,2.608,2.616,2.607,2.615,2.598,0.017,0.6543,3142963.0,820884.17
gold,2018-08-21,2.62,2.628,2.619,2.627,2.615,0.012,0.4589,5287856.0,1387563.077
gold,2018-08-22,2.627,2.632,2.625,2.626,2.627,-0.001,-0.0381,3576763.0,940204.03
gold,2018-08-23,2.628,2.63,2.627,2.627,2.626,0.001,0.0381,2410760.0,633769.527
gold,2018-08-24,2.623,2.63,2.621,2.628,2.627,0.001,0.0381,3579953.0,939775.591
gold,2018-08-27,2.638,2.644,2.637,2.641,2.628,0.013,0.4947,3209460.0,847287.725
gold,2018-08-28,2.644,2.652,2.644,2.65,2.641,0.009,0.3408,2591087.0,685816.079
gold,2018-08-29,2.636,2.64,2.635,2.638,2.65,-0.012,-0.4528,3944161.0,1040526.899
gold,2018-08-30,2.643,2.646,2.64,2.641,2.638,0.003,0.1137,2854224.0,754562.596
gold,2018-08-31,2.642,2.649,2.642,2.646,2.641,0.005,0.1893,3349598.0,885975.394
gold,2018-09-03,2.64,2.641,2.635,2.635,2.646,-0.011,-0.4157,3150357.0,831248.414
gold,2018-09-04,2.637,2.637,2.626,2.626,2.635,-0.009,-0.3416,3115868.0,820438.532
gold,2018-09-05,2.625,2.628,2.623,2.624,2.626,-0.002,-0.0762,3148696.0,826687.876
gold,2018-09-06,2.632,2.638,2.632,2.633,2.624,0.009,0.343,1985960.08,523266.512
gold,2018-09-07,2.638,2.643,2.638,2.642,2.633,0.009,0.3418,2911219.0,768968.377
gold,2018-09-10,2.637,2.638,2.631,2.633,2.642,-0.009,-0.3407,5464790.0,1440202.474
gold,2018-09-11,2.637,2.64,2.636,2.64,2.633,0.007,0.2659,1786373.0,471225.509
gold,2018-09-12,2.641,2.645,2.638,2.639,2.64,-0.001,-0.0379,2616369.0,691068.81
gold,2018-09-13,2.646,2.652,2.646,2.65,2.639,0.011,0.4168,2509748.5,665080.729
gold,2018-09-14,2.649,2.656,2.648,2.656,2.65,0.006,0.2264,2462677.66,652894.946
gold,2018-09-17,2.645,2.645,2.641,2.642,2.656,-0.014,-0.5271,2010075.0,531187.416
gold,2018-09-18,2.648,2.652,2.644,2.646,2.642,0.004,0.1514,5231648.0,1385856.203
gold,2018-09-19,2.646,2.65,2.645,2.648,2.646,0.002,0.0756,1475876.0,390687.213
gold,2018-09-20,2.651,2.655,2.65,2.651,2.648,0.003,0.1133,1591435.0,422237.563
gold,2018-09-21,2.654,2.658,2.654,2.657,2.651,0.006,0.2263,3629605.0,964170.861
gold,2018-09-25,2.648,2.65,2.643,2.649,2.657,-0.008,-0.3011,4559109.0,1206111.377
gold,2018-09-26,2.652,2.656,2.652,2.653,2.649,0.004,0.151,2451209.0,650569.203
gold,2018-09-27,2.648,2.649,2.642,2.642,2.653,-0.011,-0.4146,4761467.0,1260030.862
gold,2018-09-28,2.635,2.635,2.619,2.623,2.642,-0.019,-0.7192,2435874.0,640163.402
gold,2018-10-08,2.65,2.657,2.65,2.656,2.623,0.033,1.2581,2228295.0,591205.98
gold,2018-10-09,2.651,2.662,2.649,2.652,2.656,-0.004,-0.1506,2681047.0,711207.789
gold,2018-10-10,2.651,2.655,2.651,2.652,2.652,0.0,0.0,2056859.44,545741.751
gold,2018-10-11,2.663,2.666,2.661,2.665,2.652,0.013,0.4902,3806571.55,1013868.068
gold,2018-10-12,2.7,2.708,2.698,2.702,2.665,0.037,1.3884,4063493.0,1097859.446
gold,2018-10-15,2.715,2.729,2.713,2.728,2.702,0.026,0.9623,4380262.0,1190489.482
gold,2018-10-16,2.728,2.731,2.724,2.727,2.728,-0.001,-0.0367,5231893.33,1427236.237
gold,2018-10-17,2.715,2.721,2.715,2.719,2.727,-0.008,-0.2934,4734286.64,1286966.833
gold,2018-10-18,2.724,2.727,2.718,2.722,2.719,0.003,0.1103,2984466.32,813159.413
gold,2018-10-19,2.738,2.74,2.732,2.734,2.722,0.012,0.4409,3823993.99,1046384.367
gold,2018-10-22,2.732,2.736,2.729,2.73,2.734,-0.004,-0.1463,4875728.28,1332931.183
gold,2018-10-23,2.729,2.745,2.728,2.744,2.73,0.014,0.5128,4256845.46,1163706.358
gold,2018-10-24,2.754,2.755,2.745,2.745,2.744,0.001,0.0364,5597550.51,1540645.98
gold,2018-10-25,2.763,2.767,2.758,2.759,2.745,0.014,0.51,5286522.0,1460785.094
gold,2018-10-26,2.751,2.763,2.751,2.757,2.759,-0.002,-0.0725,4240723.0,1169855.815
gold,2018-10-29,2.758,2.762,2.752,2.753,2.757,-0.004,-0.1451,3560003.55,982183.368
gold,2018-10-30,2.749,2.751,2.744,2.747,2.753,-0.006,-0.2179,4191544.5,1151971.707
gold,2018-10-31,2.735,2.735,2.723,2.724,2.747,-0.023,-0.8373,3101661.0,846311.699
gold,2018-11-01,2.722,2.731,2.72,2.73,2.724,0.006,0.2203,5006173.0,1363595.375
gold,2018-11-02,2.733,2.739,2.728,2.731,2.73,0.001,0.0366,5809794.99,1589147.514
gold,2018-11-05,2.731,2.737,2.728,2.732,2.731,0.001,0.0366,4675197.0,1277991.097
gold,2018-11-06,2.735,2.737,2.733,2.734,2.732,0.002,0.0732,3766151.0,1030080.722
gold,2018-11-07,2.73,2.737,2.729,2.735,2.734,0.001,0.0366,5232271.0,1430263.387
gold,2018-11-08,2.729,2.73,2.722,2.724,2.735,-0.011,-0.4022,3009896.0,820427.041
gold,2018-11-09,2.722,2.725,2.717,2.718,2.724,-0.006,-0.2203,3417818.0,930218.505
gold,2018-11-12,2.702,2.705,2.696,2.698,2.718,-0.02,-0.7358,4097505.0,1106854.931
gold,2018-11-13,2.696,2.696,2.687,2.689,2.698,-0.009,-0.3336,4810830.0,1295183.956
gold,2018-11-14,2.687,2.692,2.684,2.688,2.689,-0.001,-0.0372,5083186.0,1366673.495
gold,2018-11-15,2.696,2.704,2.696,2.703,2.688,0.015,0.558,5548750.0,1497877.085
gold,2018-11-16,2.705,2.708,2.704,2.707,2.703,0.004,0.148,6044284.0,1635187.316
gold,2018-11-19,2.718,2.723,2.713,2.714,2.707,0.007,0.2586,7074031.0,1923070.723
gold,2018-11-20,2.72,2.727,2.72,2.724,2.714,0.01,0.3685,5798566.0,1578555.936
gold,2018-11-21,2.723,2.723,2.72,2.723,2.724,-0.001,-0.0367,2564732.0,698119.847
gold,2018-11-22,2.727,2.731,2.727,2.728,2.723,0.005,0.1836,3334727.0,909969.867
gold,2018-11-23,2.729,2.737,2.729,2.731,2.728,0.003,0.11,3108326.72,849653.981
gold,2018-11-26,2.727,2.732,2.726,2.727,2.731,-0.004,-0.1465,4007856.8,1093839.145
gold,2018-11-27,2.726,2.726,2.721,2.722,2.727,-0.005,-0.1834,2836405.2,772564.956
gold,2018-11-28,2.715,2.715,2.706,2.71,2.722,-0.012,-0.4409,3311096.0,897752.853
gold,2018-11-29,2.724,2.734,2.723,2.731,2.71,0.021,0.7749,5552193.98,1514866.827
gold,2018-11-30,2.732,2.734,2.73,2.732,2.731,0.001,0.0366,5647528.75,1542874.027
gold,2018-12-03,2.721,2.728,2.719,2.72,2.732,-0.012,-0.4392,5540634.0,1509493.862
gold,2018-12-04,2.727,2.729,2.719,2.72,2.72,0.0,0.0,4827799.0,1315121.769
gold,2018-12-05,2.722,2.726,2.721,2.725,2.72,0.005,0.1838,4155214.0,1131700.225
gold,2018-12-06,2.735,2.742,2.735,2.735,2.725,0.01,0.367,4208035.57,1152414.534
gold,2018-12-07,2.739,2.742,2.737,2.738,2.735,0.003,0.1097,3756340.0,1029011.73
gold,2018-12-10,2.758,2.768,2.758,2.767,2.738,0.029,1.0592,5475191.19,1513214.763
gold,2018-12-11,2.765,2.767,2.76,2.763,2.767,-0.004,-0.1446,4085190.0,1128582.938
gold,2018-12-12,2.756,2.756,2.749,2.75,2.763,-0.013,-0.4705,3799485.45,1045782.629
gold,2018-12-13,2.749,2.75,2.745,2.748,2.75,-0.002,-0.0727,4593439.0,1262096.935
gold,2018-12-14,2.747,2.75,2.743,2.745,2.748,-0.003,-0.1092,3339925.5,917725.149
gold,2018-12-17,2.744,2.755,2.744,2.746,2.745,0.001,0.0364,4650134.82,1277173.586
gold,2018-12-18,2.761,2.767,2.76,2.761,2.746,0.015,0.5462,4357413.01,1204431.047
gold,2018-12-19,2.765,2.772,2.765,2.77,2.761,0.009,0.326,4859963.0,1345584.146
gold,2018-12-20,2.761,2.777,2.761,2.77,2.77,0.0,0.0,5595651.0,1547970.115
gold,2018-12-21,2.791,2.793,2.782,2.788,2.77,0.018,0.6498,3815689.0,1063398.289
gold,2018-12-24,2.798,2.804,2.796,2.798,2.788,0.01,0.3587,4486865.83,1256184.396
gold,2018-12-25,2.809,2.838,2.808,2.82,2.798,0.022,0.7863,4962497.0,1399196.046
gold,2018-12-26,2.817,2.827,2.816,2.819,2.82,-0.001,-0.0355,5615422.4,1585043.294
gold,2018-12-27,2.815,2.816,2.805,2.809,2.819,-0.01,-0.3547,2668169.61,750299.093
gold,2018-12-28,2.818,2.828,2.816,2.826,2.809,0.017,0.6052,3842450.16,1084091.724
gold,2019-01-02,2.821,2.84,2.821,2.837,2.826,0.011,0.3892,2714671.05,768818.289
gold,2019-01-03,2.84,2.87,2.84,2.868,2.837,0.031,1.0927,2720143.02,775940.615
gold,2019-01-04,2.881,2.883,2.853,2.853,2.868,-0.015,-0.523,2656196.21,761097.798
gold,2019-01-07,2.84,2.843,2.835,2.841,2.853,-0.012,-0.4206,2541849.0,721769.862
gold,2019-01-08,2.837,2.837,2.824,2.828,2.841,-0.013,-0.4576,3914089.91,1107529.437
gold,2019-01-09,2.827,2.83,2.813,2.817,2.828,-0.011,-0.389,4531045.0,1278462.88
gold,2019-01-10,2.828,2.832,2.822,2.823,2.817,0.006,0.213,4014738.26,1135242.328
gold,2019-01-11,2.811,2.812,2.8,2.805,2.823,-0.018,-0.6376,3698458.0,1037700.53
gold,2019-01-14,2.8,2.809,2.795,2.807,2.805,0.002,0.0713,5330105.0,1493152.295
gold,2019-01-15,2.805,2.805,2.798,2.801,2.807,-0.006,-0.2138,2722751.0,762694.402
gold,2019-01-16,2.805,2.809,2.801,2.803,2.801,0.002,0.0714,3105836.22,871390.809
gold,2019-01-17,2.806,2.81,2.805,2.81,2.803,0.007,0.2497,4031184.0,1131604.816
gold,2019-01-18,2.809,2.813,2.809,2.811,2.81,0.001,0.0356,2896154.6,814026.022
gold,2019-01-21,2.799,2.8,2.793,2.8,2.811,-0.011,-0.3913,1982269.6,554309.851
gold,2019-01-22,2.797,2.8,2.791,2.799,2.8,-0.001,-0.0357,2033678.0,568493.465
gold,2019-01-23,2.808,2.81,2.801,2.802,2.799,0.003,0.1072,1860719.0,522073.968
gold,2019-01-24,2.8,2.802,2.797,2.8,2.802,-0.002,-0.0714,2646538.17,741042.335
gold,2019-01-25,2.8,2.8,2.795,2.797,2.8,-0.003,-0.1071,1452193.0,406249.37
gold,2019-01-28,2.819,2.825,2.819,2.823,2.797,0.026,0.9296,2535089.0,715313.952
gold,2019-01-29,2.828,2.835,2.827,2.833,2.823,0.01,0.3542,2229851.0,631256.181
gold,2019-01-30,2.839,2.843,2.837,2.842,2.833,0.009,0.3177,2032954.0,577466.496
gold,2019-01-31,2.842,2.843,2.835,2.837,2.842,-0.005,-0.1759,2399651.97,681564.666
gold,2019-02-01,2.839,2.854,2.839,2.852,2.837,0.015,0.5287,1278353.5,364228.296
gold,2019-02-11,2.847,2.854,2.839,2.84,2.852,-0.012,-0.4208,4004501.0,1140196.756
gold,2019-02-12,2.844,2.851,2.843,2.851,2.84,0.011,0.3873,3341782.0,950977.877
gold,2019-02-13,2.845,2.847,2.843,2.847,2.851,-0.004,-0.1403,3130336.0,890693.708
gold,2019-02-14,2.844,2.846,2.841,2.843,2.847,-0.004,-0.1405,3034462.0,862785.646
gold,2019-02-15,2.848,2.861,2.848,2.861,2.843,0.018,0.6331,3410812.0,973550.856
gold,2019-02-18,2.872,2.877,2.872,2.876,2.861,0.015,0.5243,3382564.56,972318.934
gold,2019-02-19,2.88,2.883,2.877,2.878,2.876,0.002,0.0695,2947669.0,849195.987
gold,2019-02-20,2.906,2.909,2.896,2.898,2.878,0.02,0.6949,4396341.0,1276607.591
gold,2019-02-21,2.889,2.891,2.88,2.88,2.898,-0.018,-0.6211,2763728.0,797769.388
gold,2019-02-22,2.865,2.867,2.859,2.86,2.88,-0.02,-0.6944,3426347.0,981431.951
gold,2019-02-25,2.853,2.867,2.853,2.858,2.86,-0.002,-0.0699,3592992.0,1027637.333
gold,2019-02-26,2.854,2.86,2.852,2.856,2.858,-0.002,-0.07,3173365.02,906260.36
gold,2019-02-27,2.856,2.859,2.851,2.853,2.856,-0.003,-0.105,4865554.98,1389254.564
gold,2019-02-28,2.843,2.843,2.827,2.833,2.853,-0.02,-0.701,3768145.0,1067875.991
gold,2019-03-01,2.827,2.83,2.821,2.826,2.833,-0.007,-0.2471,2991462.0,845721.646
gold,2019-03-04,2.798,2.798,2.783,2.784,2.826,-0.042,-1.4862,3615474.01,1008819.808
gold,2019-03-05,2.784,2.784,2.767,2.77,2.784,-0.014,-0.5029,9451199.32,2625261.73
gold,2019-03-06,2.773,2.785,2.773,2.784,2.77,0.014,0.5054,8232415.0,2286392.624
gold,2019-03-07,2.782,2.784,2.769,2.773,2.784,-0.011,-0.3951,7894019.0,2193678.913
gold,2019-03-08,2.783,2.8,2.781,2.799,2.773,0.026,0.9376,3492229.0,973667.553
gold,2019-03-11,2.809,2.811,2.802,2.808,2.799,0.009,0.3215,7006372.22,1966875.656
gold,2019-03-12,2.798,2.81,2.798,2.808,2.808,0.0,0.0,6438284.0,1806186.485
gold,2019-03-13,2.818,2.826,2.818,2.82,2.808,0.012,0.4274,5677518.0,1602030.912
gold,2019-03-14,2.822,2.822,2.815,2.815,2.82,-0.005,-0.1773,5559561.0,1566932.954
gold,2019-03-15,2.801,2.816,2.8,2.811,2.815,-0.004,-0.1421,6242864.5,1751427.622
gold,2019-03-18,2.807,2.81,2.803,2.807,2.811,-0.004,-0.1423,5859195.19,1644714.593
gold,2019-03-19,2.815,2.825,2.815,2.823,2.807,0.016,0.57,5391278.0,1521791.909
gold,2019-03-20,2.82,2.823,2.818,2.819,2.823,-0.004,-0.1417,6947507.0,1959281.152
gold,2019-03-21,2.833,2.84,2.832,2.839,2.819,0.02,0.7095,7307281.5,2072933.691
gold,2019-03-22,2.826,2.834,2.825,2.833,2.839,-0.006,-0.2113,5689414.0,1608617.907
gold,2019-03-25,2.849,2.852,2.846,2.849,2.833,0.016,0.5648,5747628.0,1637461.421
gold,2019-03-26,2.855,2.858,2.849,2.85,2.849,0.001,0.0351,6284627.6,1794025.353
gold,2019-03-27,2.85,2.854,2.845,2.848,2.85,-0.002,-0.0702,6375187.0,1817150.045
gold,2019-03-28,2.841,2.844,2.837,2.842,2.848,-0.006,-0.2107,6255969.0,1776752.201
gold,2019-03-29,2.809,2.809,2.786,2.788,2.842,-0.054,-1.9001,6352249.0,1777201.668
gold,2019-04-01,2.789,2.798,2.787,2.788,2.788,0.0,0.0,5977778.0,1669645.188
gold,2019-04-02,2.79,2.797,2.789,2.792,2.788,0.004,0.1435,7396498.0,2066145.899
gold,2019-04-03,2.797,2.804,2.795,2.797,2.792,0.005,0.1791,6128373.0,1716433.161
gold,2019-04-04,2.794,2.808,2.793,2.798,2.797,0.001,0.0358,5644031.33,1579168.622
gold,2019-04-08,2.8,2.814,2.8,2.81,2.798,0.012,0.4289,7203041.0,2023052.741
gold,2019-04-09,2.816,2.817,2.81,2.811,2.81,0.001,0.0356,5197893.0,1462605.046
gold,2019-04-10,2.819,2.825,2.817,2.825,2.811,0.014,0.498,6541524.71,1844416.933
gold,2019-04-11,2.828,2.832,2.827,2.828,2.825,0.003,0.1062,6350483.0,1796288.729
gold,2019-04-12,2.804,2.808,2.799,2.8,2.828,-0.028,-0.9901,5810570.0,1629478.296
gold,2019-04-15,2.789,2.791,2.784,2.785,2.8,-0.015,-0.5357,5835373.0,1627040.031
gold,2019-04-16,2.784,2.788,2.781,2.785,2.785,0.0,0.0,6969074.0,1940707.204
gold,2019-04-17,2.772,2.777,2.768,2.769,2.785,-0.016,-0.5745,11609783.0,3218472.137
gold,2019-04-18,2.759,2.761,2.749,2.751,2.769,-0.018,-0.6501,4575602.0,1261481.583
gold,2019-04-19,2.763,2.769,2.762,2.762,2.751,0.011,0.3999,7208711.0,1994548.905
gold,2019-04-22,2.765,2.775,2.764,2.772,2.762,0.01,0.3621,6552711.0,1815867.366
gold,2019-04-23,2.771,2.772,2.755,2.757,2.772,-0.015,-0.5411,8106835.0,2240418.327
gold,2019-04-24,2.756,2.758,2.75,2.754,2.757,-0.003,-0.1088,8390566.0,2310969.604
gold,2019-04-25,2.765,2.769,2.763,2.767,2.754,0.013,0.472,6642734.0,1837607.415
gold,2019-04-26,2.774,2.777,2.769,2.773,2.767,0.006,0.2168,7637192.0,2117898.049
gold,2019-04-29,2.778,2.785,2.768,2.769,2.773,-0.004,-0.1442,5832327.0,1620533.802
gold,2019-04-30,2.77,2.78,2.77,2.777,2.769,0.008,0.2889,4647561.0,1289350.311
gold,2019-05-06,2.798,2.805,2.788,2.793,2.777,0.016,0.5762,6036408.0,1686287.008
gold,2019-05-07,2.791,2.794,2.786,2.787,2.793,-0.006,-0.2148,3824343.0,1067386.529
gold,2019-05-08,2.798,2.805,2.795,2.804,2.787,0.017,0.61,4408941.0,1234787.493
gold,2019-05-09,2.8,2.808,2.798,2.806,2.804,0.002,0.0713,3119596.0,874275.347
gold,2019-05-10,2.806,2.82,2.805,2.808,2.806,0.002,0.0713,3472692.18,975657.855
gold,2019-05-13,2.821,2.828,2.821,2.826,2.808,0.018,0.641,2053881.61,580144.581
gold,2019-05-14,2.863,2.865,2.857,2.858,2.826,0.032,1.1323,3144899.0,899552.865
gold,2019-05-15,2.858,2.858,2.842,2.844,2.858,-0.014,-0.4899,4566737.91,1302810.694
gold,2019-05-16,2.852,2.859,2.852,2.858,2.844,0.014,0.4923,3386776.7,967005.748
gold,2019-05-17,2.841,2.855,2.841,2.854,2.858,-0.004,-0.14,2088807.91,594925.147
gold,2019-05-20,2.839,2.839,2.832,2.835,2.854,-0.019,-0.6657,2279418.07,645981.373
gold,2019-05-21,2.835,2.836,2.83,2.834,2.835,-0.001,-0.0353,1647712.85,466897.824
gold,2019-05-22,2.828,2.838,2.828,2.834,2.834,0.0,0.0,2542935.26,720612.151
gold,2019-05-23,2.836,2.845,2.836,2.841,2.834,0.007,0.247,3337790.85,948211.861
gold,2019-05-24,2.855,2.858,2.852,2.856,2.841,0.015,0.528,2369428.51,676438.341
gold,2019-05-27,2.858,2.861,2.856,2.858,2.856,0.002,0.07,4223574.79,1207268.623
gold,2019-05-28,2.853,2.856,2.851,2.854,2.858,-0.004,-0.14,1997268.37,569955.549
gold,2019-05-29,2.85,2.862,2.849,2.861,2.854,0.007,0.2453,2453599.0,700426.918
gold,2019-05-30,2.85,2.851,2.841,2.847,2.861,-0.014,-0.4893,2307902.13,657129.742
gold,2019-05-31,2.876,2.879,2.872,2.878,2.847,0.031,1.0889,2096259.33,602710.682
gold,2019-06-03,2.906,2.917,2.906,2.914,2.878,0.036,1.2509,2734334.2,796891.162
gold,2019-06-04,2.945,2.947,2.935,2.944,2.914,0.03,1.0295,2646979.0,778752.073
gold,2019-06-05,2.943,2.964,2.942,2.963,2.944,0.019,0.6454,3649832.92,1076323.167
gold,2019-06-06,2.955,2.966,2.953,2.962,2.963,-0.001,-0.0337,3109444.63,920683.985
gold,2019-06-10,2.96,2.969,2.948,2.953,2.962,-0.009,-0.3038,4868042.35,1441161.352
gold,2019-06-11,2.954,2.958,2.937,2.937,2.953,-0.016,-0.5418,4095238.65,1207745.921
gold,2019-06-12,2.944,2.979,2.944,2.972,2.937,0.035,1.1917,3923670.38,1162103.194
gold,2019-06-13,2.966,2.977,2.964,2.977,2.972,0.005,0.1682,3260141.0,969061.389
gold,2019-06-14,2.986,3.024,2.986,3.022,2.977,0.045,1.5116,3180999.39,955212.332
gold,2019-06-17,3.0,3.001,2.982,2.983,3.022,-0.039,-1.2905,3361386.86,1006342.702
gold,2019-06-18,2.991,3.012,2.991,3.004,2.983,0.021,0.704,4635662.08,1391008.194
gold,2019-06-19,2.98,2.991,2.978,2.989,3.004,-0.015,-0.4993,4133381.0,1233873.685
gold,2019-06-20,3.05,3.06,3.05,3.054,2.989,0.065,2.1746,4957649.52,1515229.918
gold,2019-06-21,3.075,3.107,3.075,3.079,3.054,0.025,0.8186,4080712.18,1262082.541
gold,2019-06-24,3.109,3.111,3.1,3.101,3.079,0.022,0.7145,3378028.23,1049230.407
gold,2019-06-25,3.148,3.185,3.145,3.166,3.101,0.065,2.0961,6360653.95,2008930.73
gold,2019-06-26,3.132,3.134,3.071,3.108,3.166,-0.058,-1.832,3305538.03,1031677.866
gold,2019-06-27,3.113,3.118,3.097,3.1,3.108,-0.008,-0.2574,3640540.54,1132415.713
gold,2019-06-28,3.124,3.15,3.104,3.109,3.1,0.009,0.2903,3145571.94,985513.41
gold,2019-07-01,3.05,3.063,3.029,3.034,3.109,-0.075,-2.4124,4880799.43,1487674.236
gold,2019-07-02,3.052,3.071,3.052,3.066,3.034,0.032,1.0547,2699222.22,826330.146
gold,2019-07-03,3.172,3.177,3.138,3.152,3.066,0.086,2.805,4102955.92,1294234.607
gold,2019-07-04,3.142,3.142,3.113,3.119,3.152,-0.033,-1.047,2605072.0,814497.229
gold,2019-07-05,3.13,3.136,3.12,3.125,3.119,0.006,0.1924,3159122.5,988642.969
gold,2019-07-08,3.091,3.111,3.087,3.109,3.125,-0.016,-0.512,2871305.15,889900.323
gold,2019-07-09,3.083,3.089,3.078,3.081,3.109,-0.028,-0.9006,2169566.0,668839.443
gold,2019-07-10,3.084,3.088,3.075,3.079,3.081,-0.002,-0.0649,1171330.0,361085.217
gold,2019-07-11,3.139,3.148,3.13,3.132,3.079,0.053,1.7213,2971459.6,932574.02
gold,2019-07-12,3.113,3.113,3.1,3.111,3.132,-0.021,-0.6705,1713918.0,532503.586
gold,2019-07-15,3.118,3.124,3.113,3.123,3.111,0.012,0.3857,2176806.0,678754.722
gold,2019-07-16,3.121,3.127,3.118,3.12,3.123,-0.003,-0.0961,1701966.0,531326.639
gold,2019-07-17,3.109,3.111,3.099,3.103,3.12,-0.017,-0.5449,2001378.0,621189.0
gold,2019-07-18,3.147,3.15,3.131,3.135,3.103,0.032,1.0313,1934474.11,607386.617
gold,2019-07-19,3.185,3.19,3.172,3.177,3.135,0.042,1.3397,1722573.11,548504.191
gold,2019-07-22,3.145,3.159,3.142,3.153,3.177,-0.024,-0.7554,1414119.0,445721.209
gold,2019-07-23,3.13,3.138,3.125,3.13,3.153,-0.023,-0.7295,2432413.0,761774.062
gold,2019-07-24,3.14,3.144,3.137,3.143,3.13,0.013,0.4153,1830086.0,574578.953
gold,2019-07-25,3.141,3.147,3.138,3.147,3.143,0.004,0.1273,2196529.0,689904.411
gold,2019-07-26,3.13,3.134,3.123,3.134,3.147,-0.013,-0.4131,1208104.79,377933.022
gold,2019-07-29,3.147,3.148,3.136,3.139,3.134,0.005,0.1595,2316515.46,728115.306
gold,2019-07-30,3.143,3.154,3.143,3.152,3.139,0.013,0.4141,2776392.0,873733.225
gold,2019-07-31,3.158,3.167,3.155,3.164,3.152,0.012,0.3807,1847052.0,583541.222
gold,2019-08-01,3.125,3.126,3.11,3.112,3.164,-0.052,-1.6435,2081586.15,649499.987
gold,2019-08-02,3.187,3.19,3.18,3.184,3.112,0.072,2.3136,2603501.1,829518.591
gold,2019-08-05,3.239,3.304,3.238,3.289,3.184,0.105,3.2977,3874735.72,1268788.016
gold,2019-08-06,3.332,3.332,3.295,3.296,3.289,0.007,0.2128,3448140.92,1141119.558
gold,2019-08-07,3.346,3.374,3.346,3.363,3.296,0.067,2.0328,4204277.86,1413084.928
gold,2019-08-08,3.383,3.406,3.369,3.386,3.363,0.023,0.6839,3277161.67,1111713.433
gold,2019-08-09,3.404,3.42,3.393,3.403,3.386,0.017,0.5021,3399836.06,1159058.69
gold,2019-08-12,3.402,3.402,3.381,3.382,3.403,-0.021,-0.6171,2508769.94,851804.044
gold,2019-08-13,3.444,3.469,3.44,3.465,3.382,0.083,2.4542,5384145.33,1858750.105
gold,2019-08-14,3.369,3.405,3.366,3.376,3.465,-0.089,-2.5685,4338440.0,1469483.756
gold,2019-08-15,3.435,3.445,3.397,3.414,3.376,0.038,1.1256,3560564.25,1220974.235
gold,2019-08-16,3.436,3.438,3.413,3.419,3.414,0.005,0.1465,2590452.0,888487.241
gold,2019-08-19,3.394,3.419,3.393,3.402,3.419,-0.017,-0.4972,3627065.59,1234951.724
gold,2019-08-20,3.394,3.394,3.382,3.388,3.402,-0.014,-0.4115,4170123.11,1412644.382
gold,2019-08-21,3.399,3.403,3.388,3.391,3.388,0.003,0.0885,3460917.28,1176275.601
gold,2019-08-22,3.395,3.403,3.395,3.401,3.391,0.01,0.2949,1417583.0,481929.116
gold,2019-08-23,3.399,3.4,3.392,3.398,3.401,-0.003,-0.0882,2153516.67,731569.416
gold,2019-08-26,3.521,3.534,3.51,3.52,3.398,0.122,3.5903,3181502.49,1121957.291
gold,2019-08-27,3.511,3.526,3.501,3.522,3.52,0.002,0.0568,2369481.29,832017.518
gold,2019-08-28,3.543,3.543,3.513,3.524,3.522,0.002,0.0568,2342936.65,826649.851
gold,2019-08-29,3.53,3.566,3.529,3.565,3.524,0.041,1.1635,2889056.0,1024193.293
gold,2019-08-30,3.503,3.523,3.495,3.508,3.565,-0.057,-1.5989,3614918.18,1267506.262
gold,2019-09-02,3.502,3.505,3.492,3.496,3.508,-0.012,-0.3421,2828987.77,989947.602
gold,2019-09-03,3.51,3.517,3.5,3.511,3.496,0.015,0.4291,2185238.74,766862.711
gold,2019-09-04,3.557,3.56,3.522,3.524,3.511,0.013,0.3703,3057998.37,1082531.656
gold,2019-09-05,3.542,3.544,3.525,3.539,3.524,0.015,0.4257,1990251.29,702496.368
gold,2019-09-06,3.464,3.476,3.424,3.429,3.539,-0.11,-3.1082,3964145.45,1372699.101
gold,2019-09-09,3.436,3.448,3.431,3.442,3.429,0.013,0.3791,3112844.0,1071034.403
gold,2019-09-10,3.382,3.392,3.371,3.389,3.442,-0.053,-1.5398,2907560.26,984874.418
gold,2019-09-11,3.397,3.408,3.396,3.404,3.389,0.015,0.4426,3509387.26,1193155.485
gold,2019-09-12,3.395,3.404,3.393,3.404,3.404,0.0,0.0,1980232.81,672530.66
gold,2019-09-16,3.414,3.414,3.397,3.407,3.404,0.003,0.0881,2929052.51,997866.285
gold,2019-09-17,3.405,3.405,3.392,3.394,3.407,-0.013,-0.3816,2203246.15,749026.058
gold,2019-09-18,3.407,3.413,3.404,3.407,3.394,0.013,0.383,2762844.95,941669.454
gold,2019-09-19,3.387,3.403,3.385,3.401,3.407,-0.006,-0.1761,2382828.0,808880.654
gold,2019-09-20,3.407,3.416,3.406,3.412,3.401,0.011,0.3234,1926417.0,657109.842
gold,2019-09-23,3.437,3.461,3.437,3.441,3.412,0.029,0.8499,3478061.52,1200413.065
gold,2019-09-24,3.463,3.466,3.454,3.46,3.441,0.019,0.5522,3603326.0,1247184.176
gold,2019-09-25,3.48,3.482,3.473,3.48,3.46,0.02,0.578,2260733.8,786273.942
gold,2019-09-26,3.444,3.449,3.429,3.434,3.48,-0.046,-1.3218,3036870.73,1044848.719
gold,2019-09-27,3.426,3.435,3.4,3.404,3.434,-0.03,-0.8736,1627485.49,557748.466
gold,2019-09-30,3.4,3.403,3.386,3.396,3.404,-0.008,-0.235,1436800.01,488130.765
gold,2019-10-08,3.402,3.405,3.385,3.39,3.396,-0.006,-0.1767,1579319.0,535814.094
gold,2019-10-09,3.435,3.441,3.434,3.44,3.39,0.05,1.4749,2348398.0,807219.151
gold,2019-10-10,3.44,3.445,3.413,3.422,3.44,-0.018,-0.5233,2289079.73,784621.646
gold,2019-10-11,3.391,3.406,3.389,3.405,3.422,-0.017,-0.4968,1427088.31,484458.493
gold,2019-10-14,3.367,3.367,3.345,3.356,3.405,-0.049,-1.4391,2486541.38,834301.321
gold,2019-10-15,3.363,3.377,3.361,3.363,3.356,0.007,0.2086,2714360.67,914494.2
gold,2019-10-16,3.356,3.359,3.345,3.35,3.363,-0.013,-0.3866,2879788.64,966296.988
gold,2019-10-17,3.366,3.377,3.365,3.374,3.35,0.024,0.7164,2937073.18,989209.673
gold,2019-10-18,3.367,3.373,3.365,3.371,3.374,-0.003,-0.0889,3308038.55,1114361.265
gold,2019-10-21,3.362,3.372,3.361,3.369,3.371,-0.002,-0.0593,1856547.31,624574.242
gold,2019-10-22,3.349,3.359,3.349,3.356,3.369,-0.013,-0.3859,2754276.0,924393.288
gold,2019-10-23,3.363,3.372,3.361,3.371,3.356,0.015,0.447,2954572.0,994659.364
gold,2019-10-24,3.367,3.369,3.363,3.364,3.371,-0.007,-0.2077,3526898.75,1187228.994
gold,2019-10-25,3.388,3.4,3.387,3.398,3.364,0.034,1.0107,4918330.62,1669143.537
gold,2019-10-28,3.394,3.396,3.388,3.395,3.398,-0.003,-0.0883,2614598.49,887041.2
gold,2019-10-29,3.364,3.365,3.356,3.36,3.395,-0.035,-1.0309,1925625.0,647298.171
gold,2019-10-30,3.357,3.362,3.353,3.356,3.36,-0.004,-0.119,1754278.0,588922.86
gold,2019-10-31,3.365,3.369,3.362,3.363,3.356,0.007,0.2086,2049581.0,689859.503
gold,2019-11-01,3.396,3.398,3.3,3.387,3.363,0.024,0.7136,2762599.5,936435.869
gold,2019-11-04,3.391,3.392,3.381,3.383,3.387,-0.004,-0.1181,2129310.0,721047.142
gold,2019-11-05,3.374,3.376,3.359,3.362,3.383,-0.021,-0.6208,2108591.78,710774.998
gold,2019-11-06,3.32,3.32,3.306,3.313,3.362,-0.049,-1.4575,3459771.01,1145951.086
gold,2019-11-07,3.329,3.335,3.325,3.331,3.313,0.018,0.5433,2844477.08,947465.012
gold,2019-11-08,3.253,3.271,3.25,3.269,3.331,-0.062,-1.8613,2925576.0,954392.84
gold,2019-11-11,3.26,3.267,3.255,3.266,3.269,-0.003,-0.0918,2743007.74,894066.851
gold,2019-11-12,3.25,3.25,3.228,3.233,3.266,-0.033,-1.0104,2453906.0,795877.741
gold,2019-11-13,3.259,3.27,3.257,3.267,3.233,0.034,1.0517,3338574.66,1089149.416
gold,2019-11-14,3.266,3.277,3.265,3.276,3.267,0.009,0.2755,2694704.7,881099.581
gold,2019-11-15,3.274,3.276,3.265,3.268,3.276,-0.008,-0.2442,1860439.0,608492.903
gold,2019-11-18,3.271,3.276,3.268,3.269,3.268,0.001,0.0306,3491583.52,1142309.787
gold,2019-11-19,3.292,3.294,3.283,3.29,3.269,0.021,0.6424,3079345.12,1012471.693
gold,2019-11-20,3.297,3.303,3.296,3.301,3.29,0.011,0.3343,4672989.0,1541602.281
gold,2019-11-21,3.303,3.31,3.292,3.294,3.301,-0.007,-0.2121,3075222.03,1014787.106
gold,2019-11-22,3.278,3.288,3.273,3.287,3.294,-0.007,-0.2125,2342399.13,768092.234
gold,2019-11-25,3.269,3.278,3.262,3.264,3.287,-0.023,-0.6997,3711957.51,1213980.92
gold,2019-11-26,3.254,3.264,3.247,3.263,3.264,-0.001,-0.0306,2782981.71,905890.745
gold,2019-11-27,3.27,3.271,3.264,3.268,3.263,0.005,0.1532,1608519.82,525599.079
gold,2019-11-28,3.264,3.266,3.26,3.261,3.268,-0.007,-0.2142,1536700.61,501549.238
gold,2019-11-29,3.264,3.271,3.264,3.265,3.261,0.004,0.1227,3722593.84,1216519.718
gold,2019-12-02,3.271,3.272,3.268,3.269,3.265,0.004,0.1225,1922692.02,628682.808
gold,2019-12-03,3.278,3.283,3.274,3.277,3.269,0.008,0.2447,2799897.79,918041.546
gold,2019-12-04,3.326,3.338,3.325,3.337,3.277,0.06,1.8309,3684204.76,1227092.684
gold,2019-12-05,3.317,3.322,3.316,3.321,3.337,-0.016,-0.4795,1821314.0,604453.426
gold,2019-12-06,3.315,3.316,3.296,3.297,3.321,-0.024,-0.7227,3086978.01,1022096.348
gold,2019-12-09,3.272,3.279,3.27,3.275,3.297,-0.022,-0.6673,4032803.35,1320433.285
gold,2019-12-10,3.278,3.283,3.276,3.28,3.275,0.005,0.1527,2013436.38,660214.501
gold,2019-12-11,3.283,3.288,3.282,3.282,3.28,0.002,0.061,2631640.04,864254.603
gold,2019-12-12,3.303,3.313,3.3,3.3,3.282,0.018,0.5484,2779065.78,918837.134
gold,2019-12-13,3.26,3.268,3.259,3.261,3.3,-0.039,-1.1818,2633205.9,859212.734
gold,2019-12-16,3.282,3.297,3.281,3.294,3.261,0.033,1.012,2482437.39,815893.887
gold,2019-12-17,3.292,3.294,3.289,3.292,3.294,-0.002,-0.0607,3849938.37,1267237.379
gold,2019-12-18,3.293,3.297,3.291,3.295,3.292,0.003,0.0911,3839592.96,1264642.29
gold,2019-12-19,3.291,3.299,3.291,3.292,3.295,-0.003,-0.091,3599613.0,1185916.39
gold,2019-12-20,3.296,3.303,3.295,3.302,3.292,0.01,0.3038,3110803.2,1026173.202
gold,2019-12-23,3.301,3.315,3.3,3.313,3.302,0.011,0.3331,3441279.0,1137762.328
gold,2019-12-24,3.318,3.333,3.317,3.331,3.313,0.018,0.5433,3821420.68,1271260.919
gold,2019-12-25,3.348,3.354,3.344,3.352,3.331,0.021,0.6304,3029030.84,1015114.842
gold,2019-12-26,3.353,3.357,3.345,3.353,3.352,0.001,0.0298,3352185.24,1123859.3
gold,2019-12-27,3.364,3.382,3.36,3.363,3.353,0.01,0.2982,4425960.76,1492936.084
gold,2019-12-30,3.372,3.374,3.361,3.361,3.363,-0.002,-0.0595,3846849.0,1295585.186
gold,2019-12-31,3.375,3.386,3.373,3.384,3.361,0.023,0.6843,4026326.94,1360969.185
gold,2020-01-02,3.371,3.377,3.368,3.37,3.384,-0.014,-0.4137,3818438.14,1287583.746
gold,2020-01-03,3.392,3.428,3.39,3.422,3.37,0.052,1.543,3679149.83,1254881.697
gold,2020-01-06,3.496,3.51,3.493,3.497,3.422,0.075,2.1917,4607804.93,1613494.876
gold,2020-01-07,3.472,3.475,3.447,3.466,3.497,-0.031,-0.8865,3610569.66,1249704.636
gold,2020-01-08,3.547,3.56,3.511,3.531,3.466,0.065,1.8754,5462981.89,1926679.989
gold,2020-01-09,3.44,3.451,3.397,3.408,3.531,-0.123,-3.4834,4458190.2,1534083.852
gold,2020-01-10,3.413,3.425,3.413,3.418,3.408,0.01,0.2934,2720508.41,930565.151
gold,2020-01-13,3.423,3.435,3.413,3.418,3.418,0.0,0.0,4304742.42,1474214.156
gold,2020-01-14,3.368,3.376,3.363,3.374,3.418,-0.044,-1.2873,4245020.86,1430424.559
gold,2020-01-15,3.398,3.414,3.395,3.403,3.374,0.029,0.8595,4208754.02,1434372.564
gold,2020-01-16,3.413,3.42,3.403,3.406,3.403,0.003,0.0882,4914062.22,1677270.655
gold,2020-01-17,3.402,3.41,3.4,3.404,3.406,-0.002,-0.0587,3332206.63,1134252.856
gold,2020-01-20,3.407,3.41,3.403,3.405,3.404,0.001,0.0294,4300935.64,1465106.193
gold,2020-01-21,3.425,3.449,3.424,3.437,3.405,0.032,0.9398,5093903.17,1751478.809
gold,2020-01-22,3.409,3.419,3.401,3.407,3.437,-0.03,-0.8729,3599604.8,1227541.567
gold,2020-01-23,3.428,3.437,3.421,3.43,3.407,0.023,0.6751,2561210.0,878069.427
gold,2020-02-03,3.51,3.527,3.51,3.52,3.43,0.09,2.6239,3510865.37,1235172.492
gold,2020-02-04,3.509,3.512,3.488,3.492,3.52,-0.028,-0.7955,3354435.99,1174676.005
gold,2020-02-05,3.459,3.476,3.453,3.469,3.492,-0.023,-0.6586,3919754.35,1357974.668
gold,2020-02-06,3.448,3.454,3.439,3.452,3.469,-0.017,-0.4901,3561826.27,1228019.964
gold,2020-02-07,3.48,3.482,3.463,3.468,3.452,0.016,0.4635,2154367.33,748690.01
gold,2020-02-10,3.491,3.497,3.479,3.481,3.468,0.013,0.3749,3398724.03,1184823.78
gold,2020-02-11,3.479,3.482,3.47,3.472,3.481,-0.009,-0.2585,2724622.07,946956.446
gold,2020-02-12,3.466,3.47,3.459,3.465,3.472,-0.007,-0.2016,3719462.4,1289068.425
gold,2020-02-13,3.474,3.493,3.474,3.49,3.465,0.025,0.7215,3195844.4,1113158.238
gold,2020-02-14,3.495,3.498,3.486,3.494,3.49,0.004,0.1146,1981474.69,692100.247
gold,2020-02-17,3.509,3.511,3.502,3.505,3.494,0.011,0.3148,2969655.67,1041005.92
gold,2020-02-18,3.514,3.523,3.514,3.522,3.505,0.017,0.485,4114440.7,1447726.127
gold,2020-02-19,3.563,3.569,3.555,3.562,3.522,0.04,1.1357,4071300.62,1450226.368
gold,2020-02-20,3.568,3.595,3.568,3.574,3.562,0.012,0.3369,3440324.67,1232251.933
gold,2020-02-21,3.611,3.648,3.611,3.646,3.574,0.072,2.0145,4474054.01,1624586.052
gold,2020-02-24,3.728,3.73,3.707,3.725,3.646,0.079,2.1668,5965414.48,2216601.413
gold,2020-02-25,3.679,3.703,3.64,3.648,3.725,-0.077,-2.0671,9155550.49,3373649.14
gold,2020-02-26,3.667,3.678,3.632,3.668,3.648,0.02,0.5482,7777393.23,2849456.635
gold,2020-02-27,3.665,3.69,3.665,3.669,3.668,0.001,0.0273,6056712.18,2225988.931
gold,2020-02-28,3.652,3.66,3.605,3.623,3.669,-0.046,-1.2537,5007922.09,1823033.607
gold,2020-03-02,3.549,3.556,3.516,3.542,3.623,-0.081,-2.2357,6044724.71,2138388.882
gold,2020-03-03,3.532,3.542,3.53,3.536,3.542,-0.006,-0.1694,4407032.27,1558011.433
gold,2020-03-04,3.608,3.628,3.607,3.612,3.536,0.076,2.1493,5367899.8,1940724.987
gold,2020-03-05,3.603,3.612,3.6,3.611,3.612,-0.001,-0.0277,3805619.27,1371411.92
gold,2020-03-06,3.677,3.705,3.672,3.686,3.611,0.075,2.077,5135924.22,1892257.669
gold,2020-03-09,3.716,3.728,3.317,3.659,3.686,-0.027,-0.7325,7116914.32,2624195.457
gold,2020-03-10,3.647,3.656,3.593,3.612,3.659,-0.047,-1.2845,5356163.66,1945663.13
gold,2020-03-11,3.621,3.649,3.621,3.648,3.612,0.036,0.9967,5821219.76,2115649.911
gold,2020-03-12,3.622,3.625,3.597,3.608,3.648,-0.04,-1.0965,4599535.3,1658973.369
gold,2020-03-13,3.472,3.519,3.437,3.502,3.608,-0.106,-2.9379,5978226.34,2076825.928
gold,2020-03-16,3.4,3.436,3.382,3.414,3.502,-0.088,-2.5128,5875411.69,2005647.215
gold,2020-03-17,3.315,3.316,3.25,3.255,3.414,-0.159,-4.6573,6333999.75,2080993.365
gold,2020-03-18,3.38,3.39,3.306,3.326,3.255,0.071,2.1813,7957593.36,2675879.176
gold,2020-03-19,3.295,3.318,3.253,3.312,3.326,-0.014,-0.4209,6403389.67,2104808.503
gold,2020-03-20,3.317,3.361,3.305,3.346,3.312,0.034,1.0266,4924919.48,1636123.613
gold,2020-03-23,3.325,3.355,3.324,3.337,3.346,-0.009,-0.269,4810771.0,1607791.181
gold,2020-03-24,3.55,3.554,3.489,3.523,3.337,0.186,5.5739,5805657.96,2042565.44
gold,2020-03-25,3.601,3.61,3.573,3.581,3.523,0.058,1.6463,6295551.98,2261848.702
gold,2020-03-26,3.568,3.594,3.567,3.572,3.581,-0.009,-0.2513,5289191.32,1892239.691
gold,2020-03-27,3.605,3.621,3.599,3.612,3.572,0.04,1.1198,4771574.4,1722024.45
gold,2020-03-30,3.597,3.601,3.577,3.583,3.612,-0.029,-0.8029,4517560.34,1622066.72
gold,2020-03-31,3.583,3.59,3.581,3.586,3.583,0.003,0.0837,4865417.36,1744376.819
gold,2020-04-01,3.505,3.537,3.503,3.528,3.586,-0.058,-1.6174,4194710.01,1475067.658
gold,2020-04-02,3.526,3.55,3.524,3.543,3.528,0.015,0.4252,3322601.41,1173648.164
gold,2020-04-03,3.582,3.599,3.568,3.575,3.543,0.032,0.9032,2850080.82,1020595.888
gold,2020-04-07,3.686,3.691,3.671,3.676,3.575,0.101,2.8252,4207952.97,1549853.233
gold,2020-04-08,3.643,3.654,3.639,3.641,3.676,-0.035,-0.9521,4134609.42,1508410.142
gold,2020-04-09,3.642,3.651,3.64,3.65,3.641,0.009,0.2472,3320762.98,1209831.73
gold,2020-04-10,3.681,3.687,3.664,3.671,3.65,0.021,0.5753,4498657.81,1654369.092
gold,2020-04-13,3.675,3.676,3.655,3.67,3.671,-0.001,-0.0272,3649598.0,1336618.261
gold,2020-04-14,3.698,3.736,3.685,3.712,3.67,0.042,1.1444,4392420.92,1631108.095
gold,2020-04-15,3.713,3.729,3.7,3.702,3.712,-0.01,-0.2694,4867995.89,1810918.111
gold,2020-04-16,3.702,3.743,3.7,3.73,3.702,0.028,0.7563,4510342.0,1673766.832
gold,2020-04-17,3.69,3.696,3.643,3.669,3.73,-0.061,-1.6354,4261864.0,1567021.083
gold,2020-04-20,3.634,3.661,3.633,3.651,3.669,-0.018,-0.4906,3924339.29,1431885.123
gold,2020-04-21,3.674,3.687,3.671,3.684,3.651,0.033,0.9039,6462628.63,2376551.485
gold,2020-04-22,3.686,3.69,3.665,3.674,3.684,-0.01,-0.2714,4075967.7,1500164.789
gold,2020-04-23,3.735,3.748,3.73,3.739,3.674,0.065,1.7692,4001888.28,1496887.215
gold,2020-04-24,3.741,3.775,3.739,3.769,3.739,0.03,0.8024,3552749.66,1332629.882
gold,2020-04-27,3.763,3.763,3.739,3.741,3.769,-0.028,-0.7429,3459235.4,1298209.378
gold,2020-04-28,3.717,3.721,3.694,3.714,3.741,-0.027,-0.7217,4955368.94,1837664.21
gold,2020-04-29,3.729,3.741,3.728,3.733,3.714,0.019,0.5116,5448625.79,2034589.545
gold,2020-04-30,3.728,3.751,3.723,3.746,3.733,0.013,0.3482,2826046.24,1054720.717
gold,2020-05-06,3.748,3.75,3.734,3.741,3.746,-0.005,-0.1335,3242890.5,1213685.972
gold,2020-05-07,3.732,3.74,3.721,3.723,3.741,-0.018,-0.4812,4821880.56,1800144.603
gold,2020-05-08,3.775,3.779,3.767,3.769,3.723,0.046,1.2356,4441580.0,1675371.093
gold,2020-05-11,3.751,3.76,3.747,3.754,3.769,-0.015,-0.398,4550917.0,1708650.073
gold,2020-05-12,3.741,3.754,3.74,3.746,3.754,-0.008,-0.2131,3865223.0,1448423.829
gold,2020-05-13,3.755,3.759,3.749,3.757,3.746,0.011,0.2936,4029646.66,1512529.085
gold,2020-05-14,3.772,3.782,3.771,3.781,3.757,0.024,0.6388,4156941.04,1569134.514
gold,2020-05-15,3.818,3.842,3.814,3.834,3.781,0.053,1.4017,3100703.68,1185265.327
gold,2020-05-18,3.9,3.939,3.899,3.927,3.834,0.093,2.4257,4718848.26,1851676.376
gold,2020-05-19,3.868,3.886,3.852,3.865,3.927,-0.062,-1.5788,5508572.0,2134866.473
gold,2020-05-20,3.908,3.916,3.9,3.906,3.865,0.041,1.0608,5428692.23,2120784.487
gold,2020-05-21,3.89,3.894,3.867,3.87,3.906,-0.036,-0.9217,4533162.87,1759790.394
gold,2020-05-22,3.846,3.868,3.834,3.865,3.87,-0.005,-0.1292,4689656.27,1805390.176
gold,2020-05-25,3.855,3.868,3.851,3.858,3.865,-0.007,-0.1811,4011168.23,1548443.092
gold,2020-05-26,3.873,3.887,3.871,3.876,3.858,0.018,0.4666,3186015.56,1235692.682
gold,2020-05-27,3.845,3.847,3.83,3.835,3.876,-0.041,-1.0578,4043431.13,1552648.212
gold,2020-05-28,3.85,3.871,3.846,3.863,3.835,0.028,0.7301,3823228.0,1475225.031
gold,2020-05-29,3.857,3.869,3.854,3.864,3.863,0.001,0.0259,4186026.12,1616722.459
gold,2020-06-01,3.881,3.906,3.881,3.895,3.864,0.031,0.8023,4790721.09,1864794.597
gold,2020-06-02,3.885,3.896,3.883,3.888,3.895,-0.007,-0.1797,4995946.75,1943263.115
gold,2020-06-03,3.852,3.866,3.848,3.853,3.888,-0.035,-0.9002,4513401.48,1741442.091
gold,2020-06-04,3.815,3.834,3.813,3.82,3.853,-0.033,-0.8565,5378537.18,2057303.489
gold,2020-06-05,3.845,3.847,3.813,3.817,3.82,-0.003,-0.0785,4231756.61,1620975.065
gold,2020-06-08,3.774,3.788,3.771,3.783,3.817,-0.034,-0.8908,4693825.02,1772433.028
gold,2020-06-09,3.793,3.796,3.778,3.782,3.783,-0.001,-0.0264,3024041.9,1144718.341
gold,2020-06-10,3.823,3.825,3.818,3.821,3.782,0.039,1.0312,2998049.0,1145479.168
gold,2020-06-11,3.844,3.856,3.841,3.855,3.821,0.034,0.8898,4926422.9,1895236.856
gold,2020-06-12,3.85,3.856,3.841,3.854,3.855,-0.001,-0.0259,5973088.03,2297666.454
gold,2020-06-15,3.86,3.866,3.833,3.844,3.854,-0.01,-0.2595,4550920.0,1752661.372
gold,2020-06-16,3.842,3.852,3.829,3.84,3.844,-0.004,-0.1041,6181278.23,2375174.123
gold,2020-06-17,3.842,3.848,3.837,3.842,3.84,0.002,0.0521,4431910.28,1702822.217
gold,2020-06-18,3.847,3.847,3.834,3.836,3.842,-0.006,-0.1562,5023257.71,1929758.07
gold,2020-06-19,3.837,3.849,3.837,3.844,3.836,0.008,0.2086,6348112.35,2439085.424
gold,2020-06-22,3.891,3.901,3.885,3.886,3.844,0.042,1.0926,6907265.06,2688456.172
gold,2020-06-23,3.896,3.896,3.877,3.882,3.886,-0.004,-0.1029,5972152.11,2321588.083
gold,2020-06-24,3.913,3.915,3.904,3.91,3.882,0.028,0.7213,4660702.03,1821625.363
gold,2020-06-29,3.917,3.917,3.907,3.91,3.91,0.0,0.0,3906066.88,1527990.063
gold,2020-06-30,3.909,3.915,3.906,3.914,3.91,0.004,0.1023,6261148.22,2448171.936
gold,2020-07-01,3.93,3.942,3.926,3.939,3.914,0.025,0.6387,5016933.3,1973363.651
gold,2020-07-02,3.901,3.908,3.898,3.903,3.939,-0.036,-0.9139,4809735.76,1877390.73
gold,2020-07-03,3.917,3.919,3.907,3.915,3.903,0.012,0.3075,4655263.88,1822549.75
gold,2020-07-06,3.912,3.915,3.898,3.902,3.915,-0.013,-0.3321,5472568.4,2137196.438
gold,2020-07-07,3.909,3.913,3.904,3.911,3.902,0.009,0.2307,9546246.85,3731357.393
gold,2020-07-08,3.929,3.932,3.925,3.928,3.911,0.017,0.4347,7243902.01,2845814.813
gold,2020-07-09,3.947,3.959,3.945,3.954,3.928,0.026,0.6619,8950318.55,3538580.427
gold,2020-07-10,3.936,3.943,3.924,3.926,3.954,-0.028,-0.7081,4764302.41,1875713.037
gold,2020-07-13,3.938,3.947,3.937,3.939,3.926,0.013,0.3311,5805603.14,2287739.23
gold,2020-07-14,3.928,3.94,3.928,3.935,3.939,-0.004,-0.1015,6821053.01,2683461.19
gold,2020-07-15,3.948,3.956,3.939,3.94,3.935,0.005,0.1271,8055156.6,3177991.255
gold,2020-07-16,3.939,3.946,3.926,3.927,3.94,-0.013,-0.3299,4882196.14,1923197.858
gold,2020-07-17,3.905,3.905,3.892,3.904,3.927,-0.023,-0.5857,5173086.06,2017444.4
gold,2020-07-20,3.916,3.926,3.916,3.925,3.904,0.021,0.5379,6161893.71,2415266.627
gold,2020-07-21,3.941,3.957,3.933,3.951,3.925,0.026,0.6624,6554176.03,2581762.851
gold,2020-07-22,4.063,4.065,4.03,4.043,3.951,0.092,2.3285,6035475.93,2438544.665
gold,2020-07-23,4.056,4.069,4.051,4.066,4.043,0.023,0.5689,4955403.13,2010546.698
gold,2020-07-24,4.084,4.111,4.083,4.109,4.066,0.043,1.0576,5704009.97,2337096.29
gold,2020-07-27,4.165,4.253,4.162,4.203,4.109,0.094,2.2877,8623640.52,3627208.573
gold,2020-07-28,4.29,4.29,4.167,4.198,4.203,-0.005,-0.119,6790150.08,2879228.119
gold,2020-07-29,4.222,4.222,4.199,4.206,4.198,0.008,0.1906,6257124.17,2632338.684
gold,2020-07-30,4.215,4.218,4.157,4.174,4.206,-0.032,-0.7608,5262938.74,2212740.095
gold,2020-07-31,4.181,4.22,4.172,4.216,4.174,0.042,1.0062,8771141.95,3672255.014
gold,2020-08-03,4.212,4.216,4.198,4.2,4.216,-0.016,-0.3795,5343770.3,2248812.666
gold,2020-08-04,4.213,4.217,4.201,4.206,4.2,0.006,0.1429,5836120.01,2458616.633
gold,2020-08-05,4.299,4.327,4.274,4.32,4.206,0.114,2.7104,4413313.75,1895603.438
gold,2020-08-06,4.333,4.359,4.329,4.353,4.32,0.033,0.7639,5797679.57,2517207.317
gold,2020-08-07,4.402,4.415,4.315,4.378,4.353,0.025,0.5743,4688887.52,2061162.053
gold,2020-08-10,4.335,4.357,4.334,4.349,4.378,-0.029,-0.6624,3452339.54,1499208.439
gold,2020-08-11,4.323,4.335,4.234,4.253,4.349,-0.096,-2.2074,5657915.72,2433925.089
gold,2020-08-12,4.037,4.037,3.958,3.989,4.253,-0.264,-6.2074,4184448.5,1665711.147
gold,2020-08-13,4.068,4.07,4.04,4.054,3.989,0.065,1.6295,6174835.4,2504865.076
gold,2020-08-14,4.142,4.149,4.075,4.088,4.054,0.034,0.8387,5361124.82,2215225.271
gold,2020-08-17,4.092,4.133,4.086,4.129,4.088,0.041,1.0029,4846468.48,1992328.652
gold,2020-08-18,4.202,4.234,4.202,4.225,4.129,0.096,2.325,5079401.65,2141720.54
gold,2020-08-19,4.217,4.217,4.173,4.177,4.225,-0.048,-1.1361,4877594.44,2047621.355
gold,2020-08-20,4.065,4.108,4.048,4.088,4.177,-0.089,-2.1307,5626622.06,2299308.243
gold,2020-08-21,4.089,4.1,4.073,4.091,4.088,0.003,0.0734,5201513.52,2127180.21
gold,2020-08-24,4.042,4.066,4.04,4.056,4.091,-0.035,-0.8555,3973894.12,1611101.953
gold,2020-08-25,4.063,4.075,4.055,4.064,4.056,0.008,0.1972,4460888.91,1814616.914
gold,2020-08-26,4.062,4.074,4.055,4.059,4.064,-0.005,-0.123,3568766.96,1450306.26
gold,2020-08-27,4.102,4.109,4.096,4.108,4.059,0.049,1.2072,5788787.57,2375190.679
gold,2020-08-28,4.082,4.115,4.081,4.109,4.108,0.001,0.0243,3504912.41,1436103.211
gold,2020-08-31,4.138,4.144,4.119,4.123,4.109,0.014,0.3407,3992550.81,1651248.01
gold,2020-09-01,4.149,4.177,4.149,4.169,4.123,0.046,1.1157,5049005.95,2103009.938
gold,2020-09-02,4.135,4.136,4.12,4.125,4.169,-0.044,-1.0554,4341222.22,1791382.347
gold,2020-09-03,4.085,4.104,4.045,4.053,4.125,-0.072,-1.7455,4382406.54,1787997.524
gold,2020-09-04,4.062,4.079,4.053,4.065,4.053,0.012,0.2961,3177919.04,1292721.954
gold,2020-09-07,4.079,4.087,4.056,4.063,4.065,-0.002,-0.0492,4123056.06,1680162.06
gold,2020-09-08,4.06,4.076,4.05,4.066,4.063,0.003,0.0738,4355126.02,1767792.104
gold,2020-09-09,4.061,4.081,4.058,4.068,4.066,0.002,0.0492,2756251.75,1121123.635
gold,2020-09-10,4.105,4.108,4.091,4.096,4.068,0.028,0.6883,3714040.45,1523254.492
gold,2020-09-11,4.098,4.103,4.071,4.087,4.096,-0.009,-0.2197,4331531.17,1769898.69
gold,2020-09-14,4.088,4.099,4.084,4.086,4.087,-0.001,-0.0245,3862124.19,1580548.33
gold,2020-09-15,4.098,4.112,4.092,4.1,4.086,0.014,0.3426,6049892.99,2482483.37
gold,2020-09-16,4.077,4.093,4.075,4.088,4.1,-0.012,-0.2927,3150328.66,1286399.284
gold,2020-09-17,4.077,4.08,4.05,4.06,4.088,-0.028,-0.6849,5398181.28,2191535.195
gold,2020-09-18,4.067,4.079,4.064,4.078,4.06,0.018,0.4433,3730543.42,1518793.727
gold,2020-09-21,4.085,4.09,4.075,4.078,4.078,0.0,0.0,2694801.57,1100108.73
gold,2020-09-22,3.978,4.004,3.967,3.985,4.078,-0.093,-2.2805,3860138.31,1539461.641
gold,2020-09-23,3.98,3.989,3.911,3.925,3.985,-0.06,-1.5056,3682099.71,1457738.889
gold,2020-09-24,3.92,3.924,3.869,3.881,3.925,-0.044,-1.121,3594900.52,1402666.714
gold,2020-09-25,3.902,3.93,3.897,3.928,3.881,0.047,1.211,4718700.23,1845240.922
gold,2020-09-28,3.922,3.925,3.914,3.919,3.928,-0.009,-0.2291,3583615.0,1404661.641
gold,2020-09-29,3.968,3.975,3.95,3.972,3.919,0.053,1.3524,2394328.18,950252.277
gold,2020-09-30,3.985,3.989,3.966,3.974,3.972,0.002,0.0504,2790001.99,1110412.465
gold,2020-10-09,3.962,3.986,3.959,3.971,3.974,-0.003,-0.0755,2476497.12,984504.728
gold,2020-10-12,4.019,4.03,4.013,4.014,3.971,0.043,1.0829,3248737.53,1307228.925
gold,2020-10-13,4.012,4.019,3.995,4.003,4.014,-0.011,-0.274,2622277.94,1050152.625
gold,2020-10-14,3.93,3.958,3.927,3.958,4.003,-0.045,-1.1242,3960590.16,1562271.051
gold,2020-10-15,3.948,3.96,3.938,3.953,3.958,-0.005,-0.1263,3511649.52,1387034.383
gold,2020-10-16,3.972,3.977,3.962,3.965,3.953,0.012,0.3036,3084774.27,1224776.331
gold,2020-10-19,3.954,3.974,3.944,3.968,3.965,0.003,0.0757,4326251.59,1711313.928
gold,2020-10-20,3.954,3.955,3.938,3.952,3.968,-0.016,-0.4032,3474552.16,1372011.223
gold,2020-10-21,3.972,3.979,3.963,3.966,3.952,0.014,0.3543,3063671.37,1216953.581
gold,2020-10-22,3.975,3.975,3.956,3.97,3.966,0.004,0.1009,4370759.4,1732815.888
gold,2020-10-23,3.953,3.957,3.947,3.956,3.97,-0.014,-0.3526,3133373.78,1238522.037
gold,2020-10-26,3.947,3.947,3.926,3.938,3.956,-0.018,-0.455,3078907.92,1212541.291
gold,2020-10-27,3.968,3.976,3.966,3.972,3.938,0.034,0.8634,3188021.22,1266323.425
gold,2020-10-28,3.974,3.985,3.969,3.974,3.972,0.002,0.0504,2282934.18,908036.534
gold,2020-10-29,3.913,3.933,3.91,3.92,3.974,-0.054,-1.3588,3948200.38,1548256.267
gold,2020-10-30,3.906,3.908,3.885,3.897,3.92,-0.023,-0.5867,2363284.5,921456.436
gold,2020-11-02,3.914,3.936,3.914,3.93,3.897,0.033,0.8468,2477959.93,972412.865
gold,2020-11-03,3.94,3.955,3.939,3.949,3.93,0.019,0.4835,5905693.38,2331227.604
gold,2020-11-04,3.97,3.976,3.955,3.967,3.949,0.018,0.4558,4321600.74,1714671.917
gold,2020-11-05,3.951,3.966,3.95,3.965,3.967,-0.002,-0.0504,2970789.14,1176200.697
gold,2020-11-06,4.002,4.013,3.99,4.001,3.965,0.036,0.9079,4067355.32,1628712.31
gold,2020-11-09,4.014,4.016,3.987,3.99,4.001,-0.011,-0.2749,4009526.87,1607100.214
gold,2020-11-10,3.854,3.894,3.85,3.889,3.99,-0.101,-2.5313,4105798.74,1588928.815
gold,2020-11-11,3.884,3.884,3.866,3.881,3.889,-0.008,-0.2057,3229294.84,1250667.967
gold,2020-11-12,3.865,3.879,3.862,3.873,3.881,-0.008,-0.2061,6587737.88,2551356.828
gold,2020-11-13,3.887,3.892,3.886,3.89,3.873,0.017,0.4389,2665694.83,1036880.207
gold,2020-11-16,3.905,3.91,3.885,3.888,3.89,-0.002,-0.0514,2915871.67,1137282.701
gold,2020-11-17,3.887,3.891,3.876,3.881,3.888,-0.007,-0.18,4038098.96,1568741.588
gold,2020-11-18,3.861,3.865,3.849,3.856,3.881,-0.025,-0.6442,2875499.0,1109294.09
gold,2020-11-19,3.852,3.853,3.828,3.837,3.856,-0.019,-0.4927,2844818.11,1093145.548
gold,2020-11-20,3.843,3.849,3.837,3.843,3.837,0.006,0.1564,2883618.0,1108008.079
gold,2020-11-23,3.851,3.855,3.841,3.851,3.843,0.008,0.2082,2711426.77,1043150.41
gold,2020-11-24,3.772,3.774,3.746,3.755,3.851,-0.096,-2.4929,4018333.37,1509340.3
gold,2020-11-25,3.725,3.727,3.705,3.714,3.755,-0.041,-1.0919,4462715.94,1658031.708
gold,2020-11-26,3.717,3.72,3.704,3.718,3.714,0.004,0.1077,3556844.35,1320656.115
gold,2020-11-27,3.716,3.722,3.711,3.72,3.718,0.002,0.0538,2369940.13,880638.294
gold,2020-11-30,3.656,3.656,3.604,3.628,3.72,-0.092,-2.4731,4779560.85,1733729.833
gold,2020-12-01,3.64,3.661,3.638,3.653,3.628,0.025,0.6891,3356917.63,1224877.717
gold,2020-12-02,3.7,3.71,3.695,3.707,3.653,0.054,1.4782,3976888.13,1473097.771
gold,2020-12-03,3.729,3.754,3.722,3.748,3.707,0.041,1.106,4041603.95,1511482.152
gold,2020-12-04,3.752,3.764,3.743,3.754,3.748,0.006,0.1601,3352356.94,1258005.577
gold,2020-12-07,3.738,3.752,3.736,3.745,3.754,-0.009,-0.2397,3492869.03,1308210.845
gold,2020-12-08,3.795,3.809,3.79,3.8,3.745,0.055,1.4686,3706864.06,1408387.082
gold,2020-12-09,3.798,3.802,3.771,3.778,3.8,-0.022,-0.5789,2898683.66,1098278.328
gold,2020-12-10,3.746,3.755,3.738,3.74,3.778,-0.038,-1.0058,4969988.67,1862662.039
gold,2020-12-11,3.744,3.749,3.731,3.739,3.74,-0.001,-0.0267,3587363.69,1342644.445
gold,2020-12-14,3.742,3.747,3.734,3.74,3.739,0.001,0.0267,3644958.0,1363769.785
gold,2020-12-15,3.734,3.77,3.731,3.769,3.74,0.029,0.7754,1854370.51,695589.863
gold,2020-12-16,3.782,3.801,3.778,3.793,3.769,0.024,0.6368,1972299.92,747731.429
gold,2020-12-17,3.799,3.818,3.797,3.812,3.793,0.019,0.5009,4038344.02,1536954.598
gold,2020-12-18,3.824,3.849,3.824,3.838,3.812,0.026,0.6821,3665771.23,1406286.18
gold,2020-12-21,3.878,3.897,3.871,3.879,3.838,0.041,1.0683,5544400.0,2152744.445
gold,2020-12-22,3.84,3.852,3.82,3.825,3.879,-0.054,-1.3921,4028877.2,1548357.712
gold,2020-12-23,3.822,3.826,3.811,3.818,3.825,-0.007,-0.183,3930321.37,1501470.21
gold,2020-12-24,3.844,3.847,3.83,3.832,3.818,0.014,0.3667,3484934.94,1338024.297
gold,2020-12-25,3.834,3.856,3.833,3.853,3.832,0.021,0.548,3363886.57,1293013.857
gold,2020-12-28,3.875,3.887,3.827,3.858,3.853,0.005,0.1298,4387464.4,1700536.378
gold,2020-12-29,3.852,3.856,3.834,3.837,3.858,-0.021,-0.5443,3763412.12,1447182.437
gold,2020-12-30,3.837,3.845,3.828,3.832,3.837,-0.005,-0.1303,1640102.0,629434.51
gold,2020-12-31,3.867,3.868,3.838,3.85,3.832,0.018,0.4697,2802242.0,1079847.303
gold,2021-01-04,3.897,3.909,3.894,3.902,3.85,0.052,1.3506,3550731.16,1384874.111
gold,2021-01-05,3.923,3.93,3.914,3.92,3.902,0.018,0.4613,4155910.92,1630368.946
gold,2021-01-06,3.931,3.939,3.922,3.931,3.92,0.011,0.2806,4595314.9,1806842.663
gold,2021-01-07,3.889,3.904,3.875,3.903,3.931,-0.028,-0.7123,4302338.24,1671592.523
gold,2021-01-08,3.89,3.894,3.876,3.878,3.903,-0.025,-0.6405,2721332.04,1057337.389
gold,2021-01-11,3.73,3.782,3.715,3.777,3.878,-0.101,-2.6044,3749076.46,1407572.011
gold,2021-01-12,3.769,3.808,3.767,3.805,3.777,0.028,0.7413,3690513.44,1398000.39
gold,2021-01-13,3.803,3.815,3.79,3.797,3.805,-0.008,-0.2102,3781375.98,1438637.832
gold,2021-01-14,3.796,3.796,3.752,3.772,3.797,-0.025,-0.6584,3217713.22,1215030.48
gold,2021-01-15,3.792,3.798,3.775,3.785,3.772,0.013,0.3446,1818354.03,689339.096
gold,2021-01-18,3.741,3.783,3.739,3.775,3.785,-0.01,-0.2642,4706110.86,1768802.096
gold,2021-01-19,3.793,3.793,3.772,3.779,3.775,0.004,0.106,3101890.34,1172521.345
gold,2021-01-20,3.79,3.795,3.78,3.789,3.779,0.01,0.2646,3345620.54,1267024.864
gold,2021-01-21,3.813,3.828,3.81,3.825,3.789,0.036,0.9501,2478225.0,946259.824
gold,2021-01-22,3.811,3.815,3.798,3.806,3.825,-0.019,-0.4967,2392157.6,910922.954
gold,2021-01-25,3.807,3.808,3.785,3.788,3.806,-0.018,-0.4729,3803775.73,1445368.435
gold,2021-01-26,3.796,3.811,3.792,3.799,3.788,0.011,0.2904,2916524.0,1108918.523
gold,2021-01-27,3.777,3.782,3.762,3.779,3.799,-0.02,-0.5265,2652937.91,1000651.681
gold,2021-01-28,3.767,3.771,3.759,3.761,3.779,-0.018,-0.4763,2992751.33,1127119.15
gold,2021-01-29,3.763,3.784,3.763,3.778,3.761,0.017,0.452,3698259.54,1392942.8
gold,2021-02-01,3.778,3.828,3.77,3.82,3.778,0.042,1.1117,3525016.0,1340715.966
gold,2021-02-02,3.815,3.821,3.786,3.789,3.82,-0.031,-0.8115,2618254.05,996792.743
gold,2021-02-03,3.755,3.765,3.745,3.75,3.789,-0.039,-1.0293,3863747.96,1451000.009
gold,2021-02-04,3.746,3.746,3.699,3.723,3.75,-0.027,-0.72,3022185.64,1123940.383
gold,2021-02-05,3.68,3.686,3.673,3.681,3.723,-0.042,-1.1281,1681345.2,618561.978
gold,2021-02-08,3.708,3.715,3.698,3.712,3.681,0.031,0.8422,1920246.0,711805.158
gold,2021-02-09,3.742,3.759,3.741,3.752,3.712,0.04,1.0776,1934631.84,726035.173
gold,2021-02-10,3.742,3.762,3.738,3.756,3.752,0.004,0.1066,1609927.13,603820.767
gold,2021-02-18,3.645,3.653,3.636,3.65,3.756,-0.106,-2.8222,3387785.0,1234795.893
gold,2021-02-19,3.629,3.645,3.616,3.634,3.65,-0.016,-0.4384,3620583.54,1313616.52
gold,2021-02-22,3.664,3.685,3.654,3.675,3.634,0.041,1.1282,3378595.41,1238640.234
gold,2021-02-23,3.704,3.727,3.704,3.713,3.675,0.038,1.034,3505323.38,1303146.354
gold,2021-02-24,3.709,3.714,3.7,3.705,3.713,-0.008,-0.2155,3625481.22,1343808.308
gold,2021-02-25,3.684,3.686,3.664,3.67,3.705,-0.035,-0.9447,2583822.72,950092.233
gold,2021-02-26,3.65,3.65,3.606,3.613,3.67,-0.057,-1.5531,3579412.31,1300498.652
gold,2021-03-01,3.572,3.6,3.571,3.595,3.613,-0.018,-0.4982,3588630.84,1286583.453
gold,2021-03-02,3.54,3.546,3.503,3.536,3.595,-0.059,-1.6412,4334148.11,1526297.769
gold,2021-03-03,3.554,3.572,3.545,3.549,3.536,0.013,0.3676,2401289.32,853055.97
gold,2021-03-04,3.518,3.521,3.504,3.514,3.549,-0.035,-0.9862,4091027.56,1437289.859
gold,2021-03-05,3.467,3.486,3.463,3.482,3.514,-0.032,-0.9106,3134664.15,1088347.996
gold,2021-03-08,3.523,3.533,3.517,3.519,3.482,0.037,1.0626,3452127.56,1217141.114
gold,2021-03-09,3.489,3.509,3.481,3.506,3.519,-0.013,-0.3694,4142120.0,1445989.209
gold,2021-03-10,3.547,3.551,3.533,3.542,3.506,0.036,1.0268,4274727.85,1513418.801
gold,2021-03-11,3.559,3.584,3.557,3.573,3.542,0.031,0.8752,5500418.0,1964267.564
gold,2021-03-12,3.553,3.554,3.52,3.524,3.573,-0.049,-1.3714,3099882.42,1096930.31
gold,2021-03-15,3.573,3.578,3.554,3.556,3.524,0.032,0.9081,3904339.71,1392081.734
gold,2021-03-16,3.572,3.578,3.562,3.562,3.556,0.006,0.1687,3684234.23,1315369.259
gold,2021-03-17,3.57,3.581,3.57,3.577,3.562,0.015,0.4211,2825103.37,1010342.661
gold,2021-03-18,3.612,3.615,3.599,3.604,3.577,0.027,0.7548,2474471.36,892387.212
gold,2021-03-19,3.569,3.599,3.565,3.589,3.604,-0.015,-0.4162,1719394.0,614984.379
gold,2021-03-22,3.581,3.594,3.566,3.57,3.589,-0.019,-0.5294,2648570.17,948515.223
gold,2021-03-23,3.571,3.588,3.57,3.585,3.57,0.015,0.4202,2835201.18,1014708.511
gold,2021-03-24,3.567,3.587,3.567,3.578,3.585,-0.007,-0.1953,5271712.17,1887042.618
gold,2021-03-25,3.588,3.603,3.584,3.589,3.578,0.011,0.3074,2796350.18,1004255.648
gold,2021-03-26,3.581,3.584,3.567,3.579,3.589,-0.01,-0.2786,4972761.68,1779141.353
gold,2021-03-29,3.58,3.589,3.576,3.579,3.579,0.0,0.0,6454615.16,2312764.674
gold,2021-03-30,3.558,3.558,3.535,3.536,3.579,-0.043,-1.2015,3083160.0,1093295.11
gold,2021-03-31,3.501,3.502,3.48,3.495,3.536,-0.041,-1.1595,3642663.32,1271331.379
gold,2021-04-01,3.538,3.571,3.538,3.565,3.495,0.07,2.0029,3982555.31,1415114.863
gold,2021-04-02,3.603,3.615,3.601,3.612,3.565,0.047,1.3184,5973456.44,2155954.502
gold,2021-04-06,3.607,3.608,3.589,3.591,3.612,-0.021,-0.5814,4229708.81,1523497.41
gold,2021-04-07,3.602,3.609,3.595,3.607,3.591,0.016,0.4456,3963765.16,1426930.886
gold,2021-04-08,3.596,3.624,3.595,3.614,3.607,0.007,0.1941,3618154.48,1305090.04
gold,2021-04-09,3.641,3.65,3.627,3.631,3.614,0.017,0.4704,3145810.0,1144248.473
gold,2021-04-12,3.615,3.616,3.597,3.612,3.631,-0.019,-0.5233,3988124.64,1438493.282
gold,2021-04-13,3.58,3.598,3.574,3.575,3.612,-0.037,-1.0244,2710512.52,972256.988
gold,2021-04-14,3.614,3.617,3.603,3.615,3.575,0.04,1.1189,2861036.75,1033461.71
gold,2021-04-15,3.598,3.614,3.588,3.612,3.615,-0.003,-0.083,4734159.42,1704804.786
gold,2021-04-16,3.645,3.652,3.64,3.643,3.612,0.031,0.8583,2577202.25,939622.723
gold,2021-04-19,3.671,3.676,3.666,3.67,3.643,0.027,0.7411,2831465.0,1039667.316
gold,2021-04-20,3.645,3.647,3.63,3.635,3.67,-0.035,-0.9537,3477819.26,1265314.558
gold,2021-04-21,3.657,3.675,3.657,3.673,3.635,0.038,1.0454,3902391.0,1430525.039
gold,2021-04-22,3.683,3.692,3.669,3.676,3.673,0.003,0.0817,2184334.0,804256.034
gold,2021-04-23,3.672,3.676,3.663,3.668,3.676,-0.008,-0.2176,2552029.0,936769.755
gold,2021-04-26,3.651,3.661,3.644,3.649,3.668,-0.019,-0.518,2768539.71,1011748.942
gold,2021-04-27,3.654,3.657,3.641,3.653,3.649,0.004,0.1096,2121017.9,774231.709
gold,2021-04-28,3.636,3.641,3.627,3.632,3.653,-0.021,-0.5749,3666125.95,1332881.675
gold,2021-04-29,3.664,3.672,3.64,3.643,3.632,0.011,0.3029,3700078.24,1354794.401
gold,2021-04-30,3.623,3.63,3.611,3.625,3.643,-0.018,-0.4941,2578392.0,932650.616
gold,2021-05-06,3.664,3.685,3.662,3.676,3.625,0.051,1.4069,3361017.14,1233893.286
gold,2021-05-07,3.716,3.724,3.708,3.717,3.676,0.041,1.1153,4324616.48,1606628.487
gold,2021-05-10,3.724,3.74,3.72,3.73,3.717,0.013,0.3497,3787665.78,1412093.325
gold,2021-05-11,3.731,3.734,3.724,3.725,3.73,-0.005,-0.134,2970974.38,1108051.637
gold,2021-05-12,3.725,3.734,3.713,3.732,3.725,0.007,0.1879,3353632.0,1247957.594
gold,2021-05-13,3.719,3.722,3.707,3.717,3.732,-0.015,-0.4019,2610150.0,969646.811
gold,2021-05-14,3.719,3.742,3.712,3.739,3.717,0.022,0.5919,3780716.94,1406686.74
gold,2021-05-17,3.781,3.788,3.772,3.777,3.739,0.038,1.0163,3243023.79,1225562.254
gold,2021-05-18,3.803,3.817,3.799,3.802,3.777,0.025,0.6619,3741550.82,1424897.698
gold,2021-05-19,3.795,3.812,3.789,3.812,3.802,0.01,0.263,3796597.85,1441935.746
gold,2021-05-20,3.806,3.827,3.794,3.811,3.812,-0.001,-0.0262,3240581.9,1236567.825
gold,2021-05-21,3.811,3.823,3.806,3.816,3.811,0.005,0.1312,2863259.66,1092236.029
gold,2021-05-24,3.836,3.844,3.826,3.828,3.816,0.012,0.3145,3379132.34,1296490.117
gold,2021-05-25,3.79,3.817,3.79,3.812,3.828,-0.016,-0.418,2505070.65,952184.318
gold,2021-05-26,3.857,3.865,3.842,3.852,3.812,0.04,1.0493,2967587.43,1144307.924
gold,2021-05-27,3.823,3.838,3.821,3.829,3.852,-0.023,-0.5971,3546563.98,1357628.55
gold,2021-05-28,3.825,3.825,3.798,3.8,3.829,-0.029,-0.7574,4376721.54,1668583.77
gold,2021-05-31,3.836,3.842,3.826,3.828,3.8,0.028,0.7368,3697071.89,1417762.817
gold,2021-06-01,3.839,3.855,3.838,3.853,3.828,0.025,0.6531,2488645.0,957227.114
gold,2021-06-02,3.828,3.83,3.781,3.793,3.853,-0.06,-1.5572,3493215.78,1332071.375
gold,2021-06-03,3.802,3.818,3.766,3.774,3.793,-0.019,-0.5009,2854995.85,1085064.404
gold,2021-06-04,3.715,3.747,3.674,3.732,3.774,-0.042,-1.1129,3264544.0,1208354.587
gold,2021-06-07,3.759,3.77,3.754,3.757,3.732,0.025,0.6699,4232711.63,1592064.53
gold,2021-06-08,3.799,3.801,3.771,3.778,3.757,0.021,0.559,4505073.01,1704479.283
gold,2021-06-09,3.778,3.786,3.771,3.775,3.778,-0.003,-0.0794,3406647.56,1286885.038
gold,2021-06-10,3.767,3.781,3.758,3.764,3.775,-0.011,-0.2914,3575756.0,1346631.526
gold,2021-06-11,3.795,3.802,3.792,3.795,3.764,0.031,0.8236,2645911.63,1004906.044
gold,2021-06-15,3.72,3.738,3.705,3.73,3.795,-0.065,-1.7128,3426367.07,1275122.118
gold,2021-06-16,3.718,3.734,3.71,3.729,3.73,-0.001,-0.0268,3302412.82,1228981.102
gold,2021-06-17,3.673,3.683,3.655,3.667,3.729,-0.062,-1.6626,3189932.92,1171494.563
gold,2021-06-18,3.625,3.634,3.622,3.625,3.667,-0.042,-1.1454,5291658.61,1920013.878
gold,2021-06-21,3.615,3.631,3.604,3.628,3.625,0.003,0.0828,3848262.69,1392157.78
gold,2021-06-22,3.642,3.652,3.631,3.641,3.628,0.013,0.3583,3067579.42,1117121.211
gold,2021-06-23,3.64,3.648,3.637,3.645,3.641,0.004,0.1099,3776513.86,1375792.283
gold,2021-06-24,3.632,3.636,3.625,3.628,3.645,-0.017,-0.4664,4705783.52,1708404.591
gold,2021-06-25,3.623,3.632,3.621,3.624,3.628,-0.004,-0.1103,3830136.96,1388710.891
gold,2021-06-28,3.618,3.639,3.609,3.629,3.624,0.005,0.138,3578910.27,1296370.211
gold,2021-06-29,3.619,3.625,3.614,3.616,3.629,-0.013,-0.3582,2561897.43,927030.422
gold,2021-06-30,3.596,3.596,3.579,3.584,3.616,-0.032,-0.885,3493265.16,1253235.098
gold,2021-07-01,3.61,3.635,3.608,3.629,3.584,0.045,1.2556,2284666.71,827915.86
gold,2021-07-02,3.64,3.64,3.631,3.632,3.629,0.003,0.0827,2946376.63,1071138.887
gold,2021-07-05,3.651,3.654,3.635,3.645,3.632,0.013,0.3579,3378265.6,1231073.039
gold,2021-07-06,3.651,3.679,3.651,3.679,3.645,0.034,0.9328,6248898.59,2289813.422
gold,2021-07-07,3.676,3.68,3.665,3.676,3.679,-0.003,-0.0815,6169856.05,2265853.357
gold,2021-07-08,3.68,3.68,3.664,3.67,3.676,-0.006,-0.1632,5741656.0,2106907.252
gold,2021-07-09,3.684,3.696,3.674,3.68,3.67,0.01,0.2725,4311405.98,1589719.659
gold,2021-07-12,3.691,3.693,3.669,3.674,3.68,-0.006,-0.163,3028995.21,1114509.38
gold,2021-07-13,3.684,3.694,3.679,3.689,3.674,0.015,0.4083,5223690.5,1926948.077
gold,2021-07-14,3.683,3.7,3.683,3.692,3.689,0.003,0.0813,4759238.31,1758328.649
gold,2021-07-15,3.715,3.723,3.71,3.721,3.692,0.029,0.7855,3570523.02,1326843.711
gold,2021-07-16,3.72,3.724,3.708,3.711,3.721,-0.01,-0.2687,4039665.88,1501665.357
gold,2021-07-19,3.7,3.702,3.677,3.679,3.711,-0.032,-0.8623,3647699.25,1347180.078
gold,2021-07-20,3.705,3.714,3.705,3.709,3.679,0.03,0.8154,4282680.87,1588785.812
gold,2021-07-21,3.685,3.696,3.679,3.695,3.709,-0.014,-0.3775,3692426.81,1361224.943
gold,2021-07-22,3.667,3.67,3.66,3.667,3.695,-0.028,-0.7578,3963980.66,1452979.168
gold,2021-07-23,3.675,3.686,3.672,3.684,3.667,0.017,0.4636,3257540.67,1198169.654
gold,2021-07-26,3.681,3.697,3.681,3.693,3.684,0.009,0.2443,3553059.52,1311213.552
gold,2021-07-27,3.675,3.675,3.657,3.662,3.693,-0.031,-0.8394,3036686.81,1112774.948
gold,2021-07-28,3.695,3.707,3.693,3.698,3.662,0.036,0.9831,4515706.85,1671302.75
gold,2021-07-29,3.714,3.716,3.702,3.708,3.698,0.01,0.2704,2211736.0,820147.761
gold,2021-07-30,3.721,3.73,3.711,3.72,3.708,0.012,0.3236,4166876.77,1549951.752
gold,2021-08-02,3.685,3.689,3.676,3.68,3.72,-0.04,-1.0753,3820180.0,1407341.11
gold,2021-08-03,3.682,3.693,3.678,3.681,3.68,0.001,0.0272,3010147.02,1109552.592
gold,2021-08-04,3.682,3.697,3.682,3.689,3.681,0.008,0.2173,5145987.57,1899518.642
gold,2021-08-05,3.689,3.691,3.682,3.685,3.689,-0.004,-0.1084,4128894.69,1522168.869
gold,2021-08-06,3.666,3.669,3.661,3.663,3.685,-0.022,-0.597,4381595.91,1606062.042
gold,2021-08-09,3.555,3.573,3.544,3.568,3.663,-0.095,-2.5935,4858304.52,1729498.578
gold,2021-08-10,3.557,3.557,3.545,3.552,3.568,-0.016,-0.4484,6274829.22,2228324.339
gold,2021-08-11,3.542,3.554,3.541,3.548,3.552,-0.004,-0.1126,3312845.92,1175094.769
gold,2021-08-12,3.575,3.586,3.571,3.58,3.548,0.032,0.9019,4803002.64,1717961.146
gold,2021-08-13,3.589,3.595,3.584,3.591,3.58,0.011,0.3073,4017213.77,1441677.24
gold,2021-08-16,3.635,3.638,3.62,3.621,3.591,0.03,0.8354,5383695.42,1953769.924
gold,2021-08-17,3.645,3.662,3.641,3.658,3.621,0.037,1.0218,4538963.33,1655925.262
gold,2021-08-18,3.658,3.663,3.653,3.66,3.658,0.002,0.0547,5651974.0,2067509.548
gold,2021-08-19,3.653,3.653,3.63,3.648,3.66,-0.012,-0.3279,4918205.73,1791040.682
gold,2021-08-20,3.652,3.662,3.649,3.659,3.648,0.011,0.3015,7588492.89,2774159.474
gold,2021-08-23,3.636,3.66,3.63,3.652,3.659,-0.007,-0.1913,4487399.93,1638677.661
gold,2021-08-24,3.677,3.687,3.676,3.679,3.652,0.027,0.7393,4528786.35,1666908.092
gold,2021-08-25,3.672,3.672,3.657,3.658,3.679,-0.021,-0.5708,3487704.81,1277274.588
gold,2021-08-26,3.656,3.656,3.644,3.645,3.658,-0.013,-0.3554,6747672.66,2463395.257
gold,2021-08-27,3.665,3.688,3.664,3.682,3.645,0.037,1.0151,4765848.28,1751829.009
gold,2021-08-30,3.706,3.709,3.689,3.691,3.682,0.009,0.2444,6226318.75,2302467.076
gold,2021-08-31,3.689,3.697,3.687,3.69,3.691,-0.001,-0.0271,4707903.54,1737776.616
gold,2021-09-01,3.69,3.693,3.68,3.69,3.69,0.0,0.0,3986216.36,1469525.072
gold,2021-09-02,3.689,3.691,3.681,3.687,3.69,-0.003,-0.0813,3051166.42,1124702.006
gold,2021-09-03,3.679,3.692,3.676,3.687,3.687,0.0,0.0,3668602.42,1351912.273
gold,2021-09-06,3.71,3.715,3.707,3.708,3.687,0.021,0.5696,3487714.3,1294418.408
gold,2021-09-07,3.711,3.713,3.689,3.696,3.708,-0.012,-0.3236,2920540.0,1081060.096
gold,2021-09-08,3.659,3.668,3.65,3.653,3.696,-0.043,-1.1634,4383356.01,1603468.337
gold,2021-09-09,3.638,3.642,3.634,3.639,3.653,-0.014,-0.3832,2026173.59,737107.559
gold,2021-09-10,3.647,3.662,3.647,3.66,3.639,0.021,0.5771,2911734.48,1064288.439
gold,2021-09-13,3.64,3.649,3.631,3.642,3.66,-0.018,-0.4918,3199747.25,1165052.144
gold,2021-09-14,3.641,3.649,3.641,3.646,3.642,0.004,0.1098,2005563.65,731140.24
gold,2021-09-15,3.664,3.67,3.658,3.659,3.646,0.013,0.3566,2350852.82,861822.129
gold,2021-09-16,3.639,3.647,3.621,3.628,3.659,-0.031,-0.8472,2678600.74,974333.279
gold,2021-09-17,3.596,3.596,3.578,3.592,3.628,-0.036,-0.9923,2966454.65,1063201.677
gold,2021-09-22,3.632,3.642,3.631,3.64,3.592,0.048,1.3363,2321830.92,844625.942
gold,2021-09-23,3.612,3.613,3.601,3.605,3.64,-0.035,-0.9615,3864338.59,1393921.126
gold,2021-09-24,3.578,3.588,3.573,3.586,3.605,-0.019,-0.527,1861530.13,666504.848
gold,2021-09-27,3.59,3.602,3.59,3.59,3.586,0.004,0.1115,2902082.0,1043751.371
gold,2021-09-28,3.58,3.585,3.559,3.562,3.59,-0.028,-0.7799,2017800.0,721863.807
gold,2021-09-29,3.555,3.562,3.551,3.557,3.562,-0.005,-0.1404,1873178.0,666402.727
gold,2021-09-30,3.55,3.556,3.542,3.543,3.557,-0.014,-0.3936,1809527.88,642361.8
gold,2021-10-08,3.58,3.591,3.58,3.587,3.543,0.044,1.2419,2228459.35,799387.454
gold,2021-10-11,3.587,3.589,3.57,3.573,3.587,-0.014,-0.3903,2084137.49,746336.374
gold,2021-10-12,3.58,3.596,3.58,3.591,3.573,0.018,0.5038,1749948.3,628021.247
gold,2021-10-13,3.591,3.594,3.583,3.59,3.591,-0.001,-0.0278,2075878.45,744943.229
gold,2021-10-14,3.633,3.641,3.628,3.636,3.59,0.046,1.2813,3243852.04,1179323.298
gold,2021-10-15,3.641,3.645,3.626,3.629,3.636,-0.007,-0.1925,1804242.24,656188.589
gold,2021-10-18,3.591,3.596,3.574,3.58,3.629,-0.049,-1.3502,2809419.78,1007851.01
gold,2021-10-19,3.584,3.594,3.581,3.594,3.58,0.014,0.3911,1502826.21,539081.475
gold,2021-10-20,3.574,3.585,3.57,3.584,3.594,-0.01,-0.2782,2218369.65,793487.767
gold,2021-10-21,3.596,3.607,3.596,3.601,3.584,0.017,0.4743,2363260.0,851260.072
gold,2021-10-22,3.601,3.617,3.599,3.615,3.601,0.014,0.3888,2525117.43,910261.834
gold,2021-10-25,3.606,3.616,3.603,3.606,3.615,-0.009,-0.249,3481429.68,1256765.277
gold,2021-10-26,3.63,3.63,3.618,3.621,3.606,0.015,0.416,2793580.8,1011781.749
gold,2021-10-27,3.596,3.596,3.58,3.594,3.621,-0.027,-0.7457,2562994.11,919525.736
gold,2021-10-28,3.61,3.631,3.609,3.629,3.594,0.035,0.9738,2873153.74,1040715.297
gold,2021-10-29,3.623,3.623,3.608,3.609,3.629,-0.02,-0.5511,3198840.37,1156059.252
gold,2021-11-01,3.594,3.604,3.592,3.594,3.609,-0.015,-0.4156,2381863.0,857363.718
gold,2021-11-02,3.605,3.623,3.605,3.617,3.594,0.023,0.64,3221805.3,1164529.696
gold,2021-11-03,3.6,3.602,3.586,3.589,3.617,-0.028,-0.7741,3042793.99,1092648.577
gold,2021-11-04,3.581,3.586,3.571,3.575,3.589,-0.014,-0.3901,2258877.88,808648.031
gold,2021-11-05,3.616,3.626,3.616,3.624,3.575,0.049,1.3706,3192764.1,1155982.721
gold,2021-11-08,3.673,3.673,3.656,3.66,3.624,0.036,0.9934,2526805.0,926583.351
gold,2021-11-09,3.675,3.676,3.662,3.671,3.66,0.011,0.3005,3452597.0,1266624.97
gold,2021-11-10,3.675,3.679,3.663,3.669,3.671,-0.002,-0.0545,2427812.0,891887.677
gold,2021-11-11,3.716,3.732,3.707,3.721,3.669,0.052,1.4173,3133118.34,1165515.332
gold,2021-11-12,3.73,3.732,3.72,3.722,3.721,0.001,0.0269,2887380.0,1075628.857
gold,2021-11-15,3.729,3.73,3.709,3.716,3.722,-0.006,-0.1612,2282392.0,848513.303
gold,2021-11-16,3.734,3.741,3.729,3.732,3.716,0.016,0.4306,2872124.18,1072405.219
gold,2021-11-17,3.717,3.723,3.711,3.72,3.732,-0.012,-0.3215,3129735.6,1163278.87
gold,2021-11-18,3.74,3.745,3.735,3.735,3.72,0.015,0.4032,3273731.7,1224640.139
gold,2021-11-19,3.734,3.739,3.727,3.73,3.735,-0.005,-0.1339,2350218.0,877801.327
gold,2021-11-22,3.706,3.711,3.694,3.696,3.73,-0.034,-0.9115,3875656.0,1436679.314
gold,2021-11-23,3.651,3.651,3.63,3.632,3.696,-0.064,-1.7316,4074127.65,1482337.249
gold,2021-11-24,3.615,3.621,3.606,3.613,3.632,-0.019,-0.5231,3678652.0,1328951.961
gold,2021-11-25,3.614,3.616,3.609,3.611,3.613,-0.002,-0.0554,3345103.49,1208136.925
gold,2021-11-26,3.613,3.631,3.61,3.628,3.611,0.017,0.4708,3540897.69,1280335.682
gold,2021-11-29,3.618,3.62,3.61,3.614,3.628,-0.014,-0.3859,3228558.0,1166983.205
gold,2021-11-30,3.592,3.608,3.586,3.605,3.614,-0.009,-0.249,3299093.66,1186563.771
gold,2021-12-01,3.572,3.599,3.564,3.591,3.605,-0.014,-0.3883,4057050.9,1451130.564
gold,2021-12-02,3.582,3.582,3.569,3.575,3.591,-0.016,-0.4456,3521357.0,1259215.959
gold,2021-12-03,3.562,3.573,3.56,3.566,3.575,-0.009,-0.2517,2498919.0,891271.376
gold,2021-12-06,3.586,3.596,3.585,3.592,3.566,0.026,0.7291,2366702.37,849851.105
gold,2021-12-07,3.583,3.585,3.579,3.584,3.592,-0.008,-0.2227,2748416.0,984390.806
gold,2021-12-08,3.587,3.595,3.587,3.589,3.584,0.005,0.1395,1864720.0,669566.796
gold,2021-12-09,3.578,3.58,3.571,3.575,3.589,-0.014,-0.3901,2266603.74,810432.342
gold,2021-12-10,3.581,3.584,3.56,3.565,3.575,-0.01,-0.2797,2727780.0,974999.087
gold,2021-12-13,3.586,3.593,3.582,3.585,3.565,0.02,0.561,2737756.18,982251.741
gold,2021-12-14,3.592,3.593,3.586,3.588,3.585,0.003,0.0837,3049866.98,1094635.906
gold,2021-12-15,3.562,3.563,3.55,3.552,3.588,-0.036,-1.0033,2399835.15,853686.628
gold,2021-12-16,3.573,3.585,3.573,3.584,3.552,0.032,0.9009,2026610.97,725746.562
gold,2021-12-17,3.615,3.632,3.614,3.629,3.584,0.045,1.2556,2985705.83,1081658.801
gold,2021-12-20,3.623,3.627,3.619,3.624,3.629,-0.005,-0.1378,2667260.0,966529.23
gold,2021-12-21,3.602,3.605,3.595,3.599,3.624,-0.025,-0.6898,2263900.0,815435.714
gold,2021-12-22,3.596,3.599,3.59,3.591,3.599,-0.008,-0.2223,1762215.17,633529.67
gold,2021-12-23,3.62,3.632,3.62,3.627,3.591,0.036,1.0025,1921079.41,696918.679
gold,2021-12-24,3.636,3.64,3.629,3.633,3.627,0.006,0.1654,1929100.57,701001.557
gold,2021-12-27,3.636,3.636,3.628,3.63,3.633,-0.003,-0.0826,1775218.0,644955.89
gold,2021-12-28,3.63,3.642,3.628,3.642,3.63,0.012,0.3306,1614023.47,586428.641
gold,2021-12-29,3.619,3.629,3.618,3.625,3.642,-0.017,-0.4668,1781135.36,645735.255
gold,2021-12-30,3.618,3.621,3.604,3.606,3.625,-0.019,-0.5241,3544736.01,1281464.608
gold,2021-12-31,3.647,3.648,3.639,3.643,3.606,0.037,1.0261,2752900.87,1003120.297
gold,2022-01-04,3.618,3.623,3.615,3.62,3.643,-0.023,-0.6313,1630676.24,590220.399
gold,2022-01-05,3.632,3.643,3.632,3.635,3.62,0.015,0.4144,1435671.0,522483.398
gold,2022-01-06,3.627,3.631,3.607,3.614,3.635,-0.021,-0.5777,1620473.0,587181.973
gold,2022-01-07,3.598,3.601,3.59,3.592,3.614,-0.022,-0.6087,1206213.69,433876.453
gold,2022-01-10,3.6,3.607,3.599,3.599,3.592,0.007,0.1949,1392848.06,501908.315
gold,2022-01-11,3.626,3.633,3.623,3.629,3.599,0.03,0.8336,1241476.68,450348.752
gold,2022-01-12,3.649,3.65,3.644,3.646,3.629,0.017,0.4684,1223010.95,445934.824
gold,2022-01-13,3.651,3.658,3.649,3.654,3.646,0.008,0.2194,1339971.0,489518.934
gold,2022-01-14,3.647,3.656,3.646,3.65,3.654,-0.004,-0.1095,989953.93,361495.689
gold,2022-01-17,3.635,3.636,3.626,3.635,3.65,-0.015,-0.411,1492437.82,542157.342
gold,2022-01-18,3.641,3.641,3.625,3.629,3.635,-0.006,-0.1651,1334729.09,484804.485
gold,2022-01-19,3.627,3.628,3.62,3.625,3.629,-0.004,-0.1102,1629651.65,590819.654
gold,2022-01-20,3.678,3.682,3.668,3.674,3.625,0.049,1.3517,1773274.41,651579.171
gold,2022-01-21,3.669,3.677,3.667,3.672,3.674,-0.002,-0.0544,1942828.53,713400.269
gold,2022-01-24,3.66,3.665,3.655,3.662,3.672,-0.01,-0.2723,2177554.31,797020.644
gold,2022-01-25,3.669,3.674,3.666,3.671,3.662,0.009,0.2458,2048523.36,751695.582
gold,2022-01-26,3.675,3.68,3.674,3.674,3.671,0.003,0.0817,1318950.68,485025.214
gold,2022-01-27,3.622,3.624,3.604,3.606,3.674,-0.068,-1.8508,1652632.62,597667.929
gold,2022-01-28,3.592,3.596,3.591,3.594,3.606,-0.012,-0.3328,989042.0,355395.837
gold,2022-02-07,3.62,3.623,3.612,3.62,3.594,0.026,0.7234,1166372.0,422007.429
gold,2022-02-08,3.639,3.648,3.637,3.641,3.62,0.021,0.5801,1619888.18,589998.904
gold,2022-02-09,3.653,3.659,3.652,3.658,3.641,0.017,0.4669,1517993.4,554867.129
gold,2022-02-10,3.668,3.67,3.664,3.665,3.658,0.007,0.1914,836700.0,306826.813
gold,2022-02-11,3.654,3.654,3.642,3.645,3.665,-0.02,-0.5457,1686171.1,615148.777
gold,2022-02-14,3.714,3.718,3.701,3.705,3.645,0.06,1.6461,1856702.81,688854.304
gold,2022-02-15,3.73,3.746,3.73,3.742,3.705,0.037,0.9987,2323026.18,868673.704
gold,2022-02-16,3.694,3.694,3.682,3.692,3.742,-0.05,-1.3362,2251824.64,830411.16
gold,2022-02-17,3.712,3.732,3.712,3.726,3.692,0.034,0.9209,2851443.87,1060980.266
gold,2022-02-18,3.771,3.771,3.752,3.76,3.726,0.034,0.9125,2450700.28,921248.665
gold,2022-02-21,3.763,3.768,3.752,3.754,3.76,-0.006,-0.1596,2150872.01,808751.622
gold,2022-02-22,3.792,3.805,3.789,3.801,3.754,0.047,1.252,2414226.01,916863.54
gold,2022-02-23,3.783,3.783,3.767,3.772,3.801,-0.029,-0.763,2984168.67,1125846.988
gold,2022-02-24,3.795,3.866,3.794,3.853,3.772,0.081,2.1474,3642235.22,1394901.592
gold,2022-02-25,3.8,3.809,3.766,3.807,3.853,-0.046,-1.1939,2343367.0,889595.869
gold,2022-02-28,3.798,3.8,3.783,3.787,3.807,-0.02,-0.5253,1591466.0,603401.298
gold,2022-03-01,3.777,3.788,3.771,3.786,3.787,-0.001,-0.0264,2321149.64,877013.796
gold,2022-03-02,3.826,3.845,3.825,3.837,3.786,0.051,1.3471,3207055.82,1229829.58
gold,2022-03-03,3.83,3.831,3.817,3.827,3.837,-0.01,-0.2606,3146084.08,1203611.886
gold,2022-03-04,3.85,3.853,3.832,3.841,3.827,0.014,0.3658,2831830.31,1088923.498
gold,2022-03-07,3.937,3.956,3.913,3.926,3.841,0.085,2.213,3418223.64,1346645.675
gold,2022-03-08,3.927,4.019,3.917,4.015,3.926,0.089,2.2669,3864796.69,1524311.571
gold,2022-03-09,4.046,4.077,4.036,4.061,4.015,0.046,1.1457,3672585.6,1490473.585
gold,2022-03-10,3.89,3.941,3.89,3.931,4.061,-0.13,-3.2012,3140227.0,1230706.252
gold,2022-03-11,3.945,3.961,3.928,3.937,3.931,0.006,0.1526,1817798.99,717367.561
gold,2022-03-14,3.921,3.932,3.913,3.917,3.937,-0.02,-0.508,1884263.17,739341.119
gold,2022-03-15,3.878,3.878,3.822,3.832,3.917,-0.085,-2.17,2566180.24,988903.524
gold,2022-03-16,3.824,3.825,3.792,3.796,3.832,-0.036,-0.9395,2974816.56,1133492.051
gold,2022-03-17,3.83,3.85,3.829,3.845,3.796,0.049,1.2908,2114111.77,812283.931
gold,2022-03-18,3.86,3.866,3.842,3.851,3.845,0.006,0.156,1165143.55,448801.145
gold,2022-03-21,3.839,3.852,3.834,3.841,3.851,-0.01,-0.2597,1710042.24,657492.062
gold,2022-03-22,3.854,3.874,3.852,3.866,3.841,0.025,0.6509,2232657.0,863009.022
gold,2022-03-23,3.841,3.85,3.832,3.835,3.866,-0.031,-0.8019,3748457.95,1440047.526
gold,2022-03-24,3.885,3.889,3.876,3.88,3.835,0.045,1.1734,1808559.59,702307.836
gold,2022-03-25,3.912,3.919,3.902,3.907,3.88,0.027,0.6959,2358749.0,922453.245
gold,2022-03-28,3.906,3.907,3.868,3.872,3.907,-0.035,-0.8958,2377846.01,923654.954
gold,2022-03-29,3.86,3.86,3.844,3.849,3.872,-0.023,-0.594,2499569.95,962864.157
gold,2022-03-30,3.84,3.846,3.835,3.839,3.849,-0.01,-0.2598,1931772.0,742055.51
gold,2022-03-31,3.843,3.843,3.818,3.833,3.839,-0.006,-0.1563,1760164.91,674986.94
gold,2022-04-01,3.85,3.863,3.85,3.853,3.833,0.02,0.5218,1635855.0,630965.155
gold,2022-04-06,3.842,3.85,3.834,3.836,3.853,-0.017,-0.4412,1662256.73,638630.815
gold,2022-04-07,3.838,3.846,3.834,3.843,3.836,0.007,0.1825,1680920.15,645420.78
gold,2022-04-08,3.858,3.861,3.848,3.852,3.843,0.009,0.2342,1739329.0,670661.88
gold,2022-04-11,3.885,3.892,3.88,3.886,3.852,0.034,0.8827,1962754.43,762718.064
gold,2022-04-12,3.901,3.915,3.9,3.908,3.886,0.022,0.5661,2198341.79,859327.671
gold,2022-04-13,3.914,3.931,3.914,3.926,3.908,0.018,0.4606,1843444.0,723496.734
gold,2022-04-14,3.94,3.944,3.927,3.931,3.926,0.005,0.1274,1759015.0,692445.52
gold,2022-04-15,3.938,3.949,3.938,3.944,3.931,0.013,0.3307,1510362.7,595736.486
gold,2022-04-18,3.963,3.969,3.955,3.967,3.944,0.023,0.5832,1379617.0,546450.391
gold,2022-04-19,3.939,3.945,3.932,3.936,3.967,-0.031,-0.7814,1041237.56,410136.103
gold,2022-04-20,3.897,3.901,3.88,3.886,3.936,-0.05,-1.2703,1731601.14,674023.304
gold,2022-04-21,3.921,3.939,3.918,3.937,3.886,0.051,1.3124,1735644.58,681937.235
gold,2022-04-22,3.941,3.954,3.939,3.951,3.937,0.014,0.3556,2537709.04,1000970.316
gold,2022-04-25,3.924,3.941,3.914,3.924,3.951,-0.027,-0.6834,3711258.2,1457212.317
gold,2022-04-26,3.896,3.9,3.877,3.89,3.924,-0.034,-0.8665,2545650.55,990222.256
gold,2022-04-27,3.899,3.902,3.889,3.892,3.89,0.002,0.0514,3305413.45,1287676.774
gold,2022-04-28,3.871,3.891,3.864,3.89,3.892,-0.002,-0.0514,2802399.57,1085273.232
gold,2022-04-29,3.937,3.955,3.93,3.942,3.89,0.052,1.3368,2399953.0,946981.014
gold,2022-05-05,3.926,3.935,3.921,3.929,3.942,-0.013,-0.3298,1923144.0,755654.254
gold,2022-05-06,3.9,3.927,3.898,3.922,3.929,-0.007,-0.1782,2100591.7,823344.68
gold,2022-05-09,3.942,3.945,3.937,3.939,3.922,0.017,0.4335,1584908.51,624445.504
gold,2022-05-10,3.919,3.924,3.908,3.91,3.939,-0.029,-0.7362,1790232.79,700705.468
gold,2022-05-11,3.873,3.893,3.869,3.89,3.91,-0.02,-0.5115,2015523.55,781925.393
gold,2022-05-12,3.919,3.934,3.919,3.928,3.89,0.038,0.9769,1868900.46,733700.807
gold,2022-05-13,3.886,3.896,3.881,3.888,3.928,-0.04,-1.0183,1841645.0,716399.11
gold,2022-05-16,3.877,3.88,3.845,3.851,3.888,-0.037,-0.9516,2003482.59,772800.195
gold,2022-05-17,3.872,3.882,3.868,3.877,3.851,0.026,0.6751,2109311.0,817720.26
gold,2022-05-18,3.841,3.844,3.834,3.836,3.877,-0.041,-1.0575,1913040.42,734322.831
gold,2022-05-19,3.852,3.858,3.849,3.85,3.836,0.014,0.365,1583534.26,610140.238
gold,2022-05-20,3.87,3.88,3.87,3.872,3.85,0.022,0.5714,1810470.35,701382.437
gold,2022-05-23,3.875,3.891,3.872,3.875,3.872,0.003,0.0775,1612975.29,626272.89
gold,2022-05-24,3.872,3.885,3.869,3.882,3.875,0.007,0.1806,1556899.85,603302.252
gold,2022-05-25,3.892,3.897,3.886,3.887,3.882,0.005,0.1288,1193097.85,464405.516
gold,2022-05-26,3.888,3.902,3.888,3.901,3.887,0.014,0.3602,1294151.67,504294.169
gold,2022-05-27,3.913,3.918,3.91,3.917,3.901,0.016,0.4102,1747199.3,683884.638
gold,2022-05-30,3.893,3.893,3.884,3.885,3.917,-0.032,-0.817,2185205.08,849343.225
gold,2022-05-31,3.873,3.877,3.867,3.877,3.885,-0.008,-0.2059,1358812.76,526300.812
gold,2022-06-01,3.846,3.857,3.846,3.852,3.877,-0.025,-0.6448,1189638.72,458219.241
gold,2022-06-02,3.876,3.884,3.873,3.877,3.852,0.025,0.649,1347818.0,522724.698
gold,2022-06-06,3.867,3.875,3.863,3.869,3.877,-0.008,-0.2063,1177239.37,455615.763
gold,2022-06-07,3.85,3.856,3.848,3.854,3.869,-0.015,-0.3877,1505085.15,579922.086
gold,2022-06-08,3.87,3.874,3.868,3.872,3.854,0.018,0.467,1284561.78,497175.656
gold,2022-06-09,3.891,3.895,3.877,3.881,3.872,0.009,0.2324,1801253.54,699855.511
gold,2022-06-10,3.87,3.879,3.863,3.865,3.881,-0.016,-0.4123,1888743.57,731082.245
gold,2022-06-13,3.94,3.942,3.924,3.926,3.865,0.061,1.5783,3172749.61,1246798.512
gold,2022-06-14,3.865,3.866,3.85,3.855,3.926,-0.071,-1.8085,2558502.0,986933.474
gold,2022-06-15,3.832,3.838,3.827,3.834,3.855,-0.021,-0.5447,4300534.5,1647936.924
gold,2022-06-16,3.843,3.851,3.841,3.846,3.834,0.012,0.313,1915173.74,736533.348
gold,2022-06-17,3.869,3.877,3.868,3.874,3.846,0.028,0.728,1894966.05,733751.308
gold,2022-06-20,3.868,3.869,3.856,3.858,3.874,-0.016,-0.413,1839260.34,710292.294
gold,2022-06-21,3.859,3.86,3.85,3.852,3.858,-0.006,-0.1555,1686998.72,650693.391
gold,2022-06-22,3.847,3.853,3.845,3.849,3.852,-0.003,-0.0779,1611282.19,620251.404
gold,2022-06-23,3.859,3.861,3.851,3.854,3.849,0.005,0.1299,1359357.58,524129.094
gold,2022-06-24,3.822,3.834,3.821,3.827,3.854,-0.027,-0.7006,1713975.56,656360.015
gold,2022-06-27,3.842,3.854,3.841,3.853,3.827,0.026,0.6794,1451015.44,558673.573
gold,2022-06-28,3.835,3.838,3.83,3.832,3.853,-0.021,-0.545,2382352.79,913466.938
gold,2022-06-29,3.83,3.835,3.82,3.821,3.832,-0.011,-0.2871,2448460.2,937301.479
gold,2022-06-30,3.827,3.828,3.813,3.818,3.821,-0.003,-0.0785,1522171.48,581324.081
gold,2022-07-01,3.798,3.799,3.779,3.784,3.818,-0.034,-0.8905,2643394.88,1002000.348
gold,2022-07-04,3.794,3.81,3.793,3.801,3.784,0.017,0.4493,1792167.99,680982.678
gold,2022-07-05,3.799,3.802,3.795,3.797,3.801,-0.004,-0.1052,1571481.16,596996.203
gold,2022-07-06,3.733,3.733,3.714,3.725,3.797,-0.072,-1.8962,1797208.45,669359.602
gold,2022-07-07,3.68,3.68,3.663,3.676,3.725,-0.049,-1.3154,2164598.15,794797.013
gold,2022-07-08,3.67,3.672,3.663,3.669,3.676,-0.007,-0.1904,2934025.92,1075873.589
gold,2022-07-11,3.665,3.672,3.662,3.669,3.669,0.0,0.0,1242992.0,455953.454
gold,2022-07-12,3.654,3.692,3.653,3.668,3.669,-0.001,-0.0273,1931396.0,708040.17
gold,2022-07-13,3.654,3.66,3.642,3.646,3.668,-0.022,-0.5998,2138413.0,780651.218
gold,2022-07-14,3.659,3.663,3.646,3.647,3.646,0.001,0.0274,1642496.0,600571.616
gold,2022-07-15,3.635,3.639,3.615,3.622,3.647,-0.025,-0.6855,1841457.36,668711.996
gold,2022-07-18,3.636,3.641,3.631,3.635,3.622,0.013,0.3589,1928586.39,701435.234
gold,2022-07-19,3.623,3.631,3.619,3.627,3.635,-0.008,-0.2201,1602331.13,580981.995
gold,2022-07-20,3.628,3.637,3.626,3.628,3.627,0.001,0.0276,1319006.0,478943.895
gold,2022-07-21,3.605,3.607,3.596,3.599,3.628,-0.029,-0.7993,2143745.0,772389.526
gold,2022-07-22,3.647,3.652,3.642,3.65,3.599,0.051,1.4171,1331385.4,485574.126
gold,2022-07-25,3.656,3.668,3.654,3.663,3.65,0.013,0.3562,1449638.79,530843.923
gold,2022-07-26,3.663,3.67,3.66,3.668,3.663,0.005,0.1365,1385644.44,507706.264
gold,2022-07-27,3.66,3.662,3.654,3.659,3.668,-0.009,-0.2454,1369571.0,501065.043
gold,2022-07-28,3.691,3.698,3.679,3.697,3.659,0.038,1.0385,2533158.0,934185.395
gold,2022-07-29,3.724,3.753,3.721,3.749,3.697,0.052,1.4065,1912017.98,714203.179
gold,2022-08-01,3.747,3.752,3.736,3.743,3.749,-0.006,-0.16,2033930.0,761373.879
gold,2022-08-02,3.79,3.791,3.769,3.773,3.743,0.03,0.8015,3157223.87,1192801.548
gold,2022-08-03,3.741,3.76,3.733,3.759,3.773,-0.014,-0.3711,2261602.2,847491.711
gold,2022-08-04,3.752,3.768,3.75,3.76,3.759,0.001,0.0266,2102098.8,789779.391
gold,2022-08-05,3.789,3.794,3.785,3.79,3.76,0.03,0.7979,1585386.0,600781.852
gold,2022-08-08,3.761,3.772,3.761,3.769,3.79,-0.021,-0.5541,1377130.29,518815.793
gold,2022-08-09,3.786,3.792,3.784,3.786,3.769,0.017,0.451,1077166.91,408057.468
gold,2022-08-10,3.797,3.808,3.793,3.794,3.786,0.008,0.2113,1438636.37,546752.786
gold,2022-08-11,3.784,3.786,3.772,3.777,3.794,-0.017,-0.4481,1462163.85,552607.061
gold,2022-08-12,3.783,3.796,3.782,3.795,3.777,0.018,0.4766,1045514.89,395970.252
gold,2022-08-15,3.806,3.812,3.798,3.799,3.795,0.004,0.1054,2962054.0,1127626.64
gold,2022-08-16,3.789,3.797,3.786,3.796,3.799,-0.003,-0.079,2689646.0,1020570.638
gold,2022-08-17,3.783,3.79,3.778,3.779,3.796,-0.017,-0.4478,2509234.0,949524.984
gold,2022-08-18,3.762,3.767,3.759,3.761,3.779,-0.018,-0.4763,1097438.0,412890.947
gold,2022-08-19,3.756,3.762,3.753,3.761,3.761,0.0,0.0,1262420.0,474480.701
gold,2022-08-22,3.753,3.757,3.75,3.753,3.761,-0.008,-0.2127,984786.0,369696.268
gold,2022-08-23,3.76,3.768,3.757,3.763,3.753,0.01,0.2665,917859.23,345238.519
gold,2022-08-24,3.774,3.801,3.773,3.787,3.763,0.024,0.6378,1449768.19,548011.658
gold,2022-08-25,3.795,3.8,3.793,3.797,3.787,0.01,0.2641,1606222.57,609697.4
gold,2022-08-26,3.795,3.801,3.787,3.798,3.797,0.001,0.0263,1767408.0,670130.63
gold,2022-08-29,3.755,3.77,3.755,3.767,3.798,-0.031,-0.8162,1560369.0,587583.183
gold,2022-08-30,3.784,3.795,3.782,3.783,3.767,0.016,0.4247,1431436.0,542323.421
gold,2022-08-31,3.769,3.769,3.757,3.758,3.783,-0.025,-0.6609,1423138.0,535409.59
gold,2022-09-01,3.737,3.739,3.724,3.73,3.758,-0.028,-0.7451,1623157.08,605663.173
gold,2022-09-02,3.72,3.729,3.717,3.726,3.73,-0.004,-0.1072,1792257.0,667006.393
gold,2022-09-05,3.75,3.77,3.749,3.765,3.726,0.039,1.0467,1880724.0,707051.694
gold,2022-09-06,3.776,3.786,3.771,3.784,3.765,0.019,0.5046,1549420.0,585441.847
gold,2022-09-07,3.754,3.765,3.751,3.759,3.784,-0.025,-0.6607,2109657.0,792719.506
gold,2022-09-08,3.786,3.792,3.782,3.79,3.759,0.031,0.8247,3136984.0,1188024.146
gold,2022-09-09,3.78,3.786,3.777,3.785,3.79,-0.005,-0.1319,2626403.0,993434.847
gold,2022-09-13,3.782,3.792,3.781,3.787,3.785,0.002,0.0528,2609433.0,987535.921
gold,2022-09-14,3.766,3.767,3.757,3.76,3.787,-0.027,-0.713,2792386.22,1050294.44
gold,2022-09-15,3.752,3.757,3.742,3.744,3.76,-0.016,-0.4255,2168867.14,813545.716
gold,2022-09-16,3.728,3.738,3.726,3.728,3.744,-0.016,-0.4274,2527207.0,943067.961
gold,2022-09-19,3.738,3.748,3.736,3.741,3.728,0.013,0.3487,2132584.55,797722.957
gold,2022-09-20,3.759,3.762,3.75,3.754,3.741,0.013,0.3475,2294001.0,861292.347
gold,2022-09-21,3.75,3.766,3.745,3.759,3.754,0.005,0.1332,2041233.0,765835.702
gold,2022-09-22,3.752,3.757,3.75,3.753,3.759,-0.006,-0.1596,1989538.0,746582.079
gold,2022-09-23,3.769,3.774,3.767,3.77,3.753,0.017,0.453,2348529.51,885326.283
gold,2022-09-26,3.738,3.743,3.729,3.736,3.77,-0.034,-0.9019,2223950.0,831004.42
gold,2022-09-27,3.732,3.746,3.73,3.746,3.736,0.01,0.2677,1670627.0,624669.747
gold,2022-09-28,3.743,3.757,3.743,3.751,3.746,0.005,0.1335,2276189.0,854289.822
gold,2022-09-29,3.779,3.785,3.765,3.78,3.751,0.029,0.7731,2504538.0,946394.475
gold,2022-09-30,3.781,3.786,3.775,3.783,3.78,0.003,0.0794,2178347.0,823691.239
gold,2022-10-10,3.833,3.836,3.808,3.81,3.783,0.027,0.7137,2374539.0,907727.304
gold,2022-10-11,3.804,3.809,3.801,3.802,3.81,-0.008,-0.21,2720122.33,1034999.655
gold,2022-10-12,3.802,3.812,3.798,3.812,3.802,0.01,0.263,2023731.0,770109.42
gold,2022-10-13,3.814,3.818,3.813,3.817,3.812,0.005,0.1312,1782662.0,680207.601
gold,2022-10-14,3.804,3.816,3.8,3.813,3.817,-0.004,-0.1048,2304258.0,877507.714
gold,2022-10-17,3.8,3.801,3.789,3.792,3.813,-0.021,-0.5507,1839205.0,697922.881
gold,2022-10-18,3.796,3.812,3.795,3.802,3.792,0.01,0.2637,2123175.0,807160.717
gold,2022-10-19,3.799,3.805,3.791,3.793,3.802,-0.009,-0.2367,2429931.0,923635.446
gold,2022-10-20,3.775,3.787,3.773,3.775,3.793,-0.018,-0.4746,2927831.0,1106287.598
gold,2022-10-21,3.779,3.784,3.766,3.771,3.775,-0.004,-0.106,2712649.0,1023928.751
gold,2022-10-24,3.815,3.823,3.812,3.82,3.771,0.049,1.2994,2677131.53,1022118.293
gold,2022-10-25,3.832,3.834,3.827,3.827,3.82,0.007,0.1832,2819994.0,1080066.123
gold,2022-10-26,3.827,3.831,3.823,3.824,3.827,-0.003,-0.0784,3142259.0,1202773.295
gold,2022-10-27,3.814,3.822,3.809,3.817,3.824,-0.007,-0.1831,4520846.0,1724780.662
gold,2022-10-28,3.822,3.829,3.818,3.82,3.817,0.003,0.0786,5349030.75,2046052.046
gold,2022-10-31,3.807,3.809,3.797,3.807,3.82,-0.013,-0.3403,3402004.0,1294057.272
gold,2022-11-01,3.808,3.814,3.8,3.81,3.807,0.003,0.0788,3612840.0,1376137.542
gold,2022-11-02,3.816,3.831,3.816,3.817,3.81,0.007,0.1837,3976234.02,1518567.384
gold,2022-11-03,3.807,3.812,3.805,3.805,3.817,-0.012,-0.3144,3936139.0,1498865.22
gold,2022-11-04,3.805,3.81,3.801,3.804,3.805,-0.001,-0.0263,3592024.0,1366887.158
gold,2022-11-07,3.834,3.838,3.826,3.832,3.804,0.028,0.7361,4499140.0,1723707.397
gold,2022-11-08,3.834,3.846,3.832,3.839,3.832,0.007,0.1827,4631576.0,1779457.951
gold,2022-11-09,3.903,3.985,3.903,3.945,3.839,0.106,2.7611,4175750.81,1637157.221
gold,2022-11-10,3.937,3.937,3.918,3.925,3.945,-0.02,-0.507,3912117.0,1536278.713
gold,2022-11-11,3.977,3.981,3.95,3.952,3.925,0.027,0.6879,3912963.0,1553388.366
gold,2022-11-14,3.948,3.948,3.912,3.913,3.952,-0.039,-0.9868,3459017.01,1358824.147
gold,2022-11-15,3.927,3.94,3.927,3.933,3.913,0.02,0.5111,3160568.0,1243779.606
gold,2022-11-16,3.944,3.959,3.944,3.954,3.933,0.021,0.5339,3661837.0,1447049.009
gold,2022-11-17,3.954,3.965,3.95,3.958,3.954,0.004,0.1012,3082248.0,1219591.111
gold,2022-11-18,3.953,3.964,3.949,3.952,3.958,-0.006,-0.1516,3333086.0,1318537.482
gold,2022-11-21,3.929,3.937,3.921,3.936,3.952,-0.016,-0.4049,3239313.0,1274007.701
gold,2022-11-22,3.936,3.94,3.928,3.932,3.936,-0.004,-0.1016,3135089.0,1232947.472
gold,2022-11-23,3.93,3.933,3.927,3.932,3.932,0.0,0.0,2802763.0,1101650.545
gold,2022-11-24,3.955,3.958,3.947,3.947,3.932,0.015,0.3815,3653396.0,1444179.584
gold,2022-11-25,3.96,3.966,3.955,3.959,3.947,0.012,0.304,3016361.0,1195000.701
gold,2022-11-28,3.974,3.977,3.958,3.962,3.959,0.003,0.0758,2479366.03,983066.415
gold,2022-11-29,3.95,3.959,3.946,3.951,3.962,-0.011,-0.2776,2867953.0,1133596.759
gold,2022-11-30,3.945,3.947,3.938,3.944,3.951,-0.007,-0.1772,3336461.0,1315549.571
gold,2022-12-01,3.945,3.958,3.939,3.956,3.944,0.012,0.3043,2810141.0,1109203.744
gold,2022-12-02,3.976,3.982,3.972,3.979,3.956,0.023,0.5814,2463748.0,979958.404
gold,2022-12-05,3.968,3.969,3.938,3.94,3.979,-0.039,-0.9801,2306051.0,911600.549
gold,2022-12-06,3.905,3.906,3.894,3.898,3.94,-0.042,-1.066,3102956.05,1210251.288
gold,2022-12-07,3.9,3.902,3.894,3.898,3.898,0.0,0.0,1704250.0,664393.619
gold,2022-12-08,3.907,3.913,3.904,3.91,3.898,0.012,0.3079,2248015.0,878765.834
gold,2022-12-09,3.918,3.931,3.917,3.924,3.91,0.014,0.3581,1522798.25,597512.038
gold,2022-12-12,3.933,3.934,3.918,3.921,3.924,-0.003,-0.0765,1679307.0,659318.253
gold,2022-12-13,3.919,3.925,3.917,3.924,3.921,0.003,0.0765,1362185.0,534135.948
gold,2022-12-14,3.965,3.968,3.956,3.963,3.924,0.039,0.9939,2682576.34,1062618.978
gold,2022-12-15,3.943,3.948,3.926,3.933,3.963,-0.03,-0.757,1608510.0,632382.275
gold,2022-12-16,3.91,3.917,3.904,3.915,3.933,-0.018,-0.4577,1353519.0,529121.028
gold,2022-12-19,3.933,3.95,3.932,3.942,3.915,0.027,0.6897,1367081.0,538965.204
gold,2022-12-20,3.936,3.946,3.93,3.943,3.942,0.001,0.0254,1811344.0,713171.102
gold,2022-12-21,3.991,3.991,3.973,3.981,3.943,0.038,0.9637,1685828.0,671186.285
gold,2022-12-22,3.987,3.992,3.978,3.981,3.981,0.0,0.0,1485906.0,592297.837
gold,2022-12-23,3.952,3.957,3.942,3.948,3.981,-0.033,-0.8289,1856560.0,732903.603
gold,2022-12-26,3.95,3.957,3.95,3.953,3.948,0.005,0.1266,2430203.0,960345.233
gold,2022-12-27,3.951,3.964,3.945,3.963,3.953,0.01,0.253,1736663.0,686705.27
gold,2022-12-28,3.978,3.985,3.964,3.966,3.963,0.003,0.0757,1565250.0,622152.522
gold,2022-12-29,3.97,3.974,3.96,3.96,3.966,-0.006,-0.1513,1237084.77,490936.957
gold,2022-12-30,3.97,3.987,3.97,3.986,3.96,0.026,0.6566,1357129.38,539947.546
gold,2023-01-03,3.983,3.987,3.972,3.987,3.986,0.001,0.0251,1553974.0,618722.102
gold,2023-01-04,4.0,4.006,3.998,4.002,3.987,0.015,0.3762,1641489.0,656972.571
gold,2023-01-05,4.016,4.024,3.999,4.001,4.002,-0.001,-0.025,2032366.0,815712.507
gold,2023-01-06,3.97,3.978,3.969,3.972,4.001,-0.029,-0.7248,1770235.0,703421.406
gold,2023-01-09,4.016,4.022,4.014,4.015,3.972,0.043,1.0826,2146122.5,862273.144
gold,2023-01-10,4.003,4.015,4.003,4.013,4.015,-0.002,-0.0498,1618607.0,648856.765
gold,2023-01-11,4.017,4.027,4.013,4.025,4.013,0.012,0.299,1942679.34,780670.518
gold,2023-01-12,4.013,4.023,4.008,4.019,4.025,-0.006,-0.1491,2193260.0,881238.449
gold,2023-01-13,4.024,4.029,4.022,4.027,4.019,0.008,0.1991,1360516.0,547805.631
gold,2023-01-16,4.058,4.068,4.047,4.05,4.027,0.023,0.5711,2027292.0,822812.774
gold,2023-01-17,4.07,4.073,4.062,4.066,4.05,0.016,0.3951,1761608.0,716584.799
gold,2023-01-18,4.07,4.073,4.044,4.056,4.066,-0.01,-0.2459,1631588.59,662708.919
gold,2023-01-19,4.051,4.072,4.051,4.068,4.056,0.012,0.2959,1263505.0,513311.285
gold,2023-01-20,4.1,4.112,4.09,4.101,4.068,0.033,0.8112,1505260.0,617324.548
gold,2023-01-30,4.09,4.099,4.083,4.096,4.101,-0.005,-0.1219,2395664.0,979751.736
gold,2023-01-31,4.087,4.091,4.065,4.069,4.096,-0.027,-0.6592,1868891.0,763275.873
gold,2023-02-01,4.084,4.094,4.084,4.091,4.069,0.022,0.5407,1507587.0,616583.968
gold,2023-02-02,4.124,4.13,4.122,4.125,4.091,0.034,0.8311,1671822.68,689717.945
gold,2023-02-03,4.079,4.079,4.068,4.071,4.125,-0.054,-1.3091,1352888.0,551141.13
gold,2023-02-06,4.021,4.03,4.012,4.018,4.071,-0.053,-1.3019,1937851.0,778713.453
gold,2023-02-07,4.01,4.018,4.009,4.01,4.018,-0.008,-0.1991,1563596.0,627177.885
gold,2023-02-08,4.01,4.014,4.007,4.01,4.01,0.0,0.0,1064615.0,426939.198
gold,2023-02-09,4.01,4.021,4.008,4.019,4.01,0.009,0.2244,1653829.78,664295.3
gold,2023-02-10,3.997,3.997,3.985,3.993,4.019,-0.026,-0.6469,2045134.0,816166.433
gold,2023-02-13,4.03,4.031,4.005,4.018,3.993,0.025,0.6261,1870268.0,750539.712
gold,2023-02-14,3.999,4.017,3.998,4.015,4.018,-0.003,-0.0747,1379018.0,552222.541
gold,2023-02-15,4.017,4.023,3.999,4.002,4.015,-0.013,-0.3238,1638482.0,657293.038
gold,2023-02-16,3.995,4.003,3.995,4.001,4.002,-0.001,-0.025,1465163.0,586003.984
gold,2023-02-17,3.999,4.001,3.988,3.992,4.001,-0.009,-0.2249,1960601.0,783034.882
gold,2023-02-20,4.008,4.015,4.008,4.01,3.992,0.018,0.4509,1615056.87,647993.709
gold,2023-02-21,4.01,4.013,4.004,4.005,4.01,-0.005,-0.1247,1735104.0,695607.435
gold,2023-02-22,4.011,4.018,4.011,4.017,4.005,0.012,0.2996,1326886.23,532824.295
gold,2023-02-23,4.007,4.009,4.003,4.008,4.017,-0.009,-0.224,1373315.73,550202.56
gold,2023-02-24,4.013,4.025,4.013,4.021,4.008,0.013,0.3244,1788165.0,718671.778
gold,2023-02-27,4.02,4.02,4.009,4.01,4.021,-0.011,-0.2736,1688177.0,677567.593
gold,2023-02-28,4.017,4.02,4.013,4.015,4.01,0.005,0.1247,1296437.97,520780.043
gold,2023-03-01,4.029,4.031,4.024,4.029,4.015,0.014,0.3487,1975700.78,795595.333
gold,2023-03-02,4.02,4.027,4.017,4.026,4.029,-0.003,-0.0745,2039634.0,820264.186
gold,2023-03-03,4.038,4.045,4.035,4.044,4.026,0.018,0.4471,1733391.0,700113.604
gold,2023-03-06,4.063,4.074,4.063,4.071,4.044,0.027,0.6677,1782536.0,725459.396
gold,2023-03-07,4.072,4.079,4.068,4.076,4.071,0.005,0.1228,2425241.0,988711.669
gold,2023-03-08,4.032,4.037,4.029,4.033,4.076,-0.043,-1.055,1818144.1,733466.707
gold,2023-03-09,4.032,4.038,4.031,4.033,4.033,0.0,0.0,1554996.0,627389.868
gold,2023-03-10,4.059,4.062,4.051,4.061,4.033,0.028,0.6943,2490498.0,1010584.223
gold,2023-03-13,4.106,4.118,4.088,4.089,4.061,0.028,0.6895,2759246.98,1131586.472
gold,2023-03-14,4.125,4.143,4.123,4.142,4.089,0.053,1.2962,2360360.0,975517.442
gold,2023-03-15,4.14,4.142,4.132,4.139,4.142,-0.003,-0.0724,2112961.0,874179.479
gold,2023-03-16,4.168,4.184,4.16,4.174,4.139,0.035,0.8456,3211268.0,1339712.19
gold,2023-03-17,4.178,4.201,4.175,4.198,4.174,0.024,0.575,2935018.06,1229020.089
gold,2023-03-20,4.269,4.335,4.268,4.327,4.198,0.129,3.0729,3967458.62,1706168.214
gold,2023-03-21,4.32,4.32,4.283,4.286,4.327,-0.041,-0.9475,2540763.0,1093232.536
gold,2023-03-22,4.226,4.228,4.211,4.223,4.286,-0.063,-1.4699,2652720.0,1118985.082
gold,2023-03-23,4.259,4.261,4.245,4.253,4.223,0.03,0.7104,3159811.44,1345023.943
gold,2023-03-24,4.28,4.286,4.265,4.275,4.253,0.022,0.5173,2800001.8,1198618.986
gold,2023-03-27,4.267,4.267,4.244,4.246,4.275,-0.029,-0.6784,1813975.78,771831.604
gold,2023-03-28,4.233,4.238,4.221,4.225,4.246,-0.021,-0.4946,2204840.35,932767.179
gold,2023-03-29,4.248,4.257,4.238,4.24,4.225,0.015,0.355,2556880.04,1086140.524
gold,2023-03-30,4.241,4.251,4.237,4.248,4.24,0.008,0.1887,2929775.0,1242687.102
gold,2023-03-31,4.262,4.282,4.258,4.281,4.248,0.033,0.7768,2672387.0,1140121.12
gold,2023-04-03,4.27,4.27,4.213,4.221,4.281,-0.06,-1.4015,1666835.0,704108.268
gold,2023-04-04,4.26,4.273,4.256,4.269,4.221,0.048,1.1372,1499789.9,639848.383
gold,2023-04-06,4.329,4.337,4.321,4.33,4.269,0.061,1.4289,1959128.6,848045.764
gold,2023-04-07,4.324,4.329,4.322,4.328,4.33,-0.002,-0.0462,2179542.15,942729.123
gold,2023-04-10,4.301,4.302,4.276,4.287,4.328,-0.041,-0.9473,1296928.6,555880.549
gold,2023-04-11,4.283,4.311,4.283,4.311,4.287,0.024,0.5598,1325364.0,570009.956
gold,2023-04-12,4.327,4.358,4.327,4.341,4.311,0.03,0.6959,1617575.6,702812.158
gold,2023-04-13,4.335,4.348,4.333,4.346,4.341,0.005,0.1152,913320.22,396331.379
gold,2023-04-14,4.382,4.383,4.354,4.366,4.346,0.02,0.4602,1428803.0,624494.974
gold,2023-04-17,4.297,4.328,4.28,4.324,4.366,-0.042,-0.962,1541803.0,664877.976
gold,2023-04-18,4.301,4.307,4.292,4.305,4.324,-0.019,-0.4394,933599.98,401625.59
gold,2023-04-19,4.314,4.319,4.292,4.297,4.305,-0.008,-0.1858,1277889.0,550822.088
gold,2023-04-20,4.298,4.312,4.294,4.308,4.297,0.011,0.256,1347437.37,579849.707
gold,2023-04-21,4.313,4.319,4.28,4.288,4.308,-0.02,-0.4643,1383813.81,595846.832
gold,2023-04-24,4.29,4.29,4.276,4.277,4.288,-0.011,-0.2565,2409575.0,1031947.455
gold,2023-04-25,4.31,4.318,4.305,4.316,4.277,0.039,0.9119,1332210.0,574340.441
gold,2023-04-26,4.328,4.334,4.316,4.323,4.316,0.007,0.1622,1594788.34,689477.077
gold,2023-04-27,4.322,4.334,4.318,4.333,4.323,0.01,0.2313,1677551.14,725727.863
gold,2023-04-28,4.3,4.309,4.292,4.298,4.333,-0.035,-0.8078,1657865.0,713294.627
gold,2023-05-04,4.41,4.412,4.388,4.395,4.298,0.097,2.2569,1695905.59,745933.036
gold,2023-05-05,4.416,4.426,4.412,4.415,4.395,0.02,0.4551,1305668.0,576787.5
gold,2023-05-08,4.358,4.368,4.352,4.368,4.415,-0.047,-1.0646,1542978.34,672889.439
gold,2023-05-09,4.371,4.388,4.369,4.377,4.368,0.009,0.206,1401394.0,613402.815
gold,2023-05-10,4.393,4.399,4.387,4.398,4.377,0.021,0.4798,1129638.0,496234.536
gold,2023-05-11,4.403,4.408,4.393,4.394,4.398,-0.004,-0.091,1236379.0,544225.111
gold,2023-05-12,4.38,4.38,4.354,4.365,4.394,-0.029,-0.66,1580686.56,690257.188
gold,2023-05-15,4.382,4.393,4.379,4.382,4.365,0.017,0.3895,1707570.78,749178.622
gold,2023-05-16,4.385,4.389,4.361,4.369,4.382,-0.013,-0.2967,1621136.0,710376.616
gold,2023-05-17,4.352,4.357,4.347,4.353,4.369,-0.016,-0.3662,1461091.0,635930.495
gold,2023-05-18,4.347,4.35,4.342,4.345,4.353,-0.008,-0.1838,1790484.0,778129.98
gold,2023-05-19,4.327,4.332,4.32,4.33,4.345,-0.015,-0.3452,1835249.0,794192.974
gold,2023-05-22,4.351,4.357,4.341,4.347,4.33,0.017,0.3926,1441925.0,627292.77
gold,2023-05-23,4.339,4.34,4.327,4.33,4.347,-0.017,-0.3911,1117741.0,484085.481
gold,2023-05-24,4.363,4.365,4.351,4.352,4.33,0.022,0.5081,1500937.0,654534.362
gold,2023-05-25,4.327,4.342,4.326,4.335,4.352,-0.017,-0.3906,1254946.0,543545.743
gold,2023-05-26,4.317,4.317,4.305,4.31,4.335,-0.025,-0.5767,933816.0,402611.048
gold,2023-05-29,4.31,4.315,4.306,4.314,4.31,0.004,0.0928,1316252.0,567148.383
gold,2023-05-30,4.31,4.316,4.295,4.3,4.314,-0.014,-0.3245,1301528.0,560272.664
gold,2023-05-31,4.341,4.368,4.339,4.365,4.3,0.065,1.5116,2648699.0,1153394.617
gold,2023-06-01,4.373,4.373,4.358,4.362,4.365,-0.003,-0.0687,1130594.0,493160.403
gold,2023-06-02,4.382,4.386,4.37,4.375,4.362,0.013,0.298,1189437.0,521012.337
gold,2023-06-05,4.33,4.332,4.321,4.324,4.375,-0.051,-1.1657,1310870.0,566916.825
gold,2023-06-06,4.357,4.362,4.354,4.357,4.324,0.033,0.7632,1416824.52,617560.049
gold,2023-06-07,4.368,4.372,4.361,4.363,4.357,0.006,0.1377,1085582.0,474221.504
gold,2023-06-08,4.341,4.347,4.333,4.338,4.363,-0.025,-0.573,1344291.0,583558.13
gold,2023-06-09,4.366,4.377,4.366,4.375,4.338,0.037,0.8529,1167539.0,510467.246
gold,2023-06-12,4.368,4.379,4.363,4.378,4.375,0.003,0.0686,1346918.0,588555.122
gold,2023-06-13,4.383,4.392,4.38,4.388,4.378,0.01,0.2284,944529.94,414143.58
gold,2023-06-14,4.362,4.369,4.36,4.363,4.388,-0.025,-0.5697,1040453.0,453867.44
gold,2023-06-15,4.348,4.348,4.328,4.329,4.363,-0.034,-0.7793,1373436.53,595942.059
gold,2023-06-16,4.36,4.37,4.358,4.359,4.329,0.03,0.693,1354487.0,591085.182
gold,2023-06-19,4.365,4.37,4.361,4.366,4.359,0.007,0.1606,1373054.0,599495.77
gold,2023-06-20,4.368,4.376,4.359,4.374,4.366,0.008,0.1832,1607612.85,702493.521
gold,2023-06-21,4.36,4.363,4.349,4.356,4.374,-0.018,-0.4115,1336542.0,582304.845
gold,2023-06-26,4.353,4.356,4.346,4.354,4.356,-0.002,-0.0459,2399501.0,1043902.1
gold,2023-06-27,4.358,4.363,4.345,4.35,4.354,-0.004,-0.0919,2522402.0,1099039.569
gold,2023-06-28,4.33,4.338,4.329,4.335,4.35,-0.015,-0.3448,1668706.0,723136.812
gold,2023-06-29,4.335,4.346,4.335,4.343,4.335,0.008,0.1845,1634575.25,709574.357
gold,2023-06-30,4.35,4.36,4.348,4.349,4.343,0.006,0.1382,1038183.88,452017.279
gold,2023-07-03,4.364,4.366,4.353,4.358,4.349,0.009,0.2069,1146066.0,499529.302
gold,2023-07-04,4.358,4.368,4.358,4.364,4.358,0.006,0.1377,654545.0,285672.324
gold,2023-07-05,4.366,4.369,4.363,4.367,4.364,0.003,0.0687,849741.0,371024.605
gold,2023-07-06,4.365,4.369,4.361,4.365,4.367,-0.002,-0.0458,774747.0,338157.734
gold,2023-07-07,4.345,4.361,4.345,4.359,4.365,-0.006,-0.1375,698896.0,304253.302
gold,2023-07-10,4.367,4.374,4.365,4.37,4.359,0.011,0.2524,664090.0,290164.158
gold,2023-07-11,4.37,4.378,4.361,4.374,4.37,0.004,0.0915,847132.0,369998.554
gold,2023-07-12,4.375,4.38,4.368,4.371,4.374,-0.003,-0.0686,1479949.0,647618.921
gold,2023-07-13,4.407,4.413,4.396,4.408,4.371,0.037,0.8465,2367061.6,1042531.107
gold,2023-07-14,4.399,4.402,4.383,4.388,4.408,-0.02,-0.4537,1001556.7,439943.189
gold,2023-07-17,4.394,4.41,4.394,4.406,4.388,0.018,0.4102,622134.7,273951.378
gold,2023-07-18,4.41,4.422,4.408,4.422,4.406,0.016,0.3631,772205.0,340991.608
gold,2023-07-19,4.463,4.482,4.461,4.473,4.422,0.051,1.1533,1189588.0,531869.219
gold,2023-07-20,4.477,4.478,4.461,4.47,4.473,-0.003,-0.0671,3057702.0,1366343.18
gold,2023-07-21,4.443,4.465,4.442,4.453,4.47,-0.017,-0.3803,1210775.0,538819.984
gold,2023-07-24,4.45,4.45,4.436,4.442,4.453,-0.011,-0.247,676309.78,300274.079
gold,2023-07-25,4.426,4.43,4.418,4.42,4.442,-0.022,-0.4953,870437.0,385130.005
gold,2023-07-26,4.425,4.44,4.425,4.439,4.42,0.019,0.4299,1172544.0,519943.953
gold,2023-07-27,4.439,4.453,4.436,4.448,4.439,0.009,0.2027,931634.06,414271.319
gold,2023-07-28,4.421,4.421,4.402,4.404,4.448,-0.044,-0.9892,1870393.0,824808.903
gold,2023-07-31,4.408,4.412,4.401,4.409,4.404,0.005,0.1135,873968.0,385102.817
gold,2023-08-01,4.423,4.43,4.423,4.426,4.409,0.017,0.3856,697485.99,308803.878
gold,2023-08-02,4.414,4.427,4.412,4.425,4.426,-0.001,-0.0226,593345.97,262269.933
gold,2023-08-03,4.41,4.41,4.404,4.406,4.425,-0.019,-0.4294,1192692.0,525594.065
gold,2023-08-04,4.389,4.405,4.389,4.401,4.406,-0.005,-0.1135,1192367.0,524494.894
gold,2023-08-07,4.416,4.422,4.406,4.41,4.401,0.009,0.2045,715514.1,315817.836
gold,2023-08-08,4.41,4.418,4.409,4.414,4.41,0.004,0.0907,611914.0,270151.824
gold,2023-08-09,4.412,4.415,4.406,4.411,4.414,-0.003,-0.068,483047.0,213091.447
gold,2023-08-10,4.395,4.398,4.393,4.396,4.411,-0.015,-0.3401,1099216.02,483145.544
gold,2023-08-11,4.401,4.416,4.401,4.415,4.396,0.019,0.4322,835443.56,368288.291
gold,2023-08-14,4.415,4.424,4.413,4.421,4.415,0.006,0.1359,852505.0,376813.387
gold,2023-08-15,4.421,4.433,4.415,4.431,4.421,0.01,0.2262,1114209.0,492750.861
gold,2023-08-16,4.433,4.443,4.431,4.433,4.431,0.002,0.0451,1153409.0,511517.433
gold,2023-08-17,4.422,4.438,4.419,4.429,4.433,-0.004,-0.0902,1167134.0,516907.773
gold,2023-08-18,4.417,4.426,4.415,4.421,4.429,-0.008,-0.1806,1018843.0,450434.281
gold,2023-08-21,4.422,4.442,4.422,4.438,4.421,0.017,0.3845,1052598.0,466910.326
gold,2023-08-22,4.434,4.434,4.425,4.431,4.438,-0.007,-0.1577,1046872.0,463708.796
gold,2023-08-23,4.44,4.455,4.438,4.452,4.431,0.021,0.4739,1197943.0,532655.607
gold,2023-08-24,4.461,4.467,4.458,4.464,4.452,0.012,0.2695,1850275.0,825818.941
gold,2023-08-25,4.452,4.458,4.447,4.448,4.464,-0.016,-0.3584,1745032.0,777236.317
gold,2023-08-28,4.438,4.453,4.43,4.45,4.448,0.002,0.045,1323128.1,588151.002
gold,2023-08-29,4.459,4.469,4.458,4.462,4.45,0.012,0.2697,880214.0,392898.09
gold,2023-08-30,4.477,4.484,4.472,4.477,4.462,0.015,0.3362,2043058.65,915002.017
gold,2023-08-31,4.488,4.495,4.488,4.494,4.477,0.017,0.3797,890051.0,399743.249
gold,2023-09-01,4.472,4.492,4.472,4.489,4.494,-0.005,-0.1113,1137975.0,510306.26
gold,2023-09-04,4.491,4.516,4.491,4.506,4.489,0.017,0.3787,1176209.46,530326.94
gold,2023-09-05,4.501,4.516,4.498,4.508,4.506,0.002,0.0444,1440946.5,649844.568
gold,2023-09-06,4.504,4.513,4.504,4.505,4.508,-0.003,-0.0665,1217336.7,548963.967
gold,2023-09-07,4.505,4.511,4.503,4.504,4.505,-0.001,-0.0222,604055.0,272221.466
gold,2023-09-08,4.531,4.537,4.529,4.536,4.504,0.032,0.7105,1761309.0,798426.368
gold,2023-09-11,4.534,4.554,4.53,4.545,4.536,0.009,0.1984,2385891.0,1083250.172
gold,2023-09-12,4.542,4.547,4.537,4.546,4.545,0.001,0.022,1408487.0,639805.307
gold,2023-09-13,4.546,4.566,4.545,4.557,4.546,0.011,0.242,1963164.0,893922.502
gold,2023-09-14,4.566,4.606,4.566,4.592,4.557,0.035,0.768,2476391.0,1135944.403
gold,2023-09-15,4.636,4.638,4.52,4.548,4.592,-0.044,-0.9582,3283248.0,1512884.386
gold,2023-09-18,4.545,4.545,4.515,4.524,4.548,-0.024,-0.5277,3509964.99,1591214.055
gold,2023-09-19,4.536,4.563,4.536,4.559,4.524,0.035,0.7737,1825574.83,831106.224
gold,2023-09-20,4.574,4.596,4.573,4.594,4.559,0.035,0.7677,2268622.26,1041249.369
gold,2023-09-21,4.594,4.602,4.579,4.58,4.594,-0.014,-0.3047,1585918.1,728128.695
gold,2023-09-22,4.587,4.597,4.548,4.561,4.58,-0.019,-0.4148,2036045.68,929395.231
gold,2023-09-25,4.555,4.584,4.554,4.581,4.561,0.02,0.4385,1852341.0,847690.64
gold,2023-09-26,4.58,4.59,4.574,4.578,4.581,-0.003,-0.0655,1095671.39,501952.626
gold,2023-09-27,4.565,4.573,4.501,4.511,4.578,-0.067,-1.4635,1888958.43,858009.442
gold,2023-09-28,4.463,4.477,4.4,4.436,4.511,-0.075,-1.6626,2856375.0,1271213.358
gold,2023-10-09,4.4,4.409,4.391,4.405,4.436,-0.031,-0.6988,1913610.0,841402.82
gold,2023-10-10,4.4,4.4,4.343,4.348,4.405,-0.057,-1.294,2343047.0,1022230.615
gold,2023-10-11,4.352,4.356,4.343,4.355,4.348,0.007,0.161,1146066.0,498371.533
gold,2023-10-12,4.368,4.391,4.368,4.39,4.355,0.035,0.8037,1565064.0,685313.353
gold,2023-10-13,4.385,4.407,4.381,4.405,4.39,0.015,0.3417,1447800.02,636482.029
gold,2023-10-16,4.479,4.48,4.459,4.46,4.405,0.055,1.2486,1500286.0,670811.749
gold,2023-10-17,4.476,4.481,4.468,4.48,4.46,0.02,0.4484,1094739.62,489833.778
gold,2023-10-18,4.5,4.524,4.5,4.523,4.48,0.043,0.9598,1381627.45,624189.637
gold,2023-10-19,4.549,4.551,4.538,4.547,4.523,0.024,0.5306,1231199.18,559552.901
gold,2023-10-20,4.591,4.605,4.591,4.597,4.547,0.05,1.0996,1491818.0,685966.344
gold,2023-10-23,4.57,4.591,4.568,4.572,4.597,-0.025,-0.5438,2186384.26,1001449.185
gold,2023-10-24,4.574,4.578,4.565,4.575,4.572,0.003,0.0656,1630766.12,745625.946
gold,2023-10-25,4.568,4.574,4.556,4.557,4.575,-0.018,-0.3934,1895141.0,865069.058
gold,2023-10-26,4.584,4.59,4.581,4.59,4.557,0.033,0.7242,1355633.74,621452.574
gold,2023-10-27,4.59,4.605,4.585,4.599,4.59,0.009,0.1961,1650797.0,758513.718
gold,2023-10-30,4.635,4.642,4.606,4.609,4.599,0.01,0.2174,1615586.95,747781.248
gold,2023-10-31,4.617,4.623,4.611,4.62,4.609,0.011,0.2387,1259773.03,581577.165
gold,2023-11-01,4.596,4.607,4.595,4.603,4.62,-0.017,-0.368,1003797.83,461815.255
gold,2023-11-02,4.617,4.617,4.605,4.613,4.603,0.01,0.2172,858569.0,395793.607
gold,2023-11-03,4.605,4.612,4.598,4.61,4.613,-0.003,-0.065,981187.0,452154.832
gold,2023-11-06,4.607,4.614,4.581,4.587,4.61,-0.023,-0.4989,1895396.72,870835.728
gold,2023-11-07,4.573,4.579,4.567,4.569,4.587,-0.018,-0.3924,1500225.0,686119.803
gold,2023-11-08,4.561,4.561,4.543,4.551,4.569,-0.018,-0.394,1520526.0,691928.818
gold,2023-11-09,4.534,4.535,4.518,4.521,4.551,-0.03,-0.6592,3325925.0,1504347.399
gold,2023-11-10,4.543,4.555,4.54,4.554,4.521,0.033,0.7299,1040607.52,473311.631
gold,2023-11-13,4.523,4.539,4.522,4.538,4.554,-0.016,-0.3513,1068623.0,484253.193
gold,2023-11-14,4.55,4.56,4.543,4.558,4.538,0.02,0.4407,1301857.0,592560.802
gold,2023-11-15,4.563,4.58,4.563,4.577,4.558,0.019,0.4168,1556913.0,711862.245
gold,2023-11-16,4.566,4.569,4.554,4.559,4.577,-0.018,-0.3933,1255004.0,572080.439
gold,2023-11-17,4.578,4.582,4.571,4.572,4.559,0.013,0.2852,1997135.67,914117.354
gold,2023-11-20,4.547,4.555,4.521,4.522,4.572,-0.05,-1.0936,1122687.0,509203.288
gold,2023-11-21,4.516,4.52,4.511,4.516,4.522,-0.006,-0.1327,758092.0,342299.668
gold,2023-11-22,4.523,4.527,4.492,4.499,4.516,-0.017,-0.3764,1640670.0,740029.671
gold,2023-11-23,4.498,4.499,4.488,4.495,4.499,-0.004,-0.0889,871487.0,391566.606
gold,2023-11-24,4.494,4.5,4.49,4.499,4.495,0.004,0.089,807491.0,363029.386
gold,2023-11-27,4.531,4.549,4.531,4.546,4.499,0.047,1.0447,1510567.76,686011.713
gold,2023-11-28,4.553,4.564,4.552,4.56,4.546,0.014,0.308,1175389.74,535651.75
gold,2023-11-29,4.6,4.609,4.59,4.591,4.56,0.031,0.6798,1482738.01,681932.423
gold,2023-11-30,4.596,4.6,4.586,4.589,4.591,-0.002,-0.0436,1376378.0,631765.338
gold,2023-12-01,4.589,4.597,4.582,4.589,4.589,0.0,0.0,1258480.0,577198.947
gold,2023-12-04,4.668,4.675,4.638,4.643,4.589,0.054,1.1767,2066796.0,962951.472
gold,2023-12-05,4.58,4.589,4.574,4.58,4.643,-0.063,-1.3569,1488803.0,681880.775
gold,2023-12-06,4.575,4.579,4.563,4.578,4.58,-0.002,-0.0437,1469918.01,671853.784
gold,2023-12-07,4.585,4.588,4.577,4.584,4.578,0.006,0.1311,1035174.0,474446.807
gold,2023-12-08,4.586,4.594,4.585,4.591,4.584,0.007,0.1527,968719.0,444757.68
gold,2023-12-11,4.547,4.586,4.546,4.557,4.591,-0.034,-0.7406,1171410.0,533675.528
gold,2023-12-12,4.543,4.544,4.521,4.539,4.557,-0.018,-0.395,1487131.0,673525.083
gold,2023-12-13,4.533,4.542,4.524,4.529,4.539,-0.01,-0.2203,1061914.0,481332.103
gold,2023-12-14,4.59,4.612,4.587,4.598,4.529,0.069,1.5235,1443396.0,662857.093
gold,2023-12-15,4.59,4.594,4.585,4.59,4.598,-0.008,-0.174,823934.0,378183.681
gold,2023-12-18,4.575,4.585,4.571,4.576,4.59,-0.014,-0.305,1957261.0,895913.704
gold,2023-12-19,4.584,4.59,4.584,4.589,4.576,0.013,0.2841,1233614.0,565941.612
gold,2023-12-20,4.596,4.612,4.596,4.604,4.589,0.015,0.3269,1750011.0,805409.847
gold,2023-12-21,4.595,4.609,4.595,4.605,4.604,0.001,0.0217,1606796.9,739896.764
gold,2023-12-22,4.626,4.641,4.623,4.627,4.605,0.022,0.4777,2508378.0,1162642.749
gold,2023-12-25,4.631,4.643,4.628,4.634,4.627,0.007,0.1513,2250882.0,1043077.108
gold,2023-12-26,4.638,4.648,4.634,4.647,4.634,0.013,0.2805,1549550.14,719202.114
gold,2023-12-27,4.65,4.664,4.649,4.66,4.647,0.013,0.2798,1802493.0,839221.108
gold,2023-12-28,4.681,4.687,4.658,4.662,4.66,0.002,0.0429,2469294.0,1153791.117
gold,2023-12-29,4.638,4.649,4.626,4.648,4.662,-0.014,-0.3003,2703765.01,1253860.939
gold,2024-01-02,4.643,4.667,4.643,4.666,4.648,0.018,0.3873,2062784.39,960225.975
gold,2024-01-03,4.658,4.666,4.655,4.663,4.666,-0.003,-0.0643,1111962.16,518357.486
gold,2024-01-04,4.64,4.656,4.633,4.651,4.663,-0.012,-0.2573,1149663.0,533852.09
gold,2024-01-05,4.659,4.665,4.656,4.664,4.651,0.013,0.2795,1267497.0,590737.806
gold,2024-01-08,4.663,4.667,4.646,4.65,4.664,-0.014,-0.3002,1161638.7,540661.255
gold,2024-01-09,4.651,4.654,4.642,4.649,4.65,-0.001,-0.0215,848128.0,394312.134
gold,2024-01-10,4.647,4.653,4.628,4.631,4.649,-0.018,-0.3872,1615040.0,749385.754
gold,2024-01-11,4.632,4.637,4.627,4.631,4.631,0.0,0.0,976424.0,452266.238
gold,2024-01-12,4.637,4.648,4.633,4.646,4.631,0.015,0.3239,1103102.0,511759.981
gold,2024-01-15,4.664,4.676,4.664,4.673,4.646,0.027,0.5811,964553.0,450431.6
gold,2024-01-16,4.674,4.68,4.668,4.677,4.673,0.004,0.0856,832432.0,388910.853
gold,2024-01-17,4.661,4.662,4.628,4.631,4.677,-0.046,-0.9835,1055515.0,490679.653
gold,2024-01-18,4.624,4.627,4.613,4.616,4.631,-0.015,-0.3239,1250719.0,577742.396
gold,2024-01-19,4.636,4.643,4.635,4.643,4.616,0.027,0.5849,870581.39,403801.393
gold,2024-01-22,4.646,4.652,4.624,4.625,4.643,-0.018,-0.3877,906883.0,420913.409
gold,2024-01-23,4.623,4.632,4.609,4.632,4.625,0.007,0.1514,1042699.0,481919.618
gold,2024-01-24,4.63,4.63,4.624,4.626,4.632,-0.006,-0.1295,673747.0,311724.352
gold,2024-01-25,4.607,4.612,4.602,4.605,4.626,-0.021,-0.454,1102489.0,507829.37
gold,2024-01-26,4.623,4.627,4.618,4.625,4.605,0.02,0.4343,756760.0,349705.13
gold,2024-01-29,4.636,4.638,4.632,4.634,4.625,0.009,0.1946,803554.43,372477.165
gold,2024-01-30,4.641,4.652,4.638,4.647,4.634,0.013,0.2805,879719.0,408610.802
gold,2024-01-31,4.654,4.656,4.648,4.653,4.647,0.006,0.1291,1367351.0,636137.568
gold,2024-02-01,4.652,4.67,4.652,4.668,4.653,0.015,0.3224,1195280.0,557221.065
gold,2024-02-02,4.671,4.679,4.671,4.679,4.668,0.011,0.2356,939806.0,439432.364
gold,2024-02-05,4.659,4.666,4.638,4.643,4.679,-0.036,-0.7694,1448549.0,673685.719
gold,2024-02-06,4.641,4.642,4.633,4.633,4.643,-0.01,-0.2154,857482.0,397643.97
gold,2024-02-07,4.649,4.651,4.639,4.642,4.633,0.009,0.1943,1182407.61,549202.951
gold,2024-02-08,4.655,4.663,4.653,4.662,4.642,0.02,0.4308,923975.0,430376.513
gold,2024-02-19,4.638,4.645,4.626,4.644,4.662,-0.018,-0.3861,1302395.0,603682.077
gold,2024-02-20,4.645,4.647,4.637,4.642,4.644,-0.002,-0.0431,537232.0,249301.335
gold,2024-02-21,4.648,4.65,4.641,4.642,4.642,0.0,0.0,830906.0,386052.661
gold,2024-02-22,4.639,4.641,4.633,4.639,4.642,-0.003,-0.0646,1036637.14,480694.902
gold,2024-02-23,4.639,4.641,4.626,4.63,4.639,-0.009,-0.194,1007119.02,466861.191
gold,2024-02-26,4.647,4.652,4.647,4.651,4.63,0.021,0.4536,691384.0,321470.465
gold,2024-02-27,4.647,4.651,4.646,4.646,4.651,-0.005,-0.1075,589874.0,274150.148
gold,2024-02-28,4.647,4.648,4.642,4.645,4.646,-0.001,-0.0215,638726.0,296713.616
gold,2024-02-29,4.65,4.652,4.645,4.647,4.645,0.002,0.0431,664134.0,308641.43
gold,2024-03-01,4.659,4.668,4.659,4.667,4.647,0.02,0.4304,869293.0,405378.152
gold,2024-03-04,4.726,4.733,4.72,4.725,4.667,0.058,1.2428,1121866.57,530228.646
gold,2024-03-05,4.782,4.79,4.773,4.789,4.725,0.064,1.3545,1520853.0,727161.417
gold,2024-03-06,4.804,4.824,4.803,4.824,4.789,0.035,0.7308,1313545.0,631872.576
gold,2024-03-07,4.848,4.896,4.845,4.885,4.824,0.061,1.2645,1716553.4,835868.603
gold,2024-03-08,4.885,4.885,4.865,4.881,4.885,-0.004,-0.0819,1050007.01,511853.589
gold,2024-03-11,4.912,4.921,4.894,4.899,4.881,0.018,0.3688,1380299.0,677319.004
gold,2024-03-12,4.901,4.906,4.875,4.879,4.899,-0.02,-0.4082,1477875.9,722925.045
gold,2024-03-13,4.861,4.871,4.86,4.87,4.879,-0.009,-0.1845,971193.0,472284.885
gold,2024-03-14,4.896,4.901,4.873,4.877,4.87,0.007,0.1437,1143476.0,559146.124
gold,2024-03-15,4.879,4.9,4.876,4.899,4.877,0.022,0.4511,800613.0,391228.979
gold,2024-03-18,4.879,4.879,4.857,4.86,4.899,-0.039,-0.7961,970311.0,472000.428
gold,2024-03-19,4.877,4.884,4.863,4.87,4.86,0.01,0.2058,722724.86,352324.616
gold,2024-03-20,4.878,4.882,4.877,4.88,4.87,0.01,0.2053,487890.27,238059.038
gold,2024-03-21,4.97,4.979,4.961,4.978,4.88,0.098,2.0082,1003699.0,498739.003
gold,2024-03-22,4.943,4.959,4.931,4.946,4.978,-0.032,-0.6428,976804.0,482921.343
gold,2024-03-25,4.964,4.987,4.954,4.956,4.946,0.01,0.2022,1165333.5,578841.539
gold,2024-03-26,4.959,4.97,4.956,4.966,4.956,0.01,0.2018,970527.88,481682.82
gold,2024-03-27,4.977,4.992,4.977,4.99,4.966,0.024,0.4833,1200665.9,598537.647
gold,2024-03-28,5.0,5.031,4.997,5.029,4.99,0.039,0.7816,1276030.0,639140.316
gold,2024-03-29,5.1,5.137,5.085,5.126,5.029,0.097,1.9288,2097015.0,1072971.466
gold,2024-04-01,5.175,5.2,5.145,5.155,5.126,0.029,0.5657,1960394.14,1010883.023
gold,2024-04-02,5.137,5.163,5.13,5.159,5.155,0.004,0.0776,1521359.33,782916.589
gold,2024-04-03,5.204,5.238,5.204,5.231,5.159,0.072,1.3956,2199877.5,1149376.15
gold,2024-04-08,5.289,5.427,5.289,5.354,5.231,0.123,2.3514,4694739.4,2516202.029
gold,2024-04-09,5.383,5.396,5.365,5.369,5.354,0.015,0.2802,2340933.59,1259104.562
gold,2024-04-10,5.38,5.405,5.375,5.388,5.369,0.019,0.3539,2025717.35,1091553.982
gold,2024-04-11,5.37,5.379,5.34,5.348,5.388,-0.04,-0.7424,2428650.13,1302119.014
gold,2024-04-12,5.456,5.506,5.455,5.504,5.348,0.156,2.917,2747127.6,1504648.256
gold,2024-04-15,5.39,5.435,5.39,5.417,5.504,-0.087,-1.5807,3214254.98,1742057.34
gold,2024-04-16,5.471,5.496,5.438,5.452,5.417,0.035,0.6461,3356551.99,1836558.831
gold,2024-04-17,5.469,5.477,5.441,5.461,5.452,0.009,0.1651,2381283.5,1300363.996
gold,2024-04-18,5.421,5.447,5.4,5.445,5.461,-0.016,-0.293,2284805.0,1238671.787
gold,2024-04-19,5.464,5.547,5.444,5.471,5.445,0.026,0.4775,4431505.66,2434190.306
gold,2024-04-22,5.447,5.45,5.357,5.364,5.471,-0.107,-1.9558,3196573.0,1727493.38
gold,2024-04-23,5.325,5.33,5.223,5.232,5.364,-0.132,-2.4609,5095873.31,2676701.679
gold,2024-04-24,5.281,5.301,5.263,5.287,5.232,0.055,1.0512,3452005.27,1823643.155
gold,2024-04-25,5.275,5.29,5.25,5.288,5.287,0.001,0.0189,2832036.0,1494237.455
gold,2024-04-26,5.29,5.334,5.29,5.329,5.288,0.041,0.7753,2595143.0,1378526.672
gold,2024-04-29,5.299,5.31,5.288,5.294,5.329,-0.035,-0.6568,2265815.0,1200650.63
gold,2024-04-30,5.296,5.3,5.271,5.286,5.294,-0.008,-0.1511,1920942.86,1015518.866
gold,2024-05-06,5.224,5.255,5.217,5.254,5.286,-0.032,-0.6054,1766624.46,925928.338
gold,2024-05-07,5.278,5.286,5.261,5.268,5.254,0.014,0.2665,1880533.28,990811.477
gold,2024-05-08,5.258,5.279,5.24,5.261,5.268,-0.007,-0.1329,2357123.0,1239904.404
gold,2024-05-09,5.252,5.265,5.242,5.25,5.261,-0.011,-0.2091,2163457.0,1136483.149
gold,2024-05-10,5.33,5.371,5.314,5.369,5.25,0.119,2.2667,3037136.0,1620849.7
gold,2024-05-13,5.34,5.358,5.33,5.337,5.369,-0.032,-0.596,2809580.12,1501938.254
gold,2024-05-14,5.33,5.347,5.316,5.329,5.337,-0.008,-0.1499,2649568.0,1413160.94
gold,2024-05-15,5.36,5.375,5.358,5.37,5.329,0.041,0.7694,2157842.4,1158027.386
gold,2024-05-16,5.445,5.45,5.415,5.417,5.37,0.047,0.8752,2585079.0,1402789.732
gold,2024-05-17,5.406,5.418,5.397,5.416,5.417,-0.001,-0.0185,2336817.7,1263239.949
gold,2024-05-20,5.519,5.586,5.519,5.55,5.416,0.134,2.4742,4070429.9,2258322.876
gold,2024-05-21,5.549,5.549,5.471,5.481,5.55,-0.069,-1.2432,3495102.0,1922435.102
gold,2024-05-22,5.5,5.514,5.48,5.492,5.481,0.011,0.2007,1887946.0,1037492.41
gold,2024-05-23,5.38,5.386,5.341,5.366,5.492,-0.126,-2.2942,3144943.9,1689047.274
gold,2024-05-24,5.287,5.321,5.287,5.319,5.366,-0.047,-0.8759,2277705.52,1208676.476
gold,2024-05-27,5.323,5.353,5.323,5.338,5.319,0.019,0.3572,2179564.29,1163800.944
gold,2024-05-28,5.367,5.374,5.333,5.334,5.338,-0.004,-0.0749,2159096.0,1157245.338
gold,2024-05-29,5.368,5.384,5.359,5.37,5.334,0.036,0.6749,2432938.7,1306488.061
gold,2024-05-30,5.33,5.335,5.295,5.317,5.37,-0.053,-0.987,2361366.02,1255068.736
gold,2024-05-31,5.334,5.343,5.318,5.343,5.317,0.026,0.489,1597626.0,852282.461
gold,2024-06-03,5.319,5.319,5.274,5.296,5.343,-0.047,-0.8797,2198757.0,1164819.444
gold,2024-06-04,5.34,5.355,5.333,5.346,5.296,0.05,0.9441,2009475.28,1074023.297
gold,2024-06-05,5.306,5.338,5.302,5.324,5.346,-0.022,-0.4115,2036654.0,1083539.02
gold,2024-06-06,5.396,5.421,5.387,5.398,5.324,0.074,1.3899,2347282.7,1268379.883
gold,2024-06-07,5.413,5.421,5.386,5.399,5.398,0.001,0.0185,2569719.0,1388297.622
gold,2024-06-11,5.25,5.259,5.224,5.237,5.399,-0.162,-3.0006,3264085.46,1709839.897
gold,2024-06-12,5.253,5.271,5.253,5.267,5.237,0.03,0.5728,1724985.0,907690.635
gold,2024-06-13,5.261,5.27,5.246,5.269,5.267,0.002,0.038,1802420.0,948050.505
gold,2024-06-14,5.249,5.273,5.243,5.271,5.269,0.002,0.038,1889985.0,993324.523
gold,2024-06-17,5.302,5.306,5.275,5.279,5.271,0.008,0.1518,1690694.47,894139.289
gold,2024-06-18,5.283,5.296,5.282,5.284,5.279,0.005,0.0947,1711599.51,905345.426
gold,2024-06-19,5.301,5.306,5.296,5.305,5.284,0.021,0.3974,1973012.0,1046190.17
gold,2024-06-20,5.313,5.354,5.313,5.351,5.305,0.046,0.8671,2822644.0,1506017.557
gold,2024-06-21,5.383,5.393,5.374,5.376,5.351,0.025,0.4672,2994478.0,1611437.614
gold,2024-06-24,5.3,5.311,5.284,5.29,5.376,-0.086,-1.5997,4959867.0,2625687.712
gold,2024-06-25,5.3,5.303,5.292,5.302,5.29,0.012,0.2268,2849134.0,1509273.578
gold,2024-06-26,5.287,5.287,5.253,5.271,5.302,-0.031,-0.5847,3337006.0,1758334.548
gold,2024-06-27,5.236,5.245,5.231,5.242,5.271,-0.029,-0.5502,2674882.0,1401342.548
gold,2024-06-28,5.283,5.299,5.277,5.297,5.242,0.055,1.0492,2758656.0,1458430.077
gold,2024-07-01,5.297,5.303,5.281,5.299,5.297,0.002,0.0378,1512313.0,801004.633
gold,2024-07-02,5.311,5.317,5.302,5.306,5.299,0.007,0.1321,1563664.0,830122.651
gold,2024-07-03,5.31,5.342,5.304,5.34,5.306,0.034,0.6408,2049719.0,1090280.419
gold,2024-07-04,5.381,5.386,5.354,5.365,5.34,0.025,0.4682,1988890.0,1068750.176
gold,2024-07-05,5.365,5.382,5.363,5.381,5.365,0.016,0.2982,2410574.0,1295785.258
gold,2024-07-08,5.427,5.43,5.382,5.384,5.381,0.003,0.0558,2655439.45,1435959.703
gold,2024-07-09,5.365,5.372,5.36,5.362,5.384,-0.022,-0.4086,2528560.0,1356850.578
gold,2024-07-10,5.374,5.399,5.373,5.397,5.362,0.035,0.6527,1794956.0,966124.726
gold,2024-07-11,5.397,5.422,5.393,5.417,5.397,0.02,0.3706,2562810.0,1386798.931
gold,2024-07-12,5.464,5.467,5.442,5.446,5.417,0.029,0.5354,2196048.0,1198324.247
gold,2024-07-15,5.452,5.467,5.441,5.442,5.446,-0.004,-0.0734,2132755.0,1163977.241
gold,2024-07-16,5.484,5.507,5.483,5.505,5.442,0.063,1.1577,2370895.0,1303552.035
gold,2024-07-17,5.599,5.615,5.553,5.576,5.505,0.071,1.2897,3687440.95,2061048.522
gold,2024-07-18,5.555,5.574,5.543,5.573,5.576,-0.003,-0.0538,2554424.0,1419583.184
gold,2024-07-19,5.458,5.471,5.406,5.425,5.573,-0.148,-2.6557,3314023.0,1805186.288
gold,2024-07-22,5.427,5.441,5.417,5.421,5.425,-0.004,-0.0737,2586753.0,1404186.176
gold,2024-07-23,5.43,5.44,5.382,5.394,5.421,-0.027,-0.4981,2374834.0,1284411.213
gold,2024-07-24,5.429,5.466,5.424,5.465,5.394,0.071,1.3163,2455964.91,1338315.996
gold,2024-07-25,5.388,5.388,5.32,5.327,5.465,-0.138,-2.5252,3793147.35,2026997.952
gold,2024-07-26,5.312,5.367,5.311,5.35,5.327,0.023,0.4318,2451770.0,1310424.241
gold,2024-07-29,5.395,5.399,5.378,5.387,5.35,0.037,0.6916,1816319.0,978598.543
gold,2024-07-30,5.379,5.395,5.357,5.394,5.387,0.007,0.1299,1624334.0,873324.669
gold,2024-07-31,5.41,5.455,5.405,5.436,5.394,0.042,0.7786,2463792.0,1338306.085
gold,2024-08-01,5.501,5.505,5.457,5.48,5.436,0.044,0.8094,1997921.82,1095266.141
gold,2024-08-02,5.475,5.506,5.471,5.505,5.48,0.025,0.4562,3355711.9,1843472.524
gold,2024-08-05,5.39,5.416,5.343,5.366,5.505,-0.139,-2.525,4896321.0,2634877.831
gold,2024-08-06,5.35,5.362,5.305,5.327,5.366,-0.039,-0.7268,2934869.0,1566719.099
gold,2024-08-07,5.307,5.355,5.306,5.352,5.327,0.025,0.4693,1952998.0,1042230.264
gold,2024-08-08,5.345,5.355,5.328,5.349,5.352,-0.003,-0.0561,1431536.0,764231.589
gold,2024-08-09,5.406,5.414,5.379,5.396,5.349,0.047,0.8787,1807811.54,976321.769
gold,2024-08-12,5.41,5.438,5.4,5.437,5.396,0.041,0.7598,1313928.97,711951.732
gold,2024-08-13,5.476,5.492,5.466,5.474,5.437,0.037,0.6805,2110708.17,1156382.992
gold,2024-08-14,5.473,5.474,5.427,5.456,5.474,-0.018,-0.3288,3015716.0,1642554.081
gold,2024-08-15,5.431,5.45,5.429,5.443,5.456,-0.013,-0.2383,2847127.9,1548205.035
gold,2024-08-16,5.465,5.466,5.441,5.453,5.443,0.01,0.1837,2643497.0,1441631.449
gold,2024-08-19,5.502,5.527,5.493,5.513,5.453,0.06,1.1003,2691170.0,1482328.281
gold,2024-08-20,5.512,5.519,5.5,5.513,5.513,0.0,0.0,2924114.0,1610462.974
gold,2024-08-21,5.514,5.549,5.512,5.537,5.513,0.024,0.4353,2518755.0,1393689.574
gold,2024-08-22,5.535,5.536,5.508,5.523,5.537,-0.014,-0.2528,1917315.0,1058296.022
gold,2024-08-23,5.504,5.513,5.493,5.504,5.523,-0.019,-0.344,1350030.3,742746.901
gold,2024-08-26,5.526,5.539,5.52,5.538,5.504,0.034,0.6177,1438301.0,795075.71
gold,2024-08-27,5.528,5.542,5.515,5.534,5.538,-0.004,-0.0722,1494040.0,825725.926
gold,2024-08-28,5.545,5.548,5.518,5.528,5.534,-0.006,-0.1084,1521641.0,842135.211
gold,2024-08-29,5.539,5.548,5.534,5.535,5.528,0.007,0.1266,1726464.0,956916.085
gold,2024-08-30,5.528,5.543,5.51,5.522,5.535,-0.013,-0.2349,2139259.0,1181252.478
gold,2024-09-02,5.505,5.505,5.477,5.491,5.522,-0.031,-0.5614,1696702.52,931403.491
gold,2024-09-03,5.486,5.504,5.482,5.501,5.491,0.01,0.1821,1367565.24,751555.381
gold,2024-09-04,5.479,5.492,5.461,5.463,5.501,-0.038,-0.6908,1308661.72,717486.288
gold,2024-09-05,5.483,5.504,5.477,5.502,5.463,0.039,0.7139,1302137.92,714702.194
gold,2024-09-06,5.51,5.526,5.507,5.517,5.502,0.015,0.2726,1512679.84,834530.734
gold,2024-09-09,5.485,5.5,5.468,5.477,5.517,-0.04,-0.725,1672809.0,917894.05
gold,2024-09-10,5.512,5.517,5.505,5.513,5.477,0.036,0.6573,1037638.22,571869.792
gold,2024-09-11,5.536,5.545,5.526,5.542,5.513,0.029,0.526,1293446.22,715908.389
gold,2024-09-12,5.528,5.537,5.52,5.531,5.542,-0.011,-0.1985,1428733.0,789870.166
gold,2024-09-13,5.613,5.623,5.604,5.611,5.531,0.08,1.4464,2184940.0,1226767.203
gold,2024-09-18,5.621,5.626,5.602,5.609,5.611,-0.002,-0.0356,2925414.0,1641767.847
gold,2024-09-19,5.591,5.611,5.578,5.6,5.609,-0.009,-0.1605,2540863.0,1421667.469
gold,2024-09-20,5.619,5.665,5.618,5.663,5.6,0.063,1.125,1713524.0,965779.592
gold,2024-09-23,5.685,5.725,5.684,5.711,5.663,0.048,0.8476,2380927.54,1358788.606
gold,2024-09-24,5.723,5.732,5.689,5.697,5.711,-0.014,-0.2451,3231087.0,1846457.275
gold,2024-09-25,5.724,5.771,5.724,5.74,5.697,0.043,0.7548,2806563.66,1612395.551
gold,2024-09-26,5.76,5.765,5.74,5.751,5.74,0.011,0.1916,3061378.0,1761005.963
gold,2024-09-27,5.751,5.764,5.698,5.708,5.751,-0.043,-0.7477,1662631.0,955602.893
gold,2024-09-30,5.644,5.717,5.63,5.707,5.708,-0.001,-0.0175,3992244.2,2274923.666
gold,2024-10-08,5.682,5.757,5.681,5.714,5.707,0.007,0.1227,4465459.69,2558034.942
gold,2024-10-09,5.67,5.679,5.636,5.64,5.714,-0.074,-1.2951,3691504.02,2090099.308
gold,2024-10-10,5.647,5.678,5.642,5.676,5.64,0.036,0.6383,1902586.1,1076484.414
gold,2024-10-11,5.715,5.758,5.715,5.739,5.676,0.063,1.1099,2579208.7,1480522.918
gold,2024-10-14,5.77,5.806,5.751,5.799,5.739,0.06,1.0455,3164053.0,1826801.439
gold,2024-10-15,5.776,5.802,5.773,5.799,5.799,0.0,0.0,2712116.0,1570468.649
gold,2024-10-16,5.853,5.886,5.837,5.884,5.799,0.085,1.4658,4401831.55,2579194.921
gold,2024-10-17,5.891,5.912,5.887,5.905,5.884,0.021,0.3569,3566037.0,2103708.098
gold,2024-10-18,5.961,5.984,5.91,5.945,5.905,0.04,0.6774,5704443.0,3399065.573
gold,2024-10-21,5.995,6.021,5.978,6.02,5.945,0.075,1.2616,3822244.0,2292332.474
gold,2024-10-22,6.018,6.027,6.004,6.018,6.02,-0.002,-0.0332,2670721.0,1606508.429
gold,2024-10-23,6.042,6.058,6.02,6.056,6.018,0.038,0.6314,3546700.0,2142131.777
gold,2024-10-24,6.0,6.005,5.958,5.995,6.056,-0.061,-1.0073,3509821.0,2100218.58
gold,2024-10-25,5.994,5.999,5.982,5.998,5.995,0.003,0.05,2800089.0,1677550.239
gold,2024-10-28,5.986,6.03,5.985,6.017,5.998,0.019,0.3168,2905284.0,1745516.363
gold,2024-10-29,6.036,6.069,6.036,6.068,6.017,0.051,0.8476,3164390.0,1916983.481
gold,2024-10-30,6.111,6.146,6.104,6.14,6.068,0.072,1.1866,3881150.0,2377859.854
gold,2024-10-31,6.14,6.14,6.102,6.103,6.14,-0.037,-0.6026,3637244.51,2226528.542
gold,2024-11-01,6.017,6.068,6.017,6.051,6.103,-0.052,-0.852,3157902.0,1909288.303
gold,2024-11-04,6.011,6.023,5.988,6.006,6.051,-0.045,-0.7437,3206471.68,1925632.565
gold,2024-11-05,6.003,6.008,5.967,6.006,6.006,0.0,0.0,3465225.0,2075830.791
gold,2024-11-06,6.028,6.062,5.973,5.994,6.006,-0.012,-0.1998,5310282.05,3204265.274
gold,2024-11-07,5.865,5.881,5.857,5.86,5.994,-0.134,-2.2356,4971911.0,2917410.168
gold,2024-11-08,5.925,5.936,5.888,5.898,5.86,0.038,0.6485,5441983.5,3215881.384
gold,2024-11-11,5.901,5.91,5.889,5.905,5.898,0.007,0.1187,2938954.78,1733556.78
gold,2024-11-12,5.83,5.841,5.8,5.807,5.905,-0.098,-1.6596,3613932.0,2103738.415
gold,2024-11-13,5.805,5.814,5.795,5.796,5.807,-0.011,-0.1894,2945700.0,1709706.841
gold,2024-11-14,5.724,5.73,5.669,5.68,5.796,-0.116,-2.0014,4360110.0,2487543.373
gold,2024-11-15,5.711,5.712,5.667,5.683,5.68,0.003,0.0528,4101363.0,2335976.281
gold,2024-11-18,5.748,5.773,5.738,5.758,5.683,0.075,1.3197,3807962.0,2192024.051
gold,2024-11-19,5.811,5.86,5.809,5.858,5.758,0.1,1.7367,4128956.0,2409857.463
gold,2024-11-20,5.9,5.9,5.855,5.857,5.858,-0.001,-0.0171,3933263.1,2312028.15
gold,2024-11-21,5.914,5.934,5.909,5.933,5.857,0.076,1.2976,3471025.0,2054829.695
gold,2024-11-22,5.968,6.011,5.967,6.01,5.933,0.077,1.2978,4794501.1,2871840.491
gold,2024-11-25,6.009,6.013,5.893,5.916,6.01,-0.094,-1.5641,7735648.1,4610155.728
gold,2024-11-26,5.835,5.856,5.825,5.844,5.916,-0.072,-1.217,3675693.0,2147982.061
gold,2024-11-27,5.86,5.904,5.856,5.899,5.844,0.055,0.9411,3544560.0,2084747.692
gold,2024-11-28,5.831,5.877,5.823,5.869,5.899,-0.03,-0.5086,3513384.98,2055069.612
gold,2024-11-29,5.879,5.927,5.878,5.923,5.869,0.054,0.9201,3726693.95,2200782.924
gold,2024-12-02,5.85,5.885,5.848,5.872,5.923,-0.051,-0.8611,3002256.0,1762546.38
gold,2024-12-03,5.917,5.942,5.911,5.931,5.872,0.059,1.0048,2904022.0,1719827.619
gold,2024-12-04,5.915,5.938,5.913,5.929,5.931,-0.002,-0.0337,2169824.0,1286380.652
gold,2024-12-05,5.937,5.943,5.923,5.927,5.929,-0.002,-0.0337,2238436.0,1327983.845
gold,2024-12-06,5.866,5.91,5.861,5.903,5.927,-0.024,-0.4049,2917620.0,1716909.606
gold,2024-12-09,5.941,5.946,5.925,5.936,5.903,0.033,0.559,2406329.0,1428404.072
gold,2024-12-10,5.97,5.972,5.949,5.961,5.936,0.025,0.4212,3022870.0,1801985.985
gold,2024-12-11,6.028,6.03,5.977,6.011,5.961,0.05,0.8388,3684896.0,2214470.926
gold,2024-12-12,6.038,6.054,6.025,6.052,6.011,0.041,0.6821,2850292.0,1720927.816
gold,2024-12-13,6.016,6.018,5.991,6.001,6.052,-0.051,-0.8427,2686424.0,1613292.063
gold,2024-12-16,5.945,5.95,5.933,5.947,6.001,-0.054,-0.8999,2513897.0,1493426.609
gold,2024-12-17,5.957,5.97,5.936,5.94,5.947,-0.007,-0.1177,2538572.0,1511849.582
gold,2024-12-18,5.942,5.948,5.929,5.932,5.94,-0.008,-0.1347,1835435.92,1089480.648
gold,2024-12-19,5.867,5.906,5.867,5.885,5.932,-0.047,-0.7923,3622339.0,2131258.499
gold,2024-12-20,5.877,5.894,5.866,5.892,5.885,0.007,0.1189,2433829.15,1430034.217
gold,2024-12-23,5.919,5.953,5.918,5.951,5.892,0.059,1.0014,2797678.0,1661172.171
gold,2024-12-24,5.928,5.931,5.916,5.921,5.951,-0.03,-0.5041,2279641.08,1350515.009
gold,2024-12-25,5.932,5.939,5.929,5.936,5.921,0.015,0.2533,1445139.01,857653.535
gold,2024-12-26,5.955,5.957,5.937,5.94,5.936,0.004,0.0674,1837517.0,1092478.868
gold,2024-12-27,5.95,5.952,5.939,5.945,5.94,0.005,0.0842,1765068.0,1049505.975
gold,2024-12-30,5.934,5.939,5.92,5.923,5.945,-0.022,-0.3701,1660249.0,984288.624
gold,2024-12-31,5.914,5.932,5.9,5.928,5.923,0.005,0.0844,1648335.0,974644.615
gold,2025-01-02,5.975,5.981,5.96,5.977,5.928,0.049,0.8266,2330728.93,1391842.464
gold,2025-01-03,6.02,6.034,6.012,6.029,5.977,0.052,0.87,2759129.0,1661519.9
gold,2025-01-06,6.023,6.025,5.984,5.99,6.029,-0.039,-0.6469,2980850.0,1789609.736
gold,2025-01-07,5.992,6.009,5.987,6.0,5.99,0.01,0.1669,2177728.98,1305979.331
gold,2025-01-08,6.01,6.031,6.01,6.03,6.0,0.03,0.5,1604732.61,965957.916
gold,2025-01-09,6.038,6.066,6.032,6.065,6.03,0.035,0.5804,1566053.6,946209.476
gold,2025-01-10,6.078,6.109,6.075,6.105,6.065,0.04,0.6595,2414846.9,1470619.55
gold,2025-01-13,6.105,6.133,6.104,6.12,6.105,0.015,0.2457,3530893.0,2160358.184
gold,2025-01-14,6.07,6.075,6.062,6.068,6.12,-0.052,-0.8497,2869200.0,1740951.031
gold,2025-01-15,6.075,6.109,6.07,6.102,6.068,0.034,0.5603,2386864.0,1452719.737
gold,2025-01-16,6.139,6.141,6.11,6.122,6.102,0.02,0.3278,2413133.0,1478521.166
gold,2025-01-17,6.146,6.162,6.136,6.139,6.122,0.017,0.2777,2479820.0,1524953.624
gold,2025-01-20,6.091,6.131,6.089,6.127,6.139,-0.012,-0.1955,1982195.0,1210507.375
gold,2025-01-21,6.102,6.131,6.102,6.127,6.127,0.0,0.0,1954421.0,1196663.049
gold,2025-01-22,6.17,6.215,6.169,6.181,6.127,0.054,0.8813,2967705.27,1836180.883
gold,2025-01-23,6.183,6.194,6.18,6.187,6.181,0.006,0.0971,1923679.43,1190173.543
gold,2025-01-24,6.209,6.225,6.199,6.218,6.187,0.031,0.5011,2274922.0,1413858.397
gold,2025-01-27,6.218,6.218,6.181,6.202,6.218,-0.016,-0.2573,2288186.94,1417961.91
gold,2025-02-05,6.4,6.441,6.385,6.439,6.202,0.237,3.8213,3670161.08,2354135.637
gold,2025-02-06,6.441,6.454,6.4,6.402,6.439,-0.037,-0.5746,3053181.0,1965257.147
gold,2025-02-07,6.43,6.435,6.414,6.42,6.402,0.018,0.2812,2021942.0,1299373.106
gold,2025-02-10,6.46,6.519,6.46,6.518,6.42,0.098,1.5265,3156431.9,2046965.397
gold,2025-02-11,6.628,6.645,6.531,6.584,6.518,0.066,1.0126,6889828.0,4542010.086
gold,2025-02-12,6.542,6.548,6.511,6.538,6.584,-0.046,-0.6987,3426371.0,2237983.355
gold,2025-02-13,6.564,6.587,6.559,6.57,6.538,0.032,0.4894,2840252.29,1866397.971
gold,2025-02-14,6.599,6.607,6.585,6.605,6.57,0.035,0.5327,2466761.02,1627112.891
gold,2025-02-17,6.477,6.505,6.47,6.494,6.605,-0.111,-1.6805,3969726.81,2575282.904
gold,2025-02-18,6.5,6.56,6.497,6.555,6.494,0.061,0.9393,2928301.3,1913822.117
gold,2025-02-19,6.595,6.624,6.576,6.598,6.555,0.043,0.656,3156105.0,2084378.903
gold,2025-02-20,6.61,6.621,6.598,6.619,6.598,0.021,0.3183,2082200.0,1375763.005
gold,2025-02-21,6.608,6.608,6.544,6.568,6.619,-0.051,-0.7705,4119838.97,2707414.871
gold,2025-02-24,6.549,6.586,6.539,6.581,6.568,0.013,0.1979,2466793.0,1620085.717
gold,2025-02-25,6.605,6.611,6.575,6.582,6.581,0.001,0.0152,2647299.2,1745731.792
gold,2025-02-26,6.562,6.564,6.515,6.519,6.582,-0.063,-0.9572,2949586.37,1929025.426
gold,2025-02-27,6.533,6.541,6.484,6.492,6.519,-0.027,-0.4142,3039010.35,1978797.942
gold,2025-02-28,6.479,6.487,6.435,6.444,6.492,-0.048,-0.7394,2808644.0,1814366.434
gold,2025-03-03,6.445,6.455,6.435,6.451,6.444,0.007,0.1086,2587499.48,1668225.513
gold,2025-03-04,6.49,6.507,6.487,6.499,6.451,0.048,0.7441,2657438.0,1726309.042
gold,2025-03-05,6.523,6.551,6.521,6.547,6.499,0.048,0.7386,2218840.99,1449964.026
gold,2025-03-06,6.53,6.546,6.527,6.535,6.547,-0.012,-0.1833,1876229.76,1226197.91
gold,2025-03-07,6.506,6.529,6.503,6.526,6.535,-0.009,-0.1377,2122386.83,1382860.823
gold,2025-03-10,6.531,6.545,6.526,6.544,6.526,0.018,0.2758,1681356.03,1098905.803
gold,2025-03-11,6.491,6.506,6.488,6.505,6.544,-0.039,-0.596,2170708.0,1409808.324
gold,2025-03-12,6.518,6.534,6.512,6.526,6.505,0.021,0.3228,1335725.0,871152.793
gold,2025-03-13,6.573,6.583,6.57,6.575,6.526,0.049,0.7508,1806217.5,1187629.547
gold,2025-03-14,6.693,6.693,6.662,6.673,6.575,0.098,1.4905,3370643.0,2249855.859
gold,2025-03-17,6.674,6.678,6.659,6.677,6.673,0.004,0.0599,2612271.0,1742579.56
gold,2025-03-18,6.688,6.73,6.688,6.727,6.677,0.05,0.7488,2476183.0,1662780.921
gold,2025-03-19,6.757,6.806,6.754,6.8,6.727,0.073,1.0852,3326467.0,2256310.869
gold,2025-03-20,6.82,6.825,6.799,6.807,6.8,0.007,0.1029,2885805.77,1965397.258
gold,2025-03-21,6.808,6.81,6.762,6.774,6.807,-0.033,-0.4848,2599055.79,1763391.43
gold,2025-03-24,6.77,6.782,6.758,6.78,6.774,0.006,0.0886,1528904.22,1035354.851
gold,2025-03-25,6.758,6.778,6.751,6.774,6.78,-0.006,-0.0885,1881733.0,1272978.958
gold,2025-03-26,6.78,6.797,6.775,6.795,6.774,0.021,0.31,1928881.0,1309338.099
gold,2025-03-27,6.797,6.817,6.791,6.812,6.795,0.017,0.2502,2245290.07,1528152.97
gold,2025-03-28,6.912,6.939,6.894,6.938,6.812,0.126,1.8497,4236334.99,2930627.896
gold,2025-03-31,6.942,7.045,6.942,7.012,6.938,0.074,1.0666,6746863.54,4717070.932
gold,2025-04-01,7.065,7.098,7.041,7.056,7.012,0.044,0.6275,7182597.25,5075882.645
gold,2025-04-02,7.07,7.083,7.019,7.029,7.056,-0.027,-0.3827,4185809.16,2951070.225
gold,2025-04-03,7.135,7.173,7.068,7.094,7.029,0.065,0.9247,7260740.5,5174808.439
gold,2025-04-07,6.801,7.06,6.8,6.877,7.094,-0.217,-3.0589,12757844.86,8819492.014
gold,2025-04-08,6.878,6.938,6.852,6.925,6.877,0.048,0.698,6236427.63,4294930.105
gold,2025-04-09,6.89,7.02,6.888,7.012,6.925,0.087,1.2563,7833599.7,5435770.622
gold,2025-04-10,7.134,7.166,7.071,7.164,7.012,0.152,2.1677,9312016.15,6642456.53
gold,2025-04-11,7.34,7.34,7.225,7.273,7.164,0.109,1.5215,9690465.16,7073077.66
gold,2025-04-14,7.301,7.354,7.301,7.327,7.273,0.054,0.7425,7882788.77,5780997.53
gold,2025-04-15,7.327,7.334,7.315,7.325,7.327,-0.002,-0.0273,4205902.42,3081021.799
gold,2025-04-16,7.44,7.506,7.421,7.503,7.325,0.178,2.43,7498509.88,5597029.96
gold,2025-04-17,7.655,7.66,7.541,7.565,7.503,0.062,0.8263,10076524.86,7643429.582
gold,2025-04-18,7.564,7.589,7.533,7.583,7.565,0.018,0.2379,4780541.39,3617039.9
gold,2025-04-21,7.684,7.727,7.677,7.724,7.583,0.141,1.8594,7511945.84,5780384.756
gold,2025-04-22,7.871,8.033,7.86,7.982,7.724,0.258,3.3402,15195020.89,12093412.697
gold,2025-04-23,7.759,7.759,7.486,7.5,7.982,-0.482,-6.0386,25646888.17,19562766.019
gold,2025-04-24,7.67,7.707,7.55,7.582,7.5,0.082,1.0933,13034733.58,9946839.718
gold,2025-04-25,7.641,7.656,7.486,7.53,7.582,-0.052,-0.6858,9985943.0,7560930.098
gold,2025-04-28,7.499,7.511,7.443,7.465,7.53,-0.065,-0.8632,8073009.57,6031534.039
gold,2025-04-29,7.561,7.586,7.485,7.517,7.465,0.052,0.6966,6304712.89,4749487.8
gold,2025-04-30,7.525,7.529,7.467,7.471,7.517,-0.046,-0.6119,4372927.6,3276215.482
gold,2025-05-06,7.596,7.659,7.57,7.612,7.471,0.141,1.8873,9845270.34,7499496.274
gold,2025-05-07,7.614,7.678,7.588,7.671,7.612,0.059,0.7751,7518649.33,5748539.067
gold,2025-05-08,7.679,7.732,7.538,7.557,7.671,-0.114,-1.4861,11128510.87,8503906.698
gold,2025-05-09,7.502,7.555,7.427,7.531,7.557,-0.026,-0.3441,8873009.29,6647216.055
gold,2025-05-12,7.341,7.399,7.341,7.376,7.531,-0.155,-2.0582,6681992.36,4930947.745
gold,2025-05-13,7.291,7.339,7.224,7.332,7.376,-0.044,-0.5965,9052166.14,6588647.174
gold,2025-05-14,7.309,7.322,7.265,7.277,7.332,-0.055,-0.7501,5481793.0,3996673.209
gold,2025-05-15,7.165,7.169,7.01,7.062,7.277,-0.215,-2.9545,12901239.46,9132430.391
gold,2025-05-16,7.195,7.204,7.157,7.177,7.062,0.115,1.6284,8552747.88,6143784.727
gold,2025-05-19,7.206,7.231,7.193,7.222,7.177,0.045,0.627,6332771.0,4567415.868
gold,2025-05-20,7.217,7.238,7.196,7.209,7.222,-0.013,-0.18,4608627.7,3324544.898
gold,2025-05-21,7.381,7.44,7.376,7.439,7.209,0.23,3.1905,7543865.45,5587558.73
gold,2025-05-22,7.478,7.505,7.448,7.45,7.439,0.011,0.1479,7270548.0,5439783.047
gold,2025-05-23,7.405,7.457,7.373,7.454,7.45,0.004,0.0537,6059359.0,4495380.26
gold,2025-05-26,7.438,7.472,7.423,7.425,7.454,-0.029,-0.3891,4423087.0,3294213.684
gold,2025-05-27,7.434,7.456,7.356,7.366,7.425,-0.059,-0.7946,6034573.13,4472910.506
gold,2025-05-28,7.369,7.389,7.341,7.375,7.366,0.009,0.1222,3049976.0,2247365.541
gold,2025-05-29,7.263,7.31,7.26,7.3,7.375,-0.075,-1.0169,4232817.0,3084681.573
gold,2025-05-30,7.39,7.391,7.335,7.369,7.3,0.069,0.9452,3635737.03,2675997.478
gold,2025-06-03,7.501,7.519,7.461,7.478,7.369,0.109,1.4792,6061707.0,4544989.593
gold,2025-06-04,7.488,7.503,7.459,7.474,7.478,-0.004,-0.0535,4161571.5,3113658.616
gold,2025-06-05,7.499,7.504,7.469,7.483,7.474,0.009,0.1204,3385336.0,2534787.07
gold,2025-06-06,7.477,7.492,7.469,7.481,7.483,-0.002,-0.0267,3753551.32,2807696.362
gold,2025-06-09,7.364,7.401,7.331,7.4,7.481,-0.081,-1.0827,5058251.0,3726449.04
gold,2025-06-10,7.366,7.42,7.353,7.405,7.4,0.005,0.0676,5177958.89,3822935.723
gold,2025-06-11,7.42,7.436,7.404,7.428,7.405,0.023,0.3106,3606997.53,2677639.427
gold,2025-06-12,7.505,7.512,7.474,7.497,7.428,0.069,0.9289,3894631.3,2919654.502
gold,2025-06-13,7.616,7.653,7.57,7.588,7.497,0.091,1.2138,8880624.0,6764698.782
gold,2025-06-16,7.629,7.634,7.548,7.563,7.588,-0.025,-0.3295,6637311.79,5041475.386
gold,2025-06-17,7.525,7.528,7.47,7.499,7.563,-0.064,-0.8462,5031521.68,3775707.856
gold,2025-06-18,7.499,7.527,7.476,7.503,7.499,0.004,0.0533,3848652.7,2886557.97
gold,2025-06-19,7.5,7.506,7.444,7.465,7.503,-0.038,-0.5065,3668574.0,2741981.668
gold,2025-06-20,7.46,7.464,7.423,7.436,7.465,-0.029,-0.3885,3652503.0,2717567.425
gold,2025-06-23,7.452,7.485,7.441,7.464,7.436,0.028,0.3765,3685197.4,2750226.776
gold,2025-06-24,7.431,7.44,7.354,7.372,7.464,-0.092,-1.2326,5816473.12,4305391.87
gold,2025-06-25,7.378,7.398,7.376,7.392,7.372,0.02,0.2713,2847107.0,2103580.236
gold,2025-06-26,7.39,7.406,7.385,7.405,7.392,0.013,0.1759,2771478.8,2049012.994
gold,2025-06-27,7.365,7.375,7.311,7.326,7.405,-0.079,-1.0668,4558534.0,3345234.504
gold,2025-06-30,7.3,7.321,7.274,7.314,7.326,-0.012,-0.1638,3366574.0,2457750.199
gold,2025-07-01,7.359,7.4,7.346,7.397,7.314,0.083,1.1348,3478679.47,2564118.18
gold,2025-07-02,7.395,7.418,7.384,7.394,7.397,-0.003,-0.0406,2916548.0,2157429.707
gold,2025-07-03,7.407,7.453,7.407,7.445,7.394,0.051,0.6897,2959903.0,2199395.168
gold,2025-07-04,7.4,7.413,7.376,7.407,7.445,-0.038,-0.5104,2572291.0,1902194.152
gold,2025-07-07,7.348,7.367,7.344,7.355,7.407,-0.052,-0.702,2817844.0,2072584.679
gold,2025-07-08,7.397,7.406,7.389,7.398,7.355,0.043,0.5846,2178995.76,1612084.341
gold,2025-07-09,7.347,7.348,7.304,7.314,7.398,-0.084,-1.1354,4255341.0,3116306.56
gold,2025-07-10,7.371,7.38,7.358,7.371,7.314,0.057,0.7793,3020037.73,2225855.85
gold,2025-07-11,7.375,7.392,7.372,7.376,7.371,0.005,0.0678,2616554.04,1931126.841
gold,2025-07-14,7.426,7.445,7.413,7.44,7.376,0.064,0.8677,2671885.47,1983515.657
gold,2025-07-15,7.41,7.445,7.401,7.436,7.44,-0.004,-0.0538,2689311.1,1996432.231
gold,2025-07-16,7.394,7.407,7.378,7.402,7.436,-0.034,-0.4572,2390713.5,1767210.158
gold,2025-07-17,7.403,7.411,7.386,7.397,7.402,-0.005,-0.0675,2083169.94,1541460.812
gold,2025-07-18,7.394,7.407,7.391,7.403,7.397,0.006,0.0811,1840284.87,1361500.094
gold,2025-07-21,7.43,7.454,7.42,7.446,7.403,0.043,0.5808,3004574.29,2233893.918
gold,2025-07-22,7.483,7.489,7.47,7.474,7.446,0.028,0.376,3620034.25,2707621.582
gold,2025-07-23,7.54,7.549,7.525,7.548,7.474,0.074,0.9901,3141071.64,2368464.628
gold,2025-07-24,7.459,7.461,7.415,7.424,7.548,-0.124,-1.6428,4405109.42,3275368.218
gold,2025-07-25,7.415,7.421,7.399,7.409,7.424,-0.015,-0.202,2547626.63,1887414.454
gold,2025-07-28,7.382,7.398,7.367,7.388,7.409,-0.021,-0.2834,2841433.28,2096675.236
gold,2025-07-29,7.35,7.366,7.345,7.363,7.388,-0.025,-0.3384,2631616.41,1936018.254
gold,2025-07-30,7.387,7.389,7.367,7.377,7.363,0.014,0.1901,2817736.28,2078603.635
gold,2025-07-31,7.329,7.356,7.315,7.35,7.377,-0.027,-0.366,3041657.11,2231589.344
gold,2025-08-01,7.343,7.366,7.331,7.352,7.35,0.002,0.0272,1923995.99,1413896.11
gold,2025-08-04,7.432,7.447,7.432,7.446,7.352,0.094,1.2786,4261135.92,3170843.97
gold,2025-08-05,7.481,7.486,7.454,7.455,7.446,0.009,0.1209,3224587.15,2408802.907
gold,2025-08-06,7.472,7.482,7.46,7.468,7.455,0.013,0.1744,2661819.51,1988337.088
gold,2025-08-07,7.471,7.488,7.459,7.484,7.468,0.016,0.2142,3136422.01,2344129.227
gold,2025-08-08,7.488,7.513,7.488,7.508,7.484,0.024,0.3207,3380603.49,2535544.417
gold,2025-08-11,7.452,7.46,7.423,7.429,7.508,-0.079,-1.0522,3596888.1,2678359.43
gold,2025-08-12,7.412,7.416,7.393,7.399,7.429,-0.03,-0.4038,2814916.69,2084438.53
gold,2025-08-13,7.395,7.416,7.394,7.415,7.399,0.016,0.2162,2306006.12,1707832.442
gold,2025-08-14,7.431,7.438,7.413,7.424,7.415,0.009,0.1214,2287805.44,1698855.241
gold,2025-08-15,7.384,7.41,7.381,7.401,7.424,-0.023,-0.3098,2080440.0,1538722.974
gold,2025-08-18,7.398,7.43,7.393,7.413,7.401,0.012,0.1621,2281711.06,1690072.0
gold,2025-08-19,7.386,7.4,7.386,7.391,7.413,-0.022,-0.2968,1826992.99,1350510.204
gold,2025-08-20,7.362,7.377,7.35,7.374,7.391,-0.017,-0.23,2049639.0,1509440.993
gold,2025-08-21,7.403,7.408,7.387,7.394,7.374,0.02,0.2712,2232927.31,1652146.836
gold,2025-08-22,7.395,7.4,7.373,7.378,7.394,-0.016,-0.2164,1949286.78,1439892.466
gold,2025-08-25,7.419,7.43,7.417,7.427,7.378,0.049,0.6641,2885724.34,2141946.403
gold,2025-08-26,7.437,7.45,7.437,7.449,7.427,0.022,0.2962,2935326.0,2185176.566
gold,2025-08-27,7.461,7.461,7.444,7.45,7.449,0.001,0.0134,2359129.01,1758733.831
gold,2025-08-28,7.462,7.47,7.459,7.468,7.45,0.018,0.2416,2231072.84,1665240.691
gold,2025-08-29,7.48,7.488,7.478,7.486,7.468,0.018,0.241,2177646.86,1629642.851
gold,2025-09-01,7.546,7.658,7.542,7.647,7.486,0.161,2.1507,8445147.84,6431354.808
gold,2025-09-02,7.75,7.75,7.663,7.67,7.647,0.023,0.3008,6506048.08,5006529.827
gold,2025-09-03,7.76,7.787,7.746,7.768,7.67,0.098,1.2777,5354583.9,4158516.363
gold,2025-09-04,7.795,7.795,7.694,7.75,7.768,-0.018,-0.2317,5618614.13,4352594.756
gold,2025-09-05,7.773,7.782,7.755,7.775,7.75,0.025,0.3226,3441495.44,2674763.266
gold,2025-09-08,7.811,7.848,7.808,7.847,7.775,0.072,0.926,4139097.59,3240893.04
gold,2025-09-09,7.934,7.987,7.928,7.966,7.847,0.119,1.5165,6959081.32,5537633.289
gold,2025-09-10,7.906,7.953,7.898,7.947,7.966,-0.019,-0.2385,3986089.08,3160253.38
gold,2025-09-11,7.963,7.968,7.901,7.923,7.947,-0.024,-0.302,4109333.74,3259869.667
gold,2025-09-12,7.932,7.966,7.932,7.954,7.923,0.031,0.3913,3287668.45,2613712.618
gold,2025-09-15,7.908,7.947,7.907,7.931,7.954,-0.023,-0.2892,2852905.27,2262570.508
gold,2025-09-16,8.007,8.034,7.988,8.032,7.931,0.101,1.2735,3394975.84,2718705.446
gold,2025-09-17,8.01,8.01,7.955,7.964,8.032,-0.068,-0.8466,4282963.95,3417850.247
gold,2025-09-18,7.901,7.949,7.859,7.862,7.964,-0.102,-1.2808,5565626.27,4399557.224
gold,2025-09-19,7.901,7.917,7.869,7.898,7.862,0.036,0.4579,3237996.19,2556742.578
gold,2025-09-22,8.005,8.058,7.984,8.048,7.898,0.15,1.8992,4532519.35,3632554.944
gold,2025-09-23,8.125,8.149,8.105,8.143,8.048,0.095,1.1804,5115503.7,4158136.063
gold,2025-09-24,8.141,8.204,8.123,8.19,8.143,0.047,0.5772,4399010.8,3591418.429
gold,2025-09-25,8.16,8.164,8.116,8.146,8.19,-0.044,-0.5372,4441117.04,3614722.212
gold,2025-09-26,8.15,8.183,8.147,8.16,8.146,0.014,0.1719,3845481.0,3138261.886
gold,2025-09-29,8.177,8.268,8.174,8.259,8.16,0.099,1.2132,5329506.67,4380687.035
gold,2025-09-30,8.324,8.388,8.324,8.339,8.259,0.08,0.9686,6669568.76,5576070.203
gold,2025-10-09,8.724,8.779,8.69,8.729,8.339,0.39,4.6768,8014424.72,6996319.98
gold,2025-10-10,8.637,8.651,8.586,8.602,8.729,-0.127,-1.4549,6414709.35,5528015.329
gold,2025-10-13,8.77,8.868,8.77,8.859,8.602,0.257,2.9877,7739480.22,6826004.392
gold,2025-10-14,9.1,9.377,8.878,8.976,8.859,0.117,1.3207,16679605.06,15094002.873
gold,2025-10-15,9.143,9.19,9.09,9.187,8.976,0.211,2.3507,9193141.19,8404693.734
gold,2025-10-16,9.23,9.288,9.198,9.244,9.187,0.057,0.6204,10409158.76,9625793.165
gold,2025-10-17,9.497,9.587,9.361,9.568,9.244,0.324,3.505,15863425.5,15083487.665
gold,2025-10-20,9.308,9.367,9.25,9.268,9.568,-0.3,-3.1355,12056984.99,11239083.883
gold,2025-10-21,9.526,9.526,9.425,9.49,9.268,0.222,2.3953,9995217.8,9473507.963
gold,2025-10-22,8.986,9.106,8.95,9.101,9.49,-0.389,-4.0991,14076692.27,12694570.824
gold,2025-10-23,8.98,9.052,8.92,8.994,9.101,-0.107,-1.1757,9320664.67,8366775.476
gold,2025-10-24,9.048,9.053,8.933,8.95,8.994,-0.044,-0.4892,7400820.55,6652958.689
gold,2025-10-27,8.948,8.949,8.897,8.914,8.95,-0.036,-0.4022,6754374.97,6024338.869
gold,2025-10-28,8.79,8.79,8.591,8.597,8.914,-0.317,-3.5562,10854757.13,9433291.725
gold,2025-10-29,8.68,8.699,8.622,8.692,8.597,0.095,1.105,7999573.87,6929137.801
gold,2025-10-30,8.635,8.706,8.559,8.704,8.692,0.012,0.1381,10255273.42,8858790.469
gold,2025-10-31,8.81,8.822,8.748,8.794,8.704,0.09,1.034,7719496.36,6782774.235
gold,2025-11-03,8.743,8.801,8.737,8.797,8.794,0.003,0.0341,4658113.03,4085511.859
gold,2025-11-04,8.745,8.756,8.705,8.737,8.797,-0.06,-0.6821,5311229.27,4638166.862
gold,2025-11-05,8.654,8.732,8.641,8.706,8.737,-0.031,-0.3548,4760923.29,4136619.619
gold,2025-11-06,8.718,8.757,8.706,8.755,8.706,0.049,0.5628,4094435.62,3576860.604
gold,2025-11-07,8.769,8.798,8.755,8.793,8.755,0.038,0.434,4272647.48,3747892.162
gold,2025-11-10,8.869,8.949,8.856,8.936,8.793,0.143,1.6263,7585074.94,6751619.483
gold,2025-11-11,9.138,9.138,9.049,9.062,8.936,0.126,1.41,8281065.85,7518834.24
gold,2025-11-12,9.058,9.068,8.984,9.029,9.062,-0.033,-0.3642,6587183.82,5948310.393
gold,2025-11-13,9.157,9.184,9.134,9.175,9.029,0.146,1.617,6514007.98,5968013.292
gold,2025-11-14,9.099,9.18,9.09,9.096,9.175,-0.079,-0.861,7161875.19,6540777.396
gold,2025-11-17,8.922,8.969,8.842,8.882,9.096,-0.214,-2.3527,8126693.65,7238287.561
gold,2025-11-18,8.837,8.837,8.77,8.777,8.882,-0.105,-1.1822,5836812.81,5133558.167
gold,2025-11-19,8.89,8.968,8.873,8.954,8.777,0.177,2.0166,6041360.17,5392419.257
gold,2025-11-20,8.959,8.969,8.865,8.903,8.954,-0.051,-0.5696,6337762.32,5649454.182
gold,2025-11-21,8.888,8.921,8.824,8.828,8.903,-0.075,-0.8424,6842939.9,6071459.2
gold,2025-11-24,8.858,8.865,8.829,8.857,8.828,0.029,0.3285,4681449.0,4141386.255
gold,2025-11-25,8.99,9.039,8.99,9.01,8.857,0.153,1.7274,6423142.63,5789627.417
gold,2025-11-26,9.015,9.048,9.003,9.011,9.01,0.001,0.0111,5090521.24,4596141.094
gold,2025-11-27,9.003,9.017,8.986,9.01,9.011,-0.001,-0.0111,3807152.68,3427665.091
gold,2025-11-28,9.084,9.09,9.051,9.067,9.01,0.057,0.6326,3972928.13,3603374.123
gold,2025-12-01,9.146,9.204,9.128,9.161,9.067,0.094,1.0367,7318583.99,6708010.683
gold,2025-12-02,9.118,9.145,9.088,9.112,9.161,-0.049,-0.5349,4475178.19,4083289.907
gold,2025-12-03,9.118,9.143,9.084,9.096,9.112,-0.016,-0.1756,4607233.35,4198884.82
gold,2025-12-04,9.107,9.125,9.035,9.064,9.096,-0.032,-0.3518,5584621.41,5070761.141
gold,2025-12-05,9.094,9.148,9.084,9.136,9.064,0.072,0.7944,4159658.11,3791528.369
gold,2025-12-08,9.107,9.119,9.078,9.11,9.136,-0.026,-0.2846,4317056.23,3929192.887
gold,2025-12-09,9.075,9.082,9.026,9.046,9.11,-0.064,-0.7025,4772816.32,4322621.349
gold,2025-12-10,9.114,9.118,9.081,9.095,9.046,0.049,0.5417,3418584.28,3111335.234
gold,2025-12-11,9.157,9.165,9.095,9.11,9.095,0.015,0.1649,4666349.93,4260705.305
gold,2025-12-12,9.201,9.23,9.191,9.227,9.11,0.117,1.2843,4766188.09,4388186.109
gold,2025-12-15,9.298,9.36,9.297,9.351,9.227,0.124,1.3439,5679028.46,5297510.203
gold,2025-12-16,9.272,9.296,9.199,9.24,9.351,-0.111,-1.187,5196267.08,4805902.569
gold,2025-12-17,9.283,9.345,9.283,9.31,9.24,0.07,0.7576,4520835.92,4209416.976
gold,2025-12-18,9.311,9.327,9.302,9.318,9.31,0.008,0.0859,3178056.1,2961343.686
gold,2025-12-19,9.29,9.321,9.273,9.313,9.318,-0.005,-0.0537,3703003.16,3443922.186
gold,2025-12-22,9.38,9.514,9.38,9.511,9.313,0.198,2.1261,6918754.23,6534234.042
gold,2025-12-23,9.63,9.689,9.608,9.639,9.511,0.128,1.3458,9022814.2,8709327.485
gold,2025-12-24,9.719,9.722,9.613,9.642,9.639,0.003,0.0311,7384368.99,7136924.986
gold,2025-12-25,9.571,9.58,9.539,9.566,9.642,-0.076,-0.7882,4311576.19,4123112.968
gold,2025-12-26,9.67,9.68,9.618,9.65,9.566,0.084,0.8781,4898253.36,4726243.848
gold,2025-12-29,9.64,9.667,9.55,9.563,9.65,-0.087,-0.9016,7144966.69,6877104.094
gold,2025-12-30,9.272,9.402,9.272,9.363,9.563,-0.2,-2.0914,8615558.22,8058585.692
gold,2025-12-31,9.359,9.392,9.196,9.301,9.363,-0.062,-0.6622,8873154.17,8255346.608
gold,2026-01-05,9.421,9.499,9.421,9.495,9.301,0.194,2.0858,6832710.28,6465146.234
gold,2026-01-06,9.536,9.606,9.528,9.577,9.495,0.082,0.8636,5313457.38,5085365.304
gold,2026-01-07,9.6,9.601,9.511,9.518,9.577,-0.059,-0.6161,6163985.14,5894333.39
gold,2026-01-08,9.555,9.559,9.474,9.511,9.518,-0.007,-0.0735,4838349.91,4604940.099
gold,2026-01-09,9.544,9.596,9.544,9.592,9.511,0.081,0.8516,3791903.9,3629946.415
gold,2026-01-12,9.779,9.791,9.736,9.777,9.592,0.185,1.9287,4935017.0,4822414.247
gold,2026-01-13,9.79,9.825,9.771,9.793,9.777,0.016,0.1636,3982367.25,3901169.996
gold,2026-01-14,9.871,9.925,9.869,9.922,9.793,0.129,1.3173,4369521.17,4321616.075
gold,2026-01-15,9.861,9.883,9.82,9.867,9.922,-0.055,-0.5543,5542922.06,5460435.94
gold,2026-01-16,9.851,9.874,9.828,9.857,9.867,-0.01,-0.1013,3278431.49,3228858.975
gold,2026-01-19,9.962,10.009,9.96,10.006,9.857,0.149,1.5116,4806211.54,4797229.646
gold,2026-01-20,10.005,10.095,9.983,10.082,10.006,0.076,0.7595,5338067.06,5362959.212
gold,2026-01-21,10.365,10.501,10.322,10.377,10.082,0.295,2.926,9845096.22,10230345.643
gold,2026-01-22,10.29,10.343,10.23,10.341,10.377,-0.036,-0.3469,7196858.37,7398945.407
gold,2026-01-23,10.618,10.643,10.585,10.617,10.341,0.276,2.669,7298894.96,7746553.192
gold,2026-01-26,10.886,10.955,10.848,10.924,10.617,0.307,2.8916,9604744.83,10463068.625
gold,2026-01-27,10.883,10.946,10.848,10.934,10.924,0.01,0.0915,7711072.5,8395732.861
gold,2026-01-28,11.11,11.288,11.109,11.28,10.934,0.346,3.1644,10662010.04,11961498.145
gold,2026-01-29,11.918,11.977,11.796,11.904,11.28,0.624,5.5319,14971079.26,17799095.491
gold,2026-01-30,11.471,11.533,10.8,11.009,11.904,-0.895,-7.5185,23016096.92,25777505.557
gold,2026-02-02,9.908,10.245,9.908,9.908,11.009,-1.101,-10.0009,18998204.2,19145014.244
gold,2026-02-03,10.355,10.461,10.105,10.422,9.908,0.514,5.1877,21009166.76,21613177.107
gold,2026-02-04,10.795,10.904,10.738,10.867,10.422,0.445,4.2698,14242989.36,15412917.353
gold,2026-02-05,10.61,10.695,10.3,10.523,10.867,-0.344,-3.1655,19090454.95,20057436.535
gold,2026-02-06,10.079,10.523,10.05,10.357,10.523,-0.166,-1.5775,18412789.75,19034272.998
gold,2026-02-09,10.72,10.75,10.61,10.719,10.357,0.362,3.4952,11612227.45,12418166.669
gold,2026-02-10,10.686,10.733,10.661,10.669,10.719,-0.05,-0.4665,7026000.61,7513073.622
gold,2026-02-11,10.704,10.765,10.7,10.758,10.669,0.089,0.8342,6818267.14,7317564.815
gold,2026-02-12,10.72,10.752,10.7,10.72,10.758,-0.038,-0.3532,6004793.5,6445229.523
gold,2026-02-13,10.582,10.617,10.508,10.575,10.72,-0.145,-1.3526,7693922.58,8131354.16
gold,2026-02-24,10.92,10.998,10.903,10.95,10.575,0.375,3.5461,7523137.23,8241565.507
gold,2026-02-25,10.953,10.992,10.92,10.959,10.95,0.009,0.0822,6074773.46,6656474.798
gold,2026-02-26,10.939,10.944,10.896,10.913,10.959,-0.046,-0.4197,4377669.76,4781387.315
gold,2026-02-27,10.92,10.95,10.911,10.933,10.913,0.02,0.1833,4631263.87,5063424.364
gold,2026-03-02,11.368,11.419,11.214,11.417,10.933,0.484,4.427,11300971.71,12775642.356
gold,2026-03-03,11.418,11.418,11.202,11.259,11.417,-0.158,-1.3839,9692849.41,10968192.369
gold,2026-03-04,11.0,11.085,10.926,10.98,11.259,-0.279,-2.478,9979811.75,10981117.96
gold,2026-03-05,10.98,11.014,10.889,10.964,10.98,-0.016,-0.1457,6536802.0,7165201.084
gold,2026-03-06,10.834,10.937,10.831,10.873,10.964,-0.091,-0.83,4916711.93,5356472.276
gold,2026-03-09,10.858,10.95,10.793,10.868,10.873,-0.005,-0.046,8012132.16,8713281.061
gold,2026-03-10,10.963,10.991,10.943,10.956,10.868,0.088,0.8097,4379328.78,4801155.476
gold,2026-03-11,11.026,11.028,10.964,10.974,10.956,0.018,0.1643,4754957.27,5230093.074
gold,2026-03-12,10.928,10.956,10.892,10.938,10.974,-0.036,-0.328,3892379.02,4253167.289
gold,2026-03-13,10.852,10.88,10.791,10.802,10.938,-0.136,-1.2434,3885245.33,4211610.423
gold,2026-03-16,10.63,10.7,10.605,10.664,10.802,-0.138,-1.2775,4789246.6,5100457.125
gold,2026-03-17,10.632,10.696,10.63,10.637,10.664,-0.027,-0.2532,3535281.9,3766972.817
gold,2026-03-18,10.638,10.639,10.57,10.606,10.637,-0.031,-0.2914,3544273.28,3756857.569
gold,2026-03-19,10.283,10.345,10.08,10.126,10.606,-0.48,-4.5257,8783621.47,9006105.538
gold,2026-03-20,9.9,10.066,9.883,9.896,10.126,-0.23,-2.2714,11917840.92,11878418.533
gold,2026-03-23,9.488,9.5,8.906,8.941,9.896,-0.955,-9.6504,19747659.11,18231773.873
gold,2026-03-24,9.21,9.303,9.105,9.299,8.941,0.358,4.004,14905164.64,13716736.873
gold,2026-03-25,9.7,9.772,9.609,9.641,9.299,0.342,3.6778,11786322.01,11438092.704
gold,2026-03-26,9.628,9.637,9.358,9.45,9.641,-0.191,-1.9811,11076212.74,10525933.922
gold,2026-03-27,9.358,9.528,9.358,9.494,9.45,0.044,0.4656,7487072.64,7077216.082
gold,2026-03-30,9.496,9.696,9.473,9.656,9.494,0.162,1.7063,10467459.03,10053472.875
gold,2026-03-31,9.751,9.836,9.697,9.699,9.656,0.043,0.4453,9818017.1,9575690.405
gold,2026-04-01,9.95,10.028,9.912,10.024,9.699,0.325,3.3509,8356708.18,8316311.343
gold,2026-04-02,10.0,10.0,9.641,9.738,10.024,-0.286,-2.8532,13026467.46,12814253.058
gold,2026-04-03,9.914,9.914,9.793,9.828,9.738,0.09,0.9242,4242962.0,4176219.528
gold,2026-04-07,9.845,9.867,9.781,9.837,9.828,0.009,0.0916,5427847.69,5331846.502
gold,2026-04-08,10.103,10.153,10.057,10.113,9.837,0.276,2.8057,9943479.75,10051847.595
gold,2026-04-09,9.92,9.95,9.9,9.908,10.113,-0.205,-2.0271,6552527.44,6501536.554
gold,2026-04-10,9.995,10.03,9.954,9.972,9.908,0.064,0.6459,5776953.24,5772482.719
gold,2026-04-13,9.918,9.939,9.9,9.924,9.972,-0.048,-0.4813,4285543.92,4251246.607
gold,2026-04-14,9.999,10.012,9.968,10.011,9.924,0.087,0.8767,4221604.66,4218777.617
gold,2026-04-15,10.127,10.15,10.062,10.064,10.011,0.053,0.5294,4897697.44,4949413.437
gold,2026-04-16,10.095,10.111,10.07,10.097,10.064,0.033,0.3279,3762437.13,3796363.197
gold,2026-04-17,10.0,10.071,9.99,10.029,10.097,-0.068,-0.6735,3577189.01,3589199.404
gold,2026-04-20,10.04,10.075,10.013,10.036,10.029,0.007,0.0698,3558334.75,3572623.672
gold,2026-04-21,10.07,10.072,10.003,10.01,10.036,-0.026,-0.2591,3239028.76,3250579.583
gold,2026-04-22,9.968,10.008,9.968,10.004,10.01,-0.006,-0.0599,3642197.94,3637270.995
gold,2026-04-23,9.935,9.947,9.865,9.9,10.004,-0.104,-1.0396,4267851.3,4226616.551
gold,2026-04-24,9.885,9.886,9.814,9.826,9.9,-0.074,-0.7475,3141902.01,3091878.872
gold,2026-04-27,9.859,9.917,9.857,9.897,9.826,0.071,0.7226,2554760.37,2526051.171
gold,2026-04-28,9.85,9.854,9.714,9.732,9.897,-0.165,-1.6672,3761043.47,3676337.287
gold,2026-04-29,9.641,9.68,9.63,9.637,9.732,-0.095,-0.9762,5119968.33,4943877.284
gold,2026-04-30,9.629,9.679,9.58,9.678,9.637,0.041,0.4254,4046629.69,3894564.587
gold,2026-05-06,9.698,9.792,9.698,9.791,9.678,0.113,1.1676,3926977.76,3827234.55
gold,2026-05-07,9.871,9.933,9.835,9.909,9.791,0.118,1.2052,4380057.3,4322115.66
gold,2026-05-08,9.871,9.897,9.853,9.88,9.909,-0.029,-0.2927,3403790.15,3361489.92
gold,2026-05-11,9.827,9.827,9.714,9.774,9.88,-0.106,-1.0729,4475876.7,4376016.747
gold,2026-05-12,9.9,9.906,9.8,9.806,9.774,0.032,0.3274,4059230.15,3997558.136
gold,2026-05-13,9.818,9.834,9.78,9.804,9.806,-0.002,-0.0204,2983073.55,2925864.489
gold,2026-05-14,9.78,9.802,9.761,9.795,9.804,-0.009,-0.0918,2968823.93,2903498.943
gold,2026-05-15,9.645,9.659,9.532,9.554,9.795,-0.241,-2.4604,6498776.83,6233847.911
gold,2026-05-18,9.44,9.534,9.435,9.513,9.554,-0.041,-0.4291,4769784.63,4527932.597
gold,2026-05-19,9.519,9.554,9.485,9.515,9.513,0.002,0.021,2643764.15,2516240.589
gold,2026-05-20,9.4,9.4,9.332,9.367,9.515,-0.148,-1.5554,5463214.91,5114796.529
gold,2026-05-21,9.53,9.543,9.447,9.45,9.367,0.083,0.8861,3377730.7,3206814.236
gold,2026-05-22,9.46,9.474,9.424,9.461,9.45,0.011,0.1164,2715696.63,2567719.896
gold,2026-05-25,9.531,9.54,9.49,9.512,9.461,0.051,0.5391,2386059.4,2269776.991
gold,2026-05-26,9.481,9.487,9.442,9.454,9.512,-0.058,-0.6098,2208614.2,2089349.183
gold,2026-05-27,9.419,9.425,9.336,9.345,9.454,-0.109,-1.153,3246682.08,3044601.314
gold,2026-05-28,9.216,9.218,9.108,9.132,9.345,-0.213,-2.28,4566207.53,4181014.488
gold,2026-05-29,9.385,9.4,9.34,9.397,9.132,0.265,2.9,3482352.18,3262565.266
gold,2026-06-01,9.398,9.414,9.343,9.344,9.397,-0.053,-0.56,2586409.02,2427380.926
gold,2026-06-02,9.3,9.414,9.266,9.41,9.344,0.066,0.71,3247780.5,3034940.31
gold,2026-06-03,9.28,9.327,9.263,9.281,9.41,-0.129,-1.37,3254876.0,3024667.411
gold,2026-06-04,9.301,9.32,9.274,9.29,9.281,0.009,0.1,2821726.74,2623259.392
gold,2026-06-05,9.263,9.275,9.21,9.252,9.29,-0.038,-0.41,3017553.05,2788572.679
gold,2026-06-08,9.001,9.024,8.893,8.953,9.252,-0.299,-3.23,4952978.82,4442538.006
gold,2026-06-09,9.01,9.046,9.004,9.005,8.953,0.052,0.58,2870005.33,2589621.005
gold,2026-06-10,8.74,8.78,8.671,8.736,9.005,-0.269,-2.99,5609092.57,4889766.654
gold,2026-06-11,8.561,8.58,8.418,8.506,8.736,-0.23,-2.63,6491526.77,5515478.4
gold,2026-06-12,8.67,8.715,8.639,8.659,8.506,0.153,1.8,4367406.87,3787489.191
gold,2026-06-15,8.916,8.988,8.91,8.928,8.659,0.269,3.11,4994174.55,4468968.234
gold,2026-06-16,8.945,8.968,8.92,8.949,8.928,0.021,0.24,2752220.53,2461164.661
gold,2026-06-17,8.978,8.986,8.933,8.957,8.949,0.008,0.09,2634057.74,2361143.262
gold,2026-06-18,8.95,8.964,8.892,8.908,8.957,-0.049,-0.55,2982682.13,2663369.298
gold,2026-06-22,8.735,8.742,8.655,8.716,8.908,-0.192,-2.16,4409718.31,3834546.126
gold,2026-06-23,8.668,8.674,8.525,8.537,8.716,-0.179,-2.05,4256305.33,3654668.516
gold,2026-06-24,8.485,8.53,8.426,8.515,8.537,-0.022,-0.26,4029970.39,3418706.769
gold,2026-06-25,8.33,8.33,8.267,8.287,8.515,-0.228,-2.68,5089866.39,4224829.996
gold,2026-06-26,8.365,8.393,8.293,8.39,8.287,0.103,1.24,3848075.48,3213357.332
gold,2026-06-29,8.445,8.479,8.404,8.449,8.39,0.059,0.7,3398349.07,2870486.268
gold,2026-06-30,8.262,8.389,8.224,8.378,8.449,-0.071,-0.84,4192779.45,3473352.887
gold,2026-07-01,8.284,8.3,8.253,8.271,8.378,-0.107,-1.28,3052898.7,2526820.875
gold,2026-07-02,8.425,8.484,8.397,8.475,8.271,0.204,2.47,5149789.77,4346984.456
gold,2026-07-03,8.706,8.726,8.636,8.672,8.475,0.197,2.32,4676684.83,4059995.573
gold,2026-07-06,8.696,8.738,8.62,8.631,8.672,-0.041,-0.47,3162708.03,2744403.494
gold,2026-07-07,8.59,8.62,8.564,8.597,8.631,-0.034,-0.39,2238576.97,1924146.85
gold,2026-07-08,8.543,8.605,8.53,8.589,8.597,-0.008,-0.09,2410681.82,2068067.225
gold,2026-07-09,8.495,8.55,8.446,8.544,8.589,-0.045,-0.52,2454206.53,2084790.591
gold,2026-07-10,8.551,8.587,8.538,8.541,8.544,-0.003,-0.04,2282915.24,1953497.774
gold,2026-07-13,8.47,8.497,8.413,8.419,8.541,-0.122,-1.43,3020485.24,2551745.651
gold,2026-07-14,8.302,8.389,8.302,8.373,8.419,-0.046,-0.55,2362128.0,1974213.7
gold,2026-07-15,8.415,8.42,8.347,8.369,8.373,-0.004,-0.05,2283309.52,1912067.301
gold,2026-07-16,8.375,8.395,8.349,8.363,8.369,-0.006,-0.07,1800219.1,1506556.933
gold,2026-07-17,8.291,8.326,8.256,8.311,8.363,-0.052,-0.62,2844768.6,2358048.522
gold,2026-07-20,8.311,8.362,8.3,8.318,8.311,0.007,0.08,2007208.0,1671393.158
gold,2026-07-21,8.352,8.477,8.345,8.468,8.318,0.15,1.8,3211973.19,2700615.686
gold,2026-07-22,8.555,8.614,8.546,8.56,8.468,0.092,1.09,6494273.12,5570743.361
gold,2026-07-23,8.604,8.61,8.541,8.56,8.56,0.0,0.0,3712661.98,3180421.456
gold,2026-07-24,8.4,8.42,8.36,8.385,8.56,-0.175,-2.04,3696369.0,3099445.119
gold,2026-07-27,8.503,8.527,8.476,8.502,8.385,0.117,1.4,2567335.38,2182507.755
gold,2026-07-28,8.391,8.406,8.372,8.4,8.502,-0.102,-1.2,2137056.79,1793455.522
gold,2026-07-29,8.34,8.399,8.34,8.392,8.4,-0.008,-0.1,2715563.76,2274588.148
gold,2026-07-30,8.463,8.484,8.35,8.36,8.392,-0.032,-0.38,4033314.64,3395683.596
gold,2026-07-31,8.46,8.464,8.42,8.433,8.36,0.073,0.87,2983895.17,2518760.872
gold,2026-08-03,8.4,8.43,8.383,8.417,8.433,-0.016,-0.19,3223144.06,2710491.4
gold,2026-08-04,8.394,8.425,8.391,8.408,8.417,-0.009,-0.11,2442896.78,2054825.165
gold,2026-08-05,8.459,8.644,8.442,8.64,8.408,0.232,2.76,7474522.12,6399150.042
gold,2026-08-06,8.88,8.905,8.783,8.795,8.64,0.155,1.79,8200628.38,7254680.44
gold,2026-08-07,8.775,8.892,8.774,8.892,8.795,0.097,1.1,6963895.42,6154122.28
gold,2026-08-10,8.94,9.005,8.908,9.005,8.892,0.113,1.27,6699550.11,5999793.89
gold,2026-08-11,9.13,9.163,9.001,9.009,9.005,0.004,0.04,9266083.43,8414200.025
gold,2026-08-12,9.07,9.121,9.051,9.103,9.009,0.094,1.04,5861954.01,5324529.499
gold,2026-08-13,9.126,9.144,9.016,9.042,9.103,-0.061,-0.67,5373857.11,4877606.464
gold,2026-08-14,8.906,8.949,8.891,8.946,9.042,-0.096,-1.06,5250783.77,4681877.001
gold,2026-08-17,9.09,9.095,9.048,9.068,8.946,0.122,1.36,4450545.56,4032553.61
gold,2026-08-18,9.111,9.126,9.047,9.078,9.068,0.01,0.11,3597530.54,3266272.875
gold,2026-08-19,8.957,9.011,8.949,8.974,9.078,-0.104,-1.15,4002565.83,3593183.883
gold,2026-08-20,9.251,9.253,9.2,9.234,8.974,0.26,2.9,5522733.33,5097893.331
gold,2026-08-21,9.301,9.391,9.295,9.388,9.234,0.154,1.67,8229367.17,7684951.957
gold,2026-08-24,9.488,9.582,9.48,9.564,9.388,0.176,1.88,9136327.92,8717758.032
gold,2026-08-25,9.607,9.62,9.497,9.533,9.564,-0.031,-0.32,9249731.89,8837077.964
gold,2026-08-26,9.539,9.588,9.498,9.517,9.533,-0.016,-0.17,5712793.84,5450348.265
gold,2026-08-27,9.504,9.54,9.445,9.446,9.517,-0.071,-0.75,5729584.27,5438577.528
gold,2026-08-28,9.437,9.475,9.398,9.475,9.446,0.029,0.31,4737013.59,4462695.029
