trade_date,open,high,low,close,pre_close,change,pct_chg,vol,amount
2014-01-15,0.994,0.996,0.976,0.986,1.004,-0.018,-1.7928,1328553.99,130998.296
2014-01-16,0.988,0.994,0.988,0.991,0.986,0.005,0.5071,397330.3,39379.678
2014-01-17,0.993,0.993,0.985,0.987,0.991,-0.004,-0.4036,169781.01,16786.119
2014-01-20,0.983,0.988,0.982,0.982,0.987,-0.005,-0.5066,139374.0,13745.061
2014-01-21,0.982,0.996,0.97,0.984,0.982,0.002,0.2037,218529.87,21520.868
2014-01-22,0.984,0.988,0.973,0.979,0.984,-0.005,-0.5081,258991.0,25372.839
2014-01-23,0.985,0.99,0.977,0.988,0.979,0.009,0.9193,115346.98,11384.44
2014-01-24,0.983,0.994,0.98,0.99,0.988,0.002,0.2024,134146.99,13247.096
2014-01-27,0.979,0.979,0.969,0.97,0.99,-0.02,-2.0202,28052.0,2722.491
2014-01-28,0.97,0.97,0.959,0.964,0.97,-0.006,-0.6186,43444.0,4183.702
2014-01-29,0.97,0.979,0.97,0.977,0.964,0.013,1.3485,41182.0,4011.234
2014-01-30,0.965,0.967,0.961,0.967,0.977,-0.01,-1.0235,22712.0,2189.83
2014-02-07,0.963,0.973,0.962,0.973,0.967,0.006,0.6205,29875.99,2895.017
2014-02-10,0.973,0.98,0.97,0.97,0.973,-0.003,-0.3083,79147.18,7710.451
2014-02-11,0.966,0.98,0.966,0.975,0.97,0.005,0.5155,214255.98,20870.112
2014-02-12,0.978,0.989,0.975,0.987,0.975,0.012,1.2308,103932.13,10224.769
2014-02-13,0.98,0.991,0.98,0.987,0.987,0.0,0.0,59963.0,5930.564
2014-02-14,0.995,1.0,0.994,0.997,0.987,0.01,1.0132,93917.99,9351.591
2014-02-17,1.0,1.003,0.999,1.001,0.997,0.004,0.4012,93130.0,9321.102
2014-02-18,1.0,1.002,0.999,1.0,1.001,-0.001,-0.0999,68322.99,6833.306
2014-02-19,1.0,1.004,1.0,1.004,1.0,0.004,0.4,119844.0,12005.533
2014-02-20,1.0,1.002,0.995,1.0,1.004,-0.004,-0.3984,32449.0,3240.35
2014-02-21,1.001,1.006,1.001,1.003,1.0,0.003,0.3,74748.95,7510.051
2014-02-24,1.004,1.005,1.002,1.005,1.003,0.002,0.1994,37325.0,3745.747
2014-02-25,1.009,1.013,1.009,1.013,1.005,0.008,0.796,124849.0,12615.654
2014-02-26,1.009,1.016,1.009,1.016,1.013,0.003,0.2962,72219.99,7318.937
2014-02-27,1.016,1.016,1.011,1.015,1.016,-0.001,-0.0984,27036.99,2738.662
2014-02-28,1.019,1.026,1.016,1.024,1.015,0.009,0.8867,43343.99,4422.678
2014-03-03,1.025,1.03,1.02,1.026,1.024,0.002,0.1953,30975.98,3176.651
2014-03-04,1.022,1.023,1.016,1.022,1.026,-0.004,-0.3899,47514.0,4842.956
2014-03-05,1.039,1.039,1.027,1.031,1.022,0.009,0.8806,43287.71,4457.56
2014-03-06,1.03,1.034,1.028,1.033,1.031,0.002,0.194,35549.99,3662.874
2014-03-07,1.04,1.04,1.03,1.034,1.033,0.001,0.0968,36489.7,3770.353
2014-03-10,1.034,1.035,1.03,1.031,1.034,-0.003,-0.2901,35678.0,3682.825
2014-03-11,1.03,1.039,1.03,1.039,1.031,0.008,0.7759,44359.4,4586.106
2014-03-12,1.032,1.035,1.028,1.029,1.039,-0.01,-0.9625,43173.0,4449.45
2014-03-13,1.031,1.035,1.027,1.034,1.029,0.005,0.4859,63323.0,6522.613
2014-03-14,1.024,1.024,1.018,1.018,1.034,-0.016,-1.5474,37631.97,3843.551
2014-03-17,1.018,1.023,1.018,1.022,1.018,0.004,0.3929,27102.0,2764.225
2014-03-18,1.029,1.034,1.027,1.033,1.022,0.011,1.0763,25477.99,2626.432
2014-03-19,1.034,1.039,1.0,1.037,1.033,0.004,0.3872,19267.0,1993.999
2014-03-20,1.035,1.035,1.02,1.03,1.037,-0.007,-0.675,32017.0,3297.04
2014-03-21,1.036,1.037,1.033,1.033,1.03,0.003,0.2913,35795.0,3707.209
2014-03-24,1.031,1.034,1.031,1.033,1.033,0.0,0.0,15956.5,1646.603
2014-03-25,1.032,1.032,1.026,1.031,1.033,-0.002,-0.1936,17888.0,1842.746
2014-03-26,1.036,1.037,1.033,1.036,1.031,0.005,0.485,21841.0,2262.284
2014-03-27,1.033,1.033,1.027,1.029,1.036,-0.007,-0.6757,14928.0,1534.916
2014-03-28,1.027,1.028,1.025,1.028,1.029,-0.001,-0.0972,19256.97,1975.755
2014-03-31,1.032,1.033,1.029,1.033,1.028,0.005,0.4864,17046.0,1758.929
2014-04-01,1.038,1.04,1.038,1.04,1.033,0.007,0.6776,28957.41,3009.94
2014-04-02,1.04,1.049,1.04,1.048,1.04,0.008,0.7692,33295.3,3483.301
2014-04-03,1.047,1.051,1.047,1.05,1.048,0.002,0.1908,26143.0,2744.779
2014-04-04,1.049,1.05,1.047,1.049,1.05,-0.001,-0.0952,16779.0,1760.048
2014-04-08,1.022,1.03,1.022,1.029,1.049,-0.02,-1.9066,26032.97,2670.596
2014-04-09,1.035,1.035,1.027,1.03,1.029,0.001,0.0972,18880.99,1943.846
2014-04-10,1.04,1.04,1.035,1.038,1.03,0.008,0.7767,27942.0,2899.155
2014-04-11,1.008,1.016,1.008,1.014,1.038,-0.024,-2.3121,35147.0,3564.736
2014-04-14,1.009,1.009,1.005,1.008,1.014,-0.006,-0.5917,9347.9,940.656
2014-04-15,1.01,1.018,1.01,1.018,1.008,0.01,0.9921,28271.9,2876.405
2014-04-16,1.025,1.026,1.023,1.026,1.018,0.008,0.7859,5849.0,599.262
2014-04-17,1.037,1.037,1.032,1.033,1.026,0.007,0.6823,25880.9,2678.901
2014-04-18,1.037,1.037,1.032,1.034,1.033,0.001,0.0968,18468.0,1910.419
2014-04-21,1.034,1.037,1.034,1.034,1.034,0.0,0.0,12772.0,1322.897
2014-04-22,1.039,1.039,1.036,1.038,1.034,0.004,0.3868,23748.0,2464.742
2014-04-23,1.04,1.045,1.04,1.042,1.038,0.004,0.3854,31487.0,3282.516
2014-04-24,1.042,1.044,1.041,1.044,1.042,0.002,0.1919,29893.0,3116.874
2014-04-25,1.044,1.046,1.042,1.043,1.044,-0.001,-0.0958,20388.0,2129.227
2014-04-28,1.037,1.037,1.032,1.032,1.043,-0.011,-1.0547,9752.99,1007.919
2014-04-29,1.036,1.04,1.036,1.038,1.032,0.006,0.5814,13310.0,1383.311
2014-04-30,1.043,1.043,0.992,1.04,1.038,0.002,0.1927,26267.0,2664.533
2014-05-05,1.042,1.044,1.041,1.041,1.04,0.001,0.0962,6249.0,651.363
2014-05-06,1.045,1.048,1.044,1.048,1.041,0.007,0.6724,34666.6,3631.724
2014-05-07,1.035,1.038,1.035,1.038,1.048,-0.01,-0.9542,12952.0,1343.637
2014-05-08,1.042,1.042,1.04,1.042,1.038,0.004,0.3854,3552.0,369.815
2014-05-09,1.042,1.042,1.039,1.041,1.042,-0.001,-0.096,6385.0,664.127
2014-05-12,1.04,1.044,1.04,1.043,1.041,0.002,0.1921,5954.0,620.704
2014-05-13,1.045,1.053,1.045,1.051,1.043,0.008,0.767,25153.0,2644.597
2014-05-14,1.053,1.057,1.052,1.055,1.051,0.004,0.3806,41321.0,4358.586
2014-05-15,1.053,1.053,1.05,1.052,1.055,-0.003,-0.2844,34416.0,3618.615
2014-05-16,1.043,1.044,1.042,1.043,1.052,-0.009,-0.8555,50364.0,5250.573
2014-05-19,1.042,1.046,1.042,1.045,1.043,0.002,0.1918,14727.0,1539.731
2014-05-20,1.043,1.048,1.043,1.047,1.045,0.002,0.1914,23984.0,2507.781
2014-05-21,1.04,1.041,1.039,1.041,1.047,-0.006,-0.5731,9758.5,1014.978
2014-05-22,1.049,1.052,1.048,1.052,1.041,0.011,1.0567,31257.0,3284.094
2014-05-23,1.052,1.053,1.05,1.05,1.052,-0.002,-0.1901,9611.0,1009.464
2014-05-26,1.056,1.056,1.054,1.056,1.05,0.006,0.5714,19774.0,2086.165
2014-05-27,1.056,1.056,1.054,1.056,1.056,0.0,0.0,27231.0,2873.607
2014-05-28,1.061,1.062,1.06,1.061,1.056,0.005,0.4735,12368.0,1311.834
2014-05-29,1.06,1.062,1.059,1.062,1.061,0.001,0.0943,16536.28,1753.714
2014-05-30,1.066,1.068,1.066,1.067,1.062,0.005,0.4708,32842.0,3503.491
2014-06-03,1.078,1.078,1.068,1.071,1.067,0.004,0.3749,7623.99,815.446
2014-06-04,1.069,1.074,1.068,1.073,1.071,0.002,0.1867,29054.0,3113.118
2014-06-05,1.098,1.098,1.071,1.075,1.073,0.002,0.1864,24277.01,2607.712
2014-06-06,1.083,1.084,1.08,1.084,1.075,0.009,0.8372,16435.78,1778.925
2014-06-09,1.087,1.087,1.083,1.086,1.084,0.002,0.1845,10856.0,1177.522
2014-06-10,1.087,1.087,1.083,1.084,1.086,-0.002,-0.1842,6784.48,735.829
2014-06-11,1.084,1.084,1.081,1.082,1.084,-0.002,-0.1845,4277.0,462.857
2014-06-12,1.078,1.08,1.077,1.079,1.082,-0.003,-0.2773,3589.0,387.126
2014-06-13,1.068,1.073,1.068,1.071,1.079,-0.008,-0.7414,5345.0,572.541
2014-06-16,1.072,1.075,1.072,1.073,1.071,0.002,0.1867,3996.0,428.82
2014-06-17,1.073,1.075,1.073,1.075,1.073,0.002,0.1864,2206.0,237.064
2014-06-18,1.076,1.078,1.076,1.076,1.075,0.001,0.093,5730.0,616.632
2014-06-19,1.085,1.09,1.083,1.09,1.076,0.014,1.3011,20428.0,2221.303
2014-06-20,1.086,1.091,1.086,1.091,1.09,0.001,0.0917,7012.0,763.967
2014-06-23,1.1,1.186,1.089,1.092,1.091,0.001,0.0917,5688.0,624.059
2014-06-24,1.09,1.092,1.089,1.092,1.092,0.0,0.0,7660.0,835.43
2014-06-25,1.088,1.088,1.082,1.084,1.092,-0.008,-0.7326,6131.0,664.36
2014-06-26,1.087,1.09,1.087,1.09,1.084,0.006,0.5535,4379.0,476.713
2014-06-27,1.09,1.091,1.086,1.091,1.09,0.001,0.0917,6979.0,759.648
2014-06-30,1.092,1.094,1.09,1.093,1.091,0.002,0.1833,17273.9,1886.125
2014-07-01,1.091,1.094,1.091,1.093,1.093,0.0,0.0,9491.0,1036.926
2014-07-02,1.096,1.099,1.096,1.099,1.093,0.006,0.5489,6108.0,670.318
2014-07-03,1.094,1.099,1.094,1.097,1.099,-0.002,-0.182,5035.0,552.645
2014-07-04,1.102,1.105,1.101,1.105,1.097,0.008,0.7293,14645.53,1615.105
2014-07-07,1.105,1.105,1.102,1.105,1.105,0.0,0.0,13776.15,1520.304
2014-07-08,1.102,1.102,1.095,1.101,1.105,-0.004,-0.362,11768.0,1293.188
2014-07-09,1.095,1.095,1.091,1.095,1.101,-0.006,-0.545,16262.32,1776.686
2014-07-10,1.095,1.099,1.095,1.099,1.095,0.004,0.3653,12149.55,1334.028
2014-07-11,1.095,1.095,1.091,1.093,1.099,-0.006,-0.546,6720.55,733.75
2014-07-14,1.094,1.094,1.09,1.093,1.093,0.0,0.0,11123.4,1214.794
2014-07-15,1.092,1.099,1.092,1.098,1.093,0.005,0.4575,5942.0,652.455
2014-07-16,1.091,1.095,1.091,1.095,1.098,-0.003,-0.2732,5685.0,622.021
2014-07-17,1.098,1.1,1.098,1.098,1.095,0.003,0.274,6054.0,665.427
2014-07-18,1.087,1.089,1.084,1.088,1.098,-0.01,-0.9107,11023.0,1198.652
2014-07-21,1.092,1.1,1.092,1.1,1.088,0.012,1.1029,15648.62,1718.65
2014-07-22,1.095,1.098,1.095,1.098,1.1,-0.002,-0.1818,4650.0,510.119
2014-07-23,1.1,1.101,1.097,1.1,1.098,0.002,0.1821,9023.56,991.659
2014-07-24,1.104,1.104,1.099,1.1,1.1,0.0,0.0,5421.99,596.741
2014-07-25,1.1,1.103,1.098,1.1,1.1,0.0,0.0,8758.0,964.137
2014-07-28,1.098,1.099,1.095,1.099,1.1,-0.001,-0.0909,17011.0,1868.114
2014-07-29,1.095,1.099,1.095,1.099,1.099,0.0,0.0,7159.0,785.166
2014-07-30,1.094,1.095,1.092,1.095,1.099,-0.004,-0.364,6457.0,706.012
2014-07-31,1.09,1.094,1.09,1.094,1.095,-0.001,-0.0913,5649.0,617.142
2014-08-01,1.07,1.076,1.068,1.076,1.094,-0.018,-1.6453,38802.01,4156.652
2014-08-04,1.071,1.073,1.07,1.073,1.076,-0.003,-0.2788,8023.95,859.276
2014-08-05,1.077,1.077,1.072,1.074,1.073,0.001,0.0932,28032.95,3008.449
2014-08-06,1.068,1.069,1.066,1.067,1.074,-0.007,-0.6518,9198.99,981.381
2014-08-07,1.068,1.069,1.067,1.068,1.067,0.001,0.0937,3018.0,322.236
2014-08-08,1.068,1.068,1.061,1.062,1.068,-0.006,-0.5618,12827.0,1362.138
2014-08-11,1.069,1.074,1.069,1.074,1.062,0.012,1.1299,13425.0,1439.165
2014-08-12,1.074,1.077,1.073,1.073,1.074,-0.001,-0.0931,5731.0,615.577
2014-08-13,1.074,1.074,1.07,1.072,1.073,-0.001,-0.0932,6211.0,665.519
2014-08-14,1.068,1.08,1.068,1.08,1.072,0.008,0.7463,6063.0,653.638
2014-08-15,1.084,1.086,1.083,1.086,1.08,0.006,0.5556,5477.0,594.264
2014-08-18,1.085,1.087,1.082,1.086,1.086,0.0,0.0,12618.0,1368.465
2014-08-19,1.086,1.095,1.086,1.095,1.086,0.009,0.8287,5417.0,591.714
2014-08-20,1.098,1.1,1.098,1.1,1.095,0.005,0.4566,10223.0,1123.402
2014-08-21,1.1,1.102,1.1,1.101,1.1,0.001,0.0909,4916.0,541.215
2014-08-22,1.102,1.106,1.102,1.106,1.101,0.005,0.4541,4790.5,529.549
2014-08-25,1.106,1.106,1.103,1.104,1.106,-0.002,-0.1808,3642.5,402.134
2014-08-26,1.108,1.11,1.108,1.109,1.104,0.005,0.4529,7349.0,814.82
2014-08-27,1.11,1.111,1.109,1.109,1.109,0.0,0.0,7678.0,851.978
2014-08-28,1.11,1.111,1.108,1.108,1.109,-0.001,-0.0902,8664.56,960.775
2014-08-29,1.108,1.109,1.105,1.107,1.108,-0.001,-0.0903,7744.0,857.153
2014-09-01,1.111,1.114,1.11,1.111,1.107,0.004,0.3613,3637.0,404.24
2014-09-02,1.111,1.116,1.111,1.116,1.111,0.005,0.45,7939.5,884.48
2014-09-03,1.113,1.115,1.111,1.112,1.116,-0.004,-0.3584,13233.0,1471.18
2014-09-04,1.11,1.112,1.109,1.109,1.112,-0.003,-0.2698,13290.68,1475.326
2014-09-05,1.11,1.11,1.107,1.108,1.109,-0.001,-0.0902,6747.5,747.502
2014-09-09,1.107,1.113,1.107,1.107,1.108,-0.001,-0.0903,4604.0,510.214
2014-09-10,1.1,1.104,1.1,1.102,1.107,-0.005,-0.4517,5466.0,602.568
2014-09-11,1.102,1.106,1.102,1.102,1.102,0.0,0.0,5917.56,652.893
2014-09-12,1.102,1.108,1.102,1.107,1.102,0.005,0.4537,7163.0,792.452
2014-09-15,1.102,1.103,1.1,1.102,1.107,-0.005,-0.4517,5932.0,653.232
2014-09-16,1.101,1.101,1.096,1.096,1.102,-0.006,-0.5445,4581.0,502.687
2014-09-17,1.097,1.107,1.097,1.106,1.096,0.01,0.9124,4287.0,474.001
2014-09-18,1.109,1.109,1.106,1.107,1.106,0.001,0.0904,4070.0,450.813
2014-09-19,1.114,1.118,1.113,1.118,1.107,0.011,0.9937,9250.0,1032.068
2014-09-22,1.118,1.118,1.112,1.113,1.118,-0.005,-0.4472,1920.0,213.885
2014-09-23,1.107,1.107,1.102,1.105,1.113,-0.008,-0.7188,3696.0,407.831
2014-09-24,1.101,1.101,1.095,1.099,1.105,-0.006,-0.543,8407.0,922.039
2014-09-25,1.105,1.106,1.103,1.105,1.099,0.006,0.546,6534.0,721.27
2014-09-26,1.096,1.096,1.088,1.088,1.105,-0.017,-1.5385,5986.0,653.274
2014-09-29,1.095,1.1,1.095,1.098,1.088,0.01,0.9191,8633.0,947.299
2014-09-30,1.098,1.098,1.093,1.098,1.098,0.0,0.0,11897.0,1304.162
2014-10-08,1.088,1.088,1.073,1.076,1.098,-0.022,-2.0036,13997.0,1505.913
2014-10-09,1.088,1.097,1.088,1.096,1.076,0.02,1.8587,16390.0,1794.812
2014-10-10,1.079,1.079,1.069,1.074,1.096,-0.022,-2.0073,15622.01,1676.042
2014-10-13,1.062,1.062,1.056,1.06,1.074,-0.014,-1.3035,18308.0,1936.638
2014-10-14,1.05,1.052,1.041,1.051,1.06,-0.009,-0.8491,44729.0,4686.666
2014-10-15,1.05,1.05,1.044,1.049,1.051,-0.002,-0.1903,9343.0,978.366
2014-10-16,1.048,1.048,1.033,1.039,1.049,-0.01,-0.9533,28037.99,2906.092
2014-10-17,1.05,1.05,1.037,1.04,1.039,0.001,0.0962,18583.0,1932.016
2014-10-20,1.051,1.051,1.048,1.05,1.04,0.01,0.9615,14610.0,1533.199
2014-10-21,1.059,1.059,1.055,1.057,1.05,0.007,0.6667,20242.0,2138.817
2014-10-22,1.076,1.079,1.072,1.078,1.057,0.021,1.9868,27751.0,2985.667
2014-10-23,1.07,1.073,1.069,1.072,1.078,-0.006,-0.5566,12930.0,1385.467
2014-10-24,1.082,1.085,1.077,1.078,1.072,0.006,0.5597,4645.0,500.935
2014-10-27,1.085,1.092,1.08,1.088,1.078,0.01,0.9276,9283.1,1010.761
2014-10-28,1.087,1.09,1.086,1.088,1.088,0.0,0.0,5084.5,553.298
2014-10-29,1.091,1.096,1.091,1.093,1.088,0.005,0.4596,16541.0,1809.407
2014-10-30,1.093,1.096,1.092,1.092,1.093,-0.001,-0.0915,7796.0,852.434
2014-10-31,1.095,1.11,1.095,1.107,1.092,0.015,1.3736,22691.0,2502.461
2014-11-03,1.107,1.118,1.107,1.116,1.107,0.009,0.813,9826.0,1096.256
2014-11-04,1.114,1.116,1.112,1.113,1.116,-0.003,-0.2688,4830.0,537.727
2014-11-05,1.11,1.114,1.11,1.113,1.113,0.0,0.0,4864.0,541.199
2014-11-06,1.116,1.12,1.116,1.117,1.113,0.004,0.3594,7780.0,869.386
2014-11-07,1.12,1.125,1.12,1.125,1.117,0.008,0.7162,7810.1,877.487
2014-11-10,1.124,1.126,1.122,1.122,1.125,-0.003,-0.2667,13413.0,1507.202
2014-11-11,1.122,1.13,1.122,1.129,1.122,0.007,0.6239,7803.0,880.315
2014-11-12,1.129,1.129,1.124,1.126,1.129,-0.003,-0.2657,1550.0,174.454
2014-11-13,1.124,1.127,1.123,1.123,1.126,-0.003,-0.2664,6449.0,725.219
2014-11-14,1.123,1.125,1.122,1.123,1.123,0.0,0.0,14149.0,1589.793
2014-11-17,1.123,1.127,1.119,1.119,1.123,-0.004,-0.3562,9279.0,1040.373
2014-11-18,1.121,1.125,1.121,1.123,1.119,0.004,0.3575,5753.0,646.001
2014-11-19,1.124,1.133,1.124,1.132,1.123,0.009,0.8014,10869.0,1229.642
2014-11-20,1.128,1.129,1.127,1.127,1.132,-0.005,-0.4417,4167.0,469.925
2014-11-21,1.129,1.131,1.129,1.13,1.127,0.003,0.2662,6207.0,701.319
2014-11-24,1.136,1.137,1.127,1.127,1.13,-0.003,-0.2655,21934.0,2482.902
2014-11-25,1.127,1.14,1.127,1.136,1.127,0.009,0.7986,8454.0,960.335
2014-11-26,1.137,1.138,1.135,1.137,1.136,0.001,0.088,3353.0,381.202
2014-11-27,1.14,1.141,1.139,1.139,1.137,0.002,0.1759,3947.0,449.743
2014-11-28,1.14,1.142,1.139,1.139,1.139,0.0,0.0,7282.99,830.066
2014-12-01,1.137,1.138,1.131,1.132,1.139,-0.007,-0.6146,8919.0,1011.834
2014-12-02,1.128,1.13,1.126,1.127,1.132,-0.005,-0.4417,9702.11,1094.796
2014-12-03,1.13,1.137,1.13,1.134,1.127,0.007,0.6211,14607.0,1655.897
2014-12-04,1.135,1.142,1.135,1.139,1.134,0.005,0.4409,7194.0,819.066
2014-12-05,1.136,1.139,1.132,1.136,1.139,-0.003,-0.2634,14882.13,1689.355
2014-12-08,1.141,1.143,1.139,1.141,1.136,0.005,0.4401,5409.0,617.247
2014-12-09,1.132,1.133,1.13,1.13,1.141,-0.011,-0.9641,8931.0,1010.334
2014-12-10,1.135,1.135,1.13,1.133,1.13,0.003,0.2655,6232.0,705.762
2014-12-11,1.1,1.115,1.1,1.115,1.133,-0.018,-1.5887,10458.0,1158.806
2014-12-12,1.12,1.12,1.106,1.107,1.115,-0.008,-0.7175,32662.0,3629.455
2014-12-15,1.092,1.1,1.092,1.1,1.107,-0.007,-0.6323,13401.0,1470.839
2014-12-16,1.093,1.094,1.09,1.094,1.1,-0.006,-0.5455,18245.0,1993.721
2014-12-17,1.088,1.09,1.082,1.083,1.094,-0.011,-1.0055,18998.0,2057.972
2014-12-18,1.099,1.109,1.099,1.109,1.083,0.026,2.4007,10559.0,1168.862
2014-12-19,1.136,1.138,1.133,1.137,1.109,0.028,2.5248,12885.0,1463.607
2014-12-22,1.14,1.141,1.138,1.14,1.137,0.003,0.2639,12893.0,1468.921
2014-12-23,1.152,1.152,1.143,1.146,1.14,0.006,0.5263,5645.0,646.452
2014-12-24,1.153,1.153,1.147,1.15,1.146,0.004,0.349,10370.0,1192.524
2014-12-25,1.151,1.151,1.145,1.146,1.15,-0.004,-0.3478,1452.0,166.814
2014-12-26,1.152,1.152,1.143,1.146,1.146,0.0,0.0,7703.01,882.142
2014-12-29,1.146,1.153,1.146,1.152,1.146,0.006,0.5236,16949.0,1950.924
2014-12-30,1.15,1.152,1.148,1.149,1.152,-0.003,-0.2604,5198.0,597.459
2014-12-31,1.14,1.148,1.14,1.148,1.149,-0.001,-0.087,6697.0,767.446
2015-01-05,1.14,1.14,1.133,1.134,1.148,-0.014,-1.2195,18312.0,2076.991
2015-01-06,1.118,1.118,1.11,1.114,1.134,-0.02,-1.7637,16791.29,1865.937
2015-01-07,1.113,1.113,1.103,1.108,1.114,-0.006,-0.5386,35035.0,3878.815
2015-01-08,1.123,1.128,1.119,1.128,1.108,0.02,1.8051,37804.0,4250.643
2015-01-09,1.14,1.145,1.14,1.143,1.128,0.015,1.3298,28378.99,3243.374
2015-01-12,1.143,1.143,1.129,1.134,1.143,-0.009,-0.7874,18450.0,2092.078
2015-01-13,1.129,1.129,1.119,1.122,1.134,-0.012,-1.0582,14010.0,1572.214
2015-01-14,1.123,1.123,1.116,1.117,1.122,-0.005,-0.4456,16125.0,1801.544
2015-01-15,1.115,1.116,1.111,1.116,1.117,-0.001,-0.0895,20123.29,2240.306
2015-01-16,1.108,1.114,1.101,1.112,1.116,-0.004,-0.3584,43548.0,4819.628
2015-01-19,1.119,1.125,1.115,1.116,1.112,0.004,0.3597,62662.3,7005.56
2015-01-20,1.119,1.12,1.116,1.119,1.116,0.003,0.2688,27376.0,3059.98
2015-01-21,1.12,1.124,1.116,1.123,1.119,0.004,0.3575,48367.01,5413.111
2015-01-22,1.124,1.136,1.123,1.133,1.123,0.01,0.8905,94706.0,10706.071
2015-01-23,1.159,1.185,1.148,1.152,1.133,0.019,1.677,167192.0,19311.854
2015-01-26,1.151,1.151,1.135,1.137,1.152,-0.015,-1.3021,64038.0,7287.594
2015-01-27,1.139,1.143,1.139,1.141,1.137,0.004,0.3518,213533.0,24364.392
2015-01-28,1.127,1.13,1.124,1.129,1.141,-0.012,-1.0517,179273.0,20180.867
2015-01-29,1.117,1.117,1.112,1.115,1.129,-0.014,-1.24,29060.0,3236.473
2015-01-30,1.123,1.127,1.12,1.123,1.115,0.008,0.7175,33579.0,3770.621
2015-02-02,1.109,1.114,1.104,1.112,1.123,-0.011,-0.9795,102268.0,11353.297
2015-02-03,1.126,1.128,1.121,1.124,1.112,0.012,1.0791,118054.0,13262.092
2015-02-04,1.132,1.138,1.132,1.134,1.124,0.01,0.8897,36736.0,4173.66
2015-02-05,1.13,1.133,1.126,1.127,1.134,-0.007,-0.6173,39745.0,4484.97
2015-02-06,1.13,1.142,1.13,1.136,1.127,0.009,0.7986,30299.0,3450.992
2015-02-09,1.136,1.136,1.13,1.136,1.136,0.0,0.0,103125.0,11704.049
2015-02-10,1.13,1.133,1.128,1.129,1.136,-0.007,-0.6162,12468.0,1407.98
2015-02-11,1.135,1.144,1.135,1.143,1.129,0.014,1.24,19440.01,2220.887
2015-02-12,1.142,1.144,1.141,1.142,1.143,-0.001,-0.0875,241494.0,27599.533
2015-02-13,1.152,1.16,1.151,1.157,1.142,0.015,1.3135,203103.0,23486.931
2015-02-16,1.159,1.16,1.157,1.16,1.157,0.003,0.2593,255433.0,29589.395
2015-02-17,1.157,1.162,1.157,1.162,1.16,0.002,0.1724,1226358.0,142150.059
2015-02-25,1.169,1.175,1.168,1.171,1.162,0.009,0.7745,667886.0,78303.151
2015-02-26,1.172,1.172,1.168,1.17,1.171,-0.001,-0.0854,927816.0,108580.845
2015-02-27,1.17,1.171,1.169,1.17,1.17,0.0,0.0,1760984.01,206097.894
2015-03-02,1.17,1.17,1.164,1.17,1.17,0.0,0.0,1323628.02,154607.77
2015-03-03,1.175,1.179,1.173,1.177,1.17,0.007,0.5983,742756.0,87445.478
2015-03-04,1.177,1.177,1.171,1.175,1.177,-0.002,-0.1699,2449820.0,287685.544
2015-03-05,1.169,1.174,1.169,1.174,1.175,-0.001,-0.0851,3599890.11,422010.485
2015-03-06,1.175,1.179,1.175,1.177,1.174,0.003,0.2555,716200.0,84315.674
2015-03-09,1.166,1.17,1.16,1.166,1.177,-0.011,-0.9346,333964.0,38884.22
2015-03-10,1.168,1.169,1.162,1.166,1.166,0.0,0.0,1702962.0,198625.497
2015-03-11,1.153,1.153,1.143,1.145,1.166,-0.021,-1.801,1271336.0,145820.433
2015-03-12,1.145,1.15,1.145,1.15,1.145,0.005,0.4367,1172541.0,134614.062
2015-03-13,1.172,1.172,1.154,1.155,1.15,0.005,0.4348,1728277.0,200237.316
2015-03-16,1.155,1.156,1.15,1.151,1.155,-0.004,-0.3463,2747665.0,317077.718
2015-03-17,1.162,1.166,1.16,1.162,1.151,0.011,0.9557,1043729.0,121291.348
2015-03-18,1.159,1.16,1.157,1.157,1.162,-0.005,-0.4303,630822.0,73132.429
2015-03-19,1.167,1.174,1.167,1.172,1.157,0.015,1.2965,1564155.0,183144.791
2015-03-20,1.169,1.169,1.163,1.165,1.172,-0.007,-0.5973,264751.0,30866.529
2015-03-23,1.173,1.176,1.172,1.174,1.165,0.009,0.7725,6705499.0,787656.844
2015-03-24,1.178,1.178,1.166,1.167,1.174,-0.007,-0.5963,7456487.29,874307.998
2015-03-25,1.164,1.165,1.158,1.158,1.167,-0.009,-0.7712,10367146.0,1204723.263
2015-03-26,1.148,1.148,1.141,1.142,1.158,-0.016,-1.3817,11933077.0,1365433.344
2015-03-27,1.141,1.146,1.14,1.144,1.142,0.002,0.1751,7114702.0,814404.474
2015-03-30,1.146,1.147,1.141,1.142,1.144,-0.002,-0.1748,1344132.0,154012.719
2015-03-31,1.153,1.157,1.15,1.152,1.142,0.01,0.8757,236224.0,27243.184
2015-04-01,1.146,1.147,1.141,1.145,1.152,-0.007,-0.6076,1048109.0,119957.991
2015-04-02,1.141,1.146,1.139,1.145,1.145,0.0,0.0,666386.0,76204.976
2015-04-03,1.145,1.146,1.144,1.144,1.145,-0.001,-0.0873,289139.0,33105.683
2015-04-07,1.148,1.152,1.146,1.148,1.144,0.004,0.3497,362331.0,41602.839
2015-04-08,1.147,1.15,1.142,1.146,1.148,-0.002,-0.1742,1176733.0,135015.5
2015-04-09,1.147,1.147,1.143,1.145,1.146,-0.001,-0.0873,1113572.0,127530.053
2015-04-10,1.148,1.152,1.148,1.15,1.145,0.005,0.4367,436367.0,50161.132
2015-04-13,1.152,1.155,1.147,1.15,1.15,0.0,0.0,631408.0,72702.304
2015-04-14,1.149,1.15,1.145,1.147,1.15,-0.003,-0.2609,1423981.0,163470.067
2015-04-15,1.147,1.15,1.147,1.147,1.147,0.0,0.0,378931.0,43522.354
2015-04-16,1.148,1.156,1.148,1.149,1.147,0.002,0.1744,634066.0,73186.143
2015-04-17,1.149,1.157,1.149,1.155,1.149,0.006,0.5222,1649771.0,190574.777
2015-04-20,1.15,1.151,1.143,1.147,1.155,-0.008,-0.6926,384263.98,44129.908
2015-04-21,1.153,1.16,1.153,1.157,1.147,0.01,0.8718,970171.08,112242.091
2015-04-22,1.153,1.154,1.151,1.154,1.157,-0.003,-0.2593,125476.9,14466.304
2015-04-23,1.16,1.161,1.157,1.158,1.154,0.004,0.3466,1260021.6,146093.622
2015-04-24,1.162,1.168,1.162,1.163,1.158,0.005,0.4318,388203.9,45179.87
2015-04-27,1.167,1.169,1.164,1.167,1.163,0.004,0.3439,611815.09,71448.609
2015-04-28,1.167,1.167,1.16,1.163,1.167,-0.004,-0.3428,955432.0,111359.37
2015-04-29,1.169,1.169,1.163,1.166,1.163,0.003,0.258,77401.0,9029.809
2015-04-30,1.164,1.164,1.157,1.16,1.166,-0.006,-0.5146,175124.0,20311.459
2015-05-04,1.161,1.161,1.158,1.16,1.16,0.0,0.0,827915.0,96001.643
2015-05-05,1.16,1.168,1.16,1.165,1.16,0.005,0.431,237586.0,27656.82
2015-05-06,1.158,1.16,1.151,1.152,1.165,-0.013,-1.1159,360735.0,41615.219
2015-05-07,1.148,1.15,1.145,1.15,1.152,-0.002,-0.1736,268845.9,30889.507
2015-05-08,1.153,1.163,1.15,1.155,1.15,0.005,0.4348,566787.0,65349.6
2015-05-11,1.163,1.168,1.161,1.163,1.155,0.008,0.6926,228983.0,26615.203
2015-05-12,1.163,1.163,1.159,1.162,1.163,-0.001,-0.086,373759.0,43394.796
2015-05-13,1.16,1.161,1.154,1.159,1.162,-0.003,-0.2582,1081850.24,125402.58
2015-05-14,1.155,1.16,1.154,1.155,1.159,-0.004,-0.3451,194512.0,22513.862
2015-05-15,1.16,1.167,1.16,1.164,1.155,0.009,0.7792,951014.24,110769.488
2015-05-18,1.161,1.165,1.161,1.163,1.164,-0.001,-0.0859,400337.0,46546.478
2015-05-19,1.164,1.169,1.164,1.169,1.163,0.006,0.5159,51052.0,5961.852
2015-05-20,1.167,1.17,1.167,1.168,1.169,-0.001,-0.0855,123126.0,14381.675
2015-05-21,1.168,1.169,1.16,1.166,1.168,-0.002,-0.1712,380715.0,44392.202
2015-05-22,1.167,1.171,1.167,1.171,1.166,0.005,0.4288,929728.0,108757.304
2015-05-25,1.169,1.179,1.163,1.17,1.171,-0.001,-0.0854,314270.0,36799.662
2015-05-26,1.17,1.171,1.165,1.17,1.17,0.0,0.0,1153091.68,134913.674
2015-05-27,1.167,1.167,1.16,1.164,1.17,-0.006,-0.5128,590078.0,68581.451
2015-05-28,1.167,1.173,1.167,1.168,1.164,0.004,0.3436,561006.0,65656.398
2015-05-29,1.168,1.173,1.168,1.17,1.168,0.002,0.1712,2271626.0,265760.083
2015-06-01,1.17,1.17,1.159,1.163,1.17,-0.007,-0.5983,252808.0,29360.792
2015-06-02,1.164,1.166,1.161,1.164,1.163,0.001,0.086,2567812.0,298917.9
2015-06-03,1.164,1.164,1.157,1.158,1.164,-0.006,-0.5155,197785.0,22979.458
2015-06-04,1.158,1.17,1.158,1.165,1.158,0.007,0.6045,342938.0,39861.968
2015-06-05,1.164,1.164,1.153,1.162,1.165,-0.003,-0.2575,360747.0,41875.035
2015-06-08,1.162,1.165,1.158,1.164,1.162,0.002,0.1721,308879.0,35908.748
2015-06-09,1.163,1.163,1.153,1.156,1.164,-0.008,-0.6873,1773028.0,204632.094
2015-06-10,1.155,1.16,1.153,1.16,1.156,0.004,0.346,12152.0,1406.062
2015-06-11,1.169,1.173,1.165,1.167,1.16,0.007,0.6034,4264.0,497.691
2015-06-12,1.167,1.17,1.167,1.169,1.167,0.002,0.1714,7203.0,841.806
2015-06-15,1.164,1.164,1.157,1.157,1.169,-0.012,-1.0265,7871.0,911.711
2015-06-16,1.159,1.159,1.15,1.154,1.157,-0.003,-0.2593,421832.0,48721.5
2015-06-17,1.158,1.163,1.154,1.154,1.154,0.0,0.0,651899.0,75458.53
2015-06-18,1.156,1.162,1.15,1.155,1.154,0.001,0.0867,854010.0,98583.593
2015-06-19,1.16,1.168,1.158,1.159,1.155,0.004,0.3463,438334.0,50998.605
2015-06-23,1.161,1.175,1.161,1.166,1.159,0.007,0.604,296926.0,34627.932
2015-06-24,1.169,1.174,1.168,1.17,1.166,0.004,0.3431,1689201.0,198233.005
2015-06-25,1.149,1.165,1.149,1.164,1.17,-0.006,-0.5128,1119395.0,130084.693
2015-06-26,1.164,1.164,1.159,1.159,1.164,-0.005,-0.4296,5682.0,659.371
2015-06-29,1.159,1.163,1.154,1.159,1.159,0.0,0.0,374572.0,43377.515
2015-06-30,1.141,1.148,1.138,1.141,1.159,-0.018,-1.5531,707654.0,81037.396
2015-07-01,1.142,1.148,1.142,1.144,1.141,0.003,0.2629,61420.0,7021.859
2015-07-02,1.146,1.155,1.146,1.15,1.144,0.006,0.5245,398045.0,45695.629
2015-07-03,1.15,1.154,1.146,1.15,1.15,0.0,0.0,8211.0,943.24
2015-07-06,1.148,1.15,1.13,1.146,1.15,-0.004,-0.3478,362593.0,41385.131
2015-07-07,1.146,1.15,1.136,1.143,1.146,-0.003,-0.2618,5816.0,662.88
2015-07-08,1.14,1.149,1.036,1.119,1.143,-0.024,-2.0997,20075.0,2261.792
2015-07-09,1.11,1.17,1.061,1.118,1.119,-0.001,-0.0894,77505.0,8765.301
2015-07-10,1.118,1.16,1.115,1.123,1.118,0.005,0.4472,84311.0,9600.8
2015-07-13,1.14,1.143,1.131,1.134,1.123,0.011,0.9795,17779.0,2017.719
2015-07-14,1.144,1.165,1.142,1.157,1.134,0.023,2.0282,18462.99,2128.597
2015-07-15,1.159,1.172,1.159,1.165,1.157,0.008,0.6914,245880.99,28672.135
2015-07-16,1.166,1.168,1.155,1.159,1.165,-0.006,-0.515,119406.0,13840.482
2015-07-17,1.165,1.171,1.165,1.171,1.159,0.012,1.0354,193827.0,22658.118
2015-07-20,1.17,1.18,1.169,1.174,1.171,0.003,0.2562,208776.95,24542.151
2015-07-21,1.176,1.182,1.176,1.182,1.174,0.008,0.6814,133508.96,15715.118
2015-07-22,1.172,1.179,1.168,1.175,1.182,-0.007,-0.5922,11597.0,1361.809
2015-07-23,1.17,1.18,1.17,1.18,1.175,0.005,0.4255,9709.0,1141.589
2015-07-24,1.172,1.198,1.172,1.178,1.18,-0.002,-0.1695,68248.0,8061.144
2015-07-27,1.161,1.167,1.151,1.151,1.178,-0.027,-2.292,13230.0,1533.907
2015-07-28,1.158,1.159,1.149,1.152,1.151,0.001,0.0869,256585.0,29610.442
2015-07-29,1.162,1.169,1.162,1.165,1.152,0.013,1.1285,269877.4,31466.918
2015-07-30,1.18,1.18,1.172,1.176,1.165,0.011,0.9442,283958.0,33393.464
2015-07-31,1.173,1.181,1.173,1.177,1.176,0.001,0.085,98371.4,11582.021
2015-08-03,1.177,1.178,1.173,1.175,1.177,-0.002,-0.1699,261042.0,30668.998
2015-08-04,1.174,1.176,1.17,1.17,1.175,-0.005,-0.4255,64634.0,7575.816
2015-08-05,1.17,1.172,1.168,1.171,1.17,0.001,0.0855,5477.0,640.631
2015-08-06,1.172,1.176,1.172,1.175,1.171,0.004,0.3416,4850.0,569.42
2015-08-07,1.17,1.175,1.164,1.166,1.175,-0.009,-0.766,12226.0,1427.369
2015-08-10,1.171,1.171,1.165,1.168,1.166,0.002,0.1715,65787.0,7683.784
2015-08-11,1.18,1.265,1.176,1.2,1.168,0.032,2.7397,63841.81,7597.694
2015-08-12,1.199,1.216,1.189,1.2,1.2,0.0,0.0,48565.0,5822.095
2015-08-13,1.193,1.218,1.193,1.211,1.2,0.011,0.9167,21728.0,2626.417
2015-08-14,1.212,1.213,1.205,1.211,1.211,0.0,0.0,11443.0,1385.355
2015-08-17,1.217,1.229,1.217,1.225,1.211,0.014,1.1561,15087.0,1849.84
2015-08-18,1.229,1.234,1.229,1.231,1.225,0.006,0.4898,17222.0,2121.448
2015-08-19,1.23,1.233,1.225,1.226,1.231,-0.005,-0.4062,21117.0,2596.761
2015-08-20,1.223,1.225,1.214,1.216,1.226,-0.01,-0.8157,11585.0,1409.918
2015-08-21,1.2,1.2,1.187,1.191,1.216,-0.025,-2.0559,23419.01,2786.179
2015-08-24,1.149,1.149,1.106,1.124,1.191,-0.067,-5.6255,25846.0,2945.324
2015-08-25,1.073,1.14,1.073,1.11,1.124,-0.014,-1.2456,30460.0,3385.571
2015-08-26,1.119,1.138,1.078,1.113,1.11,0.003,0.2703,12972.0,1433.395
2015-08-27,1.16,1.16,1.13,1.142,1.113,0.029,2.6056,18808.0,2152.084
2015-08-28,1.149,1.164,1.149,1.162,1.142,0.02,1.7513,17491.0,2020.291
2015-08-31,1.16,1.162,1.144,1.157,1.162,-0.005,-0.4303,8014.0,925.661
2015-09-01,1.151,1.151,1.132,1.138,1.157,-0.019,-1.6422,9645.0,1098.447
2015-09-02,1.123,1.13,1.109,1.129,1.138,-0.009,-0.7909,5710.0,640.565
2015-09-07,1.139,1.139,1.122,1.13,1.129,0.001,0.0886,5785.0,652.067
2015-09-08,1.13,1.138,1.124,1.138,1.13,0.008,0.708,19480.0,2201.916
2015-09-09,1.155,1.155,1.145,1.152,1.138,0.014,1.2302,9482.0,1090.003
2015-09-10,1.132,1.137,1.132,1.137,1.152,-0.015,-1.3021,8187.0,929.575
2015-09-11,1.14,1.144,1.139,1.14,1.137,0.003,0.2639,4260.0,486.327
2015-09-14,1.145,1.151,1.144,1.147,1.14,0.007,0.614,6478.0,744.056
2015-09-15,1.13,1.146,1.13,1.14,1.147,-0.007,-0.6103,2042.0,232.831
2015-09-16,1.155,1.155,1.149,1.153,1.14,0.013,1.1404,4042.0,465.816
2015-09-17,1.16,1.164,1.16,1.164,1.153,0.011,0.954,8140.95,946.077
2015-09-18,1.16,1.16,1.156,1.159,1.164,-0.005,-0.4296,1583.0,183.314
2015-09-21,1.143,1.143,1.134,1.141,1.159,-0.018,-1.5531,11457.95,1305.286
2015-09-22,1.146,1.148,1.143,1.148,1.141,0.007,0.6135,8035.0,920.657
2015-09-23,1.136,1.136,1.123,1.134,1.148,-0.014,-1.2195,20335.0,2294.286
2015-09-24,1.133,1.134,1.131,1.133,1.134,-0.001,-0.0882,6496.0,735.263
2015-09-25,1.131,1.132,1.127,1.132,1.133,-0.001,-0.0883,5739.0,648.782
2015-09-28,1.128,1.13,1.127,1.128,1.132,-0.004,-0.3534,2195.0,247.548
2015-09-29,1.105,1.105,1.094,1.097,1.128,-0.031,-2.7482,9248.0,1017.342
2015-09-30,1.119,1.119,1.095,1.105,1.097,0.008,0.7293,19390.0,2132.361
2015-10-08,1.145,1.16,1.145,1.15,1.105,0.045,4.0724,20244.0,2331.857
2015-10-09,1.157,1.166,1.156,1.161,1.15,0.011,0.9565,9628.9,1119.304
2015-10-12,1.165,1.166,1.164,1.166,1.161,0.005,0.4307,3714.0,432.837
2015-10-13,1.164,1.167,1.161,1.163,1.166,-0.003,-0.2573,6921.0,806.226
2015-10-14,1.15,1.159,1.15,1.158,1.163,-0.005,-0.4299,2530.0,292.959
2015-10-15,1.156,1.159,1.153,1.159,1.158,0.001,0.0864,13204.0,1526.893
2015-10-16,1.166,1.174,1.166,1.168,1.159,0.009,0.7765,8924.0,1043.869
2015-10-19,1.18,1.18,1.171,1.173,1.168,0.005,0.4281,10024.0,1176.525
2015-10-20,1.178,1.18,1.177,1.178,1.173,0.005,0.4263,8997.0,1060.014
2015-10-21,1.179,1.18,1.173,1.174,1.178,-0.004,-0.3396,13094.0,1539.017
2015-10-22,1.175,1.175,1.163,1.171,1.174,-0.003,-0.2555,2437.0,285.55
2015-10-23,1.179,1.195,1.179,1.191,1.171,0.02,1.7079,17631.0,2102.244
2015-10-26,1.211,1.211,1.199,1.199,1.191,0.008,0.6717,7655.0,920.543
2015-10-27,1.2,1.205,1.198,1.201,1.199,0.002,0.1668,6877.0,825.301
2015-10-28,1.196,1.202,1.196,1.2,1.201,-0.001,-0.0833,2213.0,265.69
2015-10-29,1.22,1.22,1.21,1.211,1.2,0.011,0.9167,3418.0,414.369
2015-10-30,1.21,1.212,1.209,1.212,1.211,0.001,0.0826,2599.0,314.719
2015-11-02,1.212,1.212,1.204,1.205,1.212,-0.007,-0.5776,6324.0,761.966
2015-11-03,1.213,1.219,1.213,1.219,1.205,0.014,1.1618,1686.0,205.298
2015-11-04,1.222,1.222,1.218,1.221,1.219,0.002,0.1641,150819.0,18414.989
2015-11-05,1.222,1.222,1.217,1.22,1.221,-0.001,-0.0819,7915.9,964.522
2015-11-06,1.22,1.22,1.216,1.218,1.22,-0.002,-0.1639,3914.0,476.91
2015-11-09,1.218,1.221,1.216,1.221,1.218,0.003,0.2463,18635.0,2272.56
2015-11-10,1.213,1.213,1.202,1.209,1.221,-0.012,-0.9828,7436.0,898.341
2015-11-11,1.209,1.214,1.209,1.209,1.209,0.0,0.0,1774.0,214.539
2015-11-12,1.214,1.214,1.207,1.21,1.209,0.001,0.0827,1825.0,220.693
2015-11-13,1.2,1.2,1.19,1.193,1.21,-0.017,-1.405,9557.0,1141.436
2015-11-16,1.18,1.18,1.167,1.179,1.193,-0.014,-1.1735,13288.9,1562.276
2015-11-17,1.193,1.202,1.193,1.202,1.179,0.023,1.9508,20110.0,2411.457
2015-11-18,1.197,1.201,1.196,1.196,1.202,-0.006,-0.4992,2022.0,242.167
2015-11-19,1.201,1.223,1.201,1.219,1.196,0.023,1.9231,18830.99,2294.876
2015-11-20,1.221,1.224,1.219,1.223,1.219,0.004,0.3281,4921.0,601.181
2015-11-23,1.23,1.23,1.224,1.225,1.223,0.002,0.1635,5756.0,705.074
2015-11-24,1.225,1.225,1.22,1.223,1.225,-0.002,-0.1633,7918.0,967.728
2015-11-25,1.222,1.226,1.222,1.222,1.223,-0.001,-0.0818,3196.0,390.767
2015-11-26,1.222,1.226,1.221,1.225,1.222,0.003,0.2455,4465.0,546.442
2015-11-27,1.23,1.231,1.222,1.224,1.225,-0.001,-0.0816,6226.0,762.91
2015-11-30,1.224,1.233,1.221,1.23,1.224,0.006,0.4902,21096.0,2587.86
2015-12-01,1.218,1.23,1.218,1.228,1.23,-0.002,-0.1626,21009.0,2572.832
2015-12-02,1.235,1.238,1.235,1.237,1.228,0.009,0.7329,7892.0,975.064
2015-12-03,1.231,1.231,1.22,1.225,1.237,-0.012,-0.9701,10618.0,1298.781
2015-12-04,1.21,1.21,1.202,1.207,1.225,-0.018,-1.4694,30862.0,3719.371
2015-12-07,1.225,1.23,1.225,1.227,1.207,0.02,1.657,2836.0,348.283
2015-12-08,1.222,1.224,1.22,1.221,1.227,-0.006,-0.489,6287.0,768.506
2015-12-09,1.215,1.218,1.212,1.218,1.221,-0.003,-0.2457,5038.0,611.938
2015-12-10,1.214,1.214,1.209,1.212,1.218,-0.006,-0.4926,14504.0,1755.459
2015-12-11,1.212,1.218,1.212,1.215,1.212,0.003,0.2475,1880.0,228.516
2015-12-14,1.2,1.2,1.189,1.198,1.215,-0.017,-1.3992,9443.0,1129.287
2015-12-15,1.198,1.204,1.198,1.203,1.198,0.005,0.4174,19470.0,2337.736
2015-12-16,1.211,1.219,1.211,1.212,1.203,0.009,0.7481,6603.0,802.144
2015-12-17,1.239,1.24,1.226,1.227,1.212,0.015,1.2376,20389.0,2508.343
2015-12-18,1.219,1.219,1.209,1.211,1.227,-0.016,-1.304,13113.0,1589.2
2015-12-21,1.199,1.201,1.192,1.201,1.211,-0.01,-0.8258,19675.0,2358.572
2015-12-22,1.207,1.208,1.204,1.207,1.201,0.006,0.4996,3049.0,367.577
2015-12-23,1.215,1.216,1.211,1.211,1.207,0.004,0.3314,3881.0,470.174
2015-12-24,1.22,1.227,1.22,1.224,1.211,0.013,1.0735,9043.0,1106.219
2015-12-25,1.224,1.227,1.22,1.227,1.224,0.003,0.2451,3407.0,416.813
2015-12-28,1.224,1.228,1.22,1.223,1.227,-0.004,-0.326,5576.0,681.559
2015-12-29,1.22,1.226,1.22,1.225,1.223,0.002,0.1635,2223.0,271.985
2015-12-30,1.236,1.236,1.233,1.233,1.225,0.008,0.6531,4862.0,599.944
2015-12-31,1.231,1.234,1.224,1.234,1.233,0.001,0.0811,4333.0,533.175
2016-01-04,1.234,1.234,1.22,1.227,1.234,-0.007,-0.5673,12996.0,1589.673
2016-01-05,1.221,1.221,1.198,1.211,1.227,-0.016,-1.304,23603.0,2853.143
2016-01-06,1.215,1.216,1.205,1.214,1.211,0.003,0.2477,22323.0,2702.422
2016-01-07,1.2,1.202,1.196,1.202,1.214,-0.012,-0.9885,1464.0,175.807
2016-01-08,1.191,1.192,1.179,1.192,1.202,-0.01,-0.8319,25640.33,3034.639
2016-01-11,1.174,1.18,1.172,1.173,1.192,-0.019,-1.594,13133.33,1543.411
2016-01-12,1.18,1.18,1.171,1.179,1.173,0.006,0.5115,6409.0,752.504
2016-01-13,1.173,1.184,1.173,1.18,1.179,0.001,0.0848,3244.0,383.178
2016-01-14,1.16,1.166,1.153,1.164,1.18,-0.016,-1.3559,10278.0,1192.124
2016-01-15,1.17,1.172,1.167,1.171,1.164,0.007,0.6014,6702.0,784.449
2016-01-18,1.165,1.165,1.14,1.163,1.171,-0.008,-0.6832,3014.17,349.125
2016-01-19,1.145,1.18,1.145,1.179,1.163,0.016,1.3758,3343.0,389.248
2016-01-20,1.179,1.179,1.158,1.158,1.179,-0.021,-1.7812,3509.0,408.589
2016-01-21,1.158,1.17,1.146,1.146,1.158,-0.012,-1.0363,8249.0,955.138
2016-01-22,1.14,1.17,1.14,1.169,1.146,0.023,2.007,3589.0,416.155
2016-01-25,1.171,1.175,1.155,1.162,1.169,-0.007,-0.5988,5226.0,608.148
2016-01-26,1.155,1.155,1.136,1.136,1.162,-0.026,-2.2375,5825.0,666.567
2016-01-27,1.155,1.155,1.142,1.15,1.136,0.014,1.2324,2959.0,339.819
2016-01-28,1.146,1.149,1.138,1.14,1.15,-0.01,-0.8696,3535.0,403.676
2016-01-29,1.147,1.153,1.142,1.153,1.14,0.013,1.1404,4878.0,560.139
2016-02-01,1.164,1.173,1.164,1.166,1.153,0.013,1.1275,3338.0,389.112
2016-02-02,1.166,1.173,1.159,1.167,1.166,0.001,0.0858,4451.0,518.95
2016-02-03,1.147,1.166,1.147,1.165,1.167,-0.002,-0.1714,2541.0,294.826
2016-02-04,1.165,1.198,1.165,1.198,1.165,0.033,2.8326,6118.0,718.217
2016-02-05,1.19,1.193,1.15,1.193,1.198,-0.005,-0.4174,14895.0,1751.251
2016-02-15,1.18,1.188,1.145,1.181,1.193,-0.012,-1.0059,3706.0,435.723
2016-02-16,1.182,1.187,1.165,1.187,1.181,0.006,0.508,2836.0,334.508
2016-02-17,1.191,1.191,1.178,1.179,1.187,-0.008,-0.674,1551.0,183.257
2016-02-18,1.185,1.195,1.18,1.18,1.179,0.001,0.0848,4289.0,509.447
2016-02-19,1.18,1.186,1.166,1.177,1.18,-0.003,-0.2542,2292.0,269.785
2016-02-22,1.177,1.19,1.174,1.175,1.177,-0.002,-0.1699,2044.0,240.588
2016-02-23,1.183,1.187,1.178,1.178,1.175,0.003,0.2553,2997.0,354.473
2016-02-24,1.174,1.174,1.165,1.17,1.178,-0.008,-0.6791,3063.94,358.034
2016-02-25,1.17,1.179,1.165,1.17,1.17,0.0,0.0,3714.94,435.532
2016-02-26,1.175,1.24,1.175,1.188,1.17,0.018,1.5385,6278.5,748.938
2016-02-29,1.188,1.19,1.176,1.187,1.188,-0.001,-0.0842,2208.12,261.321
2016-03-01,1.18,1.187,1.171,1.184,1.187,-0.003,-0.2527,4513.0,531.784
2016-03-02,1.195,1.21,1.195,1.205,1.184,0.021,1.7736,9292.0,1118.965
2016-03-03,1.201,1.21,1.2,1.204,1.205,-0.001,-0.083,3299.0,397.256
2016-03-04,1.211,1.211,1.2,1.205,1.204,0.001,0.0831,3561.18,428.746
2016-03-07,1.21,1.212,1.206,1.211,1.205,0.006,0.4979,2978.27,360.12
2016-03-08,1.212,1.212,1.192,1.203,1.211,-0.008,-0.6606,4946.0,594.374
2016-03-09,1.198,1.199,1.182,1.195,1.203,-0.008,-0.665,3397.0,404.292
2016-03-10,1.192,1.199,1.192,1.196,1.195,0.001,0.0837,2425.0,290.336
2016-03-11,1.194,1.198,1.186,1.196,1.196,0.0,0.0,2732.0,325.903
2016-03-14,1.216,1.216,1.205,1.212,1.196,0.016,1.3378,5803.0,703.006
2016-03-15,1.213,1.213,1.206,1.207,1.212,-0.005,-0.4125,8476.0,1023.691
2016-03-16,1.207,1.207,1.199,1.207,1.207,0.0,0.0,16485.0,1983.441
2016-03-17,1.213,1.218,1.207,1.212,1.207,0.005,0.4143,7623.0,924.427
2016-03-18,1.22,1.22,1.211,1.214,1.212,0.002,0.165,5641.0,685.365
2016-03-21,1.217,1.232,1.217,1.223,1.214,0.009,0.7414,7694.0,941.88
2016-03-22,1.231,1.231,1.218,1.22,1.223,-0.003,-0.2453,7143.0,872.166
2016-03-23,1.223,1.231,1.218,1.221,1.22,0.001,0.082,11008.0,1343.82
2016-03-24,1.218,1.218,1.21,1.212,1.221,-0.009,-0.7371,1746.0,211.875
2016-03-25,1.22,1.22,1.213,1.214,1.212,0.002,0.165,2032.99,246.886
2016-03-28,1.214,1.214,1.204,1.209,1.214,-0.005,-0.4119,9085.0,1097.047
2016-03-29,1.209,1.213,1.203,1.207,1.209,-0.002,-0.1654,2748.0,332.154
2016-03-30,1.219,1.22,1.214,1.217,1.207,0.01,0.8285,3713.32,451.801
2016-03-31,1.222,1.224,1.215,1.217,1.217,0.0,0.0,3445.0,419.467
2016-04-01,1.216,1.217,1.212,1.215,1.217,-0.002,-0.1643,2110.0,256.256
2016-04-05,1.218,1.22,1.215,1.22,1.215,0.005,0.4115,2687.0,327.296
2016-04-06,1.207,1.218,1.207,1.218,1.22,-0.002,-0.1639,3967.0,482.04
2016-04-07,1.238,1.238,1.222,1.224,1.218,0.006,0.4926,2441.0,299.102
2016-04-08,1.22,1.22,1.213,1.219,1.224,-0.005,-0.4085,1320.0,160.63
2016-04-11,1.221,1.226,1.22,1.224,1.219,0.005,0.4102,10654.0,1304.641
2016-04-12,1.225,1.225,1.219,1.221,1.224,-0.003,-0.2451,1482.5,181.013
2016-04-13,1.225,1.234,1.225,1.225,1.221,0.004,0.3276,3371.0,414.486
2016-04-14,1.238,1.238,1.23,1.233,1.225,0.008,0.6531,5397.0,664.857
2016-04-15,1.233,1.233,1.23,1.233,1.233,0.0,0.0,2504.0,308.58
2016-04-18,1.232,1.233,1.228,1.231,1.233,-0.002,-0.1622,5643.0,694.689
2016-04-19,1.234,1.239,1.232,1.239,1.231,0.008,0.6499,18431.0,2276.539
2016-04-20,1.242,1.248,1.228,1.241,1.239,0.002,0.1614,9573.0,1185.738
2016-04-21,1.245,1.25,1.235,1.25,1.241,0.009,0.7252,7623.0,947.733
2016-04-22,1.25,1.25,1.24,1.247,1.25,-0.003,-0.24,2021.0,251.104
2016-04-25,1.245,1.245,1.236,1.241,1.247,-0.006,-0.4812,6168.5,764.513
2016-04-26,1.245,1.248,1.24,1.248,1.241,0.007,0.5641,4214.5,524.169
2016-04-27,1.25,1.253,1.248,1.251,1.248,0.003,0.2404,9636.0,1204.12
2016-04-28,1.251,1.259,1.248,1.255,1.251,0.004,0.3197,6885.0,862.272
2016-04-29,1.243,1.254,1.235,1.239,1.255,-0.016,-1.2749,7377.0,913.743
2016-05-03,1.238,1.245,1.232,1.245,1.239,0.006,0.4843,1983.0,246.357
2016-05-04,1.24,1.245,1.231,1.232,1.245,-0.013,-1.0442,5345.0,661.857
2016-05-05,1.232,1.234,1.222,1.226,1.232,-0.006,-0.487,8901.0,1091.688
2016-05-06,1.23,1.23,1.225,1.225,1.226,-0.001,-0.0816,1982.0,243.029
2016-05-09,1.231,1.25,1.228,1.25,1.225,0.025,2.0408,4004.0,494.569
2016-05-10,1.249,1.256,1.236,1.246,1.25,-0.004,-0.32,6982.0,865.511
2016-05-11,1.25,1.258,1.25,1.256,1.246,0.01,0.8026,3405.0,427.507
2016-05-12,1.25,1.25,1.242,1.25,1.256,-0.006,-0.4777,3725.0,464.989
2016-05-13,1.241,1.253,1.231,1.242,1.25,-0.008,-0.64,3580.0,444.739
2016-05-16,1.226,1.237,1.226,1.235,1.242,-0.007,-0.5636,4878.0,602.233
2016-05-17,1.239,1.249,1.239,1.241,1.235,0.006,0.4858,4752.0,590.758
2016-05-18,1.238,1.238,1.228,1.231,1.241,-0.01,-0.8058,3426.0,421.678
2016-05-19,1.231,1.236,1.229,1.232,1.231,0.001,0.0812,5151.0,633.804
2016-05-20,1.232,1.232,1.228,1.23,1.232,-0.002,-0.1623,3198.0,393.864
2016-05-23,1.238,1.238,1.233,1.236,1.23,0.006,0.4878,4040.0,498.795
2016-05-24,1.236,1.236,1.23,1.232,1.236,-0.004,-0.3236,1927.0,237.47
2016-05-25,1.245,1.248,1.243,1.247,1.232,0.015,1.2175,4872.0,606.637
2016-05-26,1.249,1.257,1.249,1.254,1.247,0.007,0.5613,7217.0,903.279
2016-05-27,1.257,1.257,1.253,1.256,1.254,0.002,0.1595,2294.0,287.791
2016-05-30,1.256,1.282,1.256,1.279,1.256,0.023,1.8312,18585.99,2368.832
2016-05-31,1.282,1.282,1.27,1.282,1.279,0.003,0.2346,4014.0,513.116
2016-06-01,1.282,1.286,1.277,1.279,1.282,-0.003,-0.234,2901.0,371.611
2016-06-02,1.281,1.281,1.274,1.277,1.279,-0.002,-0.1564,1451.0,185.3
2016-06-03,1.278,1.29,1.263,1.274,1.277,-0.003,-0.2349,8086.0,1033.273
2016-06-06,1.274,1.275,1.263,1.266,1.274,-0.008,-0.6279,8633.0,1094.152
2016-06-07,1.272,1.274,1.265,1.27,1.266,0.004,0.316,10656.0,1351.813
2016-06-08,1.27,1.274,1.266,1.273,1.27,0.003,0.2362,5682.0,721.618
2016-06-13,1.265,1.265,1.255,1.258,1.273,-0.015,-1.1783,8264.0,1039.955
2016-06-14,1.251,1.259,1.251,1.259,1.258,0.001,0.0795,4936.0,620.217
2016-06-15,1.263,1.265,1.255,1.265,1.259,0.006,0.4766,2647.25,333.871
2016-06-16,1.263,1.263,1.257,1.262,1.265,-0.003,-0.2372,2029.25,255.727
2016-06-17,1.267,1.267,1.261,1.265,1.262,0.003,0.2377,2134.5,269.56
2016-06-20,1.275,1.275,1.263,1.275,1.265,0.01,0.7905,3343.0,423.996
2016-06-21,1.275,1.275,1.268,1.275,1.275,0.0,0.0,1675.0,213.141
2016-06-22,1.275,1.277,1.269,1.269,1.275,-0.006,-0.4706,4497.0,572.445
2016-06-23,1.269,1.274,1.269,1.272,1.269,0.003,0.2364,1298.0,165.179
2016-06-24,1.276,1.285,1.24,1.259,1.272,-0.013,-1.022,10655.0,1342.265
2016-06-27,1.24,1.277,1.24,1.26,1.259,0.001,0.0794,4436.5,559.144
2016-06-28,1.259,1.26,1.222,1.256,1.26,-0.004,-0.3175,10388.0,1289.639
2016-06-29,1.273,1.274,1.263,1.264,1.256,0.008,0.6369,4302.0,545.399
2016-06-30,1.269,1.285,1.269,1.285,1.264,0.021,1.6614,7526.0,961.858
2016-07-01,1.29,1.296,1.289,1.294,1.285,0.009,0.7004,2256.0,291.731
2016-07-04,1.295,1.298,1.28,1.283,1.294,-0.011,-0.8501,18822.0,2418.441
2016-07-05,1.282,1.285,1.281,1.282,1.283,-0.001,-0.0779,3123.0,400.709
2016-07-06,1.282,1.284,1.28,1.283,1.282,0.001,0.078,2698.0,345.886
2016-07-07,1.286,1.295,1.284,1.293,1.283,0.01,0.7794,3814.0,490.974
2016-07-08,1.293,1.3,1.287,1.299,1.293,0.006,0.464,2644.0,342.318
2016-07-11,1.303,1.327,1.303,1.319,1.299,0.02,1.5396,4713.0,620.85
2016-07-12,1.318,1.338,1.318,1.333,1.319,0.014,1.0614,5574.0,741.399
2016-07-13,1.333,1.358,1.333,1.342,1.333,0.009,0.6752,5351.0,720.116
2016-07-14,1.353,1.353,1.337,1.337,1.342,-0.005,-0.3726,5539.0,744.911
2016-07-15,1.36,1.4,1.341,1.357,1.337,0.02,1.4959,5372.0,731.714
2016-07-18,1.359,1.36,1.345,1.348,1.357,-0.009,-0.6632,4625.0,623.853
2016-07-19,1.352,1.365,1.345,1.365,1.348,0.017,1.2611,3661.0,494.892
2016-07-20,1.36,1.365,1.352,1.361,1.365,-0.004,-0.293,2409.0,327.82
2016-07-21,1.38,1.395,1.369,1.391,1.361,0.03,2.2043,6966.0,966.35
2016-07-22,1.389,1.389,1.362,1.378,1.391,-0.013,-0.9346,7046.0,967.554
2016-07-25,1.378,1.398,1.378,1.396,1.378,0.018,1.3062,4197.0,584.989
2016-07-26,1.392,1.4,1.375,1.4,1.396,0.004,0.2865,8148.0,1137.181
2016-07-27,1.405,1.405,1.361,1.392,1.4,-0.008,-0.5714,4851.0,675.104
2016-07-28,1.392,1.392,1.378,1.381,1.392,-0.011,-0.7902,4733.0,655.062
2016-07-29,1.383,1.419,1.382,1.419,1.381,0.038,2.7516,4873.5,677.463
2016-08-01,1.42,1.424,1.402,1.409,1.419,-0.01,-0.7047,7011.0,990.403
2016-08-02,1.411,1.421,1.403,1.42,1.409,0.011,0.7807,3005.0,425.006
2016-08-03,1.404,1.404,1.392,1.395,1.42,-0.025,-1.7606,3983.0,555.559
2016-08-04,1.398,1.4,1.388,1.39,1.395,-0.005,-0.3584,3149.0,439.002
2016-08-05,1.39,1.392,1.385,1.387,1.39,-0.003,-0.2158,3923.0,544.895
2016-08-08,1.409,1.409,1.392,1.404,1.387,0.017,1.2257,4788.0,670.592
2016-08-09,1.403,1.404,1.396,1.404,1.404,0.0,0.0,3770.0,527.81
2016-08-10,1.405,1.409,1.4,1.4,1.404,-0.004,-0.2849,3581.0,503.087
2016-08-11,1.407,1.407,1.39,1.394,1.4,-0.006,-0.4286,8202.0,1143.016
2016-08-12,1.398,1.405,1.38,1.388,1.394,-0.006,-0.4304,5084.0,709.825
2016-08-15,1.389,1.398,1.388,1.39,1.388,0.002,0.1441,5954.0,828.248
2016-08-16,1.41,1.413,1.383,1.386,1.39,-0.004,-0.2878,5618.5,780.577
2016-08-17,1.38,1.383,1.37,1.374,1.386,-0.012,-0.8658,10348.5,1421.115
2016-08-18,1.374,1.383,1.374,1.376,1.374,0.002,0.1456,4772.0,657.4
2016-08-19,1.388,1.388,1.373,1.378,1.376,0.002,0.1453,3738.5,514.727
2016-08-22,1.374,1.38,1.373,1.38,1.378,0.002,0.1451,2918.0,401.901
2016-08-23,1.38,1.38,1.374,1.38,1.38,0.0,0.0,1872.0,258.042
2016-08-24,1.38,1.387,1.376,1.387,1.38,0.007,0.5072,2736.0,378.788
2016-08-25,1.387,1.387,1.376,1.384,1.387,-0.003,-0.2163,2104.0,290.967
2016-08-26,1.386,1.387,1.384,1.385,1.384,0.001,0.0723,1344.0,186.129
2016-08-29,1.385,1.385,1.374,1.382,1.385,-0.003,-0.2166,1001.0,138.466
2016-08-30,1.382,1.4,1.382,1.398,1.382,0.016,1.1577,5278.0,736.747
2016-08-31,1.398,1.406,1.392,1.405,1.398,0.007,0.5007,2992.5,418.91
2016-09-01,1.405,1.406,1.4,1.401,1.405,-0.004,-0.2847,3122.0,437.876
2016-09-02,1.405,1.405,1.399,1.404,1.401,0.003,0.2141,1795.0,251.481
2016-09-05,1.404,1.419,1.404,1.419,1.404,0.015,1.0684,3037.0,429.448
2016-09-06,1.419,1.45,1.419,1.445,1.419,0.026,1.8323,4469.0,642.541
2016-09-07,1.445,1.46,1.445,1.451,1.445,0.006,0.4152,4019.0,585.143
2016-09-08,1.451,1.458,1.441,1.449,1.451,-0.002,-0.1378,2128.0,307.877
2016-09-09,1.449,1.449,1.435,1.443,1.449,-0.006,-0.4141,2675.0,385.783
2016-09-12,1.43,1.43,1.391,1.404,1.443,-0.039,-2.7027,10211.0,1431.479
2016-09-13,1.414,1.439,1.414,1.417,1.404,0.013,0.9259,3365.0,478.71
2016-09-14,1.425,1.425,1.402,1.415,1.417,-0.002,-0.1411,2637.49,371.886
2016-09-19,1.42,1.427,1.41,1.424,1.415,0.009,0.636,4220.0,599.831
2016-09-20,1.425,1.425,1.409,1.423,1.424,-0.001,-0.0702,1491.49,211.564
2016-09-21,1.421,1.48,1.421,1.441,1.423,0.018,1.2649,3364.0,486.787
2016-09-22,1.443,1.463,1.443,1.453,1.441,0.012,0.8328,2948.0,429.377
2016-09-23,1.467,1.467,1.458,1.465,1.453,0.012,0.8259,3368.0,492.406
2016-09-26,1.459,1.459,1.442,1.447,1.465,-0.018,-1.2287,4238.0,613.954
2016-09-27,1.441,1.449,1.43,1.446,1.447,-0.001,-0.0691,4288.0,618.192
2016-09-28,1.446,1.457,1.43,1.445,1.446,-0.001,-0.0692,2293.0,331.688
2016-09-29,1.445,1.459,1.433,1.435,1.445,-0.01,-0.692,5894.0,848.156
2016-09-30,1.435,1.45,1.434,1.449,1.435,0.014,0.9756,4430.0,639.143
2016-10-10,1.449,1.464,1.449,1.464,1.449,0.015,1.0352,6870.0,1002.879
2016-10-11,1.464,1.484,1.464,1.477,1.464,0.013,0.888,4970.0,733.903
2016-10-12,1.466,1.484,1.46,1.477,1.477,0.0,0.0,2521.0,372.429
2016-10-13,1.482,1.509,1.48,1.508,1.477,0.031,2.0988,5437.0,812.244
2016-10-14,1.497,1.525,1.491,1.521,1.508,0.013,0.8621,6287.0,950.761
2016-10-17,1.521,1.521,1.492,1.506,1.521,-0.015,-0.9862,9047.0,1363.988
2016-10-18,1.505,1.52,1.501,1.507,1.506,0.001,0.0664,3017.0,455.502
2016-10-19,1.51,1.515,1.501,1.51,1.507,0.003,0.1991,4351.0,656.688
2016-10-20,1.509,1.517,1.508,1.512,1.51,0.002,0.1325,5604.0,848.352
2016-10-21,1.512,1.53,1.512,1.514,1.512,0.002,0.1323,6635.0,1009.366
2016-10-24,1.514,1.517,1.51,1.516,1.514,0.002,0.1321,5682.0,860.324
2016-10-25,1.535,1.54,1.518,1.521,1.516,0.005,0.3298,4223.0,642.948
2016-10-26,1.52,1.524,1.516,1.52,1.521,-0.001,-0.0657,6611.0,1004.998
2016-10-27,1.52,1.52,1.508,1.511,1.52,-0.009,-0.5921,4623.0,699.049
2016-10-28,1.511,1.511,1.502,1.506,1.511,-0.005,-0.3309,2696.0,405.798
2016-10-31,1.506,1.515,1.495,1.51,1.506,0.004,0.2656,4310.0,650.805
2016-11-01,1.51,1.517,1.51,1.513,1.51,0.003,0.1987,4479.0,677.87
2016-11-02,1.512,1.562,1.503,1.505,1.513,-0.008,-0.5288,3678.0,557.83
2016-11-03,1.506,1.506,1.481,1.498,1.505,-0.007,-0.4651,3629.0,542.324
2016-11-04,1.497,1.498,1.481,1.488,1.498,-0.01,-0.6676,4266.0,636.105
2016-11-07,1.485,1.507,1.476,1.505,1.488,0.017,1.1425,8399.0,1254.247
2016-11-08,1.511,1.54,1.505,1.515,1.505,0.01,0.6645,15572.0,2363.633
2016-11-09,1.516,1.523,1.441,1.471,1.515,-0.044,-2.9043,26654.0,3941.426
2016-11-10,1.5,1.518,1.487,1.503,1.471,0.032,2.1754,14171.0,2127.478
2016-11-11,1.503,1.503,1.477,1.497,1.503,-0.006,-0.3992,5593.0,832.9
2016-11-14,1.497,1.503,1.49,1.495,1.497,-0.002,-0.1336,7153.0,1071.588
2016-11-15,1.497,1.506,1.495,1.499,1.495,0.004,0.2676,5479.0,822.461
2016-11-16,1.501,1.584,1.501,1.539,1.499,0.04,2.6684,17244.0,2672.375
2016-11-17,1.539,1.569,1.532,1.549,1.539,0.01,0.6498,4440.0,688.185
2016-11-18,1.561,1.57,1.551,1.56,1.549,0.011,0.7101,198066.0,30816.927
2016-11-21,1.56,1.57,1.552,1.558,1.56,-0.002,-0.1282,4992.0,777.813
2016-11-22,1.559,1.581,1.559,1.579,1.558,0.021,1.3479,11368.0,1793.067
2016-11-23,1.58,1.598,1.58,1.595,1.579,0.016,1.0133,73832.0,11767.004
2016-11-24,1.594,1.688,1.594,1.666,1.595,0.071,4.4514,21990.0,3639.932
2016-11-25,1.68,1.832,1.672,1.697,1.666,0.031,1.8607,31674.0,5478.257
2016-11-28,1.7,1.75,1.65,1.666,1.697,-0.031,-1.8268,24039.0,4027.218
2016-11-29,1.666,1.667,1.633,1.644,1.666,-0.022,-1.3205,18235.5,3002.884
2016-11-30,1.644,1.679,1.642,1.666,1.644,0.022,1.3382,9361.0,1551.403
2016-12-01,1.666,1.685,1.656,1.683,1.666,0.017,1.0204,9439.0,1579.347
2016-12-02,1.678,1.682,1.665,1.68,1.683,-0.003,-0.1783,6739.0,1127.544
2016-12-05,1.68,1.739,1.676,1.735,1.68,0.055,3.2738,17034.0,2926.444
2016-12-06,1.754,1.845,1.754,1.779,1.735,0.044,2.536,23322.0,4158.404
2016-12-07,1.783,1.839,1.783,1.83,1.779,0.051,2.8668,28459.0,5197.374
2016-12-08,1.88,1.925,1.798,1.8,1.83,-0.03,-1.6393,54155.8,10166.673
2016-12-09,1.79,1.81,1.733,1.76,1.8,-0.04,-2.2222,33243.0,5878.44
2016-12-12,1.761,1.818,1.761,1.798,1.76,0.038,2.1591,26089.78,4688.977
2016-12-13,1.798,1.899,1.795,1.872,1.798,0.074,4.1157,29228.32,5356.978
2016-12-14,1.879,1.899,1.837,1.842,1.872,-0.03,-1.6026,29424.0,5493.528
2016-12-15,1.84,1.84,1.741,1.795,1.842,-0.047,-2.5516,24958.0,4448.346
2016-12-16,1.803,1.855,1.803,1.842,1.795,0.047,2.6184,26862.78,4932.954
2016-12-19,1.842,1.95,1.842,1.876,1.842,0.034,1.8458,60036.5,11288.633
2016-12-20,1.918,1.92,1.878,1.897,1.876,0.021,1.1194,37183.5,7069.928
2016-12-21,1.905,1.996,1.905,1.982,1.897,0.085,4.4808,153333.32,29654.694
2016-12-22,1.97,1.97,1.935,1.97,1.982,-0.012,-0.6054,277203.0,54385.335
2016-12-23,1.962,1.974,1.9,1.904,1.97,-0.066,-3.3503,1804227.0,354297.767
2016-12-26,1.876,1.946,1.87,1.911,1.904,0.007,0.3676,22454.94,4293.699
2016-12-27,1.912,1.928,1.823,1.84,1.911,-0.071,-3.7153,38698.94,7215.951
2016-12-28,1.812,1.819,1.656,1.677,1.84,-0.163,-8.8587,104483.49,17864.563
2016-12-29,1.55,1.64,1.53,1.615,1.677,-0.062,-3.6971,42457.83,6798.477
2016-12-30,1.614,1.614,1.556,1.577,1.615,-0.038,-2.3529,59593.0,9398.911
2017-01-03,1.435,1.488,1.435,1.451,1.577,-0.126,-7.9899,238936.98,34901.232
2017-01-04,1.457,1.464,1.453,1.462,1.451,0.011,0.7581,177192.49,25824.142
2017-01-05,1.466,1.478,1.457,1.462,1.462,0.0,0.0,155291.0,22703.013
2017-01-06,1.457,1.46,1.452,1.455,1.462,-0.007,-0.4788,93509.0,13628.932
2017-01-09,1.457,1.462,1.457,1.459,1.455,0.004,0.2749,43446.69,6336.156
2017-01-10,1.459,1.459,1.445,1.452,1.459,-0.007,-0.4798,52910.0,7666.724
2017-01-11,1.452,1.453,1.447,1.451,1.452,-0.001,-0.0689,28576.17,4146.148
2017-01-12,1.455,1.458,1.452,1.453,1.451,0.002,0.1378,38240.0,5559.594
2017-01-13,1.45,1.455,1.448,1.454,1.453,0.001,0.0688,42054.0,6107.339
2017-01-16,1.452,1.455,1.45,1.454,1.454,0.0,0.0,32359.0,4702.542
2017-01-17,1.454,1.454,1.439,1.442,1.454,-0.012,-0.8253,35036.0,5062.078
2017-01-18,1.441,1.462,1.434,1.447,1.442,0.005,0.3467,56821.0,8210.146
2017-01-19,1.449,1.45,1.442,1.443,1.447,-0.004,-0.2764,26673.0,3858.044
2017-01-20,1.442,1.442,1.437,1.439,1.443,-0.004,-0.2772,28408.0,4086.172
2017-01-23,1.439,1.443,1.431,1.433,1.439,-0.006,-0.417,42499.0,6103.02
2017-01-24,1.434,1.438,1.43,1.431,1.433,-0.002,-0.1396,30721.0,4400.145
2017-01-25,1.438,1.451,1.437,1.446,1.431,0.015,1.0482,48263.9,6968.992
2017-01-26,1.46,1.465,1.442,1.458,1.446,0.012,0.8299,109732.61,15963.092
2017-02-03,1.447,1.448,1.44,1.446,1.458,-0.012,-0.823,37219.0,5372.18
2017-02-06,1.454,1.459,1.453,1.459,1.446,0.013,0.899,35189.9,5124.574
2017-02-07,1.457,1.457,1.454,1.456,1.459,-0.003,-0.2056,20695.0,3012.58
2017-02-08,1.457,1.462,1.455,1.461,1.456,0.005,0.3434,29808.5,4349.491
2017-02-09,1.459,1.46,1.455,1.455,1.461,-0.006,-0.4107,28303.0,4124.434
2017-02-10,1.464,1.473,1.463,1.472,1.455,0.017,1.1684,83767.0,12299.317
2017-02-13,1.476,1.486,1.474,1.481,1.472,0.009,0.6114,34646.0,5118.778
2017-02-14,1.486,1.487,1.478,1.48,1.481,-0.001,-0.0675,42708.0,6333.77
2017-02-15,1.485,1.49,1.485,1.488,1.48,0.008,0.5405,52670.0,7836.165
2017-02-16,1.498,1.498,1.486,1.488,1.488,0.0,0.0,78844.0,11755.841
2017-02-17,1.488,1.488,1.482,1.485,1.488,-0.003,-0.2016,29502.0,4378.487
2017-02-20,1.486,1.49,1.483,1.49,1.485,0.005,0.3367,57433.0,8536.775
2017-02-21,1.492,1.493,1.487,1.489,1.49,-0.001,-0.0671,23478.0,3495.579
2017-02-22,1.497,1.503,1.494,1.503,1.489,0.014,0.9402,64167.0,9618.75
2017-02-23,1.503,1.509,1.501,1.507,1.503,0.004,0.2661,35300.01,5315.647
2017-02-24,1.51,1.51,1.506,1.509,1.507,0.002,0.1327,43120.0,6504.15
2017-02-27,1.51,1.51,1.502,1.508,1.509,-0.001,-0.0663,18780.02,2831.386
2017-02-28,1.508,1.521,1.508,1.519,1.508,0.011,0.7294,55348.0,8389.155
2017-03-01,1.514,1.543,1.511,1.541,1.519,0.022,1.4483,39711.0,6076.359
2017-03-02,1.568,1.688,1.568,1.623,1.541,0.082,5.3212,194218.0,31653.065
2017-03-03,1.6,1.64,1.6,1.63,1.623,0.007,0.4313,69113.0,11216.002
2017-03-06,1.63,1.684,1.63,1.678,1.63,0.048,2.9448,82466.0,13754.195
2017-03-07,1.667,1.694,1.58,1.628,1.678,-0.05,-2.9797,145785.02,23934.401
2017-03-08,1.625,1.628,1.583,1.595,1.628,-0.033,-2.027,91687.0,14631.571
2017-03-09,1.595,1.596,1.546,1.556,1.595,-0.039,-2.4451,93823.0,14668.206
2017-03-10,1.548,1.614,1.548,1.59,1.556,0.034,2.1851,87622.0,13916.238
2017-03-13,1.601,1.633,1.596,1.603,1.59,0.013,0.8176,67133.0,10799.089
2017-03-14,1.607,1.619,1.607,1.617,1.603,0.014,0.8734,28136.01,4537.711
2017-03-15,1.613,1.613,1.58,1.594,1.617,-0.023,-1.4224,42546.03,6764.274
2017-03-16,1.63,1.659,1.611,1.613,1.594,0.019,1.192,70166.0,11418.878
2017-03-17,1.609,1.62,1.601,1.611,1.613,-0.002,-0.124,23649.0,3814.159
2017-03-20,1.61,1.616,1.608,1.612,1.611,0.001,0.0621,14448.0,2327.44
2017-03-21,1.609,1.616,1.602,1.615,1.612,0.003,0.1861,21909.01,3525.922
2017-03-22,1.579,1.587,1.549,1.555,1.615,-0.06,-3.7152,85167.0,13356.283
2017-03-23,1.57,1.572,1.553,1.555,1.555,0.0,0.0,27313.0,4255.524
2017-03-24,1.551,1.554,1.535,1.542,1.555,-0.013,-0.836,30789.0,4742.19
2017-03-27,1.541,1.542,1.518,1.521,1.542,-0.021,-1.3619,36501.0,5564.398
2017-03-28,1.521,1.541,1.521,1.538,1.521,0.017,1.1177,18113.05,2780.71
2017-03-29,1.553,1.557,1.54,1.553,1.538,0.015,0.9753,19706.0,3059.276
2017-03-30,1.555,1.559,1.541,1.547,1.553,-0.006,-0.3863,18205.0,2820.406
2017-03-31,1.554,1.593,1.549,1.574,1.547,0.027,1.7453,48060.0,7555.641
2017-04-05,1.574,1.577,1.559,1.564,1.574,-0.01,-0.6353,21347.61,3340.857
2017-04-06,1.564,1.564,1.532,1.549,1.564,-0.015,-0.9591,24591.0,3795.266
2017-04-07,1.553,1.553,1.541,1.543,1.549,-0.006,-0.3873,22060.0,3407.659
2017-04-10,1.542,1.546,1.54,1.546,1.543,0.003,0.1944,10932.0,1687.513
2017-04-11,1.549,1.551,1.534,1.54,1.546,-0.006,-0.3881,16523.0,2549.366
2017-04-12,1.54,1.54,1.53,1.534,1.54,-0.006,-0.3896,12364.0,1895.806
2017-04-13,1.53,1.53,1.525,1.529,1.534,-0.005,-0.3259,8476.0,1295.018
2017-04-14,1.527,1.527,1.512,1.515,1.529,-0.014,-0.9156,17943.0,2721.101
2017-04-17,1.515,1.515,1.498,1.507,1.515,-0.008,-0.5281,15864.0,2387.983
2017-04-18,1.516,1.542,1.516,1.535,1.507,0.028,1.858,17238.0,2642.287
2017-04-19,1.532,1.532,1.513,1.522,1.535,-0.013,-0.8469,16023.0,2437.174
2017-04-20,1.522,1.522,1.509,1.517,1.522,-0.005,-0.3285,16799.0,2546.553
2017-04-21,1.535,1.535,1.527,1.528,1.517,0.011,0.7251,24050.0,3682.87
2017-04-24,1.53,1.549,1.529,1.536,1.528,0.008,0.5236,26561.9,4082.316
2017-04-25,1.549,1.559,1.543,1.559,1.536,0.023,1.4974,57802.32,8975.021
2017-04-26,1.569,1.585,1.565,1.568,1.559,0.009,0.5773,26675.0,4190.712
2017-04-27,1.565,1.565,1.536,1.541,1.568,-0.027,-1.7219,31806.0,4916.787
2017-04-28,1.55,1.553,1.54,1.553,1.541,0.012,0.7787,15067.0,2331.461
2017-05-02,1.557,1.557,1.549,1.552,1.553,-0.001,-0.0644,20252.0,3145.183
2017-05-03,1.555,1.555,1.548,1.55,1.552,-0.002,-0.1289,13935.0,2163.607
2017-05-04,1.55,1.55,1.542,1.547,1.55,-0.003,-0.1935,7314.0,1130.361
2017-05-05,1.549,1.549,1.539,1.544,1.547,-0.003,-0.1939,10390.0,1602.359
2017-05-08,1.557,1.56,1.55,1.559,1.544,0.015,0.9715,35046.0,5455.034
2017-05-09,1.558,1.56,1.546,1.553,1.559,-0.006,-0.3849,18758.0,2911.163
2017-05-10,1.554,1.554,1.546,1.548,1.553,-0.005,-0.322,13983.0,2167.693
2017-05-11,1.549,1.557,1.549,1.554,1.548,0.006,0.3876,8410.0,1307.032
2017-05-12,1.552,1.552,1.54,1.543,1.554,-0.011,-0.7079,14622.0,2256.175
2017-05-15,1.543,1.544,1.536,1.544,1.543,0.001,0.0648,10240.0,1578.524
2017-05-16,1.552,1.555,1.55,1.552,1.544,0.008,0.5181,30692.0,4765.273
2017-05-17,1.55,1.55,1.531,1.533,1.552,-0.019,-1.2242,32574.0,5003.108
2017-05-18,1.498,1.517,1.491,1.507,1.533,-0.026,-1.696,64870.9,9747.921
2017-05-19,1.509,1.519,1.505,1.506,1.507,-0.001,-0.0664,17919.0,2703.552
2017-05-22,1.512,1.522,1.509,1.52,1.506,0.014,0.9296,33693.0,5102.906
2017-05-23,1.531,1.538,1.519,1.523,1.52,0.003,0.1974,19431.0,2961.047
2017-05-24,1.524,1.528,1.516,1.524,1.523,0.001,0.0657,34690.0,5283.899
2017-05-25,1.525,1.535,1.525,1.533,1.524,0.009,0.5906,15532.0,2378.433
2017-05-26,1.536,1.547,1.536,1.546,1.533,0.013,0.848,17261.01,2666.032
2017-05-31,1.546,1.546,1.526,1.53,1.546,-0.016,-1.0349,26257.0,4022.933
2017-06-01,1.53,1.531,1.522,1.523,1.53,-0.007,-0.4575,21047.0,3216.197
2017-06-02,1.549,1.549,1.532,1.542,1.523,0.019,1.2475,48943.56,7538.642
2017-06-05,1.548,1.548,1.533,1.536,1.542,-0.006,-0.3891,26052.0,4001.456
2017-06-06,1.532,1.534,1.526,1.533,1.536,-0.003,-0.1953,10804.0,1653.323
2017-06-07,1.527,1.532,1.527,1.529,1.533,-0.004,-0.2609,12373.0,1891.007
2017-06-08,1.529,1.53,1.525,1.528,1.529,-0.001,-0.0654,10004.0,1527.845
2017-06-09,1.529,1.529,1.525,1.528,1.528,0.0,0.0,11388.0,1738.881
2017-06-12,1.527,1.529,1.519,1.524,1.528,-0.004,-0.2618,9986.0,1523.234
2017-06-13,1.52,1.529,1.52,1.529,1.524,0.005,0.3281,22149.0,3375.381
2017-06-14,1.529,1.535,1.527,1.529,1.529,0.0,0.0,9179.0,1404.887
2017-06-15,1.53,1.531,1.525,1.531,1.529,0.002,0.1308,15707.0,2400.822
2017-06-16,1.529,1.533,1.525,1.533,1.531,0.002,0.1306,10799.89,1652.133
2017-06-19,1.532,1.534,1.528,1.534,1.533,0.001,0.0652,7596.0,1163.027
2017-06-20,1.548,1.548,1.541,1.547,1.534,0.013,0.8475,25778.0,3985.347
2017-06-21,1.538,1.538,1.532,1.535,1.547,-0.012,-0.7757,8110.0,1243.852
2017-06-22,1.535,1.537,1.528,1.535,1.535,0.0,0.0,14004.0,2146.951
2017-06-23,1.531,1.538,1.531,1.538,1.535,0.003,0.1954,3119.0,479.142
2017-06-26,1.539,1.54,1.535,1.537,1.538,-0.001,-0.065,14079.0,2163.807
2017-06-27,1.535,1.539,1.535,1.538,1.537,0.001,0.0651,5314.0,816.978
2017-06-28,1.529,1.529,1.519,1.525,1.538,-0.013,-0.8453,14283.0,2175.516
2017-06-29,1.534,1.539,1.529,1.53,1.525,0.005,0.3279,32372.0,4960.935
2017-06-30,1.518,1.521,1.513,1.521,1.53,-0.009,-0.5882,9619.0,1458.615
2017-07-03,1.519,1.522,1.517,1.52,1.521,-0.001,-0.0657,9704.0,1474.046
2017-07-04,1.521,1.522,1.518,1.521,1.52,0.001,0.0658,8783.0,1335.117
2017-07-05,1.521,1.524,1.52,1.523,1.521,0.002,0.1315,3865.0,588.326
2017-07-06,1.525,1.525,1.521,1.523,1.523,0.0,0.0,4028.0,613.296
2017-07-07,1.518,1.518,1.508,1.515,1.523,-0.008,-0.5253,10596.0,1601.625
2017-07-10,1.521,1.522,1.516,1.521,1.515,0.006,0.396,8571.0,1302.126
2017-07-11,1.522,1.525,1.52,1.522,1.521,0.001,0.0657,4106.0,625.078
2017-07-12,1.522,1.522,1.517,1.52,1.522,-0.002,-0.1314,3579.0,543.775
2017-07-13,1.529,1.532,1.527,1.53,1.52,0.01,0.6579,6871.0,1050.875
2017-07-14,1.53,1.532,1.526,1.528,1.53,-0.002,-0.1307,5407.0,826.435
2017-07-17,1.532,1.535,1.53,1.533,1.528,0.005,0.3272,17755.02,2722.925
2017-07-18,1.533,1.534,1.53,1.534,1.533,0.001,0.0652,3372.0,516.725
2017-07-19,1.535,1.543,1.531,1.538,1.534,0.004,0.2608,21917.56,3372.713
2017-07-20,1.542,1.548,1.542,1.545,1.538,0.007,0.4551,11034.0,1703.844
2017-07-21,1.541,1.545,1.538,1.541,1.545,-0.004,-0.2589,6734.0,1038.156
2017-07-24,1.539,1.541,1.529,1.538,1.541,-0.003,-0.1947,8500.0,1305.067
2017-07-25,1.537,1.539,1.533,1.537,1.538,-0.001,-0.065,4647.0,713.832
2017-07-26,1.539,1.542,1.537,1.54,1.537,0.003,0.1952,4047.0,623.311
2017-07-27,1.541,1.541,1.532,1.536,1.54,-0.004,-0.2597,12527.0,1923.38
2017-07-28,1.534,1.544,1.529,1.535,1.536,-0.001,-0.0651,11836.0,1817.236
2017-07-31,1.535,1.541,1.529,1.536,1.535,0.001,0.0651,10075.17,1545.421
2017-08-01,1.535,1.539,1.532,1.532,1.536,-0.004,-0.2604,16259.0,2491.771
2017-08-02,1.533,1.537,1.531,1.535,1.532,0.003,0.1958,12302.56,1886.156
2017-08-03,1.535,1.535,1.529,1.53,1.535,-0.005,-0.3257,5229.0,800.612
2017-08-04,1.53,1.53,1.526,1.527,1.53,-0.003,-0.1961,5488.0,838.171
2017-08-07,1.528,1.543,1.528,1.539,1.527,0.012,0.7859,15065.95,2317.012
2017-08-08,1.539,1.541,1.535,1.539,1.539,0.0,0.0,4025.0,619.616
2017-08-09,1.539,1.539,1.531,1.531,1.539,-0.008,-0.5198,7873.0,1206.58
2017-08-10,1.526,1.53,1.526,1.527,1.531,-0.004,-0.2613,4694.01,716.883
2017-08-11,1.515,1.516,1.505,1.513,1.527,-0.014,-0.9168,9884.0,1494.251
2017-08-14,1.518,1.519,1.511,1.518,1.513,0.005,0.3305,3983.0,603.826
2017-08-15,1.529,1.529,1.523,1.523,1.518,0.005,0.3294,3308.0,504.693
2017-08-16,1.523,1.528,1.518,1.519,1.523,-0.004,-0.2626,14002.0,2127.592
2017-08-17,1.524,1.524,1.518,1.518,1.519,-0.001,-0.0658,1677.0,255.097
2017-08-18,1.501,1.51,1.499,1.505,1.518,-0.013,-0.8564,15369.0,2309.07
2017-08-21,1.507,1.507,1.497,1.503,1.505,-0.002,-0.1329,11165.0,1675.49
2017-08-22,1.502,1.505,1.498,1.504,1.503,0.001,0.0665,4630.0,695.388
2017-08-23,1.504,1.513,1.504,1.51,1.504,0.006,0.3989,7169.0,1082.044
2017-08-24,1.509,1.509,1.501,1.502,1.51,-0.008,-0.5298,3432.0,515.711
2017-08-25,1.5,1.503,1.497,1.502,1.502,0.0,0.0,5939.0,891.204
2017-08-28,1.5,1.503,1.496,1.502,1.502,0.0,0.0,12403.0,1859.462
2017-08-29,1.502,1.502,1.493,1.494,1.502,-0.008,-0.5326,11569.0,1730.604
2017-08-30,1.496,1.496,1.492,1.494,1.494,0.0,0.0,5929.0,885.474
2017-08-31,1.497,1.499,1.495,1.497,1.494,0.003,0.2008,13549.0,2027.89
2017-09-01,1.501,1.504,1.499,1.504,1.497,0.007,0.4676,9699.0,1455.652
2017-09-04,1.503,1.505,1.5,1.503,1.504,-0.001,-0.0665,15841.0,2379.163
2017-09-05,1.503,1.503,1.498,1.5,1.503,-0.003,-0.1996,7762.0,1164.061
2017-09-06,1.497,1.497,1.49,1.497,1.5,-0.003,-0.2,7884.0,1177.021
2017-09-07,1.497,1.497,1.492,1.495,1.497,-0.002,-0.1336,4341.0,648.396
2017-09-08,1.497,1.498,1.493,1.493,1.495,-0.002,-0.1338,9578.0,1432.748
2017-09-11,1.495,1.5,1.495,1.495,1.493,0.002,0.134,7359.0,1101.655
2017-09-12,1.503,1.515,1.502,1.503,1.495,0.008,0.5351,24949.0,3764.898
2017-09-13,1.505,1.505,1.501,1.503,1.503,0.0,0.0,3585.0,538.581
2017-09-14,1.504,1.507,1.5,1.505,1.503,0.002,0.1331,26821.0,4030.959
2017-09-15,1.501,1.51,1.501,1.507,1.505,0.002,0.1329,13373.0,2013.234
2017-09-18,1.509,1.515,1.509,1.512,1.507,0.005,0.3318,9540.0,1443.677
2017-09-19,1.511,1.515,1.511,1.515,1.512,0.003,0.1984,5069.0,767.266
2017-09-20,1.515,1.518,1.515,1.518,1.515,0.003,0.198,7216.0,1094.545
2017-09-21,1.519,1.522,1.518,1.522,1.518,0.004,0.2635,6848.0,1041.04
2017-09-22,1.525,1.525,1.518,1.521,1.522,-0.001,-0.0657,13360.0,2033.552
2017-09-25,1.521,1.524,1.516,1.516,1.521,-0.005,-0.3287,5123.0,778.718
2017-09-26,1.516,1.518,1.512,1.518,1.516,0.002,0.1319,17462.0,2645.773
2017-09-27,1.515,1.522,1.515,1.52,1.518,0.002,0.1318,6465.0,982.365
2017-09-28,1.527,1.531,1.527,1.529,1.52,0.009,0.5921,11228.0,1716.354
2017-09-29,1.532,1.539,1.532,1.539,1.529,0.01,0.654,5103.0,784.512
2017-10-09,1.561,1.567,1.552,1.56,1.539,0.021,1.3645,30888.0,4807.658
2017-10-10,1.56,1.563,1.55,1.559,1.56,-0.001,-0.0641,9277.32,1444.4
2017-10-11,1.559,1.571,1.559,1.567,1.559,0.008,0.5131,12525.0,1962.759
2017-10-12,1.567,1.572,1.567,1.569,1.567,0.002,0.1276,5080.0,797.976
2017-10-13,1.568,1.568,1.555,1.558,1.569,-0.011,-0.7011,7496.0,1168.3
2017-10-16,1.559,1.562,1.558,1.559,1.558,0.001,0.0642,3801.0,593.037
2017-10-17,1.559,1.564,1.559,1.563,1.559,0.004,0.2566,4861.0,758.777
2017-10-18,1.567,1.567,1.558,1.561,1.563,-0.002,-0.128,5384.0,839.808
2017-10-19,1.565,1.565,1.559,1.56,1.561,-0.001,-0.0641,7524.0,1175.392
2017-10-20,1.56,1.57,1.56,1.568,1.56,0.008,0.5128,13304.0,2081.99
2017-10-23,1.572,1.578,1.569,1.574,1.568,0.006,0.3827,3923.0,617.47
2017-10-24,1.574,1.574,1.566,1.57,1.574,-0.004,-0.2541,4375.0,686.685
2017-10-25,1.57,1.577,1.57,1.577,1.57,0.007,0.4459,6401.05,1008.408
2017-10-26,1.569,1.574,1.567,1.569,1.577,-0.008,-0.5073,4908.0,769.712
2017-10-27,1.57,1.576,1.57,1.576,1.569,0.007,0.4461,14045.0,2210.122
2017-10-30,1.585,1.59,1.581,1.587,1.576,0.011,0.698,6894.0,1093.449
2017-10-31,1.59,1.592,1.584,1.585,1.587,-0.002,-0.126,4269.0,677.392
2017-11-01,1.59,1.591,1.588,1.591,1.585,0.006,0.3785,8940.0,1420.946
2017-11-02,1.592,1.593,1.586,1.591,1.591,0.0,0.0,9965.0,1584.045
2017-11-03,1.596,1.615,1.591,1.6,1.591,0.009,0.5657,7275.0,1165.601
2017-11-06,1.62,1.621,1.59,1.606,1.6,0.006,0.375,28057.0,4505.928
2017-11-07,1.605,1.606,1.591,1.595,1.606,-0.011,-0.6849,14555.0,2324.693
2017-11-08,1.59,1.595,1.589,1.591,1.595,-0.004,-0.2508,7506.0,1194.353
2017-11-09,1.59,1.599,1.587,1.593,1.591,0.002,0.1257,11924.0,1899.29
2017-11-10,1.577,1.586,1.577,1.583,1.593,-0.01,-0.6277,22729.0,3593.011
2017-11-13,1.582,1.586,1.579,1.583,1.583,0.0,0.0,16338.0,2583.397
2017-11-14,1.585,1.588,1.584,1.585,1.583,0.002,0.1263,9868.0,1564.338
2017-11-15,1.584,1.585,1.574,1.574,1.585,-0.011,-0.694,9192.0,1450.235
2017-11-16,1.571,1.573,1.563,1.572,1.574,-0.002,-0.1271,11720.0,1839.718
2017-11-17,1.582,1.586,1.581,1.584,1.572,0.012,0.7634,7756.0,1228.374
2017-11-20,1.584,1.585,1.577,1.579,1.584,-0.005,-0.3157,7015.0,1110.56
2017-11-21,1.58,1.585,1.58,1.584,1.579,0.005,0.3167,9283.0,1468.47
2017-11-22,1.59,1.6,1.588,1.589,1.584,0.005,0.3157,8852.0,1409.145
2017-11-23,1.592,1.592,1.583,1.586,1.589,-0.003,-0.1888,13445.0,2135.675
2017-11-24,1.584,1.589,1.577,1.587,1.586,0.001,0.0631,5426.0,859.717
2017-11-27,1.587,1.591,1.586,1.587,1.587,0.0,0.0,12519.4,1989.127
2017-11-28,1.587,1.591,1.583,1.589,1.587,0.002,0.126,11611.0,1844.78
2017-11-29,1.598,1.605,1.598,1.603,1.589,0.014,0.8811,46103.0,7383.263
2017-11-30,1.601,1.603,1.6,1.602,1.603,-0.001,-0.0624,10840.0,1735.563
2017-12-01,1.619,1.619,1.611,1.615,1.602,0.013,0.8115,19525.0,3152.888
2017-12-04,1.63,1.68,1.625,1.659,1.615,0.044,2.7245,70059.0,11561.591
2017-12-05,1.65,1.65,1.619,1.63,1.659,-0.029,-1.748,31734.0,5182.256
2017-12-06,1.627,1.627,1.605,1.614,1.63,-0.016,-0.9816,30598.0,4924.189
2017-12-07,1.612,1.62,1.612,1.613,1.614,-0.001,-0.062,10715.0,1730.503
2017-12-08,1.618,1.629,1.617,1.628,1.613,0.015,0.9299,28184.0,4570.552
2017-12-11,1.634,1.643,1.629,1.636,1.628,0.008,0.4914,15773.0,2577.679
2017-12-12,1.642,1.645,1.638,1.641,1.636,0.005,0.3056,8321.0,1366.576
2017-12-13,1.644,1.648,1.639,1.643,1.641,0.002,0.1219,11417.0,1876.839
2017-12-14,1.643,1.646,1.641,1.644,1.643,0.001,0.0609,4902.0,805.435
2017-12-15,1.639,1.639,1.63,1.63,1.644,-0.014,-0.8516,8982.0,1465.644
2017-12-18,1.647,1.647,1.638,1.645,1.63,0.015,0.9202,18062.0,2964.895
2017-12-19,1.65,1.659,1.65,1.659,1.645,0.014,0.8511,8542.0,1414.614
2017-12-20,1.655,1.655,1.648,1.651,1.659,-0.008,-0.4822,7520.0,1240.154
2017-12-21,1.65,1.65,1.642,1.644,1.651,-0.007,-0.424,10762.0,1768.798
2017-12-22,1.647,1.649,1.644,1.647,1.644,0.003,0.1825,6956.0,1145.639
2017-12-25,1.647,1.652,1.64,1.645,1.647,-0.002,-0.1214,10843.0,1781.76
2017-12-26,1.647,1.648,1.637,1.645,1.645,0.0,0.0,10126.0,1664.997
2017-12-27,1.647,1.647,1.639,1.644,1.645,-0.001,-0.0608,14404.0,2366.149
2017-12-28,1.645,1.645,1.633,1.634,1.644,-0.01,-0.6083,16284.0,2666.584
2017-12-29,1.634,1.636,1.631,1.634,1.634,0.0,0.0,11905.0,1944.347
2018-01-02,1.631,1.631,1.62,1.627,1.634,-0.007,-0.4284,13409.5,2178.695
2018-01-03,1.637,1.639,1.632,1.635,1.627,0.008,0.4917,24193.0,3954.843
2018-01-04,1.642,1.643,1.636,1.638,1.635,0.003,0.1835,18878.0,3094.072
2018-01-05,1.641,1.645,1.639,1.639,1.638,0.001,0.0611,16764.0,2750.116
2018-01-08,1.647,1.652,1.645,1.652,1.639,0.013,0.7932,15177.0,2502.812
2018-01-09,1.648,1.652,1.647,1.652,1.652,0.0,0.0,35819.32,5910.198
2018-01-10,1.653,1.659,1.653,1.657,1.652,0.005,0.3027,13186.0,2184.61
2018-01-11,1.657,1.658,1.654,1.657,1.657,0.0,0.0,13020.0,2155.374
2018-01-12,1.666,1.675,1.666,1.675,1.657,0.018,1.0863,13398.0,2238.26
2018-01-15,1.677,1.689,1.677,1.682,1.675,0.007,0.4179,20462.0,3443.468
2018-01-16,1.682,1.683,1.679,1.681,1.682,-0.001,-0.0595,10892.0,1829.822
2018-01-17,1.661,1.68,1.661,1.669,1.681,-0.012,-0.7139,21929.0,3657.11
2018-01-18,1.678,1.689,1.678,1.681,1.669,0.012,0.719,18653.0,3137.623
2018-01-19,1.677,1.678,1.667,1.668,1.681,-0.013,-0.7733,20922.0,3495.267
2018-01-22,1.67,1.677,1.67,1.674,1.668,0.006,0.3597,10528.0,1762.921
2018-01-23,1.68,1.697,1.68,1.692,1.674,0.018,1.0753,13671.0,2309.17
2018-01-24,1.693,1.697,1.689,1.692,1.692,0.0,0.0,11657.0,1971.348
2018-01-25,1.684,1.689,1.68,1.684,1.692,-0.008,-0.4728,16521.0,2782.01
2018-01-26,1.685,1.685,1.682,1.684,1.684,0.0,0.0,14544.0,2449.065
2018-01-29,1.692,1.7,1.692,1.696,1.684,0.012,0.7126,27987.0,4752.735
2018-01-30,1.68,1.688,1.68,1.682,1.696,-0.014,-0.8255,13872.0,2336.472
2018-01-31,1.67,1.67,1.657,1.666,1.682,-0.016,-0.9512,12473.0,2074.219
2018-02-01,1.665,1.676,1.665,1.67,1.666,0.004,0.2401,16539.0,2762.821
2018-02-02,1.667,1.667,1.656,1.656,1.67,-0.014,-0.8383,9815.0,1628.013
2018-02-05,1.613,1.617,1.606,1.611,1.656,-0.045,-2.7174,41510.4,6680.532
2018-02-06,1.557,1.557,1.509,1.518,1.611,-0.093,-5.7728,117584.4,17834.268
2018-02-07,1.551,1.56,1.54,1.543,1.518,0.025,1.6469,38325.0,5944.589
2018-02-08,1.543,1.57,1.525,1.562,1.543,0.019,1.2314,32091.0,4973.285
2018-02-09,1.512,1.55,1.503,1.513,1.562,-0.049,-3.137,89840.01,13599.784
2018-02-12,1.53,1.535,1.517,1.533,1.513,0.02,1.3219,26295.0,4019.215
2018-02-13,1.548,1.565,1.548,1.555,1.533,0.022,1.4351,13760.0,2139.032
2018-02-14,1.56,1.57,1.556,1.564,1.555,0.009,0.5788,9274.0,1446.534
2018-02-22,1.585,1.585,1.571,1.577,1.564,0.013,0.8312,9100.0,1433.039
2018-02-23,1.577,1.589,1.577,1.588,1.577,0.011,0.6975,10691.0,1694.164
2018-02-26,1.61,1.624,1.609,1.622,1.588,0.034,2.1411,8671.0,1401.656
2018-02-27,1.64,1.642,1.63,1.635,1.622,0.013,0.8015,12302.0,2012.638
2018-02-28,1.613,1.623,1.607,1.623,1.635,-0.012,-0.7339,9912.0,1598.163
2018-03-01,1.613,1.613,1.585,1.602,1.623,-0.021,-1.2939,20640.0,3301.388
2018-03-02,1.582,1.583,1.575,1.576,1.602,-0.026,-1.623,9547.0,1507.64
2018-03-05,1.58,1.582,1.576,1.579,1.576,0.003,0.1904,6715.0,1060.459
2018-03-06,1.599,1.6,1.594,1.596,1.579,0.017,1.0766,8199.0,1308.902
2018-03-07,1.596,1.596,1.583,1.589,1.596,-0.007,-0.4386,8955.0,1422.683
2018-03-08,1.596,1.6,1.594,1.599,1.589,0.01,0.6293,9681.0,1546.108
2018-03-09,1.605,1.61,1.602,1.61,1.599,0.011,0.6879,14283.0,2292.448
2018-03-12,1.637,1.642,1.632,1.64,1.61,0.03,1.8634,12842.01,2101.709
2018-03-13,1.638,1.638,1.628,1.63,1.64,-0.01,-0.6098,6561.0,1071.436
2018-03-14,1.613,1.621,1.613,1.621,1.63,-0.009,-0.5521,4233.01,684.136
2018-03-15,1.614,1.622,1.611,1.62,1.621,-0.001,-0.0617,4180.01,676.858
2018-03-16,1.62,1.622,1.604,1.611,1.62,-0.009,-0.5556,6900.0,1114.538
2018-03-19,1.611,1.613,1.609,1.61,1.611,-0.001,-0.0621,5172.0,832.895
2018-03-20,1.588,1.595,1.588,1.594,1.61,-0.016,-0.9938,6965.0,1107.993
2018-03-21,1.594,1.6,1.594,1.598,1.594,0.004,0.2509,6091.0,973.209
2018-03-22,1.596,1.603,1.594,1.6,1.598,0.002,0.1252,2994.0,478.383
2018-03-23,1.579,1.579,1.543,1.558,1.6,-0.042,-2.625,37023.0,5754.176
2018-03-26,1.527,1.544,1.52,1.541,1.558,-0.017,-1.0911,25106.0,3837.689
2018-03-27,1.559,1.565,1.556,1.561,1.541,0.02,1.2979,13257.0,2067.558
2018-03-28,1.54,1.542,1.526,1.535,1.561,-0.026,-1.6656,25101.0,3855.761
2018-03-29,1.534,1.535,1.524,1.534,1.535,-0.001,-0.0651,14905.0,2277.17
2018-03-30,1.542,1.545,1.532,1.538,1.534,0.004,0.2608,17127.0,2634.154
2018-04-02,1.539,1.539,1.534,1.538,1.538,0.0,0.0,5370.0,825.055
2018-04-03,1.503,1.525,1.503,1.514,1.538,-0.024,-1.5605,12066.0,1822.782
2018-04-04,1.52,1.526,1.517,1.52,1.514,0.006,0.3963,9060.0,1377.613
2018-04-09,1.52,1.527,1.52,1.526,1.52,0.006,0.3947,23070.0,3514.759
2018-04-10,1.526,1.542,1.524,1.541,1.526,0.015,0.983,16765.0,2571.69
2018-04-11,1.553,1.555,1.539,1.54,1.541,-0.001,-0.0649,11961.0,1849.929
2018-04-12,1.547,1.548,1.537,1.538,1.54,-0.002,-0.1299,5190.0,800.732
2018-04-13,1.546,1.552,1.543,1.551,1.538,0.013,0.8453,12351.0,1910.734
2018-04-16,1.548,1.55,1.541,1.543,1.551,-0.008,-0.5158,13867.0,2141.705
2018-04-17,1.555,1.559,1.55,1.558,1.543,0.015,0.9721,26877.0,4175.938
2018-04-18,1.569,1.575,1.568,1.573,1.558,0.015,0.9628,32288.0,5073.121
2018-04-19,1.577,1.577,1.569,1.57,1.573,-0.003,-0.1907,20762.0,3265.336
2018-04-20,1.567,1.57,1.561,1.567,1.57,-0.003,-0.1911,6851.0,1072.624
2018-04-23,1.568,1.568,1.554,1.556,1.567,-0.011,-0.702,10921.0,1699.107
2018-04-24,1.556,1.565,1.556,1.564,1.556,0.008,0.5141,2623.0,409.826
2018-04-25,1.555,1.555,1.54,1.544,1.564,-0.02,-1.2788,9191.0,1418.679
2018-04-26,1.546,1.557,1.542,1.543,1.544,-0.001,-0.0648,8154.0,1262.058
2018-04-27,1.559,1.573,1.552,1.571,1.543,0.028,1.8146,9264.0,1444.988
2018-05-02,1.56,1.567,1.557,1.565,1.571,-0.006,-0.3819,6147.0,960.22
2018-05-03,1.565,1.565,1.556,1.56,1.565,-0.005,-0.3195,7095.0,1106.754
2018-05-04,1.562,1.566,1.556,1.561,1.56,0.001,0.0641,15330.0,2391.638
2018-05-07,1.569,1.575,1.569,1.575,1.561,0.014,0.8969,13347.0,2099.657
2018-05-08,1.575,1.579,1.573,1.574,1.575,-0.001,-0.0635,17992.0,2835.109
2018-05-09,1.584,1.584,1.572,1.573,1.574,-0.001,-0.0635,6970.0,1097.692
2018-05-10,1.589,1.589,1.584,1.587,1.573,0.014,0.89,8088.0,1283.737
2018-05-11,1.599,1.601,1.594,1.596,1.587,0.009,0.5671,10126.0,1616.127
2018-05-14,1.596,1.608,1.596,1.607,1.596,0.011,0.6892,15638.0,2505.32
2018-05-15,1.606,1.606,1.597,1.598,1.607,-0.009,-0.56,8859.0,1417.831
2018-05-16,1.59,1.598,1.59,1.595,1.598,-0.003,-0.1877,8220.0,1310.63
2018-05-17,1.597,1.602,1.597,1.599,1.595,0.004,0.2508,4000.0,639.746
2018-05-18,1.6,1.604,1.6,1.6,1.599,0.001,0.0625,5574.0,892.995
2018-05-21,1.605,1.629,1.605,1.628,1.6,0.028,1.75,9118.0,1474.511
2018-05-22,1.625,1.627,1.62,1.623,1.628,-0.005,-0.3071,5163.0,838.611
2018-05-23,1.622,1.622,1.611,1.612,1.623,-0.011,-0.6778,15729.0,2544.48
2018-05-24,1.614,1.621,1.614,1.62,1.612,0.008,0.4963,19953.0,3230.858
2018-05-25,1.623,1.623,1.615,1.621,1.62,0.001,0.0617,15123.0,2447.764
2018-05-28,1.624,1.63,1.621,1.628,1.621,0.007,0.4318,6811.0,1107.465
2018-05-29,1.628,1.628,1.615,1.618,1.628,-0.01,-0.6143,2294.0,371.51
2018-05-30,1.614,1.614,1.558,1.597,1.618,-0.021,-1.2979,23546.0,3731.553
2018-05-31,1.612,1.616,1.61,1.614,1.597,0.017,1.0645,4136.0,666.784
2018-06-01,1.614,1.614,1.601,1.607,1.614,-0.007,-0.4337,5456.0,875.754
2018-06-04,1.617,1.631,1.617,1.629,1.607,0.022,1.369,10856.0,1767.225
2018-06-05,1.633,1.645,1.632,1.639,1.629,0.01,0.6139,6021.0,986.812
2018-06-06,1.639,1.642,1.636,1.636,1.639,-0.003,-0.183,6575.0,1078.104
2018-06-07,1.646,1.65,1.645,1.648,1.636,0.012,0.7335,13244.0,2181.773
2018-06-08,1.648,1.648,1.632,1.643,1.648,-0.005,-0.3034,13786.0,2263.893
2018-06-11,1.645,1.657,1.645,1.657,1.643,0.014,0.8521,14539.0,2403.337
2018-06-12,1.657,1.67,1.654,1.668,1.657,0.011,0.6639,11724.0,1951.183
2018-06-13,1.667,1.675,1.664,1.671,1.668,0.003,0.1799,10475.0,1751.14
2018-06-14,1.668,1.668,1.659,1.66,1.671,-0.011,-0.6583,12619.0,2096.415
2018-06-15,1.662,1.675,1.662,1.673,1.66,0.013,0.7831,9981.0,1668.268
2018-06-19,1.668,1.668,1.635,1.638,1.673,-0.035,-2.0921,15634.0,2578.158
2018-06-20,1.635,1.658,1.635,1.654,1.638,0.016,0.9768,20069.0,3302.305
2018-06-21,1.658,1.676,1.658,1.673,1.654,0.019,1.1487,13103.0,2183.363
2018-06-22,1.66,1.667,1.647,1.664,1.673,-0.009,-0.538,12626.0,2096.162
2018-06-25,1.664,1.69,1.659,1.678,1.664,0.014,0.8413,13142.0,2201.221
2018-06-26,1.662,1.662,1.644,1.661,1.678,-0.017,-1.0131,13157.0,2172.476
2018-06-27,1.657,1.667,1.641,1.647,1.661,-0.014,-0.8429,21950.0,3623.278
2018-06-28,1.637,1.655,1.637,1.64,1.647,-0.007,-0.425,13260.0,2175.53
2018-06-29,1.655,1.683,1.654,1.67,1.64,0.03,1.8293,11614.0,1936.199
2018-07-02,1.675,1.685,1.66,1.66,1.67,-0.01,-0.5988,12596.0,2105.452
2018-07-03,1.677,1.69,1.677,1.689,1.66,0.029,1.747,23932.0,4034.887
2018-07-04,1.678,1.678,1.665,1.671,1.689,-0.018,-1.0657,6733.0,1127.458
2018-07-05,1.667,1.698,1.663,1.687,1.671,0.016,0.9575,15638.0,2632.438
2018-07-06,1.699,1.708,1.697,1.702,1.687,0.015,0.8892,9904.5,1685.372
2018-07-09,1.712,1.72,1.711,1.718,1.702,0.016,0.9401,20754.0,3562.588
2018-07-10,1.723,1.728,1.722,1.726,1.718,0.008,0.4657,23079.0,3982.989
2018-07-11,1.704,1.731,1.704,1.729,1.726,0.003,0.1738,31637.0,5460.54
2018-07-12,1.729,1.742,1.709,1.741,1.729,0.012,0.694,20124.0,3490.662
2018-07-13,1.745,1.754,1.725,1.74,1.741,-0.001,-0.0574,23104.0,4030.395
2018-07-16,1.745,1.745,1.739,1.74,1.74,0.0,0.0,9041.0,1574.023
2018-07-17,1.739,1.741,1.728,1.73,1.74,-0.01,-0.5747,13635.0,2360.437
2018-07-18,1.74,1.748,1.74,1.748,1.73,0.018,1.0405,15830.0,2762.765
2018-07-19,1.75,1.761,1.748,1.76,1.748,0.012,0.6865,29176.0,5126.09
2018-07-20,1.76,1.763,1.745,1.762,1.76,0.002,0.1136,21329.0,3753.48
2018-07-23,1.759,1.76,1.749,1.755,1.762,-0.007,-0.3973,35904.0,6295.194
2018-07-24,1.761,1.778,1.761,1.777,1.755,0.022,1.2536,31544.0,5589.608
2018-07-25,1.779,1.785,1.776,1.777,1.777,0.0,0.0,29611.0,5269.56
2018-07-26,1.79,1.791,1.781,1.789,1.777,0.012,0.6753,17858.0,3191.973
2018-07-27,1.791,1.812,1.79,1.811,1.789,0.022,1.2297,66180.0,11944.387
2018-07-30,1.806,1.806,1.785,1.79,1.811,-0.021,-1.1596,42006.0,7520.522
2018-07-31,1.777,1.779,1.759,1.761,1.79,-0.029,-1.6201,63570.0,11238.928
2018-08-01,1.775,1.779,1.773,1.779,1.761,0.018,1.0221,33483.0,5943.396
2018-08-02,1.778,1.782,1.77,1.773,1.779,-0.006,-0.3373,27413.0,4866.266
2018-08-03,1.79,1.807,1.785,1.804,1.773,0.031,1.7484,47233.0,8499.118
2018-08-06,1.815,1.825,1.807,1.824,1.804,0.02,1.1086,138528.0,25171.052
2018-08-07,1.833,1.88,1.833,1.856,1.824,0.032,1.7544,96985.0,18016.618
2018-08-08,1.859,1.859,1.827,1.83,1.856,-0.026,-1.4009,92395.0,16963.097
2018-08-09,1.818,1.818,1.809,1.812,1.83,-0.018,-0.9836,90239.0,16353.14
2018-08-10,1.808,1.815,1.804,1.813,1.812,0.001,0.0552,62744.0,11355.727
2018-08-13,1.789,1.8,1.789,1.8,1.813,-0.013,-0.717,38933.0,6989.969
2018-08-14,1.796,1.807,1.796,1.804,1.8,0.004,0.2222,28055.0,5059.342
2018-08-15,1.811,1.825,1.811,1.825,1.804,0.021,1.1641,88580.0,16125.451
2018-08-16,1.802,1.816,1.799,1.8,1.825,-0.025,-1.3699,107796.0,19496.02
2018-08-17,1.817,1.822,1.813,1.822,1.8,0.022,1.2222,79176.0,14394.209
2018-08-20,1.825,1.83,1.812,1.821,1.822,-0.001,-0.0549,152890.0,27828.952
2018-08-21,1.822,1.822,1.81,1.816,1.821,-0.005,-0.2746,193581.0,35134.074
2018-08-22,1.818,1.818,1.812,1.814,1.816,-0.002,-0.1101,74453.0,13507.793
2018-08-23,1.814,1.82,1.813,1.817,1.814,0.003,0.1654,74733.0,13578.224
2018-08-24,1.816,1.82,1.813,1.814,1.817,-0.003,-0.1651,156547.0,28427.688
2018-08-27,1.822,1.823,1.816,1.821,1.814,0.007,0.3859,96155.0,17488.526
2018-08-28,1.839,1.841,1.828,1.837,1.821,0.016,0.8786,164418.0,30218.409
2018-08-29,1.838,1.842,1.837,1.842,1.837,0.005,0.2722,242219.0,44557.19
2018-08-30,1.844,1.851,1.844,1.85,1.842,0.008,0.4343,88162.0,16293.474
2018-08-31,1.847,1.847,1.841,1.844,1.85,-0.006,-0.3243,37065.0,6828.483
2018-09-03,1.847,1.847,1.834,1.836,1.844,-0.008,-0.4338,80475.0,14790.409
2018-09-04,1.84,1.842,1.836,1.841,1.836,0.005,0.2723,43494.0,8000.321
2018-09-05,1.839,1.839,1.833,1.833,1.841,-0.008,-0.4345,32448.0,5957.023
2018-09-06,1.83,1.83,1.824,1.826,1.833,-0.007,-0.3819,32389.0,5918.75
2018-09-07,1.82,1.822,1.814,1.821,1.826,-0.005,-0.2738,85085.0,15460.136
2018-09-10,1.822,1.829,1.816,1.829,1.821,0.008,0.4393,56207.0,10262.386
2018-09-11,1.833,1.836,1.829,1.835,1.829,0.006,0.328,68159.0,12495.509
2018-09-12,1.842,1.847,1.842,1.844,1.835,0.009,0.4905,75811.0,13984.539
2018-09-13,1.843,1.843,1.837,1.839,1.844,-0.005,-0.2711,33748.0,6204.008
2018-09-14,1.848,1.85,1.841,1.85,1.839,0.011,0.5982,49145.0,9075.773
2018-09-17,1.848,1.853,1.848,1.85,1.85,0.0,0.0,45358.0,8395.523
2018-09-18,1.831,1.837,1.831,1.836,1.85,-0.014,-0.7568,67155.0,12305.122
2018-09-19,1.846,1.849,1.845,1.845,1.836,0.009,0.4902,56754.0,10479.441
2018-09-20,1.848,1.851,1.848,1.851,1.845,0.006,0.3252,95807.0,17725.736
2018-09-21,1.862,1.866,1.862,1.865,1.851,0.014,0.7563,89121.0,16610.054
2018-09-25,1.854,1.86,1.854,1.859,1.865,-0.006,-0.3217,70267.0,13042.806
2018-09-26,1.858,1.87,1.857,1.869,1.859,0.01,0.5379,132569.0,24717.282
2018-09-27,1.865,1.865,1.854,1.854,1.869,-0.015,-0.8026,54035.0,10043.461
2018-09-28,1.857,1.859,1.854,1.858,1.854,0.004,0.2157,136915.0,25410.921
2018-10-08,1.839,1.845,1.825,1.841,1.858,-0.017,-0.915,131356.0,24175.293
2018-10-09,1.841,1.849,1.841,1.848,1.841,0.007,0.3802,92935.0,17168.115
2018-10-10,1.848,1.853,1.847,1.853,1.848,0.005,0.2706,65769.0,12170.379
2018-10-11,1.78,1.793,1.748,1.763,1.853,-0.09,-4.857,388419.0,68493.676
2018-10-12,1.738,1.778,1.738,1.775,1.763,0.012,0.6807,166438.0,29302.009
2018-10-15,1.775,1.775,1.757,1.759,1.775,-0.016,-0.9014,96672.0,17070.966
2018-10-16,1.759,1.77,1.755,1.766,1.759,0.007,0.398,178353.0,31465.375
2018-10-17,1.8,1.804,1.797,1.802,1.766,0.036,2.0385,87140.0,15686.787
2018-10-18,1.8,1.8,1.79,1.793,1.802,-0.009,-0.4994,107098.0,19208.828
2018-10-19,1.771,1.782,1.771,1.782,1.793,-0.011,-0.6135,102503.0,18226.216
2018-10-22,1.777,1.782,1.769,1.781,1.782,-0.001,-0.0561,96227.0,17098.327
2018-10-23,1.77,1.77,1.754,1.755,1.781,-0.026,-1.4599,82693.0,14568.007
2018-10-24,1.753,1.763,1.749,1.755,1.755,0.0,0.0,130580.0,22932.029
2018-10-25,1.701,1.72,1.695,1.713,1.755,-0.042,-2.3932,185323.0,31660.876
2018-10-26,1.72,1.722,1.71,1.718,1.713,0.005,0.2919,209286.0,35909.537
2018-10-29,1.712,1.713,1.705,1.708,1.718,-0.01,-0.5821,121584.0,20784.189
2018-10-30,1.707,1.723,1.704,1.709,1.708,0.001,0.0585,307686.0,52673.792
2018-10-31,1.726,1.736,1.72,1.735,1.709,0.026,1.5214,118049.04,20446.96
2018-11-01,1.754,1.758,1.744,1.745,1.735,0.01,0.5764,83321.0,14608.54
2018-11-02,1.751,1.764,1.747,1.763,1.745,0.018,1.0315,194484.0,34112.291
2018-11-05,1.755,1.755,1.741,1.744,1.763,-0.019,-1.0777,65941.01,11496.384
2018-11-06,1.747,1.779,1.747,1.763,1.744,0.019,1.0894,302909.17,53382.747
2018-11-07,1.768,1.778,1.768,1.772,1.763,0.009,0.5105,188889.0,33517.483
2018-11-08,1.804,1.821,1.802,1.807,1.772,0.035,1.9752,103122.0,18638.671
2018-11-09,1.806,1.806,1.788,1.799,1.807,-0.008,-0.4427,171116.0,30792.498
2018-11-12,1.785,1.798,1.785,1.797,1.799,-0.002,-0.1112,55700.0,9978.466
2018-11-13,1.765,1.765,1.752,1.759,1.797,-0.038,-2.1146,158558.0,27870.556
2018-11-14,1.759,1.762,1.758,1.76,1.759,0.001,0.0569,70018.0,12325.91
2018-11-15,1.752,1.752,1.741,1.745,1.76,-0.015,-0.8523,155880.0,27199.933
2018-11-16,1.755,1.762,1.746,1.749,1.745,0.004,0.2292,691414.0,121336.144
2018-11-19,1.755,1.759,1.754,1.754,1.749,0.005,0.2859,232923.78,40914.528
2018-11-20,1.723,1.735,1.723,1.729,1.754,-0.025,-1.4253,245906.0,42502.281
2018-11-21,1.7,1.71,1.686,1.704,1.729,-0.025,-1.4459,310732.0,52770.057
2018-11-22,1.704,1.704,1.701,1.703,1.704,-0.001,-0.0587,22040.62,3752.187
2018-11-23,1.702,1.705,1.698,1.699,1.703,-0.004,-0.2349,94728.35,16121.709
2018-11-26,1.698,1.704,1.693,1.703,1.699,0.004,0.2354,356152.0,60563.233
2018-11-27,1.716,1.716,1.709,1.715,1.703,0.012,0.7046,137831.0,23596.603
2018-11-28,1.734,1.737,1.718,1.729,1.715,0.014,0.8163,366696.0,63380.754
2018-11-29,1.763,1.769,1.751,1.753,1.729,0.024,1.3881,236818.2,41700.196
2018-11-30,1.753,1.762,1.753,1.762,1.753,0.009,0.5134,116474.0,20491.965
2018-12-03,1.795,1.803,1.782,1.8,1.762,0.038,2.1566,290735.0,52294.069
2018-12-04,1.796,1.796,1.769,1.769,1.8,-0.031,-1.7222,186521.0,33179.696
2018-12-05,1.73,1.74,1.729,1.734,1.769,-0.035,-1.9785,102156.0,17737.773
2018-12-06,1.72,1.72,1.708,1.709,1.734,-0.025,-1.4418,331422.0,56779.534
2018-12-07,1.72,1.728,1.72,1.721,1.709,0.012,0.7022,112176.0,19341.378
2018-12-10,1.699,1.699,1.671,1.673,1.721,-0.048,-2.7891,347029.0,58295.257
2018-12-11,1.679,1.691,1.679,1.688,1.673,0.015,0.8966,1419209.0,239153.657
2018-12-12,1.69,1.714,1.686,1.696,1.688,0.008,0.4739,1443350.0,244869.732
2018-12-13,1.706,1.711,1.695,1.7,1.696,0.004,0.2358,1200625.0,204130.995
2018-12-14,1.695,1.7,1.682,1.683,1.7,-0.017,-1.0,346361.0,58629.337
2018-12-17,1.666,1.671,1.666,1.669,1.683,-0.014,-0.8318,85681.0,14296.097
2018-12-18,1.636,1.638,1.627,1.633,1.669,-0.036,-2.157,405196.03,66116.617
2018-12-19,1.634,1.634,1.625,1.629,1.633,-0.004,-0.2449,507673.0,82722.655
2018-12-20,1.614,1.614,1.586,1.593,1.629,-0.036,-2.2099,753911.0,120347.05
2018-12-21,1.583,1.59,1.576,1.588,1.593,-0.005,-0.3139,243087.0,38455.511
2018-12-24,1.559,1.56,1.549,1.555,1.588,-0.033,-2.0781,743953.0,115573.974
2018-12-25,1.508,1.508,1.496,1.499,1.555,-0.056,-3.6013,184096.0,27611.44
2018-12-26,1.503,1.507,1.487,1.496,1.499,-0.003,-0.2001,695183.0,103783.41
2018-12-27,1.56,1.58,1.56,1.567,1.496,0.071,4.746,1524212.0,239621.901
2018-12-28,1.578,1.588,1.575,1.576,1.567,0.009,0.5743,290556.0,45935.237
2019-01-02,1.593,1.598,1.572,1.573,1.576,-0.003,-0.1904,339152.0,53656.898
2019-01-03,1.574,1.58,1.57,1.572,1.573,-0.001,-0.0636,225109.0,35457.375
2019-01-04,1.556,1.57,1.508,1.57,1.572,-0.002,-0.1272,663591.0,103504.37
2019-01-07,1.607,1.617,1.602,1.607,1.57,0.037,2.3567,654274.0,105072.908
2019-01-08,1.618,1.629,1.616,1.625,1.607,0.018,1.1201,362081.0,58809.162
2019-01-09,1.633,1.644,1.633,1.639,1.625,0.014,0.8615,941359.7,154403.978
2019-01-10,1.636,1.637,1.62,1.621,1.639,-0.018,-1.0982,1743871.0,283800.066
2019-01-11,1.64,1.64,1.633,1.635,1.621,0.014,0.8637,230051.0,37630.119
2019-01-14,1.633,1.633,1.619,1.621,1.635,-0.014,-0.8563,478013.0,77520.848
2019-01-15,1.627,1.636,1.623,1.631,1.621,0.01,0.6169,635878.0,103638.021
2019-01-16,1.635,1.64,1.635,1.64,1.631,0.009,0.5518,352708.0,57777.197
2019-01-17,1.64,1.64,1.632,1.632,1.64,-0.008,-0.4878,1239423.0,202833.322
2019-01-18,1.655,1.664,1.655,1.663,1.632,0.031,1.8995,130161.0,21608.383
2019-01-21,1.674,1.682,1.674,1.678,1.663,0.015,0.902,515753.0,86571.199
2019-01-22,1.679,1.679,1.671,1.672,1.678,-0.006,-0.3576,748703.0,125347.071
2019-01-23,1.66,1.664,1.656,1.659,1.672,-0.013,-0.7775,645240.0,107057.338
2019-01-24,1.66,1.663,1.658,1.66,1.659,0.001,0.0603,979858.0,162703.443
2019-01-25,1.663,1.668,1.659,1.665,1.66,0.005,0.3012,838770.0,139467.491
2019-01-28,1.667,1.669,1.656,1.659,1.665,-0.006,-0.3604,290285.0,48189.504
2019-01-29,1.651,1.654,1.646,1.65,1.659,-0.009,-0.5425,209785.0,34601.178
2019-01-30,1.65,1.654,1.649,1.649,1.65,-0.001,-0.0606,355611.0,58750.616
2019-01-31,1.667,1.677,1.667,1.669,1.649,0.02,1.2129,286866.0,47938.095
2019-02-01,1.677,1.692,1.676,1.691,1.669,0.022,1.3182,396150.0,66849.971
2019-02-11,1.69,1.701,1.688,1.698,1.691,0.007,0.414,249588.0,42318.031
2019-02-12,1.704,1.714,1.704,1.709,1.698,0.011,0.6478,1541554.0,263604.555
2019-02-13,1.722,1.729,1.721,1.727,1.709,0.018,1.0532,438075.0,75639.947
2019-02-14,1.728,1.735,1.728,1.731,1.727,0.004,0.2316,363052.0,62876.025
2019-02-15,1.722,1.725,1.718,1.72,1.731,-0.011,-0.6355,136216.0,23432.776
2019-02-18,1.736,1.749,1.736,1.748,1.72,0.028,1.6279,242222.0,42292.768
2019-02-19,1.751,1.751,1.744,1.748,1.748,0.0,0.0,450576.34,78786.701
2019-02-20,1.749,1.749,1.735,1.737,1.748,-0.011,-0.6293,371514.0,64634.808
2019-02-21,1.739,1.745,1.738,1.744,1.737,0.007,0.403,426842.0,74367.505
2019-02-22,1.741,1.741,1.734,1.739,1.744,-0.005,-0.2867,394096.0,68437.742
2019-02-25,1.747,1.747,1.738,1.74,1.739,0.001,0.0575,349995.0,60940.441
2019-02-26,1.735,1.736,1.729,1.733,1.74,-0.007,-0.4023,752988.0,130418.846
2019-02-27,1.733,1.738,1.729,1.732,1.733,-0.001,-0.0577,1576620.0,273296.711
2019-02-28,1.732,1.735,1.727,1.728,1.732,-0.004,-0.2309,469116.0,81190.712
2019-03-01,1.732,1.744,1.731,1.743,1.728,0.015,0.8681,710911.27,123477.164
2019-03-04,1.75,1.755,1.748,1.75,1.743,0.007,0.4016,1074373.0,188077.498
2019-03-05,1.739,1.741,1.734,1.737,1.75,-0.013,-0.7429,1039470.0,180390.472
2019-03-06,1.734,1.737,1.73,1.735,1.737,-0.002,-0.1151,1213763.0,210516.866
2019-03-07,1.728,1.728,1.721,1.721,1.735,-0.014,-0.8069,1849624.05,318851.11
2019-03-08,1.715,1.721,1.708,1.709,1.721,-0.012,-0.6973,726275.0,124513.349
2019-03-11,1.709,1.716,1.708,1.716,1.709,0.007,0.4096,879342.0,150706.517
2019-03-12,1.735,1.744,1.735,1.739,1.716,0.023,1.3403,1620742.0,282163.267
2019-03-13,1.741,1.743,1.734,1.737,1.739,-0.002,-0.115,1538842.0,267285.73
2019-03-14,1.749,1.758,1.745,1.753,1.737,0.016,0.9211,866041.0,151797.501
2019-03-15,1.753,1.759,1.753,1.755,1.753,0.002,0.1141,616233.0,108184.448
2019-03-18,1.758,1.763,1.756,1.761,1.755,0.006,0.3419,593350.0,104358.547
2019-03-19,1.766,1.769,1.766,1.769,1.761,0.008,0.4543,428839.0,75808.481
2019-03-20,1.766,1.766,1.761,1.765,1.769,-0.004,-0.2261,722460.0,127388.284
2019-03-21,1.76,1.76,1.747,1.749,1.765,-0.016,-0.9065,1170093.0,205239.522
2019-03-22,1.776,1.782,1.775,1.78,1.749,0.031,1.7724,1900056.0,338110.418
2019-03-25,1.742,1.749,1.739,1.74,1.78,-0.04,-2.2472,1088561.0,189759.844
2019-03-26,1.746,1.756,1.746,1.75,1.74,0.01,0.5747,1852550.0,324549.933
2019-03-27,1.756,1.765,1.756,1.763,1.75,0.013,0.7429,494155.0,87068.693
2019-03-28,1.747,1.757,1.746,1.75,1.763,-0.013,-0.7374,1308221.0,229076.036
2019-03-29,1.758,1.763,1.758,1.762,1.75,0.012,0.6857,1137697.0,200463.651
2019-04-01,1.77,1.782,1.77,1.777,1.762,0.015,0.8513,1037685.0,184431.91
2019-04-02,1.79,1.798,1.787,1.788,1.777,0.011,0.619,4751793.0,852237.396
2019-04-03,1.792,1.8,1.79,1.798,1.788,0.01,0.5593,1378792.81,247787.567
2019-04-04,1.798,1.808,1.795,1.797,1.798,-0.001,-0.0556,2829172.0,510392.657
2019-04-08,1.811,1.827,1.81,1.819,1.797,0.022,1.2243,1558073.0,283393.198
2019-04-09,1.827,1.827,1.808,1.811,1.819,-0.008,-0.4398,3194058.15,581077.521
2019-04-10,1.805,1.805,1.798,1.798,1.811,-0.013,-0.7178,641020.0,115393.945
2019-04-11,1.804,1.811,1.804,1.806,1.798,0.008,0.4449,1807152.77,326532.462
2019-04-12,1.807,1.817,1.806,1.809,1.806,0.003,0.1661,1706372.77,308729.56
2019-04-15,1.818,1.821,1.813,1.815,1.809,0.006,0.3317,707283.9,128545.997
2019-04-16,1.817,1.826,1.817,1.825,1.815,0.01,0.551,1017846.0,185432.089
2019-04-17,1.822,1.828,1.818,1.82,1.825,-0.005,-0.274,2218347.0,404408.365
2019-04-18,1.811,1.826,1.806,1.806,1.82,-0.014,-0.7692,1117642.0,202979.736
2019-04-19,1.818,1.831,1.815,1.816,1.806,0.01,0.5537,2261094.0,412107.764
2019-04-22,1.821,1.821,1.812,1.816,1.816,0.0,0.0,2052894.0,372741.831
2019-04-23,1.818,1.823,1.817,1.821,1.816,0.005,0.2753,1103513.0,200912.807
2019-04-24,1.839,1.841,1.835,1.838,1.821,0.017,0.9336,1160661.0,213408.274
2019-04-25,1.837,1.841,1.836,1.837,1.838,-0.001,-0.0544,915671.0,168330.597
2019-04-26,1.837,1.839,1.835,1.839,1.837,0.002,0.1089,1886491.0,346764.684
2019-04-29,1.847,1.853,1.847,1.853,1.839,0.014,0.7613,632016.88,116987.397
2019-04-30,1.854,1.858,1.851,1.858,1.853,0.005,0.2698,268723.89,49802.087
2019-05-06,1.837,1.843,1.828,1.829,1.858,-0.029,-1.5608,1039509.0,190863.569
2019-05-07,1.841,1.851,1.841,1.849,1.829,0.02,1.0935,609497.89,112399.795
2019-05-08,1.815,1.824,1.815,1.816,1.849,-0.033,-1.7847,923192.0,168062.488
2019-05-09,1.816,1.826,1.815,1.816,1.816,0.0,0.0,1392813.5,253419.156
2019-05-10,1.819,1.827,1.815,1.817,1.816,0.001,0.0551,1761232.77,320885.302
2019-05-13,1.818,1.826,1.818,1.826,1.817,0.009,0.4953,1165770.65,212633.512
2019-05-14,1.796,1.806,1.79,1.804,1.826,-0.022,-1.2048,788802.0,142239.561
2019-05-15,1.817,1.82,1.814,1.819,1.804,0.015,0.8315,2013785.0,366118.967
2019-05-16,1.826,1.826,1.817,1.819,1.819,0.0,0.0,1003183.0,182559.136
2019-05-17,1.84,1.847,1.839,1.842,1.819,0.023,1.2644,251812.0,46419.042
2019-05-20,1.844,1.845,1.84,1.841,1.842,-0.001,-0.0543,612462.0,112839.434
2019-05-21,1.838,1.838,1.83,1.833,1.841,-0.008,-0.4345,716961.0,131296.738
2019-05-22,1.842,1.842,1.835,1.837,1.833,0.004,0.2182,625198.0,114989.758
2019-05-23,1.832,1.832,1.823,1.824,1.837,-0.013,-0.7077,431241.0,78798.524
2019-05-24,1.821,1.821,1.813,1.814,1.824,-0.01,-0.5482,417069.0,75737.555
2019-05-27,1.813,1.816,1.809,1.815,1.814,0.001,0.0551,575143.0,104261.03
2019-05-28,1.816,1.824,1.816,1.821,1.815,0.006,0.3306,970573.03,176764.254
2019-05-29,1.803,1.803,1.792,1.792,1.821,-0.029,-1.5925,1350196.44,242769.544
2019-05-30,1.783,1.801,1.783,1.789,1.792,-0.003,-0.1674,2202696.0,394053.567
2019-05-31,1.781,1.784,1.774,1.774,1.789,-0.015,-0.8385,2346282.0,417502.458
2019-06-03,1.758,1.764,1.755,1.757,1.774,-0.017,-0.9583,1600044.0,281254.634
2019-06-04,1.759,1.767,1.759,1.763,1.757,0.006,0.3415,665521.0,117343.885
2019-06-05,1.8,1.807,1.799,1.803,1.763,0.04,2.2689,698271.0,125978.081
2019-06-06,1.812,1.819,1.811,1.814,1.803,0.011,0.6101,808496.0,146707.774
2019-06-10,1.852,1.858,1.85,1.857,1.814,0.043,2.3705,1320797.77,245090.165
2019-06-11,1.858,1.86,1.857,1.858,1.857,0.001,0.0539,660238.75,122698.782
2019-06-12,1.855,1.855,1.847,1.847,1.858,-0.011,-0.592,826184.0,152903.818
2019-06-13,1.851,1.853,1.842,1.847,1.847,0.0,0.0,1334262.0,246184.692
2019-06-14,1.855,1.862,1.854,1.856,1.847,0.009,0.4873,888685.0,165252.001
2019-06-17,1.859,1.863,1.858,1.859,1.856,0.003,0.1616,274693.0,51100.982
2019-06-18,1.86,1.861,1.856,1.856,1.859,-0.003,-0.1614,1044004.52,194043.923
2019-06-19,1.88,1.88,1.868,1.872,1.856,0.016,0.8621,1614520.0,302177.379
2019-06-20,1.88,1.882,1.872,1.882,1.872,0.01,0.5342,631503.0,118785.091
2019-06-21,1.885,1.886,1.875,1.881,1.882,-0.001,-0.0531,411013.0,77235.188
2019-06-24,1.883,1.892,1.883,1.886,1.881,0.005,0.2658,724874.0,136696.947
2019-06-25,1.883,1.883,1.876,1.878,1.886,-0.008,-0.4242,1155246.0,216977.841
2019-06-26,1.854,1.867,1.854,1.863,1.878,-0.015,-0.7987,515422.0,96054.244
2019-06-27,1.864,1.871,1.863,1.87,1.863,0.007,0.3757,448365.29,83671.074
2019-06-28,1.871,1.877,1.865,1.866,1.87,-0.004,-0.2139,1623750.15,304286.462
2019-07-01,1.891,1.914,1.89,1.911,1.866,0.045,2.4116,841355.0,160407.059
2019-07-02,1.904,1.905,1.898,1.903,1.911,-0.008,-0.4186,262582.0,49961.492
2019-07-03,1.917,1.917,1.906,1.909,1.903,0.006,0.3153,879453.61,168025.75
2019-07-04,1.936,1.936,1.919,1.925,1.909,0.016,0.8381,313946.39,60441.552
2019-07-05,1.924,1.929,1.919,1.922,1.925,-0.003,-0.1558,475271.63,91343.58
2019-07-08,1.92,1.92,1.909,1.911,1.922,-0.011,-0.5723,1142577.0,218575.144
2019-07-09,1.909,1.909,1.9,1.902,1.911,-0.009,-0.471,909627.0,173237.704
2019-07-10,1.911,1.916,1.907,1.908,1.902,0.006,0.3155,507311.0,96993.461
2019-07-11,1.919,1.926,1.919,1.925,1.908,0.017,0.891,448119.0,86201.776
2019-07-12,1.93,1.933,1.928,1.933,1.925,0.008,0.4156,968929.0,187140.128
2019-07-15,1.938,1.943,1.932,1.942,1.933,0.009,0.4656,450892.3,87424.457
2019-07-16,1.942,1.943,1.936,1.937,1.942,-0.005,-0.2575,242625.0,47043.025
2019-07-17,1.93,1.936,1.922,1.925,1.937,-0.012,-0.6195,1176439.81,227044.296
2019-07-18,1.909,1.914,1.903,1.907,1.925,-0.018,-0.9351,1145697.0,218882.971
2019-07-19,1.92,1.93,1.92,1.927,1.907,0.02,1.0488,690843.0,133134.985
2019-07-22,1.913,1.919,1.908,1.918,1.927,-0.009,-0.467,662596.0,126861.422
2019-07-23,1.92,1.929,1.92,1.926,1.918,0.008,0.4171,943238.0,181617.632
2019-07-24,1.936,1.94,1.93,1.935,1.926,0.009,0.4673,401636.0,77762.815
2019-07-25,1.945,1.946,1.943,1.945,1.935,0.01,0.5168,205954.0,40045.445
2019-07-26,1.933,1.94,1.932,1.939,1.945,-0.006,-0.3085,67988.0,13176.507
2019-07-29,1.949,1.953,1.943,1.949,1.939,0.01,0.5157,124069.0,24197.48
2019-07-30,1.949,1.959,1.947,1.949,1.949,0.0,0.0,432536.82,84502.46
2019-07-31,1.95,1.95,1.945,1.947,1.949,-0.002,-0.1026,666978.0,129940.522
2019-08-01,1.921,1.933,1.921,1.926,1.947,-0.021,-1.0786,366942.14,70788.514
2019-08-02,1.91,1.921,1.908,1.921,1.926,-0.005,-0.2596,172907.18,33133.927
2019-08-05,1.919,1.946,1.905,1.92,1.921,-0.001,-0.0521,319421.0,61293.439
2019-08-06,1.878,1.883,1.847,1.88,1.92,-0.04,-2.0833,688133.64,128611.31
2019-08-07,1.888,1.893,1.886,1.892,1.88,0.012,0.6383,212704.0,40166.99
2019-08-08,1.895,1.907,1.895,1.905,1.892,0.013,0.6871,326170.0,61986.271
2019-08-09,1.925,1.936,1.925,1.929,1.905,0.024,1.2598,886330.0,171389.561
2019-08-12,1.933,1.933,1.929,1.933,1.929,0.004,0.2074,436954.0,84365.16
2019-08-13,1.906,1.91,1.9,1.903,1.933,-0.03,-1.552,316480.0,60296.288
2019-08-14,1.933,1.933,1.916,1.919,1.903,0.016,0.8408,597607.91,114664.323
2019-08-15,1.877,1.883,1.87,1.88,1.919,-0.039,-2.0323,281918.0,52881.003
2019-08-16,1.881,1.885,1.879,1.884,1.88,0.004,0.2128,267960.0,50416.645
2019-08-19,1.901,1.918,1.901,1.916,1.884,0.032,1.6985,113155.0,21604.1
2019-08-20,1.92,1.929,1.92,1.925,1.916,0.009,0.4697,386000.0,74350.906
2019-08-21,1.921,1.921,1.911,1.912,1.925,-0.013,-0.6753,411391.0,78707.805
2019-08-22,1.928,1.931,1.926,1.929,1.912,0.017,0.8891,126291.0,24356.34
2019-08-23,1.929,1.939,1.929,1.938,1.929,0.009,0.4666,171158.0,33125.74
2019-08-26,1.898,1.9,1.887,1.899,1.938,-0.039,-2.0124,336732.0,63698.913
2019-08-27,1.91,1.932,1.91,1.923,1.899,0.024,1.2638,565376.0,108842.549
2019-08-28,1.922,1.922,1.916,1.918,1.923,-0.005,-0.26,874526.3,167817.961
2019-08-29,1.924,1.927,1.92,1.926,1.918,0.008,0.4171,585215.0,112572.104
2019-08-30,1.947,1.952,1.941,1.945,1.926,0.019,0.9865,1041319.73,202829.38
2019-09-02,1.945,1.947,1.939,1.943,1.945,-0.002,-0.1028,555651.27,107982.039
2019-09-03,1.945,1.945,1.938,1.94,1.943,-0.003,-0.1544,375518.0,72937.273
2019-09-04,1.938,1.952,1.935,1.951,1.94,0.011,0.567,778708.0,151396.43
2019-09-05,1.952,1.968,1.952,1.96,1.951,0.009,0.4613,799679.0,157081.671
2019-09-06,1.979,1.98,1.971,1.972,1.96,0.012,0.6122,597629.0,118125.985
2019-09-09,1.973,1.978,1.971,1.975,1.972,0.003,0.1521,747818.0,147668.648
2019-09-10,1.976,1.976,1.964,1.964,1.975,-0.011,-0.557,561714.16,110608.867
2019-09-11,1.966,1.971,1.964,1.968,1.964,0.004,0.2037,278604.84,54798.761
2019-09-12,1.982,1.991,1.981,1.983,1.968,0.015,0.7622,835856.0,166040.099
2019-09-16,1.973,1.973,1.963,1.968,1.983,-0.015,-0.7564,106830.0,20998.217
2019-09-17,1.974,1.976,1.97,1.975,1.968,0.007,0.3557,1105588.0,218183.853
2019-09-18,1.979,1.986,1.977,1.979,1.975,0.004,0.2025,965410.0,191276.235
2019-09-19,1.98,1.985,1.98,1.981,1.979,0.002,0.1011,245013.0,48576.98
2019-09-20,1.984,1.991,1.981,1.982,1.981,0.001,0.0505,362088.0,71893.023
2019-09-23,1.981,1.986,1.98,1.982,1.982,0.0,0.0,274195.0,54356.542
2019-09-24,1.984,1.989,1.981,1.981,1.982,-0.001,-0.0505,89708.0,17809.182
2019-09-25,1.971,1.971,1.963,1.966,1.981,-0.015,-0.7572,155291.0,30537.557
2019-09-26,1.974,1.979,1.97,1.974,1.966,0.008,0.4069,162122.0,31982.965
2019-09-27,1.972,1.975,1.968,1.974,1.974,0.0,0.0,144581.0,28489.706
2019-09-30,1.969,1.972,1.959,1.97,1.974,-0.004,-0.2026,129958.0,25572.877
2019-10-08,1.964,1.964,1.95,1.951,1.97,-0.019,-0.9645,465085.0,90846.46
2019-10-09,1.922,1.929,1.922,1.927,1.951,-0.024,-1.2301,325130.0,62647.457
2019-10-10,1.928,1.933,1.927,1.93,1.927,0.003,0.1557,619813.0,119648.43
2019-10-11,1.942,1.95,1.941,1.95,1.93,0.02,1.0363,215103.0,41831.938
2019-10-14,1.967,1.969,1.956,1.959,1.95,0.009,0.4615,715373.0,140238.527
2019-10-15,1.962,1.963,1.956,1.963,1.959,0.004,0.2042,288847.22,56585.083
2019-10-16,1.974,1.977,1.97,1.974,1.963,0.011,0.5604,87522.0,17284.11
2019-10-17,1.975,1.976,1.967,1.967,1.974,-0.007,-0.3546,398063.25,78466.222
2019-10-18,1.974,1.974,1.966,1.968,1.967,0.001,0.0508,179473.74,35333.072
2019-10-21,1.968,1.968,1.964,1.967,1.968,-0.001,-0.0508,150217.0,29550.489
2019-10-22,1.982,1.983,1.978,1.98,1.967,0.013,0.6609,372116.0,73699.513
2019-10-23,1.98,1.98,1.967,1.968,1.98,-0.012,-0.6061,476667.5,93883.496
2019-10-24,1.978,1.978,1.97,1.977,1.968,0.009,0.4573,115826.72,22889.662
2019-10-25,1.978,1.98,1.975,1.979,1.977,0.002,0.1012,221506.0,43799.2
2019-10-28,1.984,1.992,1.984,1.989,1.979,0.01,0.5053,87462.0,17396.47
2019-10-29,1.998,2.003,1.996,1.998,1.989,0.009,0.4525,106243.0,21242.101
2019-10-30,1.998,2.0,1.995,1.997,1.998,-0.001,-0.0501,324646.0,64876.992
2019-10-31,2.001,2.002,1.998,1.999,1.997,0.002,0.1002,54990.0,10994.88
2019-11-01,1.994,2.0,1.993,2.0,1.999,0.001,0.05,64264.0,12832.035
2019-11-04,2.014,2.015,2.01,2.011,2.0,0.011,0.55,88312.0,17774.09
2019-11-05,2.017,2.017,2.012,2.015,2.011,0.004,0.1989,105016.0,21156.216
2019-11-06,2.013,2.013,2.0,2.002,2.015,-0.013,-0.6452,143652.0,28781.997
2019-11-07,2.009,2.01,2.003,2.006,2.002,0.004,0.1998,80733.0,16203.247
2019-11-08,2.006,2.006,1.997,2.004,2.006,-0.002,-0.0997,353507.0,70766.002
2019-11-11,2.004,2.011,2.004,2.009,2.004,0.005,0.2495,81207.0,16317.494
2019-11-12,2.009,2.017,2.007,2.017,2.009,0.008,0.3982,224180.0,45124.346
2019-11-13,2.015,2.022,2.015,2.016,2.017,-0.001,-0.0496,86872.0,17539.663
2019-11-14,2.022,2.025,2.021,2.023,2.016,0.007,0.3472,98097.0,19842.422
2019-11-15,2.026,2.039,2.026,2.03,2.023,0.007,0.346,181793.0,36886.929
2019-11-18,2.041,2.059,2.04,2.058,2.03,0.028,1.3793,164266.0,33639.056
2019-11-19,2.058,2.095,2.058,2.082,2.058,0.024,1.1662,181919.32,37856.721
2019-11-20,2.08,2.083,2.05,2.053,2.082,-0.029,-1.3929,117273.0,24166.314
2019-11-21,2.047,2.047,2.034,2.035,2.053,-0.018,-0.8768,202598.0,41248.999
2019-11-22,2.034,2.043,2.034,2.037,2.035,0.002,0.0983,617880.0,125962.167
2019-11-25,2.045,2.052,2.041,2.05,2.037,0.013,0.6382,110722.0,22671.724
2019-11-26,2.065,2.072,2.062,2.065,2.05,0.015,0.7317,253778.0,52421.142
2019-11-27,2.067,2.072,2.067,2.072,2.065,0.007,0.339,63998.0,13247.966
2019-11-28,2.078,2.084,2.076,2.082,2.072,0.01,0.4826,383871.0,79853.426
2019-11-29,2.081,2.089,2.08,2.084,2.082,0.002,0.0961,77054.0,16062.479
2019-12-02,2.084,2.109,2.078,2.107,2.084,0.023,1.1036,159708.0,33483.366
2019-12-03,2.059,2.082,2.059,2.073,2.107,-0.034,-1.6137,155230.0,32165.869
2019-12-04,2.053,2.055,2.043,2.049,2.073,-0.024,-1.1577,271754.0,55672.432
2019-12-05,2.053,2.056,2.05,2.051,2.049,0.002,0.0976,336221.0,69005.946
2019-12-06,2.055,2.058,2.053,2.058,2.051,0.007,0.3413,271470.0,55801.999
2019-12-09,2.07,2.079,2.068,2.077,2.058,0.019,0.9232,239035.0,49507.275
2019-12-10,2.071,2.071,2.065,2.07,2.077,-0.007,-0.337,460973.0,95364.02
2019-12-11,2.067,2.068,2.061,2.068,2.07,-0.002,-0.0966,173801.0,35875.046
2019-12-12,2.071,2.081,2.071,2.08,2.068,0.012,0.5803,281388.0,58427.886
2019-12-13,2.089,2.097,2.085,2.086,2.08,0.006,0.2885,266565.3,55697.533
2019-12-16,2.085,2.092,2.081,2.09,2.086,0.004,0.1918,343935.17,71774.539
2019-12-17,2.098,2.104,2.095,2.102,2.09,0.012,0.5742,497599.0,104501.95
2019-12-18,2.099,2.101,2.09,2.091,2.102,-0.011,-0.5233,552645.4,115866.419
2019-12-19,2.091,2.094,2.083,2.084,2.091,-0.007,-0.3348,344491.68,72026.928
2019-12-20,2.094,2.098,2.093,2.097,2.084,0.013,0.6238,108409.36,22707.39
2019-12-23,2.108,2.116,2.105,2.114,2.097,0.017,0.8107,470403.81,99275.843
2019-12-24,2.114,2.118,2.112,2.115,2.114,0.001,0.0473,371048.35,78495.843
2019-12-25,2.114,2.115,2.107,2.107,2.115,-0.008,-0.3783,185397.68,39156.23
2019-12-26,2.109,2.119,2.109,2.118,2.107,0.011,0.5221,353293.0,74619.289
2019-12-27,2.13,2.144,2.126,2.13,2.118,0.012,0.5666,229443.0,48990.786
2019-12-30,2.126,2.129,2.113,2.125,2.13,-0.005,-0.2347,286535.34,60789.668
2019-12-31,2.115,2.115,2.106,2.111,2.125,-0.014,-0.6588,256100.31,53972.871
2020-01-02,2.113,2.129,2.113,2.129,2.111,0.018,0.8527,326859.1,69265.892
2020-01-03,2.134,2.158,2.129,2.151,2.129,0.022,1.0333,376425.98,80600.358
2020-01-06,2.13,2.13,2.109,2.109,2.151,-0.042,-1.9526,721321.6,152549.201
2020-01-07,2.119,2.124,2.116,2.118,2.109,0.009,0.4267,713366.57,151147.063
2020-01-08,2.092,2.102,2.071,2.092,2.118,-0.026,-1.2276,665629.04,139372.777
2020-01-09,2.115,2.12,2.113,2.117,2.092,0.025,1.195,926987.2,196258.831
2020-01-10,2.129,2.143,2.125,2.139,2.117,0.022,1.0392,242718.04,51779.958
2020-01-13,2.125,2.137,2.124,2.133,2.139,-0.006,-0.2805,625713.19,133328.624
2020-01-14,2.144,2.154,2.14,2.148,2.133,0.015,0.7032,524091.19,112492.235
2020-01-15,2.143,2.143,2.13,2.141,2.148,-0.007,-0.3259,501524.0,107015.865
2020-01-16,2.139,2.139,2.128,2.129,2.141,-0.012,-0.5605,511188.0,108975.283
2020-01-17,2.143,2.148,2.135,2.136,2.129,0.007,0.3288,541676.0,115872.833
2020-01-20,2.143,2.144,2.136,2.138,2.136,0.002,0.0936,404572.0,86615.744
2020-01-21,2.138,2.14,2.135,2.138,2.138,0.0,0.0,773490.0,165401.406
2020-01-22,2.138,2.155,2.138,2.155,2.138,0.017,0.7951,468017.0,100640.562
2020-01-23,2.144,2.154,2.139,2.148,2.155,-0.007,-0.3248,852205.8,183100.501
2020-02-03,2.055,2.123,2.055,2.115,2.148,-0.033,-1.5363,260097.3,54962.042
2020-02-04,2.13,2.133,2.116,2.129,2.115,0.014,0.6619,266740.0,56749.175
2020-02-05,2.143,2.15,2.14,2.142,2.129,0.013,0.6106,458401.04,98262.546
2020-02-06,2.169,2.181,2.168,2.18,2.142,0.038,1.774,504273.0,109705.336
2020-02-07,2.179,2.185,2.175,2.185,2.18,0.005,0.2294,536055.0,116818.628
2020-02-10,2.175,2.189,2.172,2.189,2.185,0.004,0.1831,299269.55,65247.135
2020-02-11,2.194,2.223,2.194,2.219,2.189,0.03,1.3705,457386.1,101232.204
2020-02-12,2.226,2.26,2.222,2.258,2.219,0.039,1.7575,336644.0,75232.899
2020-02-13,2.3,2.368,2.278,2.349,2.258,0.091,4.0301,639500.02,148562.35
2020-02-14,2.33,2.33,2.24,2.248,2.349,-0.101,-4.2997,627195.0,143374.794
2020-02-17,2.252,2.282,2.232,2.262,2.248,0.014,0.6228,556279.0,125729.731
2020-02-18,2.253,2.256,2.227,2.23,2.262,-0.032,-1.4147,382636.6,85624.104
2020-02-19,2.223,2.235,2.215,2.223,2.23,-0.007,-0.3139,407545.0,90804.362
2020-02-20,2.239,2.246,2.226,2.238,2.223,0.015,0.6748,653223.0,145952.579
2020-02-21,2.219,2.248,2.216,2.216,2.238,-0.022,-0.983,873559.09,193989.669
2020-02-24,2.18,2.183,2.166,2.168,2.216,-0.048,-2.1661,673218.0,146230.463
2020-02-25,2.127,2.168,2.127,2.167,2.168,-0.001,-0.0461,1083573.83,232300.434
2020-02-26,2.088,2.128,2.087,2.11,2.167,-0.057,-2.6304,460208.56,97047.799
2020-02-27,2.111,2.111,2.095,2.098,2.11,-0.012,-0.5687,396568.0,83298.617
2020-02-28,2.023,2.044,2.016,2.03,2.098,-0.068,-3.2412,435728.19,88402.403
2020-03-02,2.03,2.088,1.993,2.069,2.03,0.039,1.9212,1512524.0,305415.892
2020-03-03,2.12,2.136,2.05,2.059,2.069,-0.01,-0.4833,1389349.99,289265.293
2020-03-04,2.02,2.038,2.007,2.034,2.059,-0.025,-1.2142,553585.78,111790.76
2020-03-05,2.07,2.076,2.052,2.062,2.034,0.028,1.3766,562564.75,116086.18
2020-03-06,2.033,2.033,2.015,2.017,2.062,-0.045,-2.1823,282658.75,57100.391
2020-03-09,1.964,1.964,1.9,1.907,2.017,-0.11,-5.4536,486579.61,94062.476
2020-03-10,1.888,1.97,1.879,1.965,1.907,0.058,3.0414,639131.0,123117.829
2020-03-11,1.958,1.958,1.919,1.929,1.965,-0.036,-1.8321,514738.66,99515.912
2020-03-12,1.885,1.885,1.831,1.86,1.929,-0.069,-3.577,661926.92,122520.028
2020-03-13,1.688,1.888,1.674,1.823,1.86,-0.037,-1.9892,962318.0,171590.771
2020-03-16,1.784,1.81,1.748,1.779,1.823,-0.044,-2.4136,754649.72,134831.046
2020-03-17,1.764,1.89,1.75,1.764,1.779,-0.015,-0.8432,824210.0,146522.292
2020-03-18,1.769,1.785,1.704,1.705,1.764,-0.059,-3.3447,501323.01,87991.411
2020-03-19,1.72,1.728,1.634,1.7,1.705,-0.005,-0.2933,722202.12,121464.186
2020-03-20,1.71,1.765,1.704,1.758,1.7,0.058,3.4118,593959.5,102626.896
2020-03-23,1.676,1.703,1.647,1.652,1.758,-0.106,-6.0296,558706.26,93798.651
2020-03-24,1.7,1.719,1.67,1.717,1.652,0.065,3.9346,1125579.69,191094.859
2020-03-25,1.77,1.788,1.758,1.785,1.717,0.068,3.9604,1184248.02,209861.207
2020-03-26,1.783,1.783,1.744,1.764,1.785,-0.021,-1.1765,505634.0,89475.901
2020-03-27,1.804,1.808,1.766,1.768,1.764,0.004,0.2268,722728.32,129463.641
2020-03-30,1.733,1.757,1.712,1.74,1.768,-0.028,-1.5837,582996.48,101150.098
2020-03-31,1.771,1.777,1.759,1.764,1.74,0.024,1.3793,403906.0,71419.325
2020-04-01,1.74,1.761,1.723,1.725,1.764,-0.039,-2.2109,363958.35,63506.19
2020-04-02,1.722,1.745,1.701,1.743,1.725,0.018,1.0435,557313.37,95972.857
2020-04-03,1.733,1.741,1.72,1.725,1.743,-0.018,-1.0327,280043.4,48500.757
2020-04-07,1.79,1.812,1.781,1.81,1.725,0.085,4.9275,540223.74,96889.589
2020-04-08,1.798,1.811,1.788,1.796,1.81,-0.014,-0.7735,446020.0,80164.356
2020-04-09,1.827,1.853,1.827,1.849,1.796,0.053,2.951,882001.0,162384.224
2020-04-10,1.858,1.868,1.841,1.847,1.849,-0.002,-0.1082,607176.09,112715.346
2020-04-13,1.838,1.838,1.824,1.831,1.847,-0.016,-0.8663,471164.09,86281.031
2020-04-14,1.841,1.868,1.836,1.867,1.831,0.036,1.9661,457153.09,84841.053
2020-04-15,1.885,1.896,1.878,1.882,1.867,0.015,0.8034,765100.0,144483.009
2020-04-16,1.851,1.882,1.845,1.871,1.882,-0.011,-0.5845,654698.0,121530.011
2020-04-17,1.915,1.922,1.905,1.912,1.871,0.041,2.1913,984691.97,188644.24
2020-04-20,1.915,1.917,1.903,1.912,1.912,0.0,0.0,346759.0,66273.312
2020-04-21,1.902,1.902,1.862,1.873,1.912,-0.039,-2.0397,653200.76,122566.905
2020-04-22,1.831,1.859,1.831,1.852,1.873,-0.021,-1.1212,835998.06,153945.525
2020-04-23,1.867,1.875,1.858,1.871,1.852,0.019,1.0259,548458.0,102383.38
2020-04-24,1.853,1.86,1.847,1.859,1.871,-0.012,-0.6414,385822.01,71528.773
2020-04-27,1.884,1.912,1.88,1.898,1.859,0.039,2.0979,462839.0,87820.314
2020-04-28,1.913,1.919,1.903,1.916,1.898,0.018,0.9484,476583.0,91166.199
2020-04-29,1.928,1.941,1.923,1.931,1.916,0.015,0.7829,489329.0,94552.377
2020-04-30,1.969,1.979,1.96,1.971,1.931,0.04,2.0715,531510.01,104607.514
2020-05-06,1.934,1.948,1.924,1.947,1.971,-0.024,-1.2177,718563.0,138804.293
2020-05-07,1.934,1.934,1.917,1.923,1.947,-0.024,-1.2327,688961.02,132435.178
2020-05-08,1.94,1.948,1.934,1.941,1.923,0.018,0.936,826418.76,160644.204
2020-05-11,1.96,1.968,1.956,1.962,1.941,0.021,1.0819,871086.3,170846.858
2020-05-12,1.951,1.953,1.933,1.934,1.962,-0.028,-1.4271,720454.12,139762.225
2020-05-13,1.901,1.915,1.895,1.912,1.934,-0.022,-1.1375,670650.74,127756.292
2020-05-14,1.886,1.889,1.876,1.883,1.912,-0.029,-1.5167,960035.12,180691.52
2020-05-15,1.905,1.911,1.9,1.908,1.883,0.025,1.3277,768740.5,146498.719
2020-05-18,1.925,1.937,1.921,1.936,1.908,0.028,1.4675,374285.36,72209.607
2020-05-19,1.971,1.988,1.965,1.986,1.936,0.05,2.5826,494835.0,97586.796
2020-05-20,1.969,1.97,1.958,1.963,1.986,-0.023,-1.1581,1400237.0,275000.003
2020-05-21,1.981,1.982,1.968,1.968,1.963,0.005,0.2547,931974.0,183865.68
2020-05-22,1.967,1.97,1.949,1.954,1.968,-0.014,-0.7114,450563.0,88246.807
2020-05-25,1.97,1.989,1.969,1.987,1.954,0.033,1.6888,729416.0,144250.138
2020-05-26,2.004,2.02,2.0,2.019,1.987,0.032,1.6105,473933.0,95133.831
2020-05-27,2.009,2.023,2.005,2.019,2.019,0.0,0.0,459596.0,92477.522
2020-05-28,2.04,2.052,2.039,2.043,2.019,0.024,1.1887,463557.0,94870.495
2020-05-29,2.021,2.032,2.019,2.029,2.043,-0.014,-0.6853,592143.0,120063.213
2020-06-01,2.032,2.04,2.029,2.033,2.029,0.004,0.1971,500418.0,101810.279
2020-06-02,2.034,2.04,2.03,2.036,2.033,0.003,0.1476,555707.0,113069.241
2020-06-03,2.056,2.065,2.052,2.062,2.036,0.026,1.277,489800.0,100897.093
2020-06-04,2.079,2.082,2.069,2.07,2.062,0.008,0.388,319910.0,66394.956
2020-06-05,2.07,2.088,2.067,2.087,2.07,0.017,0.8213,352392.0,73259.69
2020-06-08,2.114,2.12,2.114,2.117,2.087,0.03,1.4375,368785.93,78030.587
2020-06-09,2.143,2.15,2.131,2.147,2.117,0.03,1.4171,418668.2,89760.629
2020-06-10,2.145,2.147,2.135,2.142,2.147,-0.005,-0.2329,515340.0,110410.278
2020-06-11,2.123,2.123,2.079,2.084,2.142,-0.058,-2.7077,780986.87,163614.744
2020-06-12,2.002,2.034,2.0,2.02,2.084,-0.064,-3.071,804377.9,162379.617
2020-06-15,2.0,2.002,1.958,1.961,2.02,-0.059,-2.9208,860692.47,170553.054
2020-06-16,2.035,2.073,2.031,2.058,1.961,0.097,4.9465,786171.75,161223.219
2020-06-17,2.074,2.084,2.066,2.079,2.058,0.021,1.0204,376929.0,78282.095
2020-06-18,2.05,2.064,2.046,2.06,2.079,-0.019,-0.9139,498375.0,102260.612
2020-06-19,2.064,2.072,2.063,2.072,2.06,0.012,0.5825,1141279.5,235886.672
2020-06-22,2.059,2.059,2.042,2.049,2.072,-0.023,-1.11,527486.0,108065.016
2020-06-23,2.05,2.071,2.045,2.066,2.049,0.017,0.8297,474752.0,97801.17
2020-06-24,2.073,2.075,2.066,2.071,2.066,0.005,0.242,380053.0,78679.95
2020-06-29,2.015,2.015,1.998,2.006,2.071,-0.065,-3.1386,543937.5,109047.641
2020-06-30,2.021,2.027,2.008,2.013,2.006,0.007,0.349,449848.0,90763.2
2020-07-01,2.04,2.043,2.034,2.043,2.013,0.03,1.4903,431428.5,87941.081
2020-07-02,2.049,2.06,2.048,2.059,2.043,0.016,0.7832,303132.0,62234.286
2020-07-03,2.064,2.072,2.061,2.071,2.059,0.012,0.5828,444248.0,91784.15
2020-07-06,2.074,2.087,2.072,2.086,2.071,0.015,0.7243,677160.0,140753.994
2020-07-07,2.091,2.091,2.063,2.068,2.086,-0.018,-0.8629,505729.0,104853.467
2020-07-08,2.066,2.068,2.059,2.059,2.068,-0.009,-0.4352,789733.0,162993.795
2020-07-09,2.068,2.078,2.058,2.062,2.059,0.003,0.1457,1723360.8,356996.391
2020-07-10,2.058,2.058,2.024,2.037,2.062,-0.025,-1.2124,646928.0,132303.806
2020-07-13,2.076,2.091,2.07,2.088,2.037,0.051,2.5037,781987.55,162610.522
2020-07-14,2.065,2.073,2.052,2.072,2.088,-0.016,-0.7663,635419.0,131198.803
2020-07-15,2.095,2.107,2.095,2.103,2.072,0.031,1.4961,294266.9,61822.154
2020-07-16,2.118,2.118,2.091,2.095,2.103,-0.008,-0.3804,279309.0,58618.857
2020-07-17,2.097,2.109,2.084,2.106,2.095,0.011,0.5251,306770.0,64489.982
2020-07-20,2.106,2.107,2.092,2.097,2.106,-0.009,-0.4274,327955.0,68764.926
2020-07-21,2.121,2.136,2.117,2.132,2.097,0.035,1.6691,552390.52,117624.873
2020-07-22,2.128,2.139,2.119,2.126,2.132,-0.006,-0.2814,593722.93,126233.272
2020-07-23,2.137,2.148,2.137,2.148,2.126,0.022,1.0348,222792.58,47719.828
2020-07-24,2.118,2.125,2.102,2.107,2.148,-0.041,-1.9088,298085.39,62966.217
2020-07-27,2.107,2.122,2.106,2.109,2.107,0.002,0.0949,398525.0,84127.881
2020-07-28,2.124,2.133,2.119,2.121,2.109,0.012,0.569,413818.0,87943.411
2020-07-29,2.113,2.117,2.106,2.116,2.121,-0.005,-0.2357,255381.0,53925.394
2020-07-30,2.128,2.133,2.124,2.124,2.116,0.008,0.3781,172959.0,36809.047
2020-07-31,2.134,2.147,2.128,2.134,2.124,0.01,0.4708,554485.69,118438.993
2020-08-03,2.142,2.154,2.135,2.136,2.134,0.002,0.0937,442982.0,94831.762
2020-08-04,2.148,2.157,2.147,2.154,2.136,0.018,0.8427,365512.0,78650.174
2020-08-05,2.154,2.169,2.154,2.161,2.154,0.007,0.325,177122.0,38258.841
2020-08-06,2.173,2.177,2.168,2.176,2.161,0.015,0.6941,257608.35,55971.774
2020-08-07,2.183,2.2,2.183,2.199,2.176,0.023,1.057,256034.0,56174.298
2020-08-10,2.199,2.218,2.195,2.213,2.199,0.014,0.6367,143616.0,31721.588
2020-08-11,2.212,2.22,2.202,2.205,2.213,-0.008,-0.3615,147061.0,32510.914
2020-08-12,2.184,2.19,2.17,2.187,2.205,-0.018,-0.8163,360321.0,78462.11
2020-08-13,2.202,2.216,2.202,2.212,2.187,0.025,1.1431,631756.0,139569.511
2020-08-14,2.21,2.214,2.205,2.212,2.212,0.0,0.0,100449.0,22208.823
2020-08-17,2.211,2.214,2.203,2.212,2.212,0.0,0.0,214915.0,47503.519
2020-08-18,2.214,2.225,2.209,2.209,2.212,-0.003,-0.1356,321946.0,71302.719
2020-08-19,2.213,2.222,2.213,2.222,2.209,0.013,0.5885,139257.0,30881.725
2020-08-20,2.209,2.209,2.192,2.196,2.222,-0.026,-1.1701,298162.0,65484.405
2020-08-21,2.202,2.21,2.202,2.206,2.196,0.01,0.4554,396084.0,87418.038
2020-08-24,2.217,2.229,2.214,2.227,2.206,0.021,0.9519,450820.02,100178.128
2020-08-25,2.249,2.294,2.248,2.284,2.227,0.057,2.5595,351831.0,79794.965
2020-08-26,2.297,2.302,2.254,2.259,2.284,-0.025,-1.0946,455716.0,103498.361
2020-08-27,2.29,2.292,2.271,2.289,2.259,0.03,1.328,314175.0,71874.859
2020-08-28,2.288,2.326,2.278,2.306,2.289,0.017,0.7427,246264.0,56690.662
2020-08-31,2.318,2.329,2.316,2.326,2.306,0.02,0.8673,155453.01,36144.362
2020-09-01,2.327,2.335,2.28,2.295,2.326,-0.031,-1.3328,314731.02,72502.213
2020-09-02,2.324,2.334,2.309,2.334,2.295,0.039,1.6993,261266.0,60551.013
2020-09-03,2.38,2.476,2.354,2.465,2.334,0.131,5.6127,548908.15,132702.466
2020-09-04,2.3,2.378,2.28,2.317,2.465,-0.148,-6.0041,872064.44,203538.183
2020-09-07,2.308,2.308,2.21,2.21,2.317,-0.107,-4.618,606961.0,136266.285
2020-09-08,2.238,2.256,2.215,2.251,2.21,0.041,1.8552,670513.0,149729.81
2020-09-09,2.155,2.189,2.152,2.168,2.251,-0.083,-3.6873,350910.98,76061.858
2020-09-10,2.215,2.216,2.194,2.195,2.168,0.027,1.2454,583825.41,128637.555
2020-09-11,2.165,2.175,2.152,2.173,2.195,-0.022,-1.0023,348856.0,75481.559
2020-09-14,2.17,2.177,2.162,2.176,2.173,0.003,0.1381,418738.86,90831.898
2020-09-15,2.18,2.186,2.17,2.178,2.176,0.002,0.0919,554114.93,120580.539
2020-09-16,2.183,2.202,2.183,2.189,2.178,0.011,0.5051,389099.0,85238.413
2020-09-17,2.175,2.175,2.144,2.146,2.189,-0.043,-1.9644,358529.99,77540.577
2020-09-18,2.14,2.155,2.133,2.154,2.146,0.008,0.3728,321077.99,68900.605
2020-09-21,2.139,2.141,2.119,2.126,2.154,-0.028,-1.2999,204634.0,43614.224
2020-09-22,2.112,2.113,2.095,2.099,2.126,-0.027,-1.27,241743.0,50867.547
2020-09-23,2.118,2.123,2.109,2.12,2.099,0.021,1.0005,199328.0,42193.13
2020-09-24,2.078,2.096,2.071,2.072,2.12,-0.048,-2.2642,221173.0,45933.911
2020-09-25,2.085,2.094,2.085,2.089,2.072,0.017,0.8205,144410.0,30187.151
2020-09-28,2.12,2.131,2.112,2.124,2.089,0.035,1.6754,646055.0,137047.72
2020-09-29,2.147,2.156,2.145,2.147,2.124,0.023,1.0829,662784.0,142540.306
2020-09-30,2.147,2.15,2.115,2.124,2.147,-0.023,-1.0713,310263.0,66159.25
2020-10-09,2.195,2.195,2.18,2.192,2.124,0.068,3.2015,354009.0,77572.175
2020-10-12,2.204,2.21,2.202,2.207,2.192,0.015,0.6843,418924.0,92417.054
2020-10-13,2.236,2.256,2.231,2.243,2.207,0.036,1.6312,656110.61,147324.042
2020-10-14,2.232,2.236,2.224,2.234,2.243,-0.009,-0.4012,638822.0,142470.741
2020-10-15,2.212,2.212,2.197,2.199,2.234,-0.035,-1.5667,867347.0,190909.291
2020-10-16,2.205,2.216,2.204,2.21,2.199,0.011,0.5002,266119.0,58861.428
2020-10-19,2.217,2.223,2.207,2.212,2.21,0.002,0.0905,468339.0,103654.385
2020-10-20,2.181,2.181,2.171,2.176,2.212,-0.036,-1.6275,180874.0,39323.071
2020-10-21,2.176,2.183,2.172,2.182,2.176,0.006,0.2757,200681.0,43662.846
2020-10-22,2.168,2.168,2.15,2.155,2.182,-0.027,-1.2374,547833.0,118065.093
2020-10-23,2.166,2.18,2.164,2.173,2.155,0.018,0.8353,257091.0,55889.837
2020-10-26,2.171,2.171,2.156,2.161,2.173,-0.012,-0.5522,237301.0,51299.663
2020-10-27,2.14,2.156,2.138,2.155,2.161,-0.006,-0.2776,474406.0,101869.719
2020-10-28,2.136,2.138,2.125,2.126,2.155,-0.029,-1.3457,296093.0,63049.62
2020-10-29,2.081,2.092,2.08,2.088,2.126,-0.038,-1.7874,350239.0,73038.132
2020-10-30,2.076,2.076,2.043,2.048,2.088,-0.04,-1.9157,505095.0,104140.51
2020-11-02,2.058,2.073,2.058,2.068,2.048,0.02,0.9766,284003.0,58673.992
2020-11-03,2.091,2.109,2.091,2.106,2.068,0.038,1.8375,291233.0,61188.422
2020-11-04,2.124,2.177,2.124,2.14,2.106,0.034,1.6144,1028181.0,221138.483
2020-11-05,2.174,2.186,2.156,2.167,2.14,0.027,1.2617,548292.0,118942.878
2020-11-06,2.186,2.186,2.17,2.176,2.167,0.009,0.4153,341082.0,74290.769
2020-11-09,2.207,2.223,2.206,2.21,2.176,0.034,1.5625,517038.0,114516.514
2020-11-10,2.21,2.217,2.191,2.2,2.21,-0.01,-0.4525,391081.0,86236.154
2020-11-11,2.199,2.211,2.19,2.21,2.2,0.01,0.4545,218038.98,48060.676
2020-11-12,2.215,2.225,2.21,2.214,2.21,0.004,0.181,200302.0,44375.432
2020-11-13,2.206,2.214,2.185,2.212,2.214,-0.002,-0.0903,230811.0,50778.61
2020-11-16,2.234,2.247,2.234,2.242,2.212,0.03,1.3562,183637.0,41150.846
2020-11-17,2.255,2.256,2.228,2.234,2.242,-0.008,-0.3568,262215.0,58615.528
2020-11-18,2.229,2.229,2.211,2.212,2.234,-0.022,-0.9848,178998.98,39739.925
2020-11-19,2.203,2.211,2.197,2.211,2.212,-0.001,-0.0452,214330.76,47204.355
2020-11-20,2.202,2.22,2.198,2.202,2.211,-0.009,-0.4071,179998.0,39647.223
2020-11-23,2.2,2.201,2.194,2.199,2.202,-0.003,-0.1362,150697.0,33102.414
2020-11-24,2.216,2.232,2.215,2.232,2.199,0.033,1.5007,166707.0,37089.357
2020-11-25,2.258,2.261,2.246,2.249,2.232,0.017,0.7616,505098.89,113701.413
2020-11-26,2.245,2.252,2.235,2.249,2.249,0.0,0.0,818768.0,183768.889
2020-11-27,2.246,2.249,2.236,2.243,2.249,-0.006,-0.2668,806015.0,180682.525
2020-11-30,2.242,2.246,2.229,2.232,2.243,-0.011,-0.4904,159098.0,35634.686
2020-12-01,2.254,2.259,2.248,2.256,2.232,0.024,1.0753,200050.0,45107.295
2020-12-02,2.254,2.254,2.245,2.25,2.256,-0.006,-0.266,149253.38,33547.055
2020-12-03,2.257,2.27,2.254,2.259,2.25,0.009,0.4,336100.89,75959.975
2020-12-04,2.258,2.261,2.252,2.253,2.259,-0.006,-0.2656,206688.0,46629.272
2020-12-07,2.264,2.267,2.26,2.262,2.253,0.009,0.3995,186832.0,42290.95
2020-12-08,2.26,2.26,2.253,2.257,2.262,-0.005,-0.221,177942.0,40155.561
2020-12-09,2.269,2.278,2.268,2.277,2.257,0.02,0.8861,194483.0,44216.14
2020-12-10,2.255,2.265,2.254,2.264,2.277,-0.013,-0.5709,654541.98,148123.645
2020-12-11,2.264,2.271,2.259,2.265,2.264,0.001,0.0442,566550.0,128262.23
2020-12-14,2.265,2.297,2.265,2.272,2.265,0.007,0.3091,464936.0,105918.588
2020-12-15,2.261,2.264,2.243,2.252,2.272,-0.02,-0.8803,215240.0,48472.64
2020-12-16,2.267,2.274,2.267,2.27,2.252,0.018,0.7993,101978.0,23151.042
2020-12-17,2.278,2.278,2.27,2.278,2.27,0.008,0.3524,50351.0,11452.852
2020-12-18,2.285,2.286,2.27,2.285,2.278,0.007,0.3073,154878.0,35305.136
2020-12-21,2.284,2.299,2.276,2.279,2.285,-0.006,-0.2626,131674.0,30046.448
2020-12-22,2.269,2.284,2.253,2.258,2.279,-0.021,-0.9215,237570.69,53844.836
2020-12-23,2.257,2.263,2.25,2.26,2.258,0.002,0.0886,105347.0,23785.348
2020-12-24,2.263,2.276,2.261,2.266,2.26,0.006,0.2655,238479.31,54032.064
2020-12-25,2.269,2.279,2.268,2.272,2.266,0.006,0.2648,105772.0,24030.893
2020-12-28,2.273,2.285,2.273,2.283,2.272,0.011,0.4842,105758.0,24122.188
2020-12-29,2.293,2.305,2.293,2.304,2.283,0.021,0.9198,133658.0,30724.876
2020-12-30,2.295,2.295,2.288,2.289,2.304,-0.015,-0.651,151725.0,34756.653
2020-12-31,2.29,2.298,2.283,2.292,2.289,0.003,0.1311,154073.96,35270.039
2021-01-04,2.293,2.297,2.278,2.28,2.292,-0.012,-0.5236,436978.0,99991.782
2021-01-05,2.26,2.26,2.241,2.245,2.28,-0.035,-1.5351,289516.0,65093.511
2021-01-06,2.249,2.257,2.246,2.249,2.245,0.004,0.1782,188659.0,42436.696
2021-01-07,2.275,2.285,2.271,2.283,2.249,0.034,1.5118,167648.77,38244.635
2021-01-08,2.308,2.322,2.308,2.318,2.283,0.035,1.5331,227211.0,52640.169
2021-01-11,2.318,2.323,2.306,2.308,2.318,-0.01,-0.4314,240130.0,55597.07
2021-01-12,2.312,2.317,2.297,2.312,2.308,0.004,0.1733,146251.0,33817.94
2021-01-13,2.308,2.309,2.302,2.306,2.312,-0.006,-0.2595,176732.0,40745.858
2021-01-14,2.31,2.323,2.31,2.321,2.306,0.015,0.6505,131723.0,30549.346
2021-01-15,2.302,2.309,2.297,2.301,2.321,-0.02,-0.8617,98972.0,22801.179
2021-01-18,2.3,2.3,2.285,2.294,2.301,-0.007,-0.3042,160565.0,36777.335
2021-01-19,2.304,2.317,2.304,2.311,2.294,0.017,0.7411,389491.0,90092.185
2021-01-20,2.316,2.325,2.305,2.307,2.311,-0.004,-0.1731,209534.0,48423.469
2021-01-21,2.335,2.348,2.333,2.347,2.307,0.04,1.7339,303626.0,71019.799
2021-01-22,2.344,2.345,2.331,2.335,2.347,-0.012,-0.5113,323820.0,75706.894
2021-01-25,2.338,2.353,2.337,2.348,2.335,0.013,0.5567,221094.0,51864.194
2021-01-26,2.345,2.345,2.325,2.327,2.348,-0.021,-0.8944,83511.0,19480.568
2021-01-27,2.336,2.343,2.33,2.338,2.327,0.011,0.4727,100612.0,23484.046
2021-01-28,2.303,2.303,2.277,2.277,2.338,-0.061,-2.6091,126387.0,28872.777
2021-01-29,2.292,2.307,2.265,2.281,2.277,0.004,0.1757,610635.0,138934.45
2021-02-01,2.255,2.268,2.239,2.267,2.281,-0.014,-0.6138,167103.0,37657.232
2021-02-02,2.292,2.307,2.292,2.305,2.267,0.038,1.6762,175776.0,40447.426
2021-02-03,2.33,2.339,2.323,2.331,2.305,0.026,1.128,74778.0,17420.735
2021-02-04,2.329,2.336,2.315,2.33,2.331,-0.001,-0.0429,145408.0,33818.7
2021-02-05,2.349,2.369,2.349,2.369,2.33,0.039,1.6738,161819.0,38193.949
2021-02-08,2.377,2.41,2.366,2.37,2.369,0.001,0.0422,308732.0,73391.186
2021-02-09,2.398,2.398,2.372,2.384,2.37,0.014,0.5907,75464.0,17973.515
2021-02-10,2.384,2.385,2.373,2.382,2.384,-0.002,-0.0839,120172.0,28610.802
2021-02-18,2.386,2.386,2.377,2.385,2.382,0.003,0.1259,161708.0,38520.93
2021-02-19,2.382,2.382,2.366,2.378,2.385,-0.007,-0.2935,80807.0,19161.683
2021-02-22,2.376,2.38,2.368,2.37,2.378,-0.008,-0.3364,152073.0,36077.288
2021-02-23,2.363,2.372,2.342,2.37,2.37,0.0,0.0,96866.0,22883.659
2021-02-24,2.37,2.371,2.349,2.351,2.37,-0.019,-0.8017,188612.0,44444.918
2021-02-25,2.382,2.398,2.381,2.39,2.351,0.039,1.6589,419496.0,100191.691
2021-02-26,2.333,2.35,2.324,2.326,2.39,-0.064,-2.6778,269814.0,63038.885
2021-03-01,2.362,2.362,2.333,2.343,2.326,0.017,0.7309,115218.0,27012.786
2021-03-02,2.379,2.379,2.364,2.377,2.343,0.034,1.4511,139574.4,33102.65
2021-03-03,2.367,2.378,2.357,2.376,2.377,-0.001,-0.0421,137428.0,32591.393
2021-03-04,2.359,2.359,2.322,2.327,2.376,-0.049,-2.0623,121460.0,28305.718
2021-03-05,2.276,2.31,2.276,2.304,2.327,-0.023,-0.9884,144597.0,33131.716
2021-03-08,2.351,2.358,2.341,2.353,2.304,0.049,2.1267,200356.0,47063.224
2021-03-09,2.356,2.385,2.352,2.375,2.353,0.022,0.935,594387.0,140818.903
2021-03-10,2.38,2.391,2.371,2.373,2.375,-0.002,-0.0842,108377.0,25792.025
2021-03-11,2.391,2.413,2.391,2.411,2.373,0.038,1.6013,298746.0,71854.664
2021-03-12,2.435,2.435,2.411,2.413,2.411,0.002,0.083,155710.0,37684.589
2021-03-15,2.417,2.431,2.417,2.428,2.413,0.015,0.6216,169258.0,41065.442
2021-03-16,2.442,2.448,2.431,2.443,2.428,0.015,0.6178,250327.0,61033.723
2021-03-17,2.439,2.439,2.425,2.433,2.443,-0.01,-0.4093,137450.0,33410.619
2021-03-18,2.446,2.45,2.432,2.435,2.433,0.002,0.0822,157202.07,38306.987
2021-03-19,2.403,2.418,2.401,2.405,2.435,-0.03,-1.232,153796.0,37020.663
2021-03-22,2.399,2.407,2.386,2.405,2.405,0.0,0.0,101484.0,24364.215
2021-03-23,2.425,2.427,2.405,2.416,2.405,0.011,0.4574,155972.0,37654.909
2021-03-24,2.415,2.415,2.396,2.4,2.416,-0.016,-0.6623,202643.0,48631.705
2021-03-25,2.382,2.4,2.382,2.399,2.4,-0.001,-0.0417,235640.0,56431.863
2021-03-26,2.408,2.426,2.408,2.426,2.399,0.027,1.1255,86344.0,20894.159
2021-03-29,2.431,2.446,2.431,2.444,2.426,0.018,0.742,173413.06,42292.248
2021-03-30,2.45,2.464,2.446,2.46,2.444,0.016,0.6547,91590.0,22523.49
2021-03-31,2.479,2.479,2.446,2.448,2.46,-0.012,-0.4878,86925.0,21314.655
2021-04-01,2.46,2.474,2.46,2.473,2.448,0.025,1.0212,75012.0,18504.332
2021-04-02,2.497,2.503,2.488,2.497,2.473,0.024,0.9705,143960.0,35911.823
2021-04-06,2.527,2.535,2.52,2.53,2.497,0.033,1.3216,236974.0,59847.136
2021-04-07,2.527,2.53,2.511,2.526,2.53,-0.004,-0.1581,165311.0,41652.682
2021-04-08,2.531,2.54,2.531,2.536,2.526,0.01,0.3959,208352.0,52828.867
2021-04-09,2.592,2.592,2.536,2.541,2.536,0.005,0.1972,236071.0,59995.769
2021-04-12,2.55,2.559,2.55,2.558,2.541,0.017,0.669,189187.0,48336.945
2021-04-13,2.557,2.561,2.55,2.557,2.558,-0.001,-0.0391,118240.26,30215.231
2021-04-14,2.564,2.569,2.561,2.569,2.557,0.012,0.4693,187550.0,48103.736
2021-04-15,2.56,2.564,2.55,2.564,2.569,-0.005,-0.1946,246880.0,63100.023
2021-04-16,2.578,2.59,2.576,2.583,2.564,0.019,0.741,239290.0,61817.005
2021-04-19,2.585,2.59,2.578,2.58,2.583,-0.003,-0.1161,170224.0,44006.701
2021-04-20,2.568,2.57,2.56,2.56,2.58,-0.02,-0.7752,200978.0,51566.871
2021-04-21,2.533,2.546,2.527,2.543,2.56,-0.017,-0.6641,237937.0,60329.804
2021-04-22,2.561,2.563,2.553,2.558,2.543,0.015,0.5899,100321.0,25649.884
2021-04-23,2.539,2.542,2.532,2.535,2.558,-0.023,-0.8991,131813.0,33445.243
2021-04-26,2.557,2.562,2.554,2.56,2.535,0.025,0.9862,100418.0,25682.621
2021-04-27,2.564,2.574,2.564,2.573,2.56,0.013,0.5078,110228.0,28323.636
2021-04-28,2.572,2.572,2.565,2.569,2.573,-0.004,-0.1555,73685.0,18912.92
2021-04-29,2.572,2.58,2.572,2.58,2.569,0.011,0.4282,102160.0,26313.427
2021-04-30,2.58,2.582,2.567,2.58,2.58,0.0,0.0,182736.0,47015.398
2021-05-06,2.568,2.568,2.548,2.566,2.58,-0.014,-0.5426,143093.0,36594.324
2021-05-07,2.585,2.586,2.569,2.579,2.566,0.013,0.5066,154925.01,39895.52
2021-05-10,2.592,2.595,2.583,2.585,2.579,0.006,0.2326,213150.0,55198.281
2021-05-11,2.546,2.547,2.524,2.546,2.585,-0.039,-1.5087,214659.0,54427.34
2021-05-12,2.525,2.529,2.513,2.527,2.546,-0.019,-0.7463,273711.0,68976.293
2021-05-13,2.479,2.485,2.479,2.48,2.527,-0.047,-1.8599,224489.0,55712.319
2021-05-14,2.502,2.519,2.502,2.518,2.48,0.038,1.5323,197900.0,49671.999
2021-05-17,2.537,2.544,2.531,2.538,2.518,0.02,0.7943,257536.99,65328.383
2021-05-18,2.537,2.548,2.535,2.545,2.538,0.007,0.2758,134573.0,34186.369
2021-05-19,2.509,2.509,2.5,2.504,2.545,-0.041,-1.611,170668.0,42732.631
2021-05-20,2.5,2.508,2.495,2.501,2.504,-0.003,-0.1198,163317.0,40914.988
2021-05-21,2.525,2.537,2.523,2.533,2.501,0.032,1.2795,149868.0,37919.294
2021-05-24,2.531,2.537,2.531,2.537,2.533,0.004,0.1579,169091.0,42854.931
2021-05-25,2.554,2.556,2.545,2.551,2.537,0.014,0.5518,329308.0,83964.136
2021-05-26,2.549,2.549,2.536,2.54,2.551,-0.011,-0.4312,208999.0,53125.503
2021-05-27,2.535,2.535,2.521,2.522,2.54,-0.018,-0.7087,145477.09,36794.726
2021-05-28,2.53,2.547,2.53,2.537,2.522,0.015,0.5948,211970.73,53796.017
2021-05-31,2.535,2.54,2.531,2.532,2.537,-0.005,-0.1971,173225.28,43920.989
2021-06-01,2.534,2.534,2.525,2.534,2.532,0.002,0.079,99355.33,25129.701
2021-06-02,2.535,2.535,2.531,2.533,2.534,-0.001,-0.0395,78516.0,19886.657
2021-06-03,2.536,2.539,2.533,2.537,2.533,0.004,0.1579,80162.0,20331.704
2021-06-04,2.536,2.536,2.526,2.533,2.537,-0.004,-0.1577,177806.01,44971.808
2021-06-07,2.545,2.557,2.544,2.557,2.533,0.024,0.9475,104389.0,26615.401
2021-06-08,2.557,2.561,2.553,2.557,2.557,0.0,0.0,122304.0,31285.153
2021-06-09,2.559,2.56,2.554,2.558,2.557,0.001,0.0391,74973.0,19173.071
2021-06-10,2.558,2.558,2.546,2.549,2.558,-0.009,-0.3518,66054.0,16850.231
2021-06-11,2.559,2.562,2.554,2.557,2.549,0.008,0.3138,65792.0,16831.72
2021-06-15,2.572,2.577,2.301,2.573,2.557,0.016,0.6257,227268.0,58318.068
2021-06-16,2.567,2.567,2.561,2.564,2.573,-0.009,-0.3498,94407.0,24209.634
2021-06-17,2.548,2.559,2.545,2.551,2.564,-0.013,-0.507,82439.0,21016.377
2021-06-18,2.56,2.568,2.56,2.563,2.551,0.012,0.4704,236224.84,60566.571
2021-06-21,2.535,2.535,2.52,2.529,2.563,-0.034,-1.3266,279683.0,70638.117
2021-06-22,2.553,2.577,2.553,2.577,2.529,0.048,1.898,258770.0,66562.812
2021-06-23,2.59,2.602,2.587,2.6,2.577,0.023,0.8925,149401.0,38760.829
2021-06-24,2.597,2.597,2.593,2.596,2.6,-0.004,-0.1538,56575.0,14685.374
2021-06-25,2.608,2.612,2.603,2.603,2.596,0.007,0.2696,80851.0,21070.547
2021-06-28,2.611,2.626,2.6,2.608,2.603,0.005,0.1921,103000.0,26878.569
2021-06-29,2.615,2.617,2.607,2.609,2.608,0.001,0.0383,71608.0,18684.914
2021-06-30,2.613,2.618,2.612,2.616,2.609,0.007,0.2683,41054.0,10738.063
2021-07-01,2.622,2.626,2.621,2.623,2.616,0.007,0.2676,44941.47,11789.998
2021-07-02,2.633,2.646,2.633,2.645,2.623,0.022,0.8387,100007.63,26405.646
2021-07-05,2.659,2.666,2.653,2.659,2.645,0.014,0.5293,355104.0,94385.701
2021-07-06,2.66,2.668,2.655,2.664,2.659,0.005,0.188,276096.0,73470.519
2021-07-07,2.66,2.663,2.653,2.66,2.664,-0.004,-0.1502,124329.0,33051.141
2021-07-08,2.662,2.669,2.651,2.652,2.66,-0.008,-0.3008,113101.0,30090.346
2021-07-09,2.632,2.656,2.63,2.654,2.652,0.002,0.0754,204859.0,54135.247
2021-07-12,2.667,2.678,2.667,2.677,2.654,0.023,0.8666,153100.98,40931.617
2021-07-13,2.682,2.687,2.674,2.675,2.677,-0.002,-0.0747,162622.0,43610.965
2021-07-14,2.674,2.678,2.667,2.671,2.675,-0.004,-0.1495,157537.0,42115.674
2021-07-15,2.665,2.678,2.665,2.674,2.671,0.003,0.1123,94855.0,25360.845
2021-07-16,2.668,2.669,2.663,2.668,2.674,-0.006,-0.2244,161566.0,43082.283
2021-07-19,2.638,2.65,2.633,2.646,2.668,-0.022,-0.8246,62457.0,16496.781
2021-07-20,2.635,2.641,2.614,2.636,2.646,-0.01,-0.3779,215494.0,56685.402
2021-07-21,2.655,2.659,2.645,2.655,2.636,0.019,0.7208,137800.0,36561.789
2021-07-22,2.672,2.673,2.665,2.671,2.655,0.016,0.6026,41430.0,11060.396
2021-07-23,2.671,2.671,2.671,2.671,2.671,0.0,0.0,186278.0,49875.969
2021-07-26,2.688,2.699,2.688,2.693,2.677,0.016,0.5977,159720.0,43016.832
2021-07-27,2.702,2.712,2.7,2.706,2.693,0.013,0.4827,124408.0,33679.65
2021-07-28,2.705,2.715,2.698,2.703,2.706,-0.003,-0.1109,151373.0,40942.932
2021-07-29,2.702,2.702,2.687,2.697,2.703,-0.006,-0.222,112832.0,30375.04
2021-07-30,2.7,2.7,2.676,2.68,2.697,-0.017,-0.6303,207817.0,55714.347
2021-08-02,2.695,2.707,2.692,2.704,2.68,0.024,0.8955,124214.0,33563.569
2021-08-03,2.689,2.693,2.681,2.691,2.704,-0.013,-0.4808,182306.0,49026.54
2021-08-04,2.706,2.713,2.698,2.7,2.691,0.009,0.3344,141328.0,38197.245
2021-08-05,2.694,2.699,2.689,2.694,2.7,-0.006,-0.2222,144168.0,38845.081
2021-08-06,2.705,2.71,2.7,2.708,2.694,0.014,0.5197,122655.0,33163.08
2021-08-09,2.709,2.72,2.705,2.715,2.708,0.007,0.2585,103183.0,28001.748
2021-08-10,2.715,2.721,2.706,2.712,2.715,-0.003,-0.1105,196291.0,53211.842
2021-08-11,2.713,2.721,2.713,2.716,2.712,0.004,0.1475,86216.38,23418.204
2021-08-12,2.72,2.725,2.717,2.718,2.716,0.002,0.0736,159511.0,43402.382
2021-08-13,2.729,2.737,2.724,2.736,2.718,0.018,0.6623,271125.0,73990.755
2021-08-16,2.735,2.737,2.724,2.725,2.736,-0.011,-0.402,200723.0,54779.334
2021-08-17,2.732,2.74,2.728,2.731,2.725,0.006,0.2202,200067.17,54707.517
2021-08-18,2.722,2.73,2.716,2.729,2.731,-0.002,-0.0732,121581.24,33106.368
2021-08-19,2.702,2.706,2.682,2.685,2.729,-0.044,-1.6123,182790.0,49239.284
2021-08-20,2.701,2.706,2.695,2.7,2.685,0.015,0.5587,161773.0,43696.289
2021-08-23,2.723,2.738,2.723,2.738,2.7,0.038,1.4074,113332.0,30964.816
2021-08-24,2.753,2.755,2.748,2.753,2.738,0.015,0.5478,144024.0,39638.119
2021-08-25,2.752,2.752,2.742,2.744,2.753,-0.009,-0.3269,203596.0,55893.13
2021-08-26,2.745,2.747,2.743,2.746,2.744,0.002,0.0729,131541.0,36111.084
2021-08-27,2.736,2.752,2.733,2.748,2.746,0.002,0.0728,162648.0,44590.567
2021-08-30,2.758,2.765,2.755,2.758,2.748,0.01,0.3639,127619.0,35202.488
2021-08-31,2.769,2.782,2.766,2.78,2.758,0.022,0.7977,172084.0,47769.482
2021-09-01,2.775,2.78,2.767,2.779,2.78,-0.001,-0.036,134069.0,37152.674
2021-09-02,2.776,2.776,2.758,2.762,2.779,-0.017,-0.6117,191007.0,52760.282
2021-09-03,2.768,2.778,2.767,2.773,2.762,0.011,0.3983,134615.0,37320.01
2021-09-06,2.769,2.773,2.761,2.77,2.773,-0.003,-0.1082,146825.0,40614.335
2021-09-07,2.769,2.771,2.766,2.77,2.77,0.0,0.0,139167.0,38541.786
2021-09-08,2.763,2.765,2.755,2.757,2.77,-0.013,-0.4693,143531.0,39612.296
2021-09-09,2.75,2.75,2.744,2.748,2.757,-0.009,-0.3264,150507.0,41337.797
2021-09-10,2.743,2.75,2.74,2.749,2.748,0.001,0.0364,116373.0,31940.831
2021-09-13,2.728,2.73,2.719,2.729,2.749,-0.02,-0.7275,153850.0,41914.931
2021-09-14,2.73,2.736,2.726,2.728,2.729,-0.001,-0.0366,381864.0,104266.393
2021-09-15,2.711,2.718,2.707,2.711,2.728,-0.017,-0.6232,114578.92,31062.623
2021-09-16,2.729,2.735,2.717,2.721,2.711,0.01,0.3689,317691.0,86555.103
2021-09-17,2.722,2.737,2.719,2.736,2.721,0.015,0.5513,136877.0,37350.789
2021-09-22,2.673,2.684,2.664,2.68,2.736,-0.056,-2.0468,364049.0,97294.493
2021-09-23,2.704,2.705,2.695,2.701,2.68,0.021,0.7836,175087.0,47249.611
2021-09-24,2.721,2.725,2.716,2.718,2.701,0.017,0.6294,239278.0,65074.318
2021-09-27,2.729,2.736,2.723,2.735,2.718,0.017,0.6255,166971.0,45598.45
2021-09-28,2.72,2.72,2.702,2.709,2.735,-0.026,-0.9506,168626.0,45683.48
2021-09-29,2.66,2.677,2.66,2.668,2.709,-0.041,-1.5135,359890.0,96087.379
2021-09-30,2.668,2.685,2.668,2.683,2.668,0.015,0.5622,153168.0,41023.427
2021-10-08,2.697,2.699,2.681,2.681,2.683,-0.002,-0.0745,108196.0,29083.269
2021-10-11,2.68,2.681,2.664,2.665,2.681,-0.016,-0.5968,190157.0,50800.177
2021-10-12,2.649,2.66,2.636,2.638,2.665,-0.027,-1.0131,361280.0,95660.178
2021-10-13,2.643,2.653,2.641,2.652,2.638,0.014,0.5307,136520.0,36111.66
2021-10-14,2.661,2.677,2.661,2.676,2.652,0.024,0.905,113381.48,30257.657
2021-10-15,2.709,2.717,2.693,2.71,2.676,0.034,1.2706,158495.0,42930.764
2021-10-18,2.714,2.738,2.708,2.71,2.71,0.0,0.0,145710.0,39585.701
2021-10-19,2.72,2.73,2.717,2.728,2.71,0.018,0.6642,165303.0,45022.922
2021-10-20,2.734,2.74,2.731,2.735,2.728,0.007,0.2566,145412.0,39762.523
2021-10-21,2.74,2.74,2.733,2.735,2.735,0.0,0.0,196687.0,53836.739
2021-10-22,2.743,2.749,2.743,2.747,2.735,0.012,0.4388,81219.0,22302.464
2021-10-25,2.735,2.749,2.735,2.747,2.747,0.0,0.0,248207.0,68074.682
2021-10-26,2.762,2.767,2.762,2.766,2.747,0.019,0.6917,48771.0,13478.55
2021-10-27,2.767,2.768,2.757,2.764,2.766,-0.002,-0.0723,84600.0,23357.951
2021-10-28,2.749,2.756,2.749,2.753,2.764,-0.011,-0.398,95716.0,26355.8
2021-10-29,2.772,2.779,2.758,2.758,2.753,0.005,0.1816,99502.0,27508.611
2021-11-01,2.785,2.796,2.785,2.792,2.758,0.034,1.2328,95751.0,26736.153
2021-11-02,2.792,2.792,2.781,2.786,2.792,-0.006,-0.2149,72157.0,20095.923
2021-11-03,2.797,2.806,2.796,2.805,2.786,0.019,0.682,81429.0,22805.422
2021-11-04,2.815,2.821,2.815,2.82,2.805,0.015,0.5348,60028.0,16916.933
2021-11-05,2.825,2.833,2.825,2.832,2.82,0.012,0.4255,89743.0,25402.984
2021-11-08,2.832,2.848,2.83,2.835,2.832,0.003,0.1059,438967.0,124521.74
2021-11-09,2.834,2.851,2.831,2.834,2.835,-0.001,-0.0353,668167.0,189815.558
2021-11-10,2.831,2.832,2.819,2.822,2.834,-0.012,-0.4234,225055.0,63589.798
2021-11-11,2.811,2.819,2.81,2.815,2.822,-0.007,-0.2481,109908.7,30931.571
2021-11-12,2.816,2.821,2.813,2.813,2.815,-0.002,-0.071,78888.0,22215.219
2021-11-15,2.826,2.836,2.826,2.832,2.813,0.019,0.6754,135007.0,38241.651
2021-11-16,2.832,2.835,2.822,2.824,2.832,-0.008,-0.2825,107436.0,30401.878
2021-11-17,2.84,2.843,2.836,2.843,2.824,0.019,0.6728,72040.3,20455.534
2021-11-18,2.841,2.841,2.83,2.833,2.843,-0.01,-0.3517,265195.0,75078.05
2021-11-19,2.84,2.852,2.84,2.851,2.833,0.018,0.6354,452044.97,128736.711
2021-11-22,2.845,2.85,2.842,2.847,2.851,-0.004,-0.1403,183413.0,52203.637
2021-11-23,2.83,2.835,2.821,2.822,2.847,-0.025,-0.8781,447957.0,126663.593
2021-11-24,2.833,2.835,2.828,2.832,2.822,0.01,0.3544,131444.0,37220.231
2021-11-25,2.846,2.852,2.844,2.851,2.832,0.019,0.6709,108500.99,30885.757
2021-11-26,2.834,2.834,2.805,2.808,2.851,-0.043,-1.5082,295835.0,83344.739
2021-11-29,2.79,2.807,2.783,2.806,2.808,-0.002,-0.0712,219059.99,61300.38
2021-11-30,2.82,2.824,2.771,2.789,2.806,-0.017,-0.6058,470950.0,131673.156
2021-12-01,2.775,2.78,2.765,2.778,2.789,-0.011,-0.3944,636716.0,176601.592
2021-12-02,2.733,2.744,2.728,2.74,2.778,-0.038,-1.3679,626371.08,171304.506
2021-12-03,2.749,2.763,2.74,2.758,2.74,0.018,0.6569,215842.0,59399.423
2021-12-06,2.753,2.753,2.742,2.75,2.758,-0.008,-0.2901,113591.0,31201.06
2021-12-07,2.772,2.786,2.767,2.783,2.75,0.033,1.2,201695.93,55993.783
2021-12-08,2.823,2.83,2.823,2.826,2.783,0.043,1.5451,120813.16,34139.378
2021-12-09,2.825,2.827,2.813,2.826,2.826,0.0,0.0,220508.0,62227.713
2021-12-10,2.814,2.819,2.809,2.813,2.826,-0.013,-0.46,89169.0,25083.017
2021-12-13,2.842,2.848,2.841,2.845,2.813,0.032,1.1376,116137.0,33030.118
2021-12-14,2.82,2.82,2.811,2.812,2.845,-0.033,-1.1599,908895.0,255792.669
2021-12-15,2.786,2.804,2.786,2.797,2.812,-0.015,-0.5334,335238.38,93746.698
2021-12-16,2.84,2.857,2.824,2.856,2.797,0.059,2.1094,627040.0,178377.701
2021-12-17,2.832,2.832,2.806,2.807,2.856,-0.049,-1.7157,172666.0,48583.951
2021-12-20,2.78,2.78,2.76,2.762,2.807,-0.045,-1.6031,292416.0,81012.259
2021-12-21,2.761,2.821,2.761,2.777,2.762,0.015,0.5431,645011.0,179632.708
2021-12-22,2.804,2.804,2.791,2.8,2.777,0.023,0.8282,302479.0,84657.928
2021-12-23,2.823,2.835,2.823,2.83,2.8,0.03,1.0714,133884.0,37887.243
2021-12-24,2.848,2.848,2.841,2.846,2.83,0.016,0.5654,95693.0,27214.789
2021-12-27,2.847,2.855,2.847,2.851,2.846,0.005,0.1757,124908.0,35591.551
2021-12-28,2.88,2.887,2.878,2.882,2.851,0.031,1.0873,128646.0,37101.446
2021-12-29,2.883,2.891,2.88,2.888,2.882,0.006,0.2082,285632.0,82469.785
2021-12-30,2.885,2.892,2.882,2.887,2.888,-0.001,-0.0346,996026.0,287665.099
2021-12-31,2.881,2.881,2.862,2.879,2.887,-0.008,-0.2771,239721.0,68955.127
2022-01-04,2.894,2.898,2.889,2.897,2.879,0.018,0.6252,143700.5,41589.242
2022-01-05,2.892,2.892,2.879,2.886,2.897,-0.011,-0.3797,184573.0,53198.128
2022-01-06,2.832,2.85,2.815,2.817,2.886,-0.069,-2.3909,341038.0,96322.243
2022-01-07,2.832,2.84,2.831,2.835,2.817,0.018,0.639,185530.0,52600.42
2022-01-10,2.81,2.818,2.798,2.816,2.835,-0.019,-0.6702,458966.0,128987.875
2022-01-11,2.815,2.815,2.801,2.804,2.816,-0.012,-0.4261,285060.0,80023.017
2022-01-12,2.832,2.836,2.828,2.836,2.804,0.032,1.1412,392037.0,111025.442
2022-01-13,2.837,2.837,2.826,2.829,2.836,-0.007,-0.2468,182299.0,51572.56
2022-01-14,2.788,2.802,2.788,2.802,2.829,-0.027,-0.9544,209279.0,58496.121
2022-01-17,2.794,2.8,2.788,2.794,2.802,-0.008,-0.2855,180071.0,50279.908
2022-01-18,2.796,2.798,2.781,2.783,2.794,-0.011,-0.3937,127913.0,35663.596
2022-01-19,2.754,2.759,2.734,2.739,2.783,-0.044,-1.581,394009.09,108093.394
2022-01-20,2.723,2.726,2.714,2.724,2.739,-0.015,-0.5476,1053730.91,286354.818
2022-01-21,2.669,2.672,2.658,2.67,2.724,-0.054,-1.9824,814385.86,217050.126
2022-01-24,2.653,2.653,2.636,2.638,2.67,-0.032,-1.1985,890515.0,235197.771
2022-01-25,2.61,2.615,2.593,2.605,2.638,-0.033,-1.2509,729030.0,189966.114
2022-01-26,2.599,2.606,2.594,2.601,2.605,-0.004,-0.1536,378514.0,98475.734
2022-01-27,2.588,2.588,2.546,2.552,2.601,-0.049,-1.8839,1414609.0,362641.162
2022-01-28,2.595,2.603,2.574,2.597,2.552,0.045,1.7633,902588.0,234214.486
2022-02-07,2.675,2.694,2.668,2.693,2.597,0.096,3.6966,606852.0,162822.983
2022-02-08,2.684,2.692,2.68,2.687,2.693,-0.006,-0.2228,512353.0,137523.454
2022-02-09,2.708,2.724,2.708,2.722,2.687,0.035,1.3026,478095.5,129923.733
2022-02-10,2.751,2.76,2.739,2.754,2.722,0.032,1.1756,926129.07,254481.004
2022-02-11,2.696,2.702,2.673,2.679,2.754,-0.075,-2.7233,1180552.0,316668.218
2022-02-14,2.654,2.657,2.646,2.655,2.679,-0.024,-0.8959,806724.0,213902.458
2022-02-15,2.647,2.648,2.631,2.638,2.655,-0.017,-0.6403,652310.0,172173.445
2022-02-16,2.67,2.672,2.665,2.671,2.638,0.033,1.2509,341096.0,91049.323
2022-02-17,2.666,2.675,2.656,2.664,2.671,-0.007,-0.2621,575826.0,153464.109
2022-02-18,2.622,2.639,2.616,2.628,2.664,-0.036,-1.3514,757719.0,199425.804
2022-02-21,2.612,2.618,2.601,2.617,2.628,-0.011,-0.4186,1231244.0,321153.177
2022-02-22,2.561,2.568,2.553,2.561,2.617,-0.056,-2.1399,946668.0,242480.96
2022-02-23,2.582,2.602,2.57,2.574,2.561,0.013,0.5076,1462951.0,376855.113
2022-02-24,2.5,2.508,2.46,2.465,2.574,-0.109,-4.2347,1874264.0,465698.735
2022-02-25,2.542,2.545,2.531,2.534,2.465,0.069,2.7992,1726450.0,437802.92
2022-02-28,2.563,2.566,2.538,2.553,2.534,0.019,0.7498,651208.0,166028.08
2022-03-01,2.594,2.607,2.594,2.605,2.553,0.052,2.0368,1248063.0,324572.829
2022-03-02,2.575,2.575,2.563,2.566,2.605,-0.039,-1.4971,835690.0,214771.605
2022-03-03,2.608,2.612,2.599,2.612,2.566,0.046,1.7927,797863.0,207904.055
2022-03-04,2.573,2.591,2.568,2.588,2.612,-0.024,-0.9188,1042313.02,269056.233
2022-03-07,2.544,2.563,2.538,2.554,2.588,-0.034,-1.3138,749157.0,190841.515
2022-03-08,2.53,2.53,2.467,2.473,2.554,-0.081,-3.1715,1444796.92,359116.062
2022-03-09,2.489,2.502,2.482,2.5,2.473,0.027,1.0918,1162538.95,289907.411
2022-03-10,2.546,2.551,2.541,2.545,2.5,0.045,1.8,389132.72,99085.152
2022-03-11,2.53,2.545,2.524,2.544,2.545,-0.001,-0.0393,642366.0,162830.03
2022-03-14,2.53,2.542,2.525,2.537,2.544,-0.007,-0.2752,583592.0,147812.644
2022-03-15,2.514,2.517,2.502,2.503,2.537,-0.034,-1.3402,1429063.0,358354.412
2022-03-16,2.55,2.572,2.548,2.57,2.503,0.067,2.6768,963753.0,246211.511
2022-03-17,2.614,2.621,2.599,2.62,2.57,0.05,1.9455,924635.0,241262.691
2022-03-18,2.628,2.641,2.625,2.638,2.62,0.018,0.687,585142.0,154180.977
2022-03-21,2.673,2.677,2.666,2.675,2.638,0.037,1.4026,495459.0,132415.791
2022-03-22,2.667,2.687,2.667,2.678,2.675,0.003,0.1121,817059.01,218952.108
2022-03-23,2.71,2.724,2.71,2.722,2.678,0.044,1.643,1681555.0,457585.069
2022-03-24,2.683,2.695,2.682,2.688,2.722,-0.034,-1.2491,826157.0,222046.021
2022-03-25,2.712,2.73,2.712,2.729,2.688,0.041,1.5253,848564.0,230969.683
2022-03-28,2.729,2.742,2.727,2.735,2.729,0.006,0.2199,1795435.86,490897.868
2022-03-30,1.395,1.396,1.385,1.39,1.378,0.012,0.8708,936969.11,130319.91
2022-03-31,1.386,1.392,1.384,1.387,1.39,-0.003,-0.2158,1392305.0,193176.001
2022-04-01,1.365,1.371,1.365,1.371,1.387,-0.016,-1.1536,973527.0,133194.856
2022-04-06,1.36,1.372,1.36,1.371,1.371,0.0,0.0,529802.0,72386.047
2022-04-07,1.351,1.353,1.345,1.352,1.371,-0.019,-1.3858,725145.0,97846.124
2022-04-08,1.356,1.365,1.356,1.365,1.352,0.013,0.9615,1049582.0,142793.148
2022-04-11,1.355,1.356,1.349,1.353,1.365,-0.012,-0.8791,857063.0,115894.329
2022-04-12,1.33,1.333,1.324,1.327,1.353,-0.026,-1.9217,1388819.0,184299.794
2022-04-13,1.329,1.339,1.328,1.338,1.327,0.011,0.8289,1185768.0,158249.594
2022-04-14,1.345,1.348,1.34,1.347,1.338,0.009,0.6726,805672.0,108374.964
2022-04-15,1.327,1.335,1.327,1.334,1.347,-0.013,-0.9651,809510.0,107823.836
2022-04-18,1.328,1.328,1.32,1.324,1.334,-0.01,-0.7496,520349.0,68879.478
2022-04-19,1.334,1.336,1.331,1.334,1.324,0.01,0.7553,476947.0,63622.862
2022-04-20,1.355,1.355,1.35,1.355,1.334,0.021,1.5742,995290.0,134629.415
2022-04-21,1.361,1.375,1.359,1.372,1.355,0.017,1.2546,983871.0,134718.64
2022-04-22,1.336,1.357,1.336,1.354,1.372,-0.018,-1.312,1055022.52,142491.568
2022-04-25,1.317,1.319,1.309,1.31,1.354,-0.044,-3.2496,2119051.0,278860.658
2022-04-26,1.327,1.337,1.327,1.334,1.31,0.024,1.8321,1218795.0,162619.244
2022-04-27,1.299,1.305,1.298,1.302,1.334,-0.032,-2.3988,2396586.69,311885.452
2022-04-28,1.306,1.321,1.305,1.319,1.302,0.017,1.3057,1093081.0,143531.96
2022-04-29,1.336,1.347,1.333,1.34,1.319,0.021,1.5921,1740012.0,233425.007
2022-05-05,1.354,1.354,1.34,1.341,1.34,0.001,0.0746,1997448.6,268849.082
2022-05-06,1.3,1.315,1.295,1.309,1.341,-0.032,-2.3863,2360962.0,309364.739
2022-05-09,1.295,1.303,1.291,1.302,1.309,-0.007,-0.5348,1542129.0,199806.016
2022-05-10,1.272,1.278,1.269,1.278,1.302,-0.024,-1.8433,3437210.0,437417.663
2022-05-11,1.274,1.28,1.27,1.277,1.278,-0.001,-0.0782,1829531.0,233306.881
2022-05-12,1.256,1.261,1.253,1.255,1.277,-0.022,-1.7228,1556284.96,195707.928
2022-05-13,1.268,1.275,1.267,1.275,1.255,0.02,1.5936,1556556.0,197806.63
2022-05-16,1.297,1.299,1.277,1.281,1.275,0.006,0.4706,2104944.29,269852.607
2022-05-17,1.286,1.288,1.283,1.287,1.281,0.006,0.4684,1734699.0,223039.721
2022-05-18,1.302,1.304,1.297,1.299,1.287,0.012,0.9324,733864.0,95343.12
2022-05-19,1.25,1.258,1.247,1.251,1.299,-0.048,-3.6952,3109521.0,388945.606
2022-05-20,1.249,1.251,1.242,1.243,1.251,-0.008,-0.6395,2550865.0,317890.111
2022-05-23,1.246,1.248,1.241,1.247,1.243,0.004,0.3218,1801333.0,224100.164
2022-05-24,1.245,1.246,1.235,1.237,1.247,-0.01,-0.8019,1950109.0,241799.542
2022-05-25,1.241,1.249,1.241,1.248,1.237,0.011,0.8892,2957436.0,368371.397
2022-05-26,1.256,1.26,1.253,1.259,1.248,0.011,0.8814,3729271.0,468429.031
2022-05-27,1.285,1.295,1.282,1.287,1.259,0.028,2.224,2031444.0,260967.437
2022-05-30,1.318,1.318,1.304,1.309,1.287,0.022,1.7094,1728891.0,226547.066
2022-05-31,1.303,1.309,1.301,1.304,1.309,-0.005,-0.382,1425599.0,186132.82
2022-06-01,1.305,1.309,1.303,1.307,1.304,0.003,0.2301,1209276.88,157939.699
2022-06-02,1.295,1.297,1.29,1.292,1.307,-0.015,-1.1477,1206947.24,156096.109
2022-06-06,1.289,1.296,1.286,1.296,1.292,0.004,0.3096,1445314.0,186652.376
2022-06-07,1.292,1.292,1.285,1.289,1.296,-0.007,-0.5401,1013821.0,130597.471
2022-06-08,1.305,1.307,1.302,1.305,1.289,0.016,1.2413,726959.0,94833.133
2022-06-09,1.296,1.298,1.292,1.294,1.305,-0.011,-0.8429,856815.0,110955.405
2022-06-10,1.268,1.273,1.266,1.271,1.294,-0.023,-1.7774,1370379.0,173938.837
2022-06-13,1.23,1.23,1.215,1.218,1.271,-0.053,-4.1699,1958988.52,239416.26
2022-06-14,1.2,1.206,1.196,1.205,1.218,-0.013,-1.0673,3055580.0,367066.849
2022-06-15,1.196,1.196,1.187,1.192,1.205,-0.013,-1.0788,2917586.0,347426.66
2022-06-16,1.21,1.21,1.187,1.188,1.192,-0.004,-0.3356,2164642.0,259934.027
2022-06-17,1.166,1.173,1.16,1.169,1.188,-0.019,-1.5993,2246812.0,262352.339
2022-06-20,1.167,1.168,1.162,1.167,1.169,-0.002,-0.1711,1760526.0,204968.305
2022-06-21,1.173,1.184,1.171,1.181,1.167,0.014,1.1997,2478063.0,292227.894
2022-06-22,1.186,1.19,1.179,1.182,1.181,0.001,0.0847,1954714.0,231377.5
2022-06-23,1.188,1.191,1.184,1.19,1.182,0.008,0.6768,2356021.0,279913.628
2022-06-24,1.198,1.211,1.198,1.209,1.19,0.019,1.5966,1842788.02,222113.11
2022-06-27,1.23,1.24,1.229,1.235,1.209,0.026,2.1505,1954253.29,241362.488
2022-06-28,1.235,1.238,1.228,1.237,1.235,0.002,0.1619,1312903.37,161835.751
2022-06-29,1.208,1.214,1.207,1.208,1.237,-0.029,-2.3444,1223090.0,148026.369
2022-06-30,1.207,1.208,1.193,1.195,1.208,-0.013,-1.0762,1620303.0,194600.694
2022-07-01,1.196,1.198,1.188,1.191,1.195,-0.004,-0.3347,1386357.0,165232.776
2022-07-04,1.197,1.207,1.195,1.206,1.191,0.015,1.2594,2024509.0,243543.815
2022-07-05,1.213,1.216,1.21,1.216,1.206,0.01,0.8292,1809278.0,219497.716
2022-07-06,1.216,1.218,1.205,1.21,1.216,-0.006,-0.4934,1780000.78,215553.295
2022-07-07,1.214,1.223,1.213,1.221,1.21,0.011,0.9091,1981103.0,241355.403
2022-07-08,1.236,1.238,1.228,1.23,1.221,0.009,0.7371,2175950.0,267989.789
2022-07-11,1.23,1.23,1.222,1.223,1.23,-0.007,-0.5691,1659244.0,203382.821
2022-07-12,1.219,1.221,1.215,1.217,1.223,-0.006,-0.4906,1607641.0,195748.438
2022-07-13,1.215,1.217,1.212,1.217,1.217,0.0,0.0,2053090.0,249221.769
2022-07-14,1.21,1.21,1.201,1.204,1.217,-0.013,-1.0682,1617663.0,194891.743
2022-07-15,1.21,1.215,1.208,1.209,1.204,0.005,0.4153,1646054.0,199349.816
2022-07-18,1.229,1.238,1.228,1.237,1.209,0.028,2.316,1916848.0,236362.441
2022-07-19,1.222,1.224,1.22,1.222,1.237,-0.015,-1.2126,1819476.0,222399.656
2022-07-20,1.255,1.26,1.255,1.259,1.222,0.037,3.0278,2289537.0,287928.358
2022-07-21,1.261,1.265,1.258,1.262,1.259,0.003,0.2383,1954638.0,246499.461
2022-07-22,1.27,1.272,1.268,1.271,1.262,0.009,0.7132,1500782.0,190583.09
2022-07-25,1.258,1.262,1.257,1.26,1.271,-0.011,-0.8655,1612424.0,203040.025
2022-07-26,1.259,1.262,1.257,1.259,1.26,-0.001,-0.0794,1504244.0,189497.706
2022-07-27,1.259,1.263,1.258,1.263,1.259,0.004,0.3177,2044830.2,257880.636
2022-07-28,1.279,1.281,1.275,1.277,1.263,0.014,1.1085,1588838.0,202903.31
2022-07-29,1.3,1.306,1.299,1.304,1.277,0.027,2.1143,1940370.0,252934.269
2022-08-01,1.309,1.313,1.307,1.31,1.304,0.006,0.4601,3034474.0,397646.153
2022-08-02,1.31,1.311,1.306,1.306,1.31,-0.004,-0.3053,2229976.0,291656.158
2022-08-03,1.306,1.307,1.303,1.306,1.306,0.0,0.0,1954403.0,255130.594
2022-08-04,1.321,1.324,1.319,1.319,1.306,0.013,0.9954,1891833.0,249963.417
2022-08-05,1.322,1.325,1.32,1.324,1.319,0.005,0.3791,1574873.0,208375.769
2022-08-08,1.32,1.328,1.317,1.328,1.324,0.004,0.3021,3391028.0,448479.874
2022-08-09,1.32,1.323,1.319,1.321,1.328,-0.007,-0.5271,1440125.0,190285.688
2022-08-10,1.316,1.317,1.312,1.313,1.321,-0.008,-0.6056,1637385.0,215162.656
2022-08-11,1.341,1.344,1.339,1.342,1.313,0.029,2.2087,1046644.0,140408.581
2022-08-12,1.338,1.343,1.338,1.342,1.342,0.0,0.0,898166.0,120400.914
2022-08-15,1.356,1.363,1.356,1.361,1.342,0.019,1.4158,1905373.0,259179.746
2022-08-16,1.372,1.375,1.371,1.373,1.361,0.012,0.8817,1547767.0,212639.633
2022-08-17,1.376,1.378,1.374,1.374,1.373,0.001,0.0728,1280062.02,176138.669
2022-08-18,1.365,1.369,1.365,1.365,1.374,-0.009,-0.655,1615584.0,220870.189
2022-08-19,1.373,1.376,1.367,1.367,1.365,0.002,0.1465,1557222.0,213796.003
2022-08-22,1.353,1.357,1.352,1.353,1.367,-0.014,-1.0241,1893823.0,256707.522
2022-08-23,1.339,1.341,1.332,1.335,1.353,-0.018,-1.3304,1946537.0,260273.612
2022-08-24,1.334,1.336,1.327,1.335,1.335,0.0,0.0,1768178.02,235595.407
2022-08-25,1.34,1.352,1.34,1.351,1.335,0.016,1.1985,1439837.0,193781.906
2022-08-26,1.355,1.359,1.355,1.358,1.351,0.007,0.5181,867581.0,117705.679
2022-08-29,1.311,1.316,1.3,1.314,1.358,-0.044,-3.2401,3354632.0,439613.662
2022-08-30,1.314,1.319,1.312,1.318,1.314,0.004,0.3044,1790069.0,235538.895
2022-08-31,1.302,1.307,1.302,1.305,1.318,-0.013,-0.9863,1684580.0,219688.77
2022-09-01,1.284,1.285,1.277,1.282,1.305,-0.023,-1.7625,1868294.0,239306.609
2022-09-02,1.29,1.295,1.289,1.295,1.282,0.013,1.014,1294544.0,167202.243
2022-09-05,1.281,1.291,1.281,1.291,1.295,-0.004,-0.3089,1175273.0,151175.663
2022-09-06,1.294,1.294,1.287,1.291,1.291,0.0,0.0,1835147.0,236634.761
2022-09-07,1.278,1.282,1.274,1.281,1.291,-0.01,-0.7746,4379781.0,559296.212
2022-09-08,1.303,1.308,1.302,1.304,1.281,0.023,1.7955,2356394.0,307364.221
2022-09-09,1.312,1.315,1.31,1.312,1.304,0.008,0.6135,1836649.0,241082.341
2022-09-13,1.338,1.345,1.338,1.345,1.312,0.033,2.5152,1753779.0,235091.545
2022-09-14,1.291,1.293,1.284,1.29,1.345,-0.055,-4.0892,4208355.0,542604.414
2022-09-15,1.29,1.294,1.29,1.291,1.29,0.001,0.0775,1966013.0,253921.431
2022-09-16,1.273,1.274,1.268,1.27,1.291,-0.021,-1.6266,3293881.0,419029.84
2022-09-19,1.271,1.274,1.266,1.267,1.27,-0.003,-0.2362,2604021.0,330500.709
2022-09-20,1.281,1.285,1.279,1.284,1.267,0.017,1.3418,1895304.0,243235.737
2022-09-21,1.269,1.272,1.265,1.267,1.284,-0.017,-1.324,3222044.0,409054.361
2022-09-22,1.24,1.248,1.238,1.245,1.267,-0.022,-1.7364,4325231.0,538335.403
2022-09-23,1.244,1.244,1.236,1.238,1.245,-0.007,-0.5622,1358245.0,168314.141
2022-09-26,1.218,1.225,1.214,1.216,1.238,-0.022,-1.7771,2563223.0,312388.661
2022-09-27,1.22,1.232,1.22,1.231,1.216,0.015,1.2336,1873079.0,229490.182
2022-09-28,1.223,1.223,1.212,1.216,1.231,-0.015,-1.2185,1609753.54,195840.448
2022-09-29,1.239,1.242,1.233,1.238,1.216,0.022,1.8092,1678345.0,208003.811
2022-09-30,1.215,1.219,1.21,1.215,1.238,-0.023,-1.8578,2513905.46,305236.657
2022-10-10,1.21,1.212,1.203,1.207,1.215,-0.008,-0.6584,923625.0,111703.378
2022-10-11,1.209,1.214,1.205,1.205,1.207,-0.002,-0.1657,3630838.0,438532.172
2022-10-12,1.206,1.213,1.203,1.212,1.205,0.007,0.5809,1818027.38,219330.676
2022-10-13,1.202,1.204,1.2,1.202,1.212,-0.01,-0.8251,864297.0,103868.715
2022-10-14,1.228,1.242,1.228,1.24,1.202,0.038,3.1614,1439707.0,178070.346
2022-10-17,1.212,1.217,1.21,1.216,1.24,-0.024,-1.9355,2115781.0,256675.983
2022-10-18,1.243,1.258,1.24,1.256,1.216,0.04,3.2895,1830215.0,228977.96
2022-10-19,1.26,1.264,1.251,1.253,1.256,-0.003,-0.2389,1995524.07,251157.041
2022-10-20,1.237,1.244,1.234,1.242,1.253,-0.011,-0.8779,1787892.0,221536.389
2022-10-21,1.232,1.235,1.229,1.232,1.242,-0.01,-0.8052,1321896.0,162763.316
2022-10-24,1.264,1.271,1.262,1.264,1.232,0.032,2.5974,2352987.52,297749.271
2022-10-25,1.283,1.289,1.282,1.288,1.264,0.024,1.8987,2125839.0,273364.611
2022-10-26,1.292,1.296,1.283,1.286,1.288,-0.002,-0.1553,2638096.0,340069.84
2022-10-27,1.291,1.299,1.29,1.298,1.286,0.012,0.9331,2995979.0,387792.972
2022-10-28,1.286,1.287,1.275,1.275,1.298,-0.023,-1.772,919172.0,117737.83
2022-10-31,1.315,1.321,1.315,1.32,1.275,0.045,3.5294,1743648.0,229798.464
2022-11-01,1.321,1.326,1.317,1.325,1.32,0.005,0.3788,2165247.23,285747.751
2022-11-02,1.315,1.317,1.311,1.313,1.325,-0.012,-0.9057,1545758.0,203101.48
2022-11-03,1.285,1.291,1.283,1.288,1.313,-0.025,-1.904,2687614.46,346024.497
2022-11-04,1.275,1.278,1.268,1.275,1.288,-0.013,-1.0093,5587018.9,710700.847
2022-11-07,1.277,1.284,1.275,1.284,1.275,0.009,0.7059,3063410.0,391915.709
2022-11-08,1.297,1.298,1.294,1.297,1.284,0.013,1.0125,2279690.94,295583.085
2022-11-09,1.301,1.312,1.3,1.302,1.297,0.005,0.3855,2653358.0,346433.406
2022-11-10,1.282,1.284,1.279,1.283,1.302,-0.019,-1.4593,1786420.0,229121.793
2022-11-11,1.349,1.349,1.328,1.339,1.283,0.056,4.3648,3653796.0,489153.559
2022-11-14,1.338,1.34,1.322,1.324,1.339,-0.015,-1.1202,2385792.0,317064.535
2022-11-15,1.321,1.327,1.321,1.326,1.324,0.002,0.1511,2375796.0,314639.851
2022-11-16,1.321,1.339,1.32,1.336,1.326,0.01,0.7541,3282414.43,436599.269
2022-11-17,1.327,1.336,1.326,1.335,1.336,-0.001,-0.0749,1980835.09,264006.149
2022-11-18,1.33,1.333,1.325,1.326,1.335,-0.009,-0.6742,1314593.0,174708.588
2022-11-21,1.328,1.34,1.327,1.336,1.326,0.01,0.7541,3255345.0,434323.462
2022-11-22,1.335,1.341,1.332,1.333,1.336,-0.003,-0.2246,1668971.0,223128.398
2022-11-23,1.346,1.351,1.346,1.351,1.333,0.018,1.3503,733469.66,98995.232
2022-11-24,1.362,1.364,1.36,1.361,1.351,0.01,0.7402,946177.66,128791.079
2022-11-25,1.366,1.367,1.363,1.367,1.361,0.006,0.4409,922633.06,125916.987
2022-11-28,1.365,1.367,1.358,1.361,1.367,-0.006,-0.4389,1581041.0,215241.983
2022-11-29,1.349,1.351,1.342,1.346,1.361,-0.015,-1.1021,2072365.0,278882.846
2022-11-30,1.336,1.339,1.335,1.337,1.346,-0.009,-0.6686,1741530.0,232780.322
2022-12-01,1.363,1.371,1.358,1.363,1.337,0.026,1.9447,2540018.52,346037.824
2022-12-02,1.354,1.358,1.354,1.358,1.363,-0.005,-0.3668,958300.48,130007.882
2022-12-05,1.345,1.348,1.334,1.337,1.358,-0.021,-1.5464,1998270.0,267658.353
2022-12-06,1.32,1.321,1.315,1.316,1.337,-0.021,-1.5707,2509067.0,330666.594
2022-12-07,1.299,1.302,1.297,1.298,1.316,-0.018,-1.3678,2886954.0,375107.179
2022-12-08,1.29,1.295,1.289,1.295,1.298,-0.003,-0.2311,1751827.0,226414.225
2022-12-09,1.3,1.305,1.299,1.305,1.295,0.01,0.7722,1380899.95,179775.915
2022-12-12,1.292,1.295,1.292,1.294,1.305,-0.011,-0.8429,1087827.56,140708.951
2022-12-13,1.312,1.315,1.311,1.314,1.294,0.02,1.5456,1366820.0,179426.001
2022-12-14,1.322,1.325,1.321,1.325,1.314,0.011,0.8371,1064716.0,140917.034
2022-12-15,1.314,1.315,1.31,1.313,1.325,-0.012,-0.9057,981047.0,128728.052
2022-12-16,1.282,1.285,1.281,1.284,1.313,-0.029,-2.2087,1928690.0,247407.881
2022-12-19,1.271,1.273,1.27,1.27,1.284,-0.014,-1.0903,1404986.0,178594.36
2022-12-20,1.26,1.263,1.246,1.251,1.27,-0.019,-1.4961,3250357.0,407574.049
2022-12-21,1.262,1.267,1.262,1.266,1.251,0.015,1.199,1783451.89,225451.241
2022-12-22,1.282,1.284,1.281,1.281,1.266,0.015,1.1848,1125892.0,144390.364
2022-12-23,1.261,1.266,1.261,1.266,1.281,-0.015,-1.171,1950698.0,246507.747
2022-12-26,1.27,1.272,1.269,1.27,1.266,0.004,0.316,704950.0,89536.036
2022-12-27,1.276,1.277,1.272,1.274,1.27,0.004,0.315,801649.67,102176.77
2022-12-28,1.26,1.262,1.258,1.26,1.274,-0.014,-1.0989,1935517.0,243878.627
2022-12-29,1.245,1.248,1.242,1.244,1.26,-0.016,-1.2698,2058254.1,256176.093
2022-12-30,1.261,1.263,1.255,1.255,1.244,0.011,0.8842,1614353.0,203266.527
2023-01-03,1.25,1.252,1.246,1.25,1.255,-0.005,-0.3984,3182964.0,397489.635
2023-01-04,1.247,1.249,1.243,1.245,1.25,-0.005,-0.4,2553710.0,318032.859
2023-01-05,1.25,1.251,1.245,1.246,1.245,0.001,0.0803,3550161.0,443052.569
2023-01-06,1.237,1.241,1.235,1.238,1.246,-0.008,-0.6421,2835184.3,350939.931
2023-01-09,1.254,1.255,1.251,1.254,1.238,0.016,1.2924,1975587.9,247437.439
2023-01-10,1.248,1.249,1.242,1.248,1.254,-0.006,-0.4785,2871258.0,357545.502
2023-01-11,1.255,1.258,1.254,1.256,1.248,0.008,0.641,2254070.0,283026.151
2023-01-12,1.264,1.266,1.262,1.264,1.256,0.008,0.6369,2048980.0,259038.965
2023-01-13,1.263,1.263,1.259,1.261,1.264,-0.003,-0.2373,1108487.95,139741.108
2023-01-16,1.263,1.264,1.26,1.262,1.261,0.001,0.0793,1859250.01,234611.931
2023-01-17,1.264,1.268,1.263,1.267,1.262,0.005,0.3962,1193614.0,151152.514
2023-01-18,1.266,1.275,1.265,1.273,1.267,0.006,0.4736,1366547.66,173665.543
2023-01-19,1.25,1.252,1.248,1.248,1.273,-0.025,-1.9639,2060328.0,257536.771
2023-01-20,1.243,1.251,1.242,1.25,1.248,0.002,0.1603,1691937.0,210963.045
2023-01-30,1.284,1.287,1.283,1.284,1.25,0.034,2.72,2964520.15,380899.356
2023-01-31,1.276,1.278,1.272,1.273,1.284,-0.011,-0.8567,1279524.0,163122.9
2023-02-01,1.287,1.29,1.286,1.29,1.273,0.017,1.3354,1557982.34,200668.242
2023-02-02,1.301,1.304,1.3,1.303,1.29,0.013,1.0078,1328144.35,172868.356
2023-02-03,1.315,1.316,1.313,1.314,1.303,0.011,0.8442,1382468.0,181780.775
2023-02-06,1.315,1.318,1.309,1.309,1.314,-0.005,-0.3805,1244153.0,163404.771
2023-02-07,1.312,1.313,1.31,1.311,1.309,0.002,0.1528,708030.0,92867.246
2023-02-08,1.321,1.326,1.321,1.325,1.311,0.014,1.0679,1501436.14,198742.625
2023-02-09,1.315,1.321,1.315,1.32,1.325,-0.005,-0.3774,2589860.0,341501.559
2023-02-10,1.302,1.305,1.302,1.302,1.32,-0.018,-1.3636,1090537.0,142110.073
2023-02-13,1.304,1.309,1.304,1.309,1.302,0.007,0.5376,797244.0,104255.585
2023-02-14,1.322,1.326,1.322,1.326,1.309,0.017,1.2987,1167357.0,154576.51
2023-02-15,1.325,1.326,1.322,1.323,1.326,-0.003,-0.2262,736631.17,97497.933
2023-02-16,1.336,1.339,1.335,1.338,1.323,0.015,1.1338,940281.0,125698.929
2023-02-17,1.323,1.324,1.315,1.316,1.338,-0.022,-1.6442,731020.69,96343.402
2023-02-20,1.317,1.319,1.315,1.317,1.316,0.001,0.076,914389.0,120418.007
2023-02-21,1.312,1.314,1.311,1.313,1.317,-0.004,-0.3037,659341.76,86529.748
2023-02-22,1.293,1.3,1.293,1.298,1.313,-0.015,-1.1424,948190.0,123053.977
2023-02-23,1.301,1.301,1.298,1.3,1.298,0.002,0.1541,677455.0,88022.29
2023-02-24,1.303,1.308,1.302,1.307,1.3,0.007,0.5385,673538.0,87902.002
2023-02-27,1.302,1.304,1.3,1.301,1.307,-0.006,-0.4591,736889.0,95937.977
2023-02-28,1.307,1.307,1.299,1.301,1.301,0.0,0.0,613022.01,79766.906
2023-03-01,1.293,1.294,1.29,1.291,1.301,-0.01,-0.7686,1822189.72,235345.069
2023-03-02,1.282,1.282,1.274,1.278,1.291,-0.013,-1.007,1685387.0,215275.438
2023-03-03,1.288,1.292,1.287,1.292,1.278,0.014,1.0955,1093549.0,141078.796
2023-03-06,1.312,1.318,1.311,1.316,1.292,0.024,1.8576,1317972.66,173283.97
2023-03-07,1.321,1.324,1.32,1.32,1.316,0.004,0.304,1105346.04,146088.268
2023-03-08,1.306,1.308,1.303,1.304,1.32,-0.016,-1.2121,881025.04,115014.948
2023-03-09,1.305,1.308,1.303,1.307,1.304,0.003,0.2301,744654.0,97232.898
2023-03-10,1.279,1.28,1.273,1.275,1.307,-0.032,-2.4484,1754948.0,224108.587
2023-03-13,1.27,1.278,1.268,1.277,1.275,0.002,0.1569,2489614.0,316623.002
2023-03-14,1.251,1.261,1.246,1.251,1.277,-0.026,-2.036,2231361.36,279318.117
2023-03-15,1.27,1.272,1.268,1.272,1.251,0.021,1.6787,1535255.12,194997.831
2023-03-16,1.265,1.271,1.264,1.264,1.272,-0.008,-0.6289,1174695.0,148922.574
2023-03-17,1.283,1.283,1.278,1.281,1.264,0.017,1.3449,1163352.5,149008.45
2023-03-20,1.275,1.276,1.256,1.259,1.281,-0.022,-1.7174,1780639.0,226098.64
2023-03-21,1.278,1.282,1.278,1.281,1.259,0.022,1.7474,1025774.26,131321.833
2023-03-22,1.293,1.297,1.293,1.295,1.281,0.014,1.0929,1166899.0,151173.6
2023-03-23,1.274,1.277,1.272,1.274,1.295,-0.021,-1.6216,1871087.0,238409.885
2023-03-24,1.273,1.277,1.269,1.276,1.274,0.002,0.157,1251170.0,159369.174
2023-03-27,1.287,1.293,1.287,1.292,1.276,0.016,1.2539,1282238.56,165364.589
2023-03-28,1.287,1.292,1.286,1.291,1.292,-0.001,-0.0774,821433.38,105843.648
2023-03-29,1.29,1.297,1.288,1.296,1.291,0.005,0.3873,787513.0,101781.316
2023-03-30,1.306,1.308,1.304,1.305,1.296,0.009,0.6944,959719.0,125303.019
2023-03-31,1.311,1.311,1.307,1.308,1.305,0.003,0.2299,1014246.0,132738.11
2023-04-03,1.325,1.327,1.324,1.326,1.308,0.018,1.3761,915338.26,121353.062
2023-04-04,1.331,1.334,1.331,1.334,1.326,0.008,0.6033,827667.0,110299.059
2023-04-06,1.322,1.322,1.319,1.321,1.334,-0.013,-0.9745,838756.0,110755.302
2023-04-07,1.326,1.327,1.324,1.326,1.321,0.005,0.3785,948519.0,125722.947
2023-04-10,1.326,1.329,1.324,1.325,1.326,-0.001,-0.0754,438843.0,58230.808
2023-04-11,1.331,1.332,1.33,1.332,1.325,0.007,0.5283,538491.0,71683.614
2023-04-12,1.332,1.332,1.329,1.33,1.332,-0.002,-0.1502,907352.35,120727.16
2023-04-13,1.323,1.326,1.321,1.325,1.33,-0.005,-0.3759,868566.36,114907.997
2023-04-14,1.338,1.339,1.331,1.332,1.325,0.007,0.5283,759902.0,101372.327
2023-04-17,1.339,1.341,1.337,1.339,1.332,0.007,0.5255,531227.9,71140.865
2023-04-18,1.34,1.343,1.34,1.341,1.339,0.002,0.1494,632172.0,84782.497
2023-04-19,1.342,1.342,1.34,1.341,1.341,0.0,0.0,540698.0,72515.36
2023-04-20,1.341,1.344,1.339,1.34,1.341,-0.001,-0.0746,865885.0,116224.039
2023-04-21,1.336,1.337,1.334,1.336,1.34,-0.004,-0.2985,594060.0,79368.562
2023-04-24,1.336,1.339,1.333,1.334,1.336,-0.002,-0.1497,829944.0,110913.656
2023-04-25,1.339,1.34,1.338,1.339,1.334,0.005,0.3748,583123.58,78074.704
2023-04-26,1.333,1.335,1.33,1.33,1.339,-0.009,-0.6721,1161876.0,154650.969
2023-04-27,1.324,1.325,1.323,1.323,1.33,-0.007,-0.5263,791090.0,104735.97
2023-04-28,1.343,1.345,1.341,1.343,1.323,0.02,1.5117,1236774.26,166126.902
2023-05-04,1.327,1.331,1.325,1.331,1.343,-0.012,-0.8935,1196714.0,158912.658
2023-05-05,1.326,1.327,1.323,1.326,1.331,-0.005,-0.3757,667731.92,88467.383
2023-05-08,1.342,1.345,1.342,1.344,1.326,0.018,1.3575,847383.04,113807.663
2023-05-09,1.344,1.346,1.344,1.345,1.344,0.001,0.0744,721541.99,97069.567
2023-05-10,1.343,1.345,1.341,1.345,1.345,0.0,0.0,695832.19,93468.987
2023-05-11,1.351,1.354,1.351,1.352,1.345,0.007,0.5204,1093224.0,147855.616
2023-05-12,1.354,1.355,1.352,1.353,1.352,0.001,0.074,654959.74,88611.604
2023-05-15,1.349,1.354,1.348,1.353,1.353,0.0,0.0,753742.31,101813.188
2023-05-16,1.352,1.354,1.351,1.352,1.353,-0.001,-0.0739,581438.31,78632.358
2023-05-17,1.353,1.357,1.353,1.355,1.352,0.003,0.2219,751271.0,101791.861
2023-05-18,1.369,1.373,1.368,1.373,1.355,0.018,1.3284,918985.8,125987.315
2023-05-19,1.393,1.399,1.393,1.394,1.373,0.021,1.5295,3499717.0,488620.586
2023-05-22,1.385,1.39,1.385,1.388,1.394,-0.006,-0.4304,1259979.0,174884.769
2023-05-23,1.395,1.399,1.393,1.394,1.388,0.006,0.4323,1108184.99,154623.071
2023-05-24,1.381,1.384,1.377,1.381,1.394,-0.013,-0.9326,1451237.0,200277.361
2023-05-25,1.377,1.38,1.375,1.38,1.381,-0.001,-0.0724,1723102.0,237402.357
2023-05-26,1.38,1.381,1.377,1.379,1.38,-0.001,-0.0725,888793.24,122570.791
2023-05-29,1.403,1.407,1.402,1.407,1.379,0.028,2.0305,1224982.0,171992.566
2023-05-30,1.404,1.414,1.403,1.413,1.407,0.006,0.4264,1047513.0,147535.384
2023-05-31,1.406,1.41,1.4,1.402,1.413,-0.011,-0.7785,1270819.0,178656.324
2023-06-01,1.4,1.405,1.397,1.404,1.402,0.002,0.1427,869517.0,121787.54
2023-06-02,1.414,1.415,1.408,1.412,1.404,0.008,0.5698,1172405.0,165474.154
2023-06-05,1.432,1.439,1.431,1.438,1.412,0.026,1.8414,1435973.0,205928.531
2023-06-06,1.434,1.436,1.432,1.433,1.438,-0.005,-0.3477,957900.0,137359.29
2023-06-07,1.436,1.442,1.435,1.44,1.433,0.007,0.4885,1086606.0,156316.741
2023-06-08,1.436,1.439,1.432,1.433,1.44,-0.007,-0.4861,1280196.0,183735.789
2023-06-09,1.44,1.445,1.438,1.441,1.433,0.008,0.5583,1766414.0,254633.322
2023-06-12,1.448,1.453,1.448,1.453,1.441,0.012,0.8328,977433.0,141871.998
2023-06-13,1.465,1.472,1.464,1.471,1.453,0.018,1.2388,1983998.0,291482.207
2023-06-14,1.478,1.478,1.474,1.476,1.471,0.005,0.3399,1242121.14,183331.417
2023-06-15,1.478,1.479,1.469,1.472,1.476,-0.004,-0.271,2172845.18,320317.074
2023-06-16,1.482,1.487,1.481,1.484,1.472,0.012,0.8152,1656276.0,245780.511
2023-06-19,1.483,1.484,1.482,1.484,1.484,0.0,0.0,761145.0,112866.821
2023-06-20,1.484,1.49,1.484,1.487,1.484,0.003,0.2022,787514.0,117154.515
2023-06-21,1.487,1.49,1.486,1.487,1.487,0.0,0.0,1205426.68,179390.533
2023-06-26,1.478,1.483,1.478,1.482,1.487,-0.005,-0.3362,1139579.0,168754.719
2023-06-27,1.478,1.478,1.472,1.474,1.482,-0.008,-0.5398,1126174.0,166023.38
2023-06-28,1.485,1.49,1.485,1.489,1.474,0.015,1.0176,1100214.0,163704.799
2023-06-29,1.494,1.498,1.494,1.496,1.489,0.007,0.4701,1089485.0,163063.0
2023-06-30,1.506,1.507,1.502,1.503,1.496,0.007,0.4679,1328655.11,199933.761
2023-07-03,1.521,1.523,1.518,1.522,1.503,0.019,1.2641,1627550.0,247445.772
2023-07-04,1.52,1.521,1.516,1.516,1.522,-0.006,-0.3942,1039513.0,157947.414
2023-07-05,1.517,1.517,1.514,1.515,1.516,-0.001,-0.066,782437.0,118615.293
2023-07-06,1.517,1.518,1.511,1.512,1.515,-0.003,-0.198,1012752.45,153297.61
2023-07-07,1.503,1.507,1.501,1.502,1.512,-0.01,-0.6614,1689896.0,254041.685
2023-07-10,1.494,1.496,1.492,1.492,1.502,-0.01,-0.6658,826143.0,123392.002
2023-07-11,1.5,1.502,1.495,1.499,1.492,0.007,0.4692,839456.0,125831.93
2023-07-12,1.505,1.506,1.502,1.506,1.499,0.007,0.467,777240.0,116907.368
2023-07-13,1.513,1.517,1.512,1.516,1.506,0.01,0.664,1198616.45,181584.486
2023-07-14,1.519,1.519,1.512,1.513,1.516,-0.003,-0.1979,1136577.2,172293.529
2023-07-17,1.515,1.521,1.514,1.521,1.513,0.008,0.5288,1015648.88,154184.212
2023-07-18,1.525,1.529,1.524,1.528,1.521,0.007,0.4602,868372.88,132566.475
2023-07-19,1.543,1.553,1.543,1.552,1.528,0.024,1.5707,1695440.9,262667.172
2023-07-20,1.549,1.549,1.54,1.541,1.552,-0.011,-0.7088,1605044.67,247848.04
2023-07-21,1.531,1.537,1.53,1.536,1.541,-0.005,-0.3245,1284214.0,196982.269
2023-07-24,1.535,1.542,1.534,1.541,1.536,0.005,0.3255,1330105.0,204719.275
2023-07-25,1.54,1.54,1.535,1.538,1.541,-0.003,-0.1947,1532622.0,235640.147
2023-07-26,1.541,1.542,1.539,1.541,1.538,0.003,0.1951,805480.0,124061.086
2023-07-27,1.542,1.546,1.537,1.545,1.541,0.004,0.2596,1521880.0,234557.145
2023-07-28,1.535,1.537,1.531,1.534,1.545,-0.011,-0.712,1831845.0,280991.135
2023-07-31,1.542,1.543,1.537,1.539,1.534,0.005,0.3259,1466143.0,225672.475
2023-08-01,1.546,1.55,1.545,1.549,1.539,0.01,0.6498,1157801.0,179340.86
2023-08-02,1.542,1.543,1.536,1.537,1.549,-0.012,-0.7747,1725216.0,265534.069
2023-08-03,1.525,1.529,1.523,1.523,1.537,-0.014,-0.9109,1695615.55,258874.1
2023-08-04,1.52,1.529,1.519,1.526,1.523,0.003,0.197,1343717.34,204825.892
2023-08-07,1.517,1.521,1.517,1.518,1.526,-0.008,-0.5242,1327261.81,201557.687
2023-08-08,1.528,1.53,1.526,1.529,1.518,0.011,0.7246,806955.53,123330.002
2023-08-09,1.528,1.529,1.525,1.529,1.529,0.0,0.0,779762.0,119053.853
2023-08-10,1.52,1.521,1.517,1.521,1.529,-0.008,-0.5232,679413.0,103234.355
2023-08-11,1.521,1.523,1.519,1.522,1.521,0.001,0.0657,566344.0,86134.817
2023-08-14,1.523,1.525,1.52,1.525,1.522,0.003,0.1971,1079149.0,164310.36
2023-08-15,1.538,1.543,1.538,1.541,1.525,0.016,1.0492,1362642.0,210011.098
2023-08-16,1.528,1.528,1.522,1.524,1.541,-0.017,-1.1032,1042731.0,158923.696
2023-08-17,1.513,1.517,1.512,1.515,1.524,-0.009,-0.5906,1335221.24,202204.468
2023-08-18,1.495,1.499,1.494,1.497,1.515,-0.018,-1.1881,1720350.0,257391.709
2023-08-21,1.497,1.503,1.496,1.503,1.497,0.006,0.4008,2291253.0,343838.014
2023-08-22,1.503,1.51,1.501,1.509,1.503,0.006,0.3992,2101003.96,316377.723
2023-08-23,1.507,1.51,1.506,1.51,1.509,0.001,0.0663,999433.0,150749.653
2023-08-24,1.528,1.536,1.527,1.532,1.51,0.022,1.457,3891148.5,596423.92
2023-08-25,1.503,1.504,1.499,1.501,1.532,-0.031,-2.0235,1152175.0,173088.603
2023-08-28,1.508,1.516,1.507,1.515,1.501,0.014,0.9327,827523.88,125195.727
2023-08-29,1.523,1.526,1.521,1.524,1.515,0.009,0.5941,1029964.0,156899.341
2023-08-30,1.544,1.547,1.544,1.545,1.524,0.021,1.378,1083161.0,167450.217
2023-08-31,1.549,1.556,1.549,1.553,1.545,0.008,0.5178,1472921.24,228790.957
2023-09-01,1.542,1.547,1.541,1.544,1.553,-0.009,-0.5795,772000.0,119258.53
2023-09-04,1.546,1.549,1.545,1.547,1.544,0.003,0.1943,802455.0,124155.903
2023-09-05,1.546,1.55,1.546,1.548,1.547,0.001,0.0646,615692.0,95314.229
2023-09-06,1.548,1.55,1.546,1.548,1.548,0.0,0.0,681220.0,105487.353
2023-09-07,1.538,1.539,1.535,1.535,1.548,-0.013,-0.8398,714217.0,109788.928
2023-09-08,1.538,1.545,1.537,1.544,1.535,0.009,0.5863,816142.0,125779.708
2023-09-11,1.543,1.544,1.531,1.536,1.544,-0.008,-0.5181,1248707.0,191839.268
2023-09-12,1.539,1.542,1.538,1.541,1.536,0.005,0.3255,596768.0,91894.098
2023-09-13,1.532,1.533,1.528,1.53,1.541,-0.011,-0.7138,1126912.0,172364.91
2023-09-14,1.533,1.538,1.532,1.537,1.53,0.007,0.4575,891516.0,136897.242
2023-09-15,1.549,1.55,1.542,1.548,1.537,0.011,0.7157,1146131.0,177250.631
2023-09-18,1.528,1.533,1.528,1.531,1.548,-0.017,-1.0982,754705.12,115535.324
2023-09-19,1.531,1.533,1.529,1.53,1.531,-0.001,-0.0653,641513.0,98202.785
2023-09-20,1.528,1.53,1.526,1.528,1.53,-0.002,-0.1307,687076.0,104991.679
2023-09-21,1.512,1.512,1.507,1.512,1.528,-0.016,-1.0471,1292650.3,195069.029
2023-09-22,1.489,1.493,1.488,1.493,1.512,-0.019,-1.2566,1386959.18,206749.98
2023-09-25,1.488,1.491,1.485,1.49,1.493,-0.003,-0.2009,1158746.0,172555.291
2023-09-26,1.489,1.49,1.483,1.483,1.49,-0.007,-0.4698,1050651.0,156163.815
2023-09-27,1.473,1.476,1.47,1.475,1.483,-0.008,-0.5394,2182767.0,321435.784
2023-09-28,1.477,1.477,1.47,1.471,1.475,-0.004,-0.2712,1316512.0,193887.436
2023-10-09,1.472,1.473,1.466,1.47,1.471,-0.001,-0.068,1404122.0,206162.15
2023-10-10,1.489,1.49,1.487,1.49,1.47,0.02,1.3605,867845.29,129144.761
2023-10-11,1.496,1.5,1.495,1.499,1.49,0.009,0.604,722789.0,108209.114
2023-10-12,1.507,1.51,1.507,1.51,1.499,0.011,0.7338,808137.0,121905.495
2023-10-13,1.5,1.5,1.496,1.497,1.51,-0.013,-0.8609,857126.0,128370.545
2023-10-16,1.492,1.496,1.492,1.496,1.497,-0.001,-0.0668,979112.0,146295.118
2023-10-17,1.506,1.507,1.504,1.507,1.496,0.011,0.7353,751921.0,113195.4
2023-10-18,1.504,1.508,1.502,1.505,1.507,-0.002,-0.1327,1129600.0,170000.655
2023-10-19,1.493,1.494,1.482,1.485,1.505,-0.02,-1.3289,1162066.0,172581.928
2023-10-20,1.471,1.472,1.465,1.467,1.485,-0.018,-1.2121,2137497.0,313750.072
2023-10-23,1.455,1.457,1.453,1.457,1.467,-0.01,-0.6817,1795474.0,261300.294
2023-10-24,1.453,1.456,1.448,1.455,1.457,-0.002,-0.1373,1462603.0,212426.433
2023-10-25,1.458,1.46,1.455,1.456,1.455,0.001,0.0687,605334.0,88245.906
2023-10-26,1.433,1.435,1.43,1.433,1.456,-0.023,-1.5797,1447441.0,207356.604
2023-10-27,1.43,1.433,1.429,1.433,1.433,0.0,0.0,1032017.0,147787.861
2023-10-30,1.426,1.427,1.422,1.427,1.433,-0.006,-0.4187,994988.0,141695.776
2023-10-31,1.432,1.433,1.428,1.431,1.427,0.004,0.2803,967181.0,138344.813
2023-11-01,1.44,1.447,1.439,1.446,1.431,0.015,1.0482,1081064.0,155904.984
2023-11-02,1.462,1.466,1.461,1.463,1.446,0.017,1.1757,1046117.0,153153.689
2023-11-03,1.485,1.487,1.484,1.486,1.463,0.023,1.5721,810324.0,120362.178
2023-11-06,1.494,1.496,1.493,1.494,1.486,0.008,0.5384,783588.0,117057.745
2023-11-07,1.492,1.494,1.49,1.492,1.494,-0.002,-0.1339,838509.0,125072.506
2023-11-08,1.497,1.499,1.495,1.497,1.492,0.005,0.3351,635199.0,95077.602
2023-11-09,1.498,1.505,1.497,1.505,1.497,0.008,0.5344,741040.0,111264.734
2023-11-10,1.495,1.495,1.49,1.493,1.505,-0.012,-0.7973,567001.0,84601.334
2023-11-13,1.512,1.514,1.51,1.513,1.493,0.02,1.3396,959236.0,144972.12
2023-11-14,1.512,1.518,1.511,1.518,1.513,0.005,0.3305,976650.0,148105.059
2023-11-15,1.543,1.544,1.537,1.539,1.518,0.021,1.3834,926938.0,142647.425
2023-11-16,1.538,1.542,1.535,1.541,1.539,0.002,0.13,1063853.0,163653.862
2023-11-17,1.542,1.544,1.538,1.54,1.541,-0.001,-0.0649,2421909.0,373296.843
2023-11-20,1.532,1.534,1.523,1.524,1.54,-0.016,-1.039,1830395.0,279585.298
2023-11-21,1.53,1.533,1.529,1.53,1.524,0.006,0.3937,524085.0,80237.75
2023-11-22,1.528,1.528,1.525,1.528,1.53,-0.002,-0.1307,1348124.0,205787.769
2023-11-23,1.534,1.537,1.531,1.533,1.528,0.005,0.3272,892123.0,136818.386
2023-11-24,1.534,1.536,1.533,1.535,1.533,0.002,0.1305,439638.0,67484.102
2023-11-27,1.534,1.534,1.53,1.534,1.535,-0.001,-0.0651,644983.0,98798.698
2023-11-28,1.533,1.535,1.533,1.535,1.534,0.001,0.0652,471473.0,72330.386
2023-11-29,1.532,1.533,1.53,1.532,1.535,-0.003,-0.1954,525499.0,80490.523
2023-11-30,1.532,1.535,1.529,1.531,1.532,-0.001,-0.0653,699741.0,107205.923
2023-12-01,1.535,1.54,1.535,1.539,1.531,0.008,0.5225,802561.0,123446.965
2023-12-04,1.544,1.548,1.543,1.547,1.539,0.008,0.5198,940068.02,145265.024
2023-12-05,1.539,1.539,1.534,1.534,1.547,-0.013,-0.8403,473204.0,72759.454
2023-12-06,1.545,1.546,1.544,1.546,1.534,0.012,0.7823,609862.0,94254.615
2023-12-07,1.536,1.539,1.533,1.533,1.546,-0.013,-0.8409,674724.0,103580.225
2023-12-08,1.544,1.547,1.543,1.545,1.533,0.012,0.7828,846715.47,130842.642
2023-12-11,1.557,1.562,1.556,1.559,1.545,0.014,0.9061,868830.0,135457.083
2023-12-12,1.566,1.57,1.565,1.567,1.559,0.008,0.5131,1286467.0,201633.245
2023-12-13,1.575,1.579,1.574,1.576,1.567,0.009,0.5743,1033878.0,163077.527
2023-12-14,1.594,1.596,1.591,1.593,1.576,0.017,1.0787,1773817.0,282561.453
2023-12-15,1.587,1.589,1.584,1.586,1.593,-0.007,-0.4394,1354442.0,214910.818
2023-12-18,1.59,1.593,1.589,1.593,1.586,0.007,0.4414,728628.0,115947.167
2023-12-19,1.598,1.601,1.597,1.601,1.593,0.008,0.5022,679754.44,108695.549
2023-12-20,1.605,1.61,1.605,1.609,1.601,0.008,0.4997,1119707.0,180050.612
2023-12-21,1.587,1.589,1.583,1.588,1.609,-0.021,-1.3052,2964855.47,470164.68
2023-12-22,1.598,1.599,1.594,1.597,1.588,0.009,0.5668,985222.12,157222.034
2023-12-25,1.6,1.602,1.598,1.6,1.597,0.003,0.1879,387992.0,62040.307
2023-12-26,1.601,1.606,1.6,1.605,1.6,0.005,0.3125,1171437.96,187859.736
2023-12-27,1.608,1.609,1.605,1.608,1.605,0.003,0.1869,1087975.99,174885.022
2023-12-28,1.61,1.61,1.603,1.605,1.608,-0.003,-0.1866,1131789.0,181858.431
2023-12-29,1.602,1.605,1.598,1.603,1.605,-0.002,-0.1246,1387400.0,222283.371
2024-01-02,1.6,1.607,1.6,1.607,1.603,0.004,0.2495,635475.0,101959.791
2024-01-03,1.597,1.6,1.595,1.595,1.607,-0.012,-0.7467,1084673.02,173260.596
2024-01-04,1.588,1.59,1.586,1.589,1.595,-0.006,-0.3762,683809.0,108630.401
2024-01-05,1.586,1.588,1.582,1.582,1.589,-0.007,-0.4405,866172.0,137329.775
2024-01-08,1.586,1.587,1.583,1.584,1.582,0.002,0.1264,931610.0,147615.543
2024-01-09,1.605,1.611,1.605,1.611,1.584,0.027,1.7045,1970037.0,317031.26
2024-01-10,1.611,1.613,1.609,1.61,1.611,-0.001,-0.0621,1277460.0,205829.049
2024-01-11,1.62,1.623,1.619,1.623,1.61,0.013,0.8075,1368573.59,221892.302
2024-01-12,1.615,1.616,1.612,1.616,1.623,-0.007,-0.4313,923408.0,149069.908
2024-01-15,1.619,1.625,1.618,1.624,1.616,0.008,0.495,1240203.0,201070.93
2024-01-16,1.619,1.62,1.616,1.616,1.624,-0.008,-0.4926,853985.0,138176.678
2024-01-17,1.619,1.62,1.608,1.609,1.616,-0.007,-0.4332,2173807.78,350979.166
2024-01-18,1.609,1.611,1.605,1.61,1.609,0.001,0.0622,1319013.04,212185.97
2024-01-19,1.623,1.628,1.622,1.626,1.61,0.016,0.9938,2108837.99,342871.913
2024-01-22,1.651,1.655,1.648,1.652,1.626,0.026,1.599,3260748.0,538244.701
2024-01-23,1.651,1.665,1.645,1.656,1.652,0.004,0.2421,3124120.74,516504.622
2024-01-24,1.66,1.688,1.658,1.674,1.656,0.018,1.087,2486817.42,416181.248
2024-01-25,1.672,1.672,1.655,1.666,1.674,-0.008,-0.4779,1586860.0,263800.332
2024-01-26,1.665,1.671,1.653,1.654,1.666,-0.012,-0.7203,2177410.0,361309.906
2024-01-29,1.654,1.662,1.654,1.661,1.654,0.007,0.4232,968075.0,160492.883
2024-01-30,1.674,1.681,1.673,1.681,1.661,0.02,1.2041,1393901.0,233778.745
2024-01-31,1.67,1.676,1.666,1.674,1.681,-0.007,-0.4164,1602878.67,267863.633
2024-02-01,1.655,1.662,1.649,1.66,1.674,-0.014,-0.8363,1660663.63,274483.266
2024-02-02,1.677,1.689,1.677,1.688,1.66,0.028,1.6867,1270891.67,213788.705
2024-02-05,1.702,1.703,1.683,1.695,1.688,0.007,0.4147,1756807.0,297280.23
2024-02-06,1.692,1.699,1.686,1.695,1.695,0.0,0.0,1301725.0,220149.046
2024-02-07,1.694,1.705,1.691,1.701,1.695,0.006,0.354,1249245.0,212010.19
2024-02-08,1.715,1.75,1.715,1.745,1.701,0.044,2.5867,1725307.0,298901.827
2024-02-19,1.739,1.741,1.719,1.737,1.745,-0.008,-0.4585,970140.0,168324.183
2024-02-20,1.738,1.739,1.727,1.731,1.737,-0.006,-0.3454,733833.0,127020.254
2024-02-21,1.72,1.723,1.712,1.717,1.731,-0.014,-0.8088,1890579.0,324557.056
2024-02-22,1.729,1.742,1.728,1.741,1.717,0.024,1.3978,936389.37,162574.149
2024-02-23,1.762,1.775,1.762,1.766,1.741,0.025,1.436,1187910.0,210113.441
2024-02-26,1.764,1.764,1.752,1.755,1.766,-0.011,-0.6229,1003777.3,176391.082
2024-02-27,1.751,1.764,1.747,1.761,1.755,0.006,0.3419,1475569.11,259525.661
2024-02-28,1.762,1.786,1.759,1.783,1.761,0.022,1.2493,1679058.0,297610.305
2024-02-29,1.777,1.778,1.765,1.772,1.783,-0.011,-0.6169,2247553.0,397959.269
2024-03-01,1.782,1.789,1.78,1.781,1.772,0.009,0.5079,1586048.0,282869.633
2024-03-04,1.789,1.796,1.789,1.794,1.781,0.013,0.7299,1256753.0,225420.086
2024-03-05,1.784,1.792,1.781,1.789,1.794,-0.005,-0.2787,1200737.0,214805.007
2024-03-06,1.776,1.784,1.772,1.781,1.789,-0.008,-0.4472,1700494.0,302389.889
2024-03-07,1.784,1.788,1.772,1.776,1.781,-0.005,-0.2807,1545117.91,275174.455
2024-03-08,1.791,1.801,1.791,1.8,1.776,0.024,1.3514,1533657.0,275511.518
2024-03-11,1.79,1.794,1.78,1.794,1.8,-0.006,-0.3333,1488653.91,266138.06
2024-03-12,1.794,1.799,1.785,1.788,1.794,-0.006,-0.3344,1399737.0,250544.879
2024-03-13,1.8,1.8,1.78,1.783,1.788,-0.005,-0.2796,1416734.0,253649.927
2024-03-14,1.784,1.784,1.778,1.784,1.783,0.001,0.0561,751823.0,133876.895
2024-03-15,1.778,1.782,1.774,1.775,1.784,-0.009,-0.5045,1072428.0,190751.816
2024-03-18,1.773,1.782,1.764,1.781,1.775,0.006,0.338,1535795.0,272051.795
2024-03-19,1.775,1.78,1.772,1.774,1.781,-0.007,-0.393,1177598.0,209153.468
2024-03-20,1.783,1.792,1.779,1.79,1.774,0.016,0.9019,1261109.0,225248.737
2024-03-21,1.801,1.84,1.8,1.826,1.79,0.036,2.0112,2423572.66,440845.424
2024-03-22,1.827,1.852,1.819,1.837,1.826,0.011,0.6024,2359895.0,434298.642
2024-03-25,1.838,1.846,1.816,1.825,1.837,-0.012,-0.6532,2226642.0,407909.894
2024-03-26,1.826,1.833,1.821,1.832,1.825,0.007,0.3836,1045619.0,191047.358
2024-03-27,1.827,1.848,1.825,1.844,1.832,0.012,0.655,1283638.0,235426.261
2024-03-28,1.851,1.877,1.848,1.868,1.844,0.024,1.3015,3028368.0,564050.725
2024-03-29,1.868,1.899,1.852,1.856,1.868,-0.012,-0.6424,3633389.24,683046.836
2024-04-01,1.863,1.886,1.845,1.849,1.856,-0.007,-0.3772,1996979.15,371698.861
2024-04-02,1.844,1.848,1.831,1.842,1.849,-0.007,-0.3786,2725711.0,501474.728
2024-04-03,1.83,1.831,1.797,1.802,1.842,-0.04,-2.1716,3380552.0,612744.381
2024-04-08,1.807,1.811,1.791,1.807,1.802,0.005,0.2775,2210781.0,398359.495
2024-04-09,1.806,1.819,1.795,1.813,1.807,0.006,0.332,2603800.18,470570.689
2024-04-10,1.815,1.818,1.8,1.81,1.813,-0.003,-0.1655,1042371.0,188859.687
2024-04-11,1.79,1.793,1.783,1.788,1.81,-0.022,-1.2155,1672230.0,299127.628
2024-04-12,1.801,1.807,1.799,1.802,1.788,0.014,0.783,1279001.59,230452.366
2024-04-15,1.776,1.785,1.771,1.783,1.802,-0.019,-1.0544,1198736.0,213407.735
2024-04-16,1.76,1.76,1.74,1.741,1.783,-0.042,-2.3556,2160224.46,377589.234
2024-04-17,1.742,1.747,1.733,1.734,1.741,-0.007,-0.4021,1254792.0,218425.316
2024-04-18,1.725,1.732,1.723,1.73,1.734,-0.004,-0.2307,1443337.0,249246.455
2024-04-19,1.71,1.71,1.693,1.709,1.73,-0.021,-1.2139,2029284.99,345125.581
2024-04-22,1.702,1.716,1.701,1.716,1.709,0.007,0.4096,1694642.32,289500.589
2024-04-23,1.722,1.731,1.719,1.728,1.716,0.012,0.6993,1779765.0,306957.407
2024-04-24,1.75,1.768,1.75,1.766,1.728,0.038,2.1991,1869810.0,329559.684
2024-04-25,1.749,1.753,1.737,1.739,1.766,-0.027,-1.5289,1279029.77,222962.829
2024-04-26,1.754,1.758,1.745,1.746,1.739,0.007,0.4025,1290618.0,225996.482
2024-04-29,1.758,1.76,1.75,1.754,1.746,0.008,0.4582,1007109.0,176655.255
2024-04-30,1.755,1.76,1.753,1.758,1.754,0.004,0.2281,823675.0,144685.815
2024-05-06,1.758,1.76,1.753,1.759,1.758,0.001,0.0569,920988.0,161668.409
2024-05-07,1.772,1.781,1.771,1.777,1.759,0.018,1.0233,1147035.0,203714.23
2024-05-08,1.779,1.785,1.775,1.784,1.777,0.007,0.3939,1091684.0,194404.807
2024-05-09,1.786,1.789,1.779,1.779,1.784,-0.005,-0.2803,1466309.71,261538.378
2024-05-10,1.789,1.8,1.788,1.799,1.779,0.02,1.1242,878813.0,157798.275
2024-05-13,1.801,1.81,1.799,1.807,1.799,0.008,0.4447,788139.0,142362.76
2024-05-14,1.801,1.809,1.797,1.807,1.807,0.0,0.0,991864.0,178681.894
2024-05-15,1.817,1.827,1.816,1.826,1.807,0.019,1.0515,1092086.0,199126.588
2024-05-16,1.849,1.858,1.845,1.85,1.826,0.024,1.3143,1233365.0,228477.271
2024-05-17,1.844,1.846,1.84,1.844,1.85,-0.006,-0.3243,942090.0,173663.357
2024-05-20,1.844,1.85,1.829,1.834,1.844,-0.01,-0.5423,1863960.0,342511.523
2024-05-21,1.836,1.84,1.832,1.835,1.834,0.001,0.0545,1113187.0,204337.625
2024-05-22,1.84,1.845,1.837,1.844,1.835,0.009,0.4905,897985.0,165358.63
2024-05-23,1.843,1.853,1.841,1.849,1.844,0.005,0.2711,1331571.0,246087.391
2024-05-24,1.829,1.829,1.818,1.818,1.849,-0.031,-1.6766,1587953.0,289723.851
2024-05-27,1.829,1.836,1.828,1.834,1.818,0.016,0.8801,654352.0,119941.475
2024-05-28,1.836,1.841,1.834,1.838,1.834,0.004,0.2181,572041.0,105029.202
2024-05-29,1.835,1.835,1.827,1.829,1.838,-0.009,-0.4897,509011.0,93167.502
2024-05-30,1.807,1.817,1.805,1.806,1.829,-0.023,-1.2575,930375.0,168493.054
2024-05-31,1.793,1.808,1.793,1.807,1.806,0.001,0.0554,823001.0,148206.18
2024-06-03,1.826,1.836,1.825,1.835,1.807,0.028,1.5495,875753.0,160339.675
2024-06-04,1.835,1.838,1.827,1.838,1.835,0.003,0.1635,775006.0,142122.496
2024-06-05,1.841,1.848,1.84,1.847,1.838,0.009,0.4897,590447.0,108923.787
2024-06-06,1.874,1.88,1.871,1.873,1.847,0.026,1.4077,984800.0,184513.785
2024-06-07,1.87,1.883,1.87,1.882,1.873,0.009,0.4805,678200.0,127227.173
2024-06-11,1.884,1.897,1.884,1.889,1.882,0.007,0.3719,989433.0,187055.379
2024-06-12,1.896,1.898,1.89,1.892,1.889,0.003,0.1588,1141583.0,216208.726
2024-06-13,1.908,1.913,1.906,1.909,1.892,0.017,0.8985,818673.0,156262.512
2024-06-14,1.907,1.909,1.9,1.903,1.909,-0.006,-0.3143,1048154.0,199476.777
2024-06-17,1.903,1.907,1.883,1.893,1.903,-0.01,-0.5255,1632288.0,308484.825
2024-06-18,1.906,1.909,1.899,1.902,1.893,0.009,0.4754,1149279.0,218732.442
2024-06-19,1.904,1.907,1.902,1.904,1.902,0.002,0.1052,634291.9,120798.663
2024-06-20,1.905,1.922,1.905,1.921,1.904,0.017,0.8929,759909.0,145252.308
2024-06-21,1.907,1.916,1.9,1.914,1.921,-0.007,-0.3644,1133320.0,216565.112
2024-06-24,1.912,1.913,1.904,1.91,1.914,-0.004,-0.209,621390.0,118578.073
2024-06-25,1.901,1.91,1.898,1.907,1.91,-0.003,-0.1571,992034.0,189011.969
2024-06-26,1.92,1.935,1.914,1.933,1.907,0.026,1.3634,941852.0,181025.789
2024-06-27,1.933,1.95,1.927,1.948,1.933,0.015,0.776,1468851.0,285262.029
2024-06-28,1.955,1.985,1.955,1.971,1.948,0.023,1.1807,2087549.0,411417.226
2024-07-01,1.965,1.978,1.958,1.967,1.971,-0.004,-0.2029,1245455.0,245424.744
2024-07-02,1.975,1.987,1.969,1.971,1.967,0.004,0.2034,1405085.0,277974.283
2024-07-03,1.99,2.0,1.989,1.999,1.971,0.028,1.4206,1121194.0,223767.306
2024-07-04,2.018,2.035,1.968,1.977,1.999,-0.022,-1.1006,2556542.0,512772.665
2024-07-05,1.974,1.996,1.973,1.993,1.977,0.016,0.8093,1339065.0,265391.096
2024-07-08,2.004,2.008,1.989,1.999,1.993,0.006,0.3011,1127275.0,225055.158
2024-07-09,2.001,2.002,1.993,1.996,1.999,-0.003,-0.1501,1207070.0,240932.768
2024-07-10,1.995,1.996,1.97,1.985,1.996,-0.011,-0.5511,1315036.0,260874.591
2024-07-11,1.999,2.004,1.996,2.004,1.985,0.019,0.9572,988551.0,197745.919
2024-07-12,1.984,1.984,1.945,1.974,2.004,-0.03,-1.497,1707796.0,335666.717
2024-07-15,1.983,2.025,1.983,2.024,1.974,0.05,2.5329,1978925.0,397678.548
2024-07-16,2.029,2.045,2.015,2.028,2.024,0.004,0.1976,1253185.0,254176.798
2024-07-17,2.039,2.067,2.038,2.053,2.028,0.025,1.2327,1799227.9,369343.22
2024-07-18,2.002,2.032,1.984,2.027,2.053,-0.026,-1.2664,1748145.0,351129.421
2024-07-19,2.01,2.014,1.977,1.979,2.027,-0.048,-2.368,1583370.0,315386.066
2024-07-22,1.955,1.965,1.95,1.956,1.979,-0.023,-1.1622,1377124.0,269304.619
2024-07-23,1.979,1.992,1.978,1.983,1.956,0.027,1.3804,1081700.0,214517.304
2024-07-24,1.975,1.98,1.966,1.968,1.983,-0.015,-0.7564,776452.0,153084.792
2024-07-25,1.912,1.918,1.9,1.911,1.968,-0.057,-2.8963,1311021.35,250565.375
2024-07-26,1.901,1.929,1.901,1.927,1.911,0.016,0.8373,929012.0,177838.478
2024-07-29,1.948,1.973,1.948,1.972,1.927,0.045,2.3352,1068189.91,209239.324
2024-07-30,1.963,1.97,1.947,1.962,1.972,-0.01,-0.5071,944175.0,184836.702
2024-07-31,1.959,1.962,1.94,1.948,1.962,-0.014,-0.7136,2268018.0,442118.228
2024-08-01,1.979,1.98,1.967,1.972,1.948,0.024,1.232,1343518.0,265159.446
2024-08-02,1.928,1.943,1.908,1.912,1.972,-0.06,-3.0426,1486308.0,285775.705
2024-08-05,1.84,1.84,1.773,1.785,1.912,-0.127,-6.6423,3336797.21,603682.558
2024-08-06,1.813,1.826,1.799,1.804,1.785,0.019,1.0644,2723550.0,493594.092
2024-08-07,1.807,1.826,1.803,1.811,1.804,0.007,0.388,1790875.0,325373.767
2024-08-08,1.793,1.802,1.782,1.799,1.811,-0.012,-0.6626,1068806.0,191472.37
2024-08-09,1.836,1.847,1.83,1.835,1.799,0.036,2.0011,1285068.01,236124.039
2024-08-12,1.842,1.861,1.841,1.86,1.835,0.025,1.3624,1351842.97,250633.332
2024-08-13,1.862,1.891,1.861,1.887,1.86,0.027,1.4516,1171965.0,219812.695
2024-08-14,1.914,1.925,1.91,1.922,1.887,0.035,1.8548,1271305.0,243992.675
2024-08-15,1.936,1.957,1.93,1.948,1.922,0.026,1.3528,1198460.0,233038.944
2024-08-16,1.994,1.996,1.962,1.975,1.948,0.027,1.386,1957543.0,386697.068
2024-08-19,1.978,1.978,1.941,1.942,1.975,-0.033,-1.6709,1397669.0,273725.415
2024-08-20,1.968,1.974,1.962,1.966,1.942,0.024,1.2358,842582.0,165657.345
2024-08-21,1.957,1.969,1.948,1.967,1.966,0.001,0.0509,689837.0,135278.774
2024-08-22,1.978,1.993,1.963,1.971,1.967,0.004,0.2034,1484566.0,293437.622
2024-08-23,1.95,1.965,1.948,1.964,1.971,-0.007,-0.3551,894428.0,174893.337
2024-08-26,1.988,1.993,1.97,1.978,1.964,0.014,0.7128,851835.0,168536.095
2024-08-27,1.971,1.98,1.962,1.978,1.978,0.0,0.0,661214.0,130475.26
2024-08-28,1.982,2.008,1.975,1.997,1.978,0.019,0.9606,2227796.0,443932.422
2024-08-29,1.971,1.981,1.961,1.974,1.997,-0.023,-1.1517,1381173.0,272224.371
2024-08-30,1.977,1.983,1.972,1.978,1.974,0.004,0.2026,765073.0,151214.193
2024-09-02,1.99,2.004,1.99,1.999,1.978,0.021,1.0617,1087548.64,217328.243
2024-09-03,2.001,2.011,1.992,1.998,1.999,-0.001,-0.05,1059450.0,212181.623
2024-09-04,1.925,1.943,1.917,1.919,1.998,-0.079,-3.954,1798985.0,347089.858
2024-09-05,1.933,1.94,1.923,1.929,1.919,0.01,0.5211,825363.06,159293.426
2024-09-06,1.92,1.925,1.912,1.919,1.929,-0.01,-0.5184,885552.89,169995.694
2024-09-09,1.894,1.906,1.884,1.905,1.919,-0.014,-0.7295,1459737.0,276656.954
2024-09-10,1.92,1.927,1.894,1.895,1.905,-0.01,-0.5249,1678850.48,320438.384
2024-09-11,1.908,1.91,1.893,1.899,1.895,0.004,0.2111,790319.0,150085.077
2024-09-12,1.927,1.937,1.923,1.931,1.899,0.032,1.6851,1318808.91,254485.023
2024-09-13,1.944,1.95,1.939,1.941,1.931,0.01,0.5179,1310968.0,254941.475
2024-09-18,1.95,1.954,1.935,1.939,1.941,-0.002,-0.103,918491.0,178481.808
2024-09-19,1.944,1.967,1.942,1.965,1.939,0.026,1.3409,1012686.0,197650.366
2024-09-20,1.986,1.989,1.967,1.97,1.965,0.005,0.2545,1256529.98,248683.191
2024-09-23,1.974,1.979,1.969,1.974,1.97,0.004,0.203,671940.99,132631.408
2024-09-24,1.977,1.978,1.95,1.96,1.974,-0.014,-0.7092,1208341.98,236781.221
2024-09-25,1.951,1.954,1.938,1.945,1.96,-0.015,-0.7653,1239281.7,241033.989
2024-09-26,1.949,1.955,1.938,1.948,1.945,0.003,0.1542,1650332.0,321326.369
2024-09-27,1.92,1.934,1.916,1.919,1.948,-0.029,-1.4887,985058.0,189629.055
2024-09-30,1.893,1.917,1.881,1.908,1.919,-0.011,-0.5732,4295250.0,816931.7
2024-10-08,1.886,1.914,1.879,1.893,1.908,-0.015,-0.7862,3528083.0,668954.192
2024-10-09,1.914,1.929,1.91,1.925,1.893,0.032,1.6904,2960690.0,568195.657
2024-10-10,1.943,1.961,1.943,1.956,1.925,0.031,1.6104,2530206.0,493894.382
2024-10-11,1.955,1.97,1.951,1.967,1.956,0.011,0.5624,1730693.0,339865.272
2024-10-14,1.984,1.992,1.971,1.988,1.967,0.021,1.0676,2086676.0,413857.0
2024-10-15,2.005,2.048,2.005,2.047,1.988,0.059,2.9678,3144859.0,638535.349
2024-10-16,2.025,2.034,2.005,2.024,2.047,-0.023,-1.1236,2328863.06,471282.771
2024-10-17,2.03,2.048,2.03,2.045,2.024,0.021,1.0375,2033645.0,414747.36
2024-10-18,2.036,2.041,2.015,2.027,2.045,-0.018,-0.8802,3077818.0,624928.096
2024-10-21,2.027,2.036,2.015,2.018,2.027,-0.009,-0.444,2048371.0,414005.126
2024-10-22,2.015,2.015,2.005,2.006,2.018,-0.012,-0.5946,1531023.0,307483.169
2024-10-23,2.006,2.011,1.998,1.999,2.006,-0.007,-0.349,1162316.9,232829.859
2024-10-24,1.986,1.992,1.982,1.991,1.999,-0.008,-0.4002,1646827.0,327050.735
2024-10-25,1.992,1.998,1.99,1.991,1.991,0.0,0.0,1019866.0,203282.53
2024-10-28,2.0,2.016,1.998,2.012,1.991,0.021,1.0547,2281468.0,457702.429
2024-10-29,2.005,2.009,2.0,2.005,2.012,-0.007,-0.3479,1346075.9,269768.058
2024-10-30,2.016,2.023,2.012,2.02,2.005,0.015,0.7481,1395275.0,281485.234
2024-10-31,2.008,2.008,1.995,1.996,2.02,-0.024,-1.1881,1048135.83,209557.47
2024-11-01,1.965,1.977,1.957,1.971,1.996,-0.025,-1.2525,1676200.52,329692.566
2024-11-04,1.966,1.972,1.961,1.963,1.971,-0.008,-0.4059,1533905.0,301514.919
2024-11-05,1.96,1.962,1.953,1.961,1.963,-0.002,-0.1019,1124936.0,220171.828
2024-11-06,1.996,2.03,1.988,2.029,1.961,0.068,3.4676,3330988.0,668346.837
2024-11-07,2.065,2.079,2.038,2.045,2.029,0.016,0.7886,3815080.0,785647.567
2024-11-08,2.047,2.063,2.047,2.063,2.045,0.018,0.8802,2309078.6,474479.084
2024-11-11,2.065,2.091,2.065,2.089,2.063,0.026,1.2603,1935111.98,402809.887
2024-11-12,2.092,2.126,2.092,2.113,2.089,0.024,1.1489,2807170.0,592152.067
2024-11-13,2.109,2.109,2.09,2.095,2.113,-0.018,-0.8519,1987802.0,416707.171
2024-11-14,2.097,2.131,2.097,2.122,2.095,0.027,1.2888,3260906.0,690846.954
2024-11-15,2.104,2.105,2.083,2.088,2.122,-0.034,-1.6023,2328753.0,488041.641
2024-11-18,2.067,2.107,2.067,2.102,2.088,0.014,0.6705,2789811.51,582560.336
2024-11-19,2.102,2.121,2.098,2.106,2.102,0.004,0.1903,2558811.0,540066.146
2024-11-20,2.122,2.123,2.108,2.112,2.106,0.006,0.2849,1737842.0,367150.693
2024-11-21,2.105,2.109,2.096,2.107,2.112,-0.005,-0.2367,1156296.0,243073.501
2024-11-22,2.121,2.134,2.115,2.128,2.107,0.021,0.9967,2244053.98,476760.461
2024-11-25,2.141,2.178,2.141,2.177,2.128,0.049,2.3026,3434824.0,743479.42
2024-11-26,2.181,2.187,2.143,2.181,2.177,0.004,0.1837,3995963.0,865450.138
2024-11-27,2.197,2.236,2.174,2.18,2.181,-0.001,-0.0459,5099924.0,1127500.408
2024-11-28,2.173,2.19,2.16,2.178,2.18,-0.002,-0.0917,2601024.0,565729.812
2024-11-29,2.182,2.188,2.17,2.182,2.178,0.004,0.1837,2147402.0,468217.485
2024-12-02,2.199,2.202,2.184,2.199,2.182,0.017,0.7791,2388134.0,523979.093
2024-12-03,2.21,2.222,2.207,2.217,2.199,0.018,0.8186,1921348.32,425336.733
2024-12-04,2.22,2.221,2.208,2.217,2.217,0.0,0.0,1570989.0,347907.504
2024-12-05,2.23,2.235,2.225,2.233,2.217,0.016,0.7217,1565477.34,348941.541
2024-12-06,2.228,2.231,2.21,2.228,2.233,-0.005,-0.2239,1458954.01,324657.582
2024-12-09,2.233,2.233,2.225,2.227,2.228,-0.001,-0.0449,1365980.0,304320.476
2024-12-10,2.182,2.21,2.182,2.207,2.227,-0.02,-0.8981,2246211.0,494108.24
2024-12-11,2.2,2.229,2.199,2.227,2.207,0.02,0.9062,2116906.1,469439.403
2024-12-12,2.248,2.25,2.226,2.232,2.227,0.005,0.2245,2115516.0,473526.91
2024-12-13,2.226,2.246,2.223,2.244,2.232,0.012,0.5376,1507002.68,336943.663
2024-12-16,2.244,2.285,2.241,2.274,2.244,0.03,1.3369,3267669.1,741900.043
2024-12-17,2.501,2.501,2.047,2.254,2.274,-0.02,-0.8795,4655671.12,1049725.544
2024-12-18,2.248,2.248,2.22,2.229,2.254,-0.025,-1.1091,2469285.27,550314.036
2024-12-19,2.149,2.195,2.149,2.157,2.229,-0.072,-3.2301,3024560.0,655842.108
2024-12-20,2.155,2.174,2.12,2.144,2.157,-0.013,-0.6027,2840518.66,609192.968
2024-12-23,2.176,2.2,2.176,2.194,2.144,0.05,2.3321,2725915.88,596921.049
2024-12-24,2.213,2.217,2.181,2.186,2.194,-0.008,-0.3646,1996193.07,439050.636
2024-12-25,2.198,2.205,2.191,2.197,2.186,0.011,0.5032,1035301.07,227341.259
2024-12-26,2.199,2.2,2.185,2.2,2.197,0.003,0.1365,930462.76,204243.215
2024-12-27,2.197,2.199,2.19,2.191,2.2,-0.009,-0.4091,824590.0,180878.807
2024-12-30,2.17,2.172,2.161,2.165,2.191,-0.026,-1.1867,1165096.21,252314.636
2024-12-31,2.151,2.178,2.143,2.162,2.165,-0.003,-0.1386,1603419.86,346082.143
2025-01-02,2.163,2.185,2.16,2.183,2.162,0.021,0.9713,1579558.88,343892.662
2025-01-03,2.181,2.186,2.167,2.17,2.183,-0.013,-0.5955,1141237.0,248381.322
2025-01-06,2.188,2.213,2.188,2.211,2.17,0.041,1.8894,1848995.0,406253.316
2025-01-07,2.22,2.238,2.18,2.193,2.211,-0.018,-0.8141,3000408.9,664862.836
2025-01-08,2.172,2.197,2.17,2.19,2.193,-0.003,-0.1368,1411850.76,308438.227
2025-01-09,2.193,2.2,2.184,2.186,2.19,-0.004,-0.1826,955483.0,209257.322
2025-01-10,2.181,2.198,2.172,2.173,2.186,-0.013,-0.5947,1352753.0,295580.973
2025-01-13,2.152,2.16,2.135,2.139,2.173,-0.034,-1.5647,1128826.0,242217.021
2025-01-14,2.152,2.164,2.146,2.162,2.139,0.023,1.0753,1149907.67,247714.743
2025-01-15,2.161,2.167,2.152,2.158,2.162,-0.004,-0.185,749169.0,161694.815
2025-01-16,2.198,2.2,2.187,2.193,2.158,0.035,1.6219,1182130.0,259124.857
2025-01-17,2.189,2.192,2.177,2.191,2.193,-0.002,-0.0912,656203.0,143488.589
2025-01-20,2.202,2.207,2.197,2.201,2.191,0.01,0.4564,960154.0,211359.301
2025-01-21,2.202,2.203,2.193,2.2,2.201,-0.001,-0.0454,662008.9,145588.046
2025-01-22,2.212,2.22,2.209,2.218,2.2,0.018,0.8182,927383.23,205164.97
2025-01-23,2.225,2.228,2.204,2.205,2.218,-0.013,-0.5861,1259120.0,279258.164
2025-01-24,2.214,2.22,2.212,2.214,2.205,0.009,0.4082,995621.0,220647.07
2025-01-27,2.2,2.2,2.165,2.196,2.214,-0.018,-0.813,2484108.0,542361.318
2025-02-05,2.191,2.195,2.178,2.192,2.196,-0.004,-0.1821,894929.0,196034.692
2025-02-06,2.2,2.203,2.195,2.198,2.192,0.006,0.2737,712735.0,156722.141
2025-02-07,2.198,2.201,2.187,2.192,2.198,-0.006,-0.273,934739.01,204945.87
2025-02-10,2.18,2.188,2.17,2.187,2.192,-0.005,-0.2281,1013117.46,220606.595
2025-02-11,2.187,2.192,2.18,2.183,2.187,-0.004,-0.1829,663169.0,144937.696
2025-02-12,2.183,2.185,2.17,2.175,2.183,-0.008,-0.3665,584026.0,127052.105
2025-02-13,2.179,2.179,2.165,2.172,2.175,-0.003,-0.1379,756592.0,164142.548
2025-02-14,2.18,2.184,2.171,2.173,2.172,0.001,0.046,912017.0,198616.671
2025-02-17,2.172,2.172,2.16,2.17,2.173,-0.003,-0.1381,757004.9,163890.755
2025-02-18,2.17,2.189,2.167,2.185,2.17,0.015,0.6912,693092.99,150851.653
2025-02-19,2.185,2.185,2.175,2.176,2.185,-0.009,-0.4119,597853.92,130322.495
2025-02-20,2.18,2.181,2.173,2.174,2.176,-0.002,-0.0919,464705.0,101094.249
2025-02-21,2.168,2.168,2.15,2.154,2.174,-0.02,-0.92,1217864.0,262620.382
2025-02-24,2.118,2.138,2.112,2.125,2.154,-0.029,-1.3463,1481295.0,313781.187
2025-02-25,2.11,2.116,2.092,2.094,2.125,-0.031,-1.4588,1422639.0,298776.741
2025-02-26,2.092,2.092,2.077,2.091,2.094,-0.003,-0.1433,1666490.0,347204.187
2025-02-27,2.089,2.089,2.079,2.084,2.091,-0.007,-0.3348,1367344.1,284837.163
2025-02-28,2.05,2.051,2.028,2.032,2.084,-0.052,-2.4952,3038343.1,619549.043
2025-03-03,2.052,2.071,2.052,2.07,2.032,0.038,1.8701,2279092.0,470010.561
2025-03-04,2.034,2.034,2.028,2.031,2.07,-0.039,-1.8841,1637668.0,332659.212
2025-03-05,2.015,2.027,2.011,2.024,2.031,-0.007,-0.3447,2151237.0,434704.451
2025-03-06,2.031,2.034,2.022,2.025,2.024,0.001,0.0494,1229199.0,248988.491
2025-03-07,2.0,2.006,1.998,2.001,2.025,-0.024,-1.1852,1436892.14,287561.166
2025-03-10,1.998,2.004,1.995,1.999,2.001,-0.002,-0.1,868611.0,173702.613
2025-03-11,1.937,1.949,1.931,1.949,1.999,-0.05,-2.5013,2298535.22,446390.669
2025-03-12,1.938,1.941,1.93,1.938,1.949,-0.011,-0.5644,1650503.26,319446.678
2025-03-13,1.944,1.947,1.927,1.932,1.938,-0.006,-0.3096,1300855.36,251960.402
2025-03-14,1.92,1.931,1.917,1.93,1.932,-0.002,-0.1035,1954379.0,375685.735
2025-03-17,1.94,1.943,1.928,1.929,1.93,-0.001,-0.0518,1647829.0,318907.564
2025-03-18,1.938,1.949,1.938,1.948,1.929,0.019,0.985,2093329.0,406509.362
2025-03-19,1.935,1.935,1.928,1.933,1.948,-0.015,-0.77,814493.0,157344.155
2025-03-20,1.955,1.983,1.951,1.981,1.933,0.048,2.4832,3178334.0,625048.37
2025-03-21,1.979,1.979,1.962,1.973,1.981,-0.008,-0.4038,2256099.0,444398.783
2025-03-24,1.984,1.999,1.983,1.999,1.973,0.026,1.3178,2507265.0,498843.424
2025-03-25,2.025,2.026,2.01,2.017,1.999,0.018,0.9005,2451370.82,494670.766
2025-03-26,2.028,2.028,2.008,2.011,2.017,-0.006,-0.2975,1746172.67,351534.941
2025-03-27,1.98,1.986,1.98,1.983,2.011,-0.028,-1.3923,1622047.63,321567.798
2025-03-28,1.974,1.976,1.962,1.963,1.983,-0.02,-1.0086,1564705.0,307933.305
2025-03-31,1.91,1.92,1.906,1.907,1.963,-0.056,-2.8528,2001722.1,382813.852
2025-04-01,1.917,1.939,1.917,1.937,1.907,0.03,1.5732,2248768.0,433956.103
2025-04-02,1.94,1.942,1.936,1.937,1.937,0.0,0.0,1966888.2,381332.128
2025-04-03,1.903,1.912,1.895,1.897,1.937,-0.04,-2.065,3416120.79,649805.361
2025-04-07,1.707,1.725,1.707,1.707,1.897,-0.19,-10.0158,5655431.98,967455.0
2025-04-08,1.737,1.793,1.737,1.776,1.707,0.069,4.0422,5082647.22,902064.322
2025-04-09,1.707,1.729,1.695,1.722,1.776,-0.054,-3.0405,7420048.0,1270310.189
2025-04-10,1.881,1.888,1.831,1.886,1.722,0.164,9.5238,6701700.0,1258236.161
2025-04-11,1.807,1.849,1.802,1.841,1.886,-0.045,-2.386,6209563.0,1132299.293
2025-04-14,1.864,1.875,1.857,1.872,1.841,0.031,1.6839,2963731.0,552969.796
2025-04-15,1.868,1.869,1.863,1.865,1.872,-0.007,-0.3739,1515088.0,282637.848
2025-04-16,1.854,1.854,1.835,1.842,1.865,-0.023,-1.2332,2154094.0,397627.015
2025-04-17,1.831,1.84,1.826,1.835,1.842,-0.007,-0.38,2632814.0,482965.469
2025-04-18,1.826,1.832,1.823,1.829,1.835,-0.006,-0.327,928764.0,169737.482
2025-04-21,1.811,1.815,1.804,1.806,1.829,-0.023,-1.2575,1841734.0,333078.425
2025-04-22,1.792,1.804,1.787,1.803,1.806,-0.003,-0.1661,2202368.0,394712.388
2025-04-23,1.846,1.858,1.842,1.855,1.803,0.052,2.8841,5282818.0,976671.444
2025-04-24,1.855,1.859,1.846,1.846,1.855,-0.009,-0.4852,3137396.0,580635.067
2025-04-25,1.891,1.898,1.889,1.895,1.846,0.049,2.6544,3776175.0,714619.713
2025-04-28,1.892,1.902,1.889,1.901,1.895,0.006,0.3166,2329212.0,440889.329
2025-04-29,1.903,1.907,1.895,1.897,1.901,-0.004,-0.2104,2139831.0,406460.194
2025-04-30,1.903,1.903,1.897,1.9,1.897,0.003,0.1581,1698314.1,322624.589
2025-05-06,1.922,1.927,1.915,1.918,1.9,0.018,0.9474,1988920.0,381842.614
2025-05-07,1.92,1.925,1.919,1.922,1.918,0.004,0.2086,1310773.3,251884.332
2025-05-08,1.931,1.942,1.93,1.94,1.922,0.018,0.9365,2398358.0,464530.057
2025-05-09,1.94,1.944,1.937,1.942,1.94,0.002,0.1031,1534709.45,297822.421
2025-05-12,1.964,1.966,1.957,1.963,1.942,0.021,1.0814,2372225.0,465200.929
2025-05-13,1.987,1.987,1.977,1.977,1.963,0.014,0.7132,2743637.98,543744.972
2025-05-14,1.998,2.013,1.998,2.013,1.977,0.036,1.8209,2628048.24,527519.45
2025-05-15,2.007,2.007,1.998,1.999,2.013,-0.014,-0.6955,1748776.26,350126.886
2025-05-16,2.007,2.014,2.007,2.012,1.999,0.013,0.6503,1262025.0,253887.95
2025-05-19,2.009,2.015,2.006,2.006,2.012,-0.006,-0.2982,2086891.12,419552.696
2025-05-20,2.026,2.032,2.024,2.025,2.006,0.019,0.9472,1626987.0,329917.246
2025-05-21,2.019,2.021,2.009,2.01,2.025,-0.015,-0.7407,1497481.5,301800.188
2025-05-22,1.989,1.994,1.985,1.989,2.01,-0.021,-1.0448,2545229.02,506324.576
2025-05-23,1.987,1.993,1.983,1.986,1.989,-0.003,-0.1508,1561138.0,310360.084
2025-05-26,1.985,1.992,1.983,1.991,1.986,0.005,0.2518,1193597.0,237213.052
2025-05-27,1.99,1.997,1.987,1.997,1.991,0.006,0.3014,1011548.0,201499.546
2025-05-28,2.015,2.017,2.011,2.012,1.997,0.015,0.7511,1574523.0,317073.426
2025-05-29,2.032,2.036,2.031,2.032,2.012,0.02,0.994,2589658.0,526612.025
2025-05-30,2.001,2.009,1.999,2.004,2.032,-0.028,-1.378,2605744.0,522435.89
2025-06-03,2.013,2.016,2.009,2.01,2.004,0.006,0.2994,1371410.09,275982.174
2025-06-04,2.026,2.03,2.023,2.029,2.01,0.019,0.9453,1210579.0,245333.025
2025-06-05,2.025,2.027,2.023,2.025,2.029,-0.004,-0.1971,1524792.0,308752.909
2025-06-06,2.018,2.025,2.016,2.024,2.025,-0.001,-0.0494,850335.0,171815.58
2025-06-09,2.032,2.036,2.031,2.035,2.024,0.011,0.5435,963823.0,195963.652
2025-06-10,2.042,2.047,2.033,2.036,2.035,0.001,0.0491,1493926.0,304991.763
2025-06-11,2.044,2.046,2.042,2.046,2.036,0.01,0.4912,1041704.0,212936.476
2025-06-12,2.04,2.042,2.036,2.04,2.046,-0.006,-0.2933,1100902.0,224477.655
2025-06-13,2.02,2.025,2.011,2.023,2.04,-0.017,-0.8333,2221110.0,448583.843
2025-06-16,2.029,2.038,2.028,2.038,2.023,0.015,0.7415,1144822.0,232755.129
2025-06-17,2.039,2.043,2.036,2.038,2.038,0.0,0.0,1200707.0,244912.091
2025-06-18,2.033,2.039,2.032,2.035,2.038,-0.003,-0.1472,1089067.0,221672.42
2025-06-19,2.028,2.03,2.022,2.025,2.035,-0.01,-0.4914,1583901.0,320773.947
2025-06-20,2.023,2.03,2.019,2.027,2.025,0.002,0.0988,956389.0,193698.039
2025-06-23,2.015,2.027,2.014,2.025,2.027,-0.002,-0.0987,906971.0,183385.729
2025-06-24,2.051,2.062,2.048,2.061,2.025,0.036,1.7778,2045860.0,420011.976
2025-06-25,2.062,2.066,2.059,2.065,2.061,0.004,0.1941,1719257.05,354755.895
2025-06-26,2.063,2.072,2.061,2.071,2.065,0.006,0.2906,1542598.0,318743.666
2025-06-27,2.08,2.093,2.08,2.091,2.071,0.02,0.9657,2724124.99,568793.085
2025-06-30,2.102,2.104,2.096,2.102,2.091,0.011,0.5261,1622426.0,340760.803
2025-07-01,2.102,2.104,2.095,2.096,2.102,-0.006,-0.2854,1275137.0,267681.078
2025-07-02,2.098,2.111,2.098,2.11,2.096,0.014,0.6679,1391608.0,292831.012
2025-07-03,2.114,2.115,2.109,2.114,2.11,0.004,0.1896,1254423.0,264905.09
2025-07-04,2.125,2.132,2.122,2.125,2.114,0.011,0.5203,2325591.0,494655.928
2025-07-07,2.121,2.127,2.118,2.121,2.125,-0.004,-0.1882,1579035.0,335143.449
2025-07-08,2.114,2.121,2.112,2.121,2.121,0.0,0.0,1542762.79,326431.335
2025-07-09,2.118,2.118,2.112,2.113,2.121,-0.008,-0.3772,1277141.0,269935.967
2025-07-10,2.119,2.128,2.119,2.121,2.113,0.008,0.3786,1892997.0,402102.4
2025-07-11,2.124,2.126,2.122,2.124,2.121,0.003,0.1414,1390238.0,295298.38
2025-07-14,2.115,2.116,2.107,2.107,2.124,-0.017,-0.8004,2687672.0,567341.891
2025-07-15,2.118,2.131,2.117,2.131,2.107,0.024,1.1391,1781706.0,378798.895
2025-07-16,2.117,2.119,2.114,2.115,2.131,-0.016,-0.7508,1539316.0,325773.543
2025-07-17,2.123,2.135,2.123,2.131,2.115,0.016,0.7565,2251254.0,478820.205
2025-07-18,2.141,2.146,2.141,2.143,2.131,0.012,0.5631,1031171.0,221116.721
2025-07-21,2.142,2.142,2.137,2.14,2.143,-0.003,-0.14,1491099.71,318907.452
2025-07-22,2.138,2.141,2.135,2.136,2.14,-0.004,-0.1869,1336900.0,285823.611
2025-07-23,2.137,2.144,2.137,2.144,2.136,0.008,0.3745,1257314.0,269212.29
2025-07-24,2.155,2.156,2.152,2.153,2.144,0.009,0.4198,1308245.99,281799.074
2025-07-25,2.157,2.167,2.156,2.164,2.153,0.011,0.5109,1355979.88,293261.577
2025-07-28,2.176,2.187,2.176,2.185,2.164,0.021,0.9704,1825007.0,398525.387
2025-07-29,2.183,2.185,2.173,2.184,2.185,-0.001,-0.0458,1609620.0,350776.379
2025-07-30,2.175,2.181,2.174,2.18,2.184,-0.004,-0.1832,974192.0,212245.186
2025-07-31,2.196,2.203,2.188,2.202,2.18,0.022,1.0092,1444080.02,317259.941
2025-08-01,2.17,2.183,2.169,2.172,2.202,-0.03,-1.3624,1791382.0,389956.01
2025-08-04,2.148,2.158,2.137,2.148,2.172,-0.024,-1.105,2940037.8,631886.592
2025-08-05,2.171,2.187,2.171,2.187,2.148,0.039,1.8156,1743225.4,379750.388
2025-08-06,2.167,2.175,2.166,2.174,2.187,-0.013,-0.5944,1897912.07,411725.936
2025-08-07,2.185,2.19,2.173,2.174,2.174,0.0,0.0,1354707.0,295467.872
2025-08-08,2.176,2.181,2.169,2.174,2.174,0.0,0.0,988570.99,215020.382
2025-08-11,2.185,2.194,2.185,2.192,2.174,0.018,0.828,1470858.98,322205.083
2025-08-12,2.188,2.191,2.183,2.187,2.192,-0.005,-0.2281,1011301.0,221215.835
2025-08-13,2.202,2.207,2.202,2.204,2.187,0.017,0.7773,830205.9,183018.098
2025-08-14,2.207,2.209,2.201,2.203,2.204,-0.001,-0.0454,913248.0,201366.577
2025-08-15,2.208,2.218,2.205,2.217,2.203,0.014,0.6355,923013.14,204050.352
2025-08-18,2.209,2.211,2.201,2.203,2.217,-0.014,-0.6315,1457107.0,321469.548
2025-08-19,2.202,2.203,2.192,2.197,2.203,-0.006,-0.2724,1035037.0,227386.808
2025-08-20,2.182,2.194,2.178,2.185,2.197,-0.012,-0.5462,2200807.0,480671.46
2025-08-21,2.177,2.194,2.177,2.183,2.185,-0.002,-0.0915,1907261.45,416738.825
2025-08-22,2.179,2.18,2.169,2.17,2.183,-0.013,-0.5955,1850136.0,402171.439
2025-08-25,2.197,2.203,2.194,2.2,2.17,0.03,1.3825,3091222.0,679463.343
2025-08-26,2.19,2.193,2.188,2.191,2.2,-0.009,-0.4091,836753.0,183275.193
2025-08-27,2.2,2.207,2.198,2.206,2.191,0.015,0.6846,1081363.0,238003.767
2025-08-28,2.201,2.203,2.192,2.194,2.206,-0.012,-0.544,1538029.0,337939.087
2025-08-29,2.196,2.201,2.194,2.195,2.194,0.001,0.0456,912789.25,200542.341
2025-09-01,2.193,2.193,2.18,2.185,2.195,-0.01,-0.4556,1191555.0,260374.423
2025-09-02,2.185,2.188,2.182,2.187,2.185,0.002,0.0915,799735.0,174775.783
2025-09-03,2.177,2.18,2.173,2.177,2.187,-0.01,-0.4572,1060301.0,230688.514
2025-09-04,2.187,2.192,2.185,2.189,2.177,0.012,0.5512,869275.0,190254.702
2025-09-05,2.21,2.219,2.203,2.204,2.189,0.015,0.6852,1296751.0,285989.781
2025-09-08,2.195,2.197,2.191,2.195,2.204,-0.009,-0.4083,951844.0,208836.035
2025-09-09,2.197,2.2,2.194,2.198,2.195,0.003,0.1367,1351638.1,296827.81
2025-09-10,2.202,2.208,2.202,2.207,2.198,0.009,0.4095,1016543.99,224235.307
2025-09-11,2.21,2.211,2.206,2.21,2.207,0.003,0.1359,1063295.0,234839.312
2025-09-12,2.221,2.224,2.22,2.222,2.21,0.012,0.543,1133534.51,251905.102
2025-09-15,2.223,2.23,2.222,2.229,2.222,0.007,0.315,999886.0,222659.03
2025-09-16,2.234,2.239,2.233,2.238,2.229,0.009,0.4038,1234160.0,276028.433
2025-09-17,2.235,2.235,2.227,2.23,2.238,-0.008,-0.3575,922670.0,205754.218
2025-09-18,2.231,2.243,2.231,2.241,2.23,0.011,0.4933,1405032.0,314534.944
2025-09-19,2.249,2.254,2.244,2.252,2.241,0.011,0.4909,1847226.55,415538.204
2025-09-22,2.258,2.271,2.258,2.269,2.252,0.017,0.7549,1818886.0,412369.338
2025-09-23,2.283,2.291,2.282,2.288,2.269,0.019,0.8374,1364793.31,311952.891
2025-09-24,2.275,2.28,2.267,2.28,2.288,-0.008,-0.3497,1385152.0,314996.646
2025-09-25,2.277,2.278,2.267,2.27,2.28,-0.01,-0.4386,1043312.0,237136.548
2025-09-26,2.264,2.266,2.256,2.265,2.27,-0.005,-0.2203,956785.0,216391.365
2025-09-29,2.275,2.282,2.275,2.281,2.265,0.016,0.7064,1117309.69,254634.215
2025-09-30,2.286,2.287,2.28,2.284,2.281,0.003,0.1315,1351413.0,308672.332
2025-10-09,2.304,2.33,2.304,2.322,2.284,0.038,1.6637,2187954.92,506846.872
2025-10-10,2.321,2.333,2.318,2.329,2.322,0.007,0.3015,1567534.0,364530.745
2025-10-13,2.284,2.318,2.275,2.294,2.329,-0.035,-1.5028,5482609.83,1254096.297
2025-10-14,2.306,2.32,2.254,2.263,2.294,-0.031,-1.3514,3404703.44,779169.082
2025-10-15,2.278,2.29,2.273,2.289,2.263,0.026,1.1489,1381868.55,315208.496
2025-10-16,2.289,2.289,2.275,2.285,2.289,-0.004,-0.1747,2726402.0,621936.028
2025-10-17,2.269,2.28,2.261,2.263,2.285,-0.022,-0.9628,2266907.31,515010.125
2025-10-20,2.293,2.323,2.285,2.321,2.263,0.058,2.563,2509999.12,579052.814
2025-10-21,2.342,2.349,2.313,2.326,2.321,0.005,0.2154,2737634.0,638265.666
2025-10-22,2.325,2.351,2.32,2.348,2.326,0.022,0.9458,1775665.95,414709.461
2025-10-23,2.348,2.359,2.333,2.352,2.348,0.004,0.1704,1974015.69,463589.988
2025-10-24,2.367,2.371,2.352,2.36,2.352,0.008,0.3401,2050907.0,483874.231
2025-10-27,2.383,2.418,2.381,2.415,2.36,0.055,2.3305,2546133.0,611188.346
2025-10-28,2.433,2.457,2.412,2.421,2.415,0.006,0.2484,2146901.2,521970.12
2025-10-29,2.435,2.469,2.43,2.468,2.421,0.047,1.9413,2075647.76,508267.427
2025-10-30,2.469,2.504,2.449,2.473,2.468,0.005,0.2026,3503014.05,868002.797
2025-10-31,2.47,2.479,2.439,2.454,2.473,-0.019,-0.7683,2090275.9,513387.221
2025-11-03,2.454,2.49,2.454,2.479,2.454,0.025,1.0187,2281028.21,565683.027
2025-11-04,2.479,2.479,2.407,2.415,2.479,-0.064,-2.5817,2340533.0,571021.789
2025-11-05,2.376,2.389,2.336,2.388,2.415,-0.027,-1.118,2664473.0,630792.576
2025-11-06,2.4,2.412,2.385,2.389,2.388,0.001,0.0419,2455362.0,589224.875
2025-11-07,2.365,2.399,2.36,2.384,2.389,-0.005,-0.2093,1949887.63,464112.012
2025-11-10,2.405,2.436,2.403,2.424,2.384,0.04,1.6779,2032831.0,491738.955
2025-11-11,2.451,2.457,2.413,2.43,2.424,0.006,0.2475,1895394.0,461648.515
2025-11-12,2.434,2.464,2.434,2.463,2.43,0.033,1.358,2040667.79,499866.109
2025-11-13,2.468,2.49,2.466,2.488,2.463,0.025,1.015,1791790.65,444674.646
2025-11-14,2.447,2.466,2.441,2.448,2.488,-0.04,-1.6077,2013308.6,493740.532
2025-11-17,2.46,2.488,2.449,2.454,2.448,0.006,0.2451,2102620.12,518388.874
2025-11-18,2.44,2.44,2.39,2.399,2.454,-0.055,-2.2412,1953771.19,471412.67
2025-11-19,2.388,2.405,2.317,2.359,2.399,-0.04,-1.6674,4080812.0,963669.934
2025-11-20,2.399,2.417,2.396,2.413,2.359,0.054,2.2891,1933380.24,464943.581
2025-11-21,2.366,2.37,2.334,2.355,2.413,-0.058,-2.4036,2843167.0,667176.47
2025-11-24,2.382,2.396,2.359,2.39,2.355,0.035,1.4862,2575877.9,611843.089
2025-11-25,2.435,2.435,2.395,2.404,2.39,0.014,0.5858,2150812.5,520332.369
2025-11-26,2.424,2.449,2.42,2.447,2.404,0.043,1.7887,2240962.26,545226.576
2025-11-27,2.46,2.47,2.43,2.433,2.447,-0.014,-0.5721,1330255.08,326656.18
2025-11-28,2.441,2.467,2.438,2.463,2.433,0.03,1.233,1759636.1,431107.474
2025-12-01,2.462,2.475,2.443,2.46,2.463,-0.003,-0.1218,2340864.12,576541.307
2025-12-02,2.459,2.468,2.454,2.46,2.46,0.0,0.0,1225922.56,301511.235
2025-12-03,2.468,2.48,2.466,2.469,2.46,0.009,0.3659,1877449.16,463889.674
2025-12-04,2.474,2.476,2.456,2.461,2.469,-0.008,-0.324,1767662.0,435409.336
2025-12-05,2.464,2.466,2.445,2.451,2.461,-0.01,-0.4063,2605216.0,638904.446
2025-12-08,2.451,2.452,2.439,2.444,2.451,-0.007,-0.2856,1432267.0,350060.356
2025-12-09,2.44,2.44,2.416,2.42,2.444,-0.024,-0.982,1172529.07,283732.69
2025-12-10,2.42,2.447,2.42,2.443,2.42,0.023,0.9504,1613499.85,393017.95
2025-12-11,2.449,2.46,2.429,2.432,2.443,-0.011,-0.4503,1538183.09,375690.745
2025-12-12,2.45,2.461,2.441,2.453,2.432,0.021,0.8635,1471310.38,360817.935
2025-12-15,2.437,2.448,2.429,2.447,2.453,-0.006,-0.2446,1353797.0,330201.296
2025-12-16,2.429,2.438,2.411,2.42,2.447,-0.027,-1.1034,1233409.38,298956.198
2025-12-17,2.421,2.442,2.42,2.435,2.42,0.015,0.6198,1341277.82,325954.115
2025-12-18,2.412,2.428,2.41,2.426,2.435,-0.009,-0.3696,1162285.91,281527.361
2025-12-19,2.439,2.456,2.439,2.451,2.426,0.025,1.0305,1515402.09,370941.332
2025-12-22,2.47,2.471,2.455,2.456,2.451,0.005,0.204,1914873.0,471557.552
2025-12-23,2.463,2.465,2.444,2.447,2.456,-0.009,-0.3664,1329278.45,326302.453
2025-12-24,2.456,2.459,2.448,2.455,2.447,0.008,0.3269,1117995.0,274331.495
2025-12-25,2.456,2.464,2.455,2.458,2.455,0.003,0.1222,1114147.0,274121.507
2025-12-26,2.461,2.464,2.453,2.461,2.458,0.003,0.1221,817915.31,201181.275
2025-12-29,2.461,2.465,2.44,2.447,2.461,-0.014,-0.5689,1139450.0,278960.675
2025-12-30,2.444,2.451,2.426,2.439,2.447,-0.008,-0.3269,1064966.0,259660.252
2025-12-31,2.436,2.437,2.426,2.432,2.439,-0.007,-0.287,655885.98,159366.671
2026-01-05,2.437,2.469,2.435,2.468,2.432,0.036,1.4803,1332764.54,327515.74
2026-01-06,2.47,2.472,2.455,2.467,2.468,-0.001,-0.0405,1096968.13,270270.708
2026-01-07,2.47,2.477,2.462,2.465,2.467,-0.002,-0.0811,1003026.85,247803.068
2026-01-08,2.465,2.465,2.455,2.458,2.465,-0.007,-0.284,608726.0,149608.354
2026-01-09,2.458,2.46,2.451,2.46,2.458,0.002,0.0814,724800.73,178078.83
2026-01-12,2.46,2.468,2.446,2.458,2.46,-0.002,-0.0813,1213196.25,298222.237
2026-01-13,2.458,2.461,2.454,2.46,2.458,0.002,0.0814,1045582.2,256912.01
2026-01-14,2.46,2.46,2.45,2.452,2.46,-0.008,-0.3252,822805.68,201788.696
2026-01-15,2.44,2.447,2.434,2.445,2.452,-0.007,-0.2855,909693.0,221936.222
2026-01-16,2.445,2.456,2.439,2.455,2.445,0.01,0.409,840316.04,205389.208
2026-01-19,2.446,2.452,2.435,2.441,2.455,-0.014,-0.5703,892266.0,217940.965
2026-01-20,2.44,2.44,2.43,2.432,2.441,-0.009,-0.3687,718749.12,174895.441
2026-01-21,2.41,2.437,2.408,2.427,2.432,-0.005,-0.2056,1463315.08,354995.055
2026-01-22,2.439,2.46,2.439,2.459,2.427,0.032,1.3185,986568.36,241793.589
2026-01-23,2.463,2.468,2.431,2.434,2.459,-0.025,-1.0167,2354760.0,575366.469
2026-01-26,2.433,2.433,2.41,2.412,2.434,-0.022,-0.9039,1147890.7,277478.262
2026-01-27,2.422,2.429,2.42,2.424,2.412,0.012,0.4975,736775.18,178696.105
2026-01-28,2.432,2.438,2.426,2.433,2.424,0.009,0.3713,889876.13,216431.23
2026-01-29,2.432,2.437,2.411,2.425,2.433,-0.008,-0.3288,869670.16,210615.271
2026-01-30,2.423,2.439,2.415,2.439,2.425,0.014,0.5773,1609273.74,390528.595
2026-02-02,2.435,2.435,2.358,2.364,2.439,-0.075,-3.075,2449969.0,585376.559
2026-02-03,2.399,2.405,2.368,2.375,2.364,0.011,0.4653,2452086.0,583504.312
2026-02-04,2.355,2.38,2.344,2.375,2.375,0.0,0.0,1082316.13,256084.005
2026-02-05,2.369,2.372,2.352,2.368,2.375,-0.007,-0.2947,843090.87,199129.865
2026-02-06,2.34,2.348,2.324,2.326,2.368,-0.042,-1.7736,1654298.0,386590.793
2026-02-09,2.371,2.384,2.353,2.383,2.326,0.057,2.4506,1894998.76,448827.819
2026-02-10,2.384,2.399,2.378,2.394,2.383,0.011,0.4616,839064.0,200550.816
2026-02-11,2.395,2.397,2.384,2.395,2.394,0.001,0.0418,575007.26,137614.929
2026-02-12,2.393,2.4,2.385,2.389,2.395,-0.006,-0.2505,872677.0,208980.467
2026-02-13,2.363,2.383,2.36,2.382,2.389,-0.007,-0.293,796423.0,189134.457
2026-02-24,2.381,2.391,2.362,2.385,2.382,0.003,0.1259,944075.2,224565.635
2026-02-25,2.393,2.407,2.378,2.382,2.385,-0.003,-0.1258,994516.0,237869.422
2026-02-26,2.391,2.394,2.379,2.384,2.382,0.002,0.084,723444.01,172427.157
2026-02-27,2.381,2.391,2.367,2.387,2.384,0.003,0.1258,674735.24,160348.302
2026-03-02,2.375,2.379,2.356,2.358,2.387,-0.029,-1.2149,1202995.11,284646.607
2026-03-03,2.36,2.369,2.359,2.367,2.358,0.009,0.3817,934609.0,220839.405
2026-03-04,2.355,2.355,2.338,2.338,2.367,-0.029,-1.2252,854841.92,200477.593
2026-03-05,2.35,2.364,2.35,2.361,2.338,0.023,0.9837,1287539.2,303551.956
2026-03-06,2.358,2.358,2.335,2.35,2.361,-0.011,-0.4659,1039132.0,243510.294
2026-03-09,2.306,2.31,2.28,2.294,2.35,-0.056,-2.383,1444542.42,331334.253
2026-03-10,2.32,2.325,2.302,2.311,2.294,0.017,0.7411,1234062.35,285001.492
2026-03-11,2.312,2.317,2.309,2.313,2.311,0.002,0.0865,706047.73,163223.058
2026-03-12,2.304,2.327,2.3,2.318,2.313,0.005,0.2162,1056923.47,244563.895
2026-03-13,2.307,2.307,2.28,2.286,2.318,-0.032,-1.3805,1299375.0,297833.618
2026-03-16,2.284,2.285,2.27,2.279,2.286,-0.007,-0.3062,1346419.39,306552.733
2026-03-17,2.286,2.294,2.279,2.283,2.279,0.004,0.1755,990190.57,226386.446
2026-03-18,2.292,2.296,2.281,2.284,2.283,0.001,0.0438,1289379.44,294979.066
2026-03-19,2.259,2.271,2.255,2.259,2.284,-0.025,-1.0946,1092605.0,247382.597
2026-03-20,2.258,2.27,2.242,2.244,2.259,-0.015,-0.664,1036483.0,234074.387
2026-03-23,2.225,2.225,2.13,2.149,2.244,-0.095,-4.2335,3025264.72,655501.492
2026-03-24,2.171,2.195,2.161,2.19,2.149,0.041,1.9079,2319159.5,503666.036
2026-03-25,2.199,2.236,2.199,2.213,2.19,0.023,1.0502,2273940.34,504334.465
2026-03-26,2.222,2.23,2.215,2.219,2.213,0.006,0.2711,921780.29,204841.595
2026-03-27,2.19,2.218,2.182,2.209,2.219,-0.01,-0.4507,1026026.55,225904.762
2026-03-30,2.159,2.18,2.156,2.171,2.209,-0.038,-1.7202,1862202.88,403404.287
2026-03-31,2.168,2.192,2.16,2.164,2.171,-0.007,-0.3224,1228516.28,266858.623
2026-04-01,2.217,2.244,2.203,2.238,2.164,0.074,3.4196,1905976.88,423326.447
2026-04-02,2.241,2.241,2.186,2.206,2.238,-0.032,-1.4298,1565827.91,346060.998
2026-04-03,2.223,2.227,2.205,2.206,2.206,0.0,0.0,859305.5,190245.0
2026-04-07,2.209,2.222,2.206,2.207,2.206,0.001,0.0453,1158436.1,256235.833
2026-04-08,2.261,2.292,2.257,2.29,2.207,0.083,3.7608,1973051.08,448561.585
2026-04-09,2.264,2.289,2.26,2.275,2.29,-0.015,-0.655,1172983.0,267149.97
2026-04-10,2.3,2.312,2.29,2.294,2.275,0.019,0.8352,1007993.62,231876.381
2026-04-13,2.28,2.29,2.272,2.281,2.294,-0.013,-0.5667,1005119.0,229069.452
2026-04-14,2.314,2.319,2.305,2.313,2.281,0.032,1.4029,1218483.34,281563.92
2026-04-15,2.334,2.352,2.33,2.337,2.313,0.024,1.0376,1363408.26,318993.288
2026-04-16,2.362,2.366,2.357,2.365,2.337,0.028,1.1981,1444987.0,341136.313
2026-04-17,2.365,2.366,2.354,2.361,2.365,-0.004,-0.1691,1348054.04,318013.156
2026-04-20,2.372,2.376,2.358,2.36,2.361,-0.001,-0.0424,1304514.0,308732.215
2026-04-21,2.37,2.37,2.355,2.37,2.36,0.01,0.4237,888684.0,209948.363
2026-04-22,2.369,2.377,2.358,2.373,2.37,0.003,0.1266,950650.56,224895.473
2026-04-23,2.378,2.384,2.365,2.369,2.373,-0.004,-0.1686,1179817.0,279918.38
2026-04-24,2.37,2.372,2.362,2.366,2.369,-0.003,-0.1266,651124.0,154091.129
2026-04-27,2.383,2.385,2.373,2.384,2.366,0.018,0.7608,1213047.43,288834.952
2026-04-28,2.385,2.41,2.384,2.407,2.384,0.023,0.9648,1418572.24,340428.341
2026-04-29,2.4,2.432,2.395,2.411,2.407,0.004,0.1662,1348281.5,325480.773
2026-04-30,2.42,2.431,2.411,2.419,2.411,0.008,0.3318,1041308.17,251959.868
2026-05-06,2.455,2.463,2.448,2.454,2.419,0.035,1.4469,1650967.68,404804.617
2026-05-07,2.469,2.483,2.469,2.482,2.454,0.028,1.141,1502243.13,372240.031
2026-05-08,2.479,2.484,2.45,2.483,2.482,0.001,0.0403,1238383.58,306273.81
2026-05-11,2.493,2.497,2.483,2.492,2.483,0.009,0.3625,1605489.58,399511.372
2026-05-12,2.491,2.491,2.476,2.477,2.492,-0.015,-0.6019,1177569.98,292344.1
2026-05-13,2.475,2.489,2.469,2.488,2.477,0.011,0.4441,1042329.12,258669.507
2026-05-14,2.499,2.507,2.486,2.489,2.488,0.001,0.0402,1146810.11,285769.004
2026-05-15,2.491,2.505,2.473,2.48,2.489,-0.009,-0.3616,1811004.36,450878.665
2026-05-18,2.44,2.456,2.433,2.44,2.48,-0.04,-1.6129,1967608.39,480784.78
2026-05-19,2.441,2.452,2.432,2.44,2.44,0.0,0.0,1165104.0,284376.955
2026-05-20,2.427,2.439,2.417,2.432,2.44,-0.008,-0.3279,1295225.8,314089.872
2026-05-21,2.454,2.469,2.448,2.452,2.432,0.02,0.8224,1491904.06,366944.675
2026-05-22,2.465,2.49,2.465,2.485,2.452,0.033,1.3458,1701672.0,422074.238
2026-05-25,2.531,2.548,2.515,2.546,2.485,0.061,2.4547,2963297.72,749639.938
2026-05-26,2.546,2.56,2.525,2.529,2.546,-0.017,-0.6677,1457970.0,370062.377
2026-05-27,2.545,2.552,2.535,2.541,2.529,0.012,0.4745,1190641.0,302954.03
2026-05-28,2.547,2.548,2.503,2.524,2.541,-0.017,-0.67,1850242.0,466739.421
2026-05-29,2.537,2.558,2.536,2.557,2.524,0.033,1.31,1646606.0,419622.616
2026-06-01,2.562,2.63,2.562,2.625,2.557,0.068,2.66,2755650.66,717273.487
2026-06-02,2.636,2.671,2.591,2.611,2.625,-0.014,-0.53,3664452.34,962948.706
2026-06-03,2.623,2.634,2.593,2.602,2.611,-0.009,-0.35,1641120.9,428875.903
2026-06-04,2.564,2.575,2.555,2.566,2.602,-0.036,-1.38,1428359.4,366198.544
2026-06-05,2.569,2.588,2.561,2.568,2.566,0.002,0.08,1771835.03,456557.101
2026-06-08,2.499,2.525,2.49,2.515,2.568,-0.053,-2.06,2252619.0,565643.202
2026-06-09,2.522,2.554,2.522,2.552,2.515,0.037,1.47,1620886.88,411308.249
2026-06-10,2.522,2.54,2.501,2.515,2.552,-0.037,-1.45,1406704.98,353349.269
2026-06-11,2.482,2.503,2.451,2.498,2.515,-0.017,-0.68,1829083.06,453590.999
2026-06-12,2.55,2.558,2.512,2.515,2.498,0.017,0.68,1564367.58,396814.492
2026-06-15,2.555,2.575,2.554,2.574,2.515,0.059,2.35,2043624.56,524742.744
2026-06-16,2.581,2.596,2.576,2.586,2.574,0.012,0.47,1815490.1,469277.694
2026-06-17,2.581,2.584,2.571,2.578,2.586,-0.008,-0.31,1293941.0,333463.238
2026-06-18,2.57,2.57,2.557,2.564,2.578,-0.014,-0.54,1426884.9,365584.594
2026-06-22,2.569,2.58,2.549,2.565,2.564,0.001,0.04,1407050.1,361067.592
2026-06-23,2.54,2.552,2.496,2.505,2.565,-0.06,-2.34,1739871.99,438937.236
2026-06-24,2.501,2.534,2.486,2.523,2.505,0.018,0.72,1686225.96,422403.058
2026-06-25,2.528,2.535,2.506,2.518,2.523,-0.005,-0.2,1375455.01,346327.74
2026-06-26,2.5,2.508,2.461,2.482,2.518,-0.036,-1.43,1586904.84,393775.432
2026-06-29,2.492,2.498,2.469,2.478,2.482,-0.004,-0.16,2325150.22,576619.649
2026-06-30,2.496,2.5,2.473,2.483,2.478,0.005,0.2,2478969.96,615749.444
2026-07-01,2.498,2.5,2.486,2.491,2.483,0.008,0.32,1351139.9,336503.742
2026-07-02,2.49,2.502,2.48,2.483,2.491,-0.008,-0.32,1425867.1,355300.454
2026-07-03,2.49,2.509,2.488,2.503,2.483,0.02,0.81,1513511.3,378185.082
2026-07-06,2.507,2.512,2.496,2.511,2.503,0.008,0.32,1108433.0,277461.481
2026-07-07,2.52,2.529,2.511,2.528,2.511,0.017,0.68,1530330.0,385423.57
2026-07-08,2.528,2.528,2.502,2.503,2.528,-0.025,-0.99,1142889.0,287046.949
2026-07-09,2.497,2.515,2.497,2.515,2.503,0.012,0.48,857058.56,214853.918
2026-07-10,2.525,2.53,2.521,2.527,2.515,0.012,0.48,1229347.56,310549.419
2026-07-13,2.531,2.533,2.514,2.522,2.527,-0.005,-0.2,1003827.05,253261.834
2026-07-14,2.51,2.544,2.504,2.54,2.522,0.018,0.71,1891978.7,477852.921
2026-07-15,2.543,2.566,2.542,2.564,2.54,0.024,0.95,1678617.01,428732.483
2026-07-16,2.564,2.579,2.557,2.577,2.564,0.013,0.51,1318423.0,339076.631
2026-07-17,2.548,2.554,2.5,2.503,2.577,-0.074,-2.87,1930238.5,487860.147
2026-07-20,2.503,2.522,2.491,2.498,2.503,-0.005,-0.2,1351755.97,339174.396
2026-07-21,2.507,2.543,2.503,2.526,2.498,0.028,1.12,2109092.0,532903.263
2026-07-22,2.538,2.551,2.514,2.523,2.526,-0.003,-0.12,1503889.84,380796.049
2026-07-23,2.532,2.533,2.515,2.524,2.523,0.001,0.04,1275490.0,321842.733
2026-07-24,2.5,2.519,2.496,2.506,2.524,-0.018,-0.71,1033752.0,259097.932
2026-07-27,2.508,2.521,2.504,2.52,2.506,0.014,0.56,1142222.78,287055.184
2026-07-28,2.499,2.503,2.482,2.484,2.52,-0.036,-1.43,1449122.0,360890.154
2026-07-29,2.495,2.511,2.486,2.511,2.484,0.027,1.09,1042015.0,260550.713
2026-07-30,2.49,2.493,2.473,2.479,2.511,-0.032,-1.27,1211027.0,300210.022
2026-07-31,2.522,2.523,2.506,2.509,2.479,0.03,1.21,1541939.96,387383.537
2026-08-03,2.522,2.535,2.513,2.533,2.509,0.024,0.96,1595496.17,402746.735
2026-08-04,2.563,2.583,2.562,2.582,2.533,0.049,1.93,1934292.87,497432.59
2026-08-05,2.632,2.671,2.631,2.669,2.582,0.087,3.37,3234253.77,858003.234
2026-08-06,2.658,2.696,2.618,2.69,2.669,0.021,0.79,3028908.48,809923.73
2026-08-07,2.682,2.699,2.675,2.695,2.69,0.005,0.19,1743220.74,468173.714
2026-08-10,2.695,2.719,2.695,2.696,2.695,0.001,0.04,1866145.77,505309.481
2026-08-11,2.693,2.722,2.679,2.716,2.696,0.02,0.74,2517163.11,681583.564
2026-08-12,2.705,2.716,2.681,2.698,2.716,-0.018,-0.66,1932346.16,520993.237
2026-08-13,2.701,2.738,2.7,2.711,2.698,0.013,0.48,1472224.08,400244.073
2026-08-14,2.738,2.778,2.734,2.778,2.711,0.067,2.47,2546090.25,701615.727
2026-08-17,2.778,2.778,2.732,2.748,2.778,-0.03,-1.08,2486737.65,682766.736
2026-08-18,2.72,2.721,2.672,2.688,2.748,-0.06,-2.18,2092319.8,562192.95
2026-08-19,2.654,2.654,2.63,2.642,2.688,-0.046,-1.71,1780473.0,469993.92
2026-08-20,2.665,2.686,2.662,2.675,2.642,0.033,1.25,1211625.51,324010.588
2026-08-21,2.64,2.68,2.637,2.672,2.675,-0.003,-0.11,858605.0,228746.612
2026-08-24,2.683,2.695,2.672,2.672,2.672,0.0,0.0,1056228.8,283014.642
2026-08-25,2.668,2.699,2.658,2.695,2.672,0.023,0.86,1005775.69,270319.333
2026-08-26,2.695,2.72,2.691,2.708,2.695,0.013,0.48,1025538.83,278160.896
2026-08-27,2.73,2.733,2.708,2.708,2.708,0.0,0.0,824129.0,224475.812
2026-08-28,2.714,2.732,2.714,2.722,2.708,0.014,0.52,689191.9,187382.303
2026-08-31,2.703,2.721,2.686,2.712,2.722,-0.01,-0.37,1330824.32,359921.145
2026-09-01,2.71,2.724,2.702,2.716,2.712,0.004,0.15,1095563.47,297502.743
2026-09-02,2.679,2.681,2.642,2.644,2.716,-0.072,-2.65,2266675.68,602193.758
